platform,platform_id,name,website,additional,votes_count,proposals_count
daostack,0x0b93ba560283350d4216f29dc57e15df38d0eace,CuraDAO,,,103,49
daostack,0x15344ecdc2c4edfcb092e284d93c20f0529fd8a6,dOrg,,,336,127
daostack,0x273d0f686a53a49a0fba2a801566b19f9aaf8fcd,PrimeDAO,,,30,37
daostack,0x294f999356ed03347c7a23bcbcf8d33fa41dc830,Genesis Alpha,,,2203,387
daostack,0x2b8c70fffda7f3d7667f7cfede1429313886329c,ETHGlobal,,,74,19
daostack,0x3324b516df92e78463d8b0616dd146cf6c58b0b9,efxDAO,,,48,16
daostack,0x39757e7cdb7022c3829195d57b29428d79593c9d,Trips Community DAO,,,4,6
daostack,0x440583455bcd85ab2bd429c015d3aabcae135f0a,PolkaDAO,,,186,82
daostack,0x45cf7d5c503b6417d570929368b8f4c4567ad9eb,BuffiDAO,,,0,1
daostack,0x519b70055af55a007110b4ff99b0ea33071c720a,dxDAO,,,2566,918
daostack,0x5f667f138d6c5559a0966c241c867feeaea4c28c,HackerDAO A,,,1,1
daostack,0x61151f7ef32c920794ed89b2545f1672266d6420,The General Store DAO,,,55,30
daostack,0x6191cb94a29a3ca870adea25cd72e995303c2848,Fortmatic DAO,,,0,0
daostack,0x63df13b12bac071ba31b6599b8d97c82cb96a768,The Illuminati,,,4,4
daostack,0x6bee9b81e434f7afce72a43a4016719315069539,Kyber DAO Exp#2,,,208,56
daostack,0x70c36947837b43665ed5ea85c112aa0f72cf9fb3,Psychedelic Society DAO,,,11,22
daostack,0x8709962c7469fda4913ba8867964d7e592ec2c69,TuneDAO,,,1,1
daostack,0x8990e11b69403ea53ef2b32434bbd7dbf84b5234,FestDAO,,,132,86
daostack,0xafdd1eb2511cd891acf2bff82dabf47e0c914d24,1UP,,,33,40
daostack,0xe56b4d8d42b1c9ea7dda8a6950e3699755943de7,necDAO,,,137,43
daostack,0xe8e1d0f1783b22ff409deb14fa5acc9cce2a3d15,DAOfund,,,60,49
daostack,0xee7fa430a7e513d3df962ed0c0e285bc6f87fc24,CENNZnet Grants DAO,,,30,21
daostack,0xf931ff012cbff471cccb90a784e3e88b512c890a,DetroitDAO,,,23,11
daostack,0x14b0b26210c685ec89bb847d5effed1098a2dc52,bZx Fulcrum DAO,,,1,2
daostack,0x15c73b5bb21d6d2852dab17cef9b5ec84eaa4cc0,Celer Network,,,2,2
daostack,0x1ea9426f006a6f335f753ccc4ee1d11bbd67b53f,Liquality DAO,,,0,0
daostack,0x24ea2983e3c53ddd873e4d07a3fe7f523e597910,PegaSysDAO,,,1,1
daostack,0x2b0f5e7de201068d9fb917ab86dc1c731c274411,DAOstack DAO,,,15,13
daostack,0x2cec92ed4d1a110032a4a7e5e2abf64938cf1455,Bancor DAO,,,1,1
daostack,0x2e9d79165ddb22e67742789cc553e95722f96f0b,Shapeshift DAO,,,2,1
daostack,0x32c3bc85fa32f958323ad2c0a51839021a0f1ac2,Secret DAO,,,15,6
daostack,0x3d91c948d5d95ee28811df26586d3268fc32223e,Unstoppable Domains DAO,,,7,7
daostack,0x4ad0b1e6320c365ddcee20018e6608b0ad0d35b5,KiaOraDAO,,,2,1
daostack,0x4b88dc0533b983cfd4a042b93cdd587cba9a28e2,Lendroid Taleb,,,12,4
daostack,0x4bdf38ec4528691025bfcf9fca66ed1ccca4034b,Cosmos Ethermint DAO,,,3,3
daostack,0x5f354aa66cf9c74699afee180853b557e2a0acb6,MakerDAODAO,,,4,4
daostack,0x6ba5472c9c3955c207365fba4e67918c949cc4df,The Graph’s Space Traveler DAO,,,4,4
daostack,0x6f88ff788f1fa6872057951b85830c8e44916d91,eth2,,,2,2
daostack,0x7543854e6f4d973aba1725a26e95f853c7bd24b2,Burner DAO,,,1,1
daostack,0x7b0b37534ff4dd35ced569b24b09995c117f3cfd,ETC Labs DAO,,,2,1
daostack,0x7c36603e6e3e23bdb4f2af94f530d6c6bf2a4482,DappHero DAO,,,8,4
daostack,0x804dbac130778ec5b769115dc6bea9ff85237a07,Advance Colorado DAO,,,2,3
daostack,0x83b1b6eb8ce069b8ea8d4a2b99eaa4f4aa7aa3e2,iExec DAO,,,4,2
daostack,0x8766cab508a87536b8691ace8814b517b95f7b75,3Box,,,15,8
daostack,0x892835aaa7694a3746e8c3342fad0ba03040b913,Metamask,,,2,2
daostack,0x8e52aca24a59b146b11ece2c596cf6d8828cdaa9,Splunk and Whiteblock,,,6,4
daostack,0x993c67b8830dac1bfda09e8be0dce8553cf84271,InterPlanetary DAO,,,7,7
daostack,0xb3d9283ec311ea93ed9e56dce1cf7a15da071512,QuorumDAO,,,11,4
daostack,0xba754aed4afb3cd2e7a865913cea619bd51bd65b,MythX DAO,,,1,1
daostack,0xc09ae92f62d0484ea68151eb2c9d50f71ec475ff,Fortmatic DAO,,,1,1
daostack,0xc5d0dd92b9277f45085f66b2bef9380426cd3419,Chainlink EthDenver DAO,,,3,3
daostack,0xc9dab2f97aa454a2264fd0d7b3718579d5f01eba,Infura Gateway DAO,,,2,2
daostack,0xe248a76a4a84667c859eb51b9af6dea29e52f139,BuffiDAO,,,20,22
daostack,0xe716ec63c5673b3a4732d22909b38d779fa47c3f,xDXdao,,,5913,1438
daostack,0xeed417f80cd918ce65b8e141daa00704aef98a90,Gitcoin: Shillin and Chillin DAO,,,1,1
daostack,0xef25b64d4bdbe23f1bb5e557b5d24f12c46da0bc,KyberHackDAO,,,6,6
daostack,0xf902172bd2f34a6cf86d424f0440836d2d89afeb,Unilogin,,,6,3
daostack,0xfd4a08ba1863718d92467ad05f13b352c3ae2cfd,Arbitrum DAO,,,1,1
