{"data": [{"daoId": "01d90579-a3b4-4ed8-a77b-fb2f9ddea5ad", "name": "Gas DAO (on-chain)", "logo": null, "platform": 6, "platformTitle": "Governor", "website": null, "mostRecentProposalDate": "2022-04-08T20:49:44.000Z", "aum": 184523.11344325027}, {"daoId": "77b52d17-26e5-4259-8335-ec2f8350186f", "name": "Gas DAO (off-chain)", "logo": null, "platform": 11, "platformTitle": "Snapshot", "website": "https://snapshot.org/#/gasdao.eth", "mostRecentProposalDate": "2022-03-29T16:26:52.000Z", "aum": null}]}