{"data": [{"daoId": "4fbbe663-32ac-41bc-97b1-7f27322eb358", "name": "Pangolin Songbird", "logo": null, "platform": 11, "platformTitle": "Snapshot", "website": "https://snapshot.org/#/moitessier.eth", "mostRecentProposalDate": "2023-01-05T18:52:51.000Z", "aum": null}, {"daoId": "1b137485-bc9f-4781-bdc7-763c46c41e12", "name": "Pangolin", "logo": "https://uploads.deepdao.io/assets/dao/logo/1b137485-bc9f-4781-bdc7-763c46c41e12.webp", "platform": 11, "platformTitle": "Snapshot", "website": "https://snapshot.org/#/pangolindex.eth", "mostRecentProposalDate": "2022-01-16T18:42:36.000Z", "aum": 825.8903917653295}, {"daoId": "e5c086c3-f20c-4bca-a344-cf064db6303c", "name": "Pangolin", "logo": null, "platform": 6, "platformTitle": "Governor", "website": null, "mostRecentProposalDate": null, "aum": 9820863.465437789}]}