{"data": [{"daoId": "eeba8616-337a-4a30-8b98-19ae4d91f6db", "name": "Aragon Network Budget", "logo": "aragon.png", "platform": 4, "platformTitle": "Aragon", "website": "https://mainnet.aragon.org/#/budget.aragonid.eth", "mostRecentProposalDate": "2023-06-19T16:19:23.000Z", "aum": 209250507.74422798}, {"daoId": "5bd9212c-8927-4951-a1e1-e939a1c5fb7e", "name": "Aragon Trust", "logo": "aragon.png", "platform": 4, "platformTitle": "Aragon", "website": "https://mainnet.aragon.org/#/trust.aragonid.eth", "mostRecentProposalDate": "2023-05-12T07:14:35.000Z", "aum": null}, {"daoId": "9c1c28fe-d487-4c15-8d8b-0cfd86607ea0", "name": "Aragon Network DAO", "logo": null, "platform": 11, "platformTitle": "Snapshot", "website": "https://snapshot.org/#/aclay.eth", "mostRecentProposalDate": "2022-06-14T11:56:50.000Z", "aum": null}, {"daoId": "ab82af48-3631-4fc8-993e-320c2ebba5fd", "name": "Aragon", "logo": "https://uploads.deepdao.io/assets/dao/logo/ab82af48-3631-4fc8-993e-320c2ebba5fd.webp", "platform": 11, "platformTitle": "Snapshot", "website": "https://snapshot.org/#/aragon", "mostRecentProposalDate": "2021-04-07T21:07:11.000Z", "aum": null}, {"daoId": "726e1450-a785-47f7-afce-defdb3edef23", "name": "Aragon Association DAO", "logo": "aragon.png", "platform": 4, "platformTitle": "Aragon", "website": "https://mainnet.aragon.org/#/associationops.aragonid.eth", "mostRecentProposalDate": "2020-07-22T11:09:07.000Z", "aum": null}, {"daoId": "8ef67a81-ad69-4f08-8934-bf17b91e9de8", "name": "Old Aragon Network onchain: Aragon governance", "logo": null, "platform": 4, "platformTitle": "Aragon", "website": null, "mostRecentProposalDate": null, "aum": null}, {"daoId": "1ce1d6da-483a-4a01-8c01-433484f6ddbc", "name": "Aragon One onchain: Aragon governance", "logo": null, "platform": 4, "platformTitle": "Aragon", "website": null, "mostRecentProposalDate": null, "aum": null}]}