{"data": [{"daoId": "603eda81-0820-4218-80a0-f520cee1a761", "name": "Phala Council", "logo": null, "platform": 15, "platformTitle": "Substrate", "website": null, "mostRecentProposalDate": "2022-11-29T10:20:00.695Z", "aum": null}, {"daoId": "d9c9f19f-bd5f-488c-8bda-c813f3a0e340", "name": "Phala Democracy", "logo": null, "platform": 15, "platformTitle": "Substrate", "website": null, "mostRecentProposalDate": "2022-09-27T07:34:42.699Z", "aum": 49017091.31451063}, {"daoId": "c06bacb6-9b7d-45c1-83ea-c2903f43f533", "name": "Phala Technical Committee", "logo": null, "platform": 15, "platformTitle": "Substrate", "website": null, "mostRecentProposalDate": null, "aum": null}]}