{"data": [{"daoId": "e233420a-d329-4c71-a102-ccb442991d0d", "name": "BitDAO", "logo": "https://uploads.deepdao.io/assets/dao/logo/e233420a-d329-4c71-a102-ccb442991d0d.webp", "platform": 12, "platformTitle": "Safe/Snapshot", "website": "https://gnosis-safe.io/app/#/safes/0x78605df79524164911c144801f41e9811b7db73d/balances", "mostRecentProposalDate": "2023-05-31T07:57:53.000Z", "aum": 3384401003.002988}, {"daoId": "74361fce-36fd-4862-a11b-e2a1c7ba23aa", "name": "BitDAO Community Delegates", "logo": null, "platform": 11, "platformTitle": "Snapshot", "website": "https://snapshot.org/#/bootdao.eth", "mostRecentProposalDate": "2022-02-07T03:50:24.000Z", "aum": null}]}