{"data": [{"daoId": "8a9556b6-1b67-4a1a-bc4b-f21da34e3c0f", "name": "DAOSquare", "logo": "daosquare.jpg", "platform": 2, "platformTitle": "Moloch / Daohaus", "website": "https://www.daosquare.io", "mostRecentProposalDate": "2021-06-18T06:56:37.000Z", "aum": 0}, {"daoId": "c3ae3e08-14c8-4b3a-a5ea-b06dd71e1dc9", "name": "DAOSquare", "logo": "https://uploads.deepdao.io/assets/dao/logo/c3ae3e08-14c8-4b3a-a5ea-b06dd71e1dc9.webp", "platform": 11, "platformTitle": "Snapshot", "website": "https://snapshot.org/#/daosquare", "mostRecentProposalDate": "2020-11-23T13:25:12.000Z", "aum": null}]}