{"data": [{"daoId": "12e58704-f4e3-4a49-bd47-6f3e1f0da163", "name": "DODO", "logo": "https://uploads.deepdao.io/assets/dao/logo/12e58704-f4e3-4a49-bd47-6f3e1f0da163.webp", "platform": 11, "platformTitle": "Snapshot", "website": "https://snapshot.org/#/dodobird.eth", "mostRecentProposalDate": "2022-07-27T09:13:07.000Z", "aum": null}, {"daoId": "7ce5a8f2-06f5-49b5-a828-9bd07fdc6000", "name": "DODO", "logo": "https://uploads.deepdao.io/assets/dao/logo/7ce5a8f2-06f5-49b5-a828-9bd07fdc6000.webp", "platform": 11, "platformTitle": "Snapshot", "website": "https://snapshot.org/#/dodobird.eth", "mostRecentProposalDate": null, "aum": null}]}