{"data": [{"daoId": "ad145899-25c6-4f25-9109-67d4c88705c6", "name": "Wonderland ", "logo": null, "platform": 11, "platformTitle": "Snapshot", "website": "https://snapshot.org/#/bestfork.eth", "mostRecentProposalDate": "2023-02-19T03:21:14.000Z", "aum": 33559.77362720943}, {"daoId": "b42bc15e-936e-45a5-98ec-dee573e3375c", "name": "Wonderland Events", "logo": null, "platform": 11, "platformTitle": "Snapshot", "website": "https://snapshot.org/#/wonderland-events.eth", "mostRecentProposalDate": "2022-11-25T13:33:10.000Z", "aum": 388769079.87411934}, {"daoId": "cfbc68ba-d62f-4003-839e-b2131cde0ee2", "name": "Wonderland DAO", "logo": null, "platform": 11, "platformTitle": "Snapshot", "website": "https://snapshot.org/#/wen\ud83c\udf15.eth", "mostRecentProposalDate": null, "aum": null}]}