{"data": [{"daoId": "724c93be-cb94-4b42-82ef-6b8f55e6050e", "name": "Bright Moments", "logo": "https://uploads.deepdao.io/assets/dao/logo/724c93be-cb94-4b42-82ef-6b8f55e6050e.webp", "platform": 11, "platformTitle": "Snapshot", "website": "https://snapshot.org/#/brightmoments.eth", "mostRecentProposalDate": "2023-04-29T03:38:44.000Z", "aum": 1007027.5201538453}, {"daoId": "8f11994c-fa7e-4085-a0d4-c2381c466fd2", "name": "Bright Moments", "logo": "https://uploads.deepdao.io/assets/dao/logo/8f11994c-fa7e-4085-a0d4-c2381c466fd2.webp", "platform": 11, "platformTitle": "Snapshot", "website": "https://snapshot.org/#/brt.otoco.eth", "mostRecentProposalDate": "2022-05-25T05:20:16.000Z", "aum": null}]}