{"data": [{"daoId": "053533b8-521c-4b6e-b46d-ed39770cb1a1", "name": "Hundred Finance", "logo": "https://uploads.deepdao.io/assets/dao/logo/053533b8-521c-4b6e-b46d-ed39770cb1a1.webp", "platform": 11, "platformTitle": "Snapshot", "website": "https://snapshot.org/#/hundredfinance.eth", "mostRecentProposalDate": "2022-07-21T10:40:51.000Z", "aum": null}, {"daoId": "310fd8ad-5d3a-41be-a86c-c694af23e413", "name": "Hundred Finance", "logo": "https://uploads.deepdao.io/assets/dao/logo/310fd8ad-5d3a-41be-a86c-c694af23e413.webp", "platform": 11, "platformTitle": "Snapshot", "website": "https://snapshot.org/#/hnd.eth", "mostRecentProposalDate": null, "aum": null}]}