{"data": [{"daoId": "d542ed0b-b83e-477f-b52b-885ed2e6a950", "name": "LILNOUN", "logo": "https://uploads.deepdao.io/assets/dao/logo/d542ed0b-b83e-477f-b52b-885ed2e6a950.webp", "platform": 6, "platformTitle": "Governor", "website": "https://lilnouns.wtf/", "mostRecentProposalDate": "2023-05-29T00:58:47.000Z", "aum": 484111.96604501765}, {"daoId": "8dc1fe8c-0417-468e-aa3c-8932f46552d1", "name": "Lil Nouncil", "logo": null, "platform": 11, "platformTitle": "Snapshot", "website": "https://snapshot.org/#/lilnouncil.eth", "mostRecentProposalDate": "2023-04-11T03:23:46.000Z", "aum": null}, {"daoId": "0f26b91a-94b7-49fd-bc36-b5164ac5a459", "name": "Lil Nouns DAO", "logo": null, "platform": 11, "platformTitle": "Snapshot", "website": "https://snapshot.org/#/al409.eth", "mostRecentProposalDate": "2022-09-22T18:09:58.000Z", "aum": null}]}