{"data": [{"daoId": "acacaffe-5f4c-4293-ab02-899ab0b396a3", "name": "Dope Wars (off-chain)", "logo": "https://uploads.deepdao.io/assets/dao/logo/acacaffe-5f4c-4293-ab02-899ab0b396a3.webp", "platform": 11, "platformTitle": "Snapshot", "website": "https://snapshot.org/#/dopedao.eth", "mostRecentProposalDate": "2023-06-14T20:43:56.000Z", "aum": null}, {"daoId": "60a4893a-e36e-4252-b55a-4bb20c0e4bd4", "name": "Dope Wars (on-chain)", "logo": null, "platform": 6, "platformTitle": "Governor", "website": null, "mostRecentProposalDate": "2023-05-10T13:43:47.000Z", "aum": 582673.5334339598}]}