{"data": [{"daoId": "280bc103-ac5c-495d-a7af-bae96e13a4a7", "name": "JetSwap", "logo": "https://uploads.deepdao.io/assets/dao/logo/280bc103-ac5c-495d-a7af-bae96e13a4a7.webp", "platform": 11, "platformTitle": "Snapshot", "website": "https://snapshot.org/#/polygon-jetswap-finance.eth", "mostRecentProposalDate": null, "aum": null}, {"daoId": "c500beaa-1dcc-4f10-87ed-e92023f70b31", "name": "JetSwap", "logo": "https://uploads.deepdao.io/assets/dao/logo/c500beaa-1dcc-4f10-87ed-e92023f70b31.webp", "platform": 11, "platformTitle": "Snapshot", "website": "https://snapshot.org/#/jetswap-finance.eth", "mostRecentProposalDate": null, "aum": null}]}