{"data": [{"daoId": "3ca3eea8-4f91-4e7c-937b-832f09da2d22", "name": "Solace", "logo": null, "platform": 4, "platformTitle": "Aragon", "website": null, "mostRecentProposalDate": "2022-12-13T17:23:47.000Z", "aum": null}, {"daoId": "504bb0fc-414c-4976-9152-7097a78efc63", "name": "Solace", "logo": "https://uploads.deepdao.io/assets/dao/logo/504bb0fc-414c-4976-9152-7097a78efc63.webp", "platform": 11, "platformTitle": "Snapshot", "website": "https://snapshot.org/#/solacefi.eth", "mostRecentProposalDate": "2022-03-30T22:17:26.000Z", "aum": 2778.2571009034}]}