{"data": [{"daoId": "7883d95d-38fe-4ff1-8ee8-4214f08f034b", "name": "NFTX", "logo": "https://uploads.deepdao.io/assets/dao/logo/7883d95d-38fe-4ff1-8ee8-4214f08f034b.webp", "platform": 11, "platformTitle": "Snapshot", "website": "https://snapshot.org/#/nftx.eth", "mostRecentProposalDate": "2023-06-14T20:10:24.000Z", "aum": null}, {"daoId": "bb17001c-6c20-45f2-a7f3-ced3756863b6", "name": "NFTX", "logo": "nftx.png", "platform": 4, "platformTitle": "Aragon", "website": "https://nftx.org", "mostRecentProposalDate": "2023-05-31T03:49:35.000Z", "aum": 11840231.316898737}]}