{"data": [{"daoId": "741f78e6-30e9-4b3f-beb2-7a33eb80eefa", "name": "Ampleforth", "logo": "https://uploads.deepdao.io/assets/dao/logo/741f78e6-30e9-4b3f-beb2-7a33eb80eefa.webp", "platform": 11, "platformTitle": "Snapshot", "website": "https://snapshot.org/#/ampleforthorg.eth", "mostRecentProposalDate": "2023-06-13T12:35:47.000Z", "aum": null}, {"daoId": "bf660043-e6f6-46a9-8193-3ee775bf07c3", "name": "Ampleforth", "logo": "https://uploads.deepdao.io/assets/dao/logo/bf660043-e6f6-46a9-8193-3ee775bf07c3.webp", "platform": 6, "platformTitle": "Governor", "website": "https://www.ampleforth.org/", "mostRecentProposalDate": "2023-06-01T01:08:47.000Z", "aum": 13085721.215646043}, {"daoId": "8b805d97-2e5a-425b-89c4-f4b003584041", "name": "Ampleforth", "logo": "https://uploads.deepdao.io/assets/dao/logo/8b805d97-2e5a-425b-89c4-f4b003584041.webp", "platform": 11, "platformTitle": "Snapshot", "website": "https://snapshot.org/#/ampleforth", "mostRecentProposalDate": null, "aum": null}]}