{"data": [{"daoId": "c45337b3-74f5-416f-9c98-ba583e77b5a6", "name": "Graph AdvocatesDAO", "logo": null, "platform": 2, "platformTitle": "Moloch / Daohaus", "website": null, "mostRecentProposalDate": "2023-06-21T19:13:25.000Z", "aum": 158639.17816485887}, {"daoId": "afbdf717-1a3d-4c96-881a-e628cf17b377", "name": "The Graph Council", "logo": "https://uploads.deepdao.io/assets/dao/logo/afbdf717-1a3d-4c96-881a-e628cf17b377.webp", "platform": 11, "platformTitle": "Snapshot", "website": "https://snapshot.org/#/council.graphprotocol.eth", "mostRecentProposalDate": "2023-06-16T15:11:20.000Z", "aum": null}, {"daoId": "73c5416d-f5ac-4fe5-94c2-9b65bcaeedf9", "name": "The Graph", "logo": "https://uploads.deepdao.io/assets/dao/logo/73c5416d-f5ac-4fe5-94c2-9b65bcaeedf9.webp", "platform": 11, "platformTitle": "Snapshot", "website": "https://snapshot.org/#/graphprotocol.eth", "mostRecentProposalDate": "2021-09-22T16:56:53.000Z", "aum": null}]}