{"data": [{"daoId": "04c03441-eaaf-4049-99bd-91f8ad69da07", "name": "dOrg", "logo": "dorg.jpg", "platform": 12, "platformTitle": "Safe/Snapshot", "website": "https://snapshot.org/#/dorg.eth", "mostRecentProposalDate": "2023-06-16T16:26:04.000Z", "aum": 135336.6318371159}, {"daoId": "d51c937c-22af-4576-a22a-4ee87d4aa3af", "name": "dOrg", "logo": "dorg.jpg", "platform": 1, "platformTitle": "DAOstack", "website": "https://dorg.tech/", "mostRecentProposalDate": "2021-07-26T18:16:59.000Z", "aum": 513.7094662660461}, {"daoId": "bcac3c7f-5f94-4c73-b56f-4f604282c7ba", "name": "dOrgX", "logo": "dorg.jpg", "platform": 1, "platformTitle": "DAOstack", "website": "https://alchemy-xdai.herokuapp.com/dao/0x94a587478c83491b13291265581cb983e7feb540/schemes", "mostRecentProposalDate": null, "aum": null}]}