{"data": [{"daoId": "3d97f034-bf99-4a04-afaf-294787c20d35", "name": "LaunchZone", "logo": "https://uploads.deepdao.io/assets/dao/logo/3d97f034-bf99-4a04-afaf-294787c20d35.webp", "platform": 11, "platformTitle": "Snapshot", "website": "https://snapshot.org/#/bscex.eth", "mostRecentProposalDate": "2022-03-17T07:33:40.000Z", "aum": null}, {"daoId": "64f1a680-623a-43c6-b354-a283e14402e5", "name": "LaunchZone", "logo": null, "platform": 11, "platformTitle": "Snapshot", "website": "https://snapshot.org/#/launchzoneann.eth", "mostRecentProposalDate": null, "aum": null}]}