{"data": [{"daoId": "91155f29-19b8-4d2e-98fa-05ef0097460d", "name": "MetaCartel Ventures", "logo": "https://uploads.deepdao.io/assets/dao/logo/91155f29-19b8-4d2e-98fa-05ef0097460d.webp", "platform": 11, "platformTitle": "Snapshot", "website": "https://snapshot.org/#/mcv.eth", "mostRecentProposalDate": "2023-06-15T17:49:37.000Z", "aum": 2120.147147608696}, {"daoId": "77d8a71e-e464-49c3-b13a-ddd5b400c318", "name": "MetaCartel Ventures", "logo": "metacartelventures.jpg", "platform": 2, "platformTitle": "Moloch / Daohaus", "website": "https://daohaus.club/dao/v2/0x4570b4faf71e23942b8b9f934b47ccedf7540162", "mostRecentProposalDate": "2023-06-13T19:58:59.000Z", "aum": 5208700.627374253}, {"daoId": "99f2e075-5ce6-412b-85be-9902591eba3f", "name": "MetaCartel Ventures China", "logo": "metacartelventureschina.png", "platform": 2, "platformTitle": "Moloch / Daohaus", "website": "https://daohaus.club/dao/v2/0x934d6b90e3f916a3ad5d080a674a1e953447dda3", "mostRecentProposalDate": "2020-08-02T10:57:34.000Z", "aum": null}]}