{"data": [{"daoId": "f349ea4c-df2c-4dcc-8c87-501b4b139b33", "name": "pNetwork", "logo": null, "platform": 11, "platformTitle": "Snapshot", "website": "https://snapshot.org/#/pnetwork-dao.eth", "mostRecentProposalDate": "2022-12-01T16:25:40.000Z", "aum": null}, {"daoId": "9af0dd82-c739-4f36-b2bc-15806a53807a", "name": "pNetwork", "logo": "ptokens.jpg", "platform": 4, "platformTitle": "Aragon", "website": "https://mainnet.aragon.org/#/pnetwork/", "mostRecentProposalDate": null, "aum": 1156014.4738880652}]}