{"data": [{"daoId": "7841cbe3-8148-4197-92b3-b213149f754e", "name": "Arbitrum DAO", "logo": null, "platform": 11, "platformTitle": "Snapshot", "website": "https://snapshot.org/#/arbitrumfoundation.eth", "mostRecentProposalDate": "2023-06-20T00:23:06.000Z", "aum": null}, {"daoId": "889dc329-1ae9-45d3-9cf8-237f6013b103", "name": "Arbitrum Odyssey", "logo": null, "platform": 11, "platformTitle": "Snapshot", "website": "https://snapshot.org/#/arbitrum-odyssey.eth", "mostRecentProposalDate": "2022-04-14T04:53:03.000Z", "aum": 8897632.368}, {"daoId": "21365cdd-644a-4820-90a4-7c992300c651", "name": "Arbitrum One", "logo": null, "platform": 6, "platformTitle": "Governor", "website": null, "mostRecentProposalDate": "1970-01-01T00:00:00.000Z", "aum": 3872345593.438186}, {"daoId": "2ee9069a-3832-4017-9ff2-73379822f8f1", "name": "Arbitrum One", "logo": null, "platform": 6, "platformTitle": "Governor", "website": null, "mostRecentProposalDate": "1970-01-01T00:00:00.000Z", "aum": null}]}