{"data": [{"daoId": "58b446f7-c81e-4399-ac5b-bf7f595acd54", "name": "Based Loans", "logo": "https://uploads.deepdao.io/assets/dao/logo/58b446f7-c81e-4399-ac5b-bf7f595acd54.webp", "platform": 11, "platformTitle": "Snapshot", "website": "https://snapshot.org/#/basedloans.eth", "mostRecentProposalDate": "2021-08-09T08:38:49.000Z", "aum": null}, {"daoId": "e323b65f-81df-41d5-ac7c-bf28a3b551b0", "name": "Based Loans", "logo": "https://uploads.deepdao.io/assets/dao/logo/e323b65f-81df-41d5-ac7c-bf28a3b551b0.webp", "platform": 11, "platformTitle": "Snapshot", "website": "https://snapshot.org/#/justmarketbuy.eth", "mostRecentProposalDate": null, "aum": null}]}