{"data": [{"daoId": "63d889a6-647c-40ea-bd80-983e5615ee4b", "name": "Moonbeam Democracy", "logo": null, "platform": 15, "platformTitle": "Substrate", "website": null, "mostRecentProposalDate": "2022-11-09T12:56:06.190Z", "aum": 2086943.9784526962}, {"daoId": "8cc6ef03-b9e3-43fc-8199-1d62127c73bd", "name": "Moonbeam Technical Committee", "logo": null, "platform": 15, "platformTitle": "Substrate", "website": null, "mostRecentProposalDate": "2022-11-04T16:11:48.173Z", "aum": null}, {"daoId": "2a0eb14f-ec06-4e3c-bc56-8a7c200f8ed7", "name": "Moonbeam Council", "logo": null, "platform": 15, "platformTitle": "Substrate", "website": null, "mostRecentProposalDate": "2022-11-04T16:08:48.188Z", "aum": null}]}