{"data": [{"daoId": "b24e2e12-1929-4797-91e2-61c9a02d44d8", "name": "Stacker Ventures", "logo": "https://uploads.deepdao.io/assets/dao/logo/b24e2e12-1929-4797-91e2-61c9a02d44d8.webp", "platform": 11, "platformTitle": "Snapshot", "website": "https://snapshot.org/#/stackervc.eth", "mostRecentProposalDate": "2021-08-02T13:41:59.000Z", "aum": null}, {"daoId": "77f5bddd-d845-4071-a63e-b7a0cf78b346", "name": "Stacker Ventures", "logo": "stackerVentures.jpeg", "platform": 4, "platformTitle": "Aragon", "website": "https://stacker.vc/invest", "mostRecentProposalDate": "2021-07-13T15:21:48.000Z", "aum": 62241.313875222106}]}