{"data": [{"daoId": "6b0f4b00-d36e-4c9d-9406-73950f649092", "name": "DappRadar", "logo": null, "platform": 11, "platformTitle": "Snapshot", "website": "https://snapshot.org/#/dappradar.eth", "mostRecentProposalDate": "2023-05-05T15:42:43.000Z", "aum": null}, {"daoId": "19cee71f-a7ea-47e2-8337-b4ddbb7573e0", "name": "DappRadar", "logo": "https://uploads.deepdao.io/assets/dao/logo/19cee71f-a7ea-47e2-8337-b4ddbb7573e0.webp", "platform": 11, "platformTitle": "Snapshot", "website": "https://snapshot.org/#/tugou.eth", "mostRecentProposalDate": "2022-05-19T14:17:16.000Z", "aum": null}]}