{"data": [{"daoId": "dc4a5756-68cc-47d5-964c-48d293088856", "name": "Nexus Mutual Community Fund", "logo": "https://uploads.deepdao.io/assets/dao/logo/dc4a5756-68cc-47d5-964c-48d293088856.webp", "platform": 11, "platformTitle": "Snapshot", "website": "https://snapshot.org/#/community.nexusmutual.eth", "mostRecentProposalDate": "2023-06-16T15:35:46.000Z", "aum": null}, {"daoId": "b6f6082f-8d07-4a1b-8307-4415b64646a6", "name": "Nexus Mutual Special Resolution", "logo": null, "platform": 11, "platformTitle": "Snapshot", "website": "https://snapshot.org/#/specialresolution.nexusmutual.eth", "mostRecentProposalDate": "2022-02-17T12:24:11.000Z", "aum": 17638300.54682864}]}