{"data": [{"daoId": "8a36901b-a09a-414a-8622-8b4edc7ce8b2", "name": "PartyDAO", "logo": null, "platform": 11, "platformTitle": "Snapshot", "website": "https://snapshot.org/#/harper46241087.eth", "mostRecentProposalDate": "2022-08-28T11:12:16.000Z", "aum": null}, {"daoId": "9c1647da-7d3b-433f-b4ef-b8913bcc8343", "name": "PartyDAO", "logo": "https://uploads.deepdao.io/assets/dao/logo/9c1647da-7d3b-433f-b4ef-b8913bcc8343.webp", "platform": 11, "platformTitle": "Snapshot", "website": "https://snapshot.org/#/partydao.eth", "mostRecentProposalDate": "2022-03-11T21:01:49.000Z", "aum": 9177729.082999768}]}