{"data": [{"daoId": "118da9ae-5fdb-408f-9218-4da203f7e6e5", "name": "Unslashed", "logo": "https://uploads.deepdao.io/assets/dao/logo/118da9ae-5fdb-408f-9218-4da203f7e6e5.webp", "platform": 6, "platformTitle": "Governor", "website": "https://unslashed.finance", "mostRecentProposalDate": "2023-05-25T21:50:59.000Z", "aum": 644107.7132445975}, {"daoId": "b5bd6f64-9f65-4252-9d87-976a8e7e74a6", "name": "Unslashed Finance", "logo": "https://uploads.deepdao.io/assets/dao/logo/b5bd6f64-9f65-4252-9d87-976a8e7e74a6.webp", "platform": 11, "platformTitle": "Snapshot", "website": "https://snapshot.org/#/unslashed.eth", "mostRecentProposalDate": "2023-01-02T20:01:44.000Z", "aum": null}]}