[{"id": "waifudeployer.eth", "name": "WAIFU DAO", "twitter": "waifueth", "proposalsCount": 1, "votesCount": 23, "followersCount": 15, "website": "https://waifucoin.io"}, {"id": "web3skills.eth", "name": "Web3Skills", "twitter": null, "proposalsCount": 0, "votesCount": 0, "followersCount": 39, "website": null}, {"id": "web3topian.eth", "name": "web3topia", "twitter": "web3topia", "proposalsCount": 7, "votesCount": 21, "followersCount": 11, "website": "https://t.me/web3topia"}, {"id": "wonderdotgame.eth", "name": "Wonder Game ", "twitter": "wonderdotgame", "proposalsCount": 1, "votesCount": 31, "followersCount": 7, "website": "https://wonder.game"}, {"id": "y4ngdao.eth", "name": "Y4NG DAO", "twitter": "Y4NGDAO", "proposalsCount": 2, "votesCount": 31, "followersCount": 6, "website": "https://y4ngdao.com/"}, {"id": "zeroclub.eth", "name": "ZeroClub", "twitter": null, "proposalsCount": 2, "votesCount": 34, "followersCount": 3, "website": null}, {"id": "\u53f0\u7063\u5171\u548c\u570b.eth", "name": "123", "twitter": null, "proposalsCount": 7, "votesCount": 31, "followersCount": 1, "website": null}, {"id": "ant18.eth", "name": "ant18dao", "twitter": null, "proposalsCount": 4, "votesCount": 24, "followersCount": 11, "website": null}, {"id": "ifreedev.eth", "name": "LIVEART101", "twitter": null, "proposalsCount": 13, "votesCount": 22, "followersCount": 4, "website": null}, {"id": "adambro.eth", "name": "test", "twitter": null, "proposalsCount": 7, "votesCount": 29, "followersCount": 2, "website": null}, {"id": "archidao.eth", "name": "ArchiDAO", "twitter": "archi_dao", "proposalsCount": 5, "votesCount": 16, "followersCount": 17, "website": "https://archidao.io/"}, {"id": "avedao.eth", "name": "BarbarianDao", "twitter": null, "proposalsCount": 13, "votesCount": 20, "followersCount": 5, "website": null}, {"id": "bigbrainalien.eth", "name": "Big Brain Alien DAO", "twitter": "bigbrainalien_", "proposalsCount": 2, "votesCount": 26, "followersCount": 10, "website": null}, {"id": "danhunt.eth", "name": "Foster Media", "twitter": null, "proposalsCount": 3, "votesCount": 33, "followersCount": 2, "website": "https://blog.foster.co"}, {"id": "deherodao.eth", "name": "DeHero", "twitter": "DeHero_official", "proposalsCount": 1, "votesCount": 25, "followersCount": 12, "website": null}, {"id": "dmeter4dmrv.eth", "name": "dMeter", "twitter": "dmeter4dmrv", "proposalsCount": 9, "votesCount": 20, "followersCount": 9, "website": null}, {"id": "dxbnftdao.eth", "name": "DXB NFT DAO", "twitter": null, "proposalsCount": 12, "votesCount": 23, "followersCount": 3, "website": null}, {"id": "eeeeeeeeee.eth", "name": "ENS2", "twitter": null, "proposalsCount": 2, "votesCount": 18, "followersCount": 18, "website": null}, {"id": "elyseos.eth", "name": "Elyseos DAO", "twitter": "elyseosfdn", "proposalsCount": 5, "votesCount": 26, "followersCount": 7, "website": "https://www.elyseos.com"}, {"id": "finnishmetagallery.eth", "name": "Finnish Metagallery", "twitter": null, "proposalsCount": 1, "votesCount": 22, "followersCount": 15, "website": "https://www.finnishmetagallery.fi"}]