[{"id": "rocketscan.eth", "name": "Rocketscan", "twitter": null, "proposalsCount": 8, "votesCount": 5, "followersCount": 1, "website": null}, {"id": "r\ud83e\ude99mulus.eth", "name": "Unnamed Utility Token", "twitter": null, "proposalsCount": 1, "votesCount": 13, "followersCount": 0, "website": null}, {"id": "samoswap.eth", "name": "SamoPup", "twitter": "samopup", "proposalsCount": 12, "votesCount": 1, "followersCount": 1, "website": null}, {"id": "shabushabufi.eth", "name": "shabushabu", "twitter": null, "proposalsCount": 5, "votesCount": 7, "followersCount": 2, "website": null}, {"id": "smurfshomes.eth", "name": "SmurfsHomes", "twitter": "chieflens", "proposalsCount": 3, "votesCount": 8, "followersCount": 3, "website": "https://smurfs.homes"}, {"id": "snapshotplayground.eth", "name": "Snapshot Playground", "twitter": "SnapshotLabs", "proposalsCount": 7, "votesCount": 0, "followersCount": 7, "website": null}, {"id": "solnex.eth", "name": "eth-vote", "twitter": null, "proposalsCount": 4, "votesCount": 6, "followersCount": 4, "website": null}, {"id": "starkersnft.eth", "name": "Encryption Support Enthusiasts", "twitter": null, "proposalsCount": 4, "votesCount": 6, "followersCount": 4, "website": null}, {"id": "tenshicoin.eth", "name": "Tenshi", "twitter": "tenshicoin_io", "proposalsCount": 0, "votesCount": 0, "followersCount": 14, "website": null}, {"id": "test1234567.eth", "name": "X", "twitter": null, "proposalsCount": 10, "votesCount": 1, "followersCount": 3, "website": null}, {"id": "test7.shot.eth", "name": "Test space", "twitter": null, "proposalsCount": 3, "votesCount": 6, "followersCount": 5, "website": null}, {"id": "the-rebirth.eth", "name": "The Rebirth", "twitter": "TheRebirthNFT", "proposalsCount": 3, "votesCount": 3, "followersCount": 8, "website": "https://www.the-rebirth.com/"}, {"id": "think-and-act.eth", "name": "thinkandact", "twitter": null, "proposalsCount": 5, "votesCount": 6, "followersCount": 3, "website": null}, {"id": "thinkiumgroup.eth", "name": "Thinkium", "twitter": "Thinkium_Chain", "proposalsCount": 3, "votesCount": 1, "followersCount": 10, "website": "https://thinkium.io"}, {"id": "ua-dao.eth", "name": "Ukrainian DAO", "twitter": null, "proposalsCount": 1, "votesCount": 10, "followersCount": 3, "website": null}, {"id": "unstateschool.eth", "name": "Unstateschool DAO", "twitter": "unstateschool", "proposalsCount": 3, "votesCount": 8, "followersCount": 3, "website": "https://unstateschool.xyz/"}, {"id": "vitaminshop.eth", "name": "VitaminShop", "twitter": "qwz86928725", "proposalsCount": 1, "votesCount": 6, "followersCount": 7, "website": null}, {"id": "wakana.eth", "name": "wakana", "twitter": null, "proposalsCount": 1, "votesCount": 5, "followersCount": 8, "website": null}, {"id": "whenhouse.eth", "name": "When House DAO", "twitter": null, "proposalsCount": 5, "votesCount": 5, "followersCount": 4, "website": null}, {"id": "yanabu.eth", "name": "Yanabu", "twitter": "yanabu_", "proposalsCount": 1, "votesCount": 6, "followersCount": 7, "website": null}]