[{"id": "your.standpoint.eth", "name": "your.standpoint.eth", "twitter": "lastpiecenft", "proposalsCount": 1, "votesCount": 2, "followersCount": 3, "website": "https://lenster.xyz/u/lastpiecenft"}, {"id": "yourearthdao.eth", "name": "Your Earth DAO", "twitter": null, "proposalsCount": 0, "votesCount": 0, "followersCount": 1, "website": null}, {"id": "yourether.eth", "name": "Sworddao", "twitter": null, "proposalsCount": 1, "votesCount": 1, "followersCount": 3, "website": null}, {"id": "yourlooks.eth", "name": "YourLooks", "twitter": "YourLooksNFT", "proposalsCount": 0, "votesCount": 0, "followersCount": 0, "website": "https://www.yourlooks.org/"}, {"id": "youtubexyz.eth", "name": "youtubexyz", "twitter": null, "proposalsCount": 1, "votesCount": 1, "followersCount": 1, "website": null}, {"id": "youzufei.eth", "name": "blockchainCow", "twitter": null, "proposalsCount": 5, "votesCount": 16, "followersCount": 5, "website": null}, {"id": "ystk625.eth", "name": "ystk", "twitter": null, "proposalsCount": 0, "votesCount": 0, "followersCount": 0, "website": null}, {"id": "ystk625.ystk625.eth", "name": "ystk", "twitter": null, "proposalsCount": 0, "votesCount": 0, "followersCount": 0, "website": null}, {"id": "yt555.eth", "name": "allin dao", "twitter": null, "proposalsCount": 1, "votesCount": 4, "followersCount": 1, "website": null}, {"id": "yu3293.eth", "name": "yuyu", "twitter": "YUY3293", "proposalsCount": 2, "votesCount": 3, "followersCount": 7, "website": null}, {"id": "yudafei002.eth", "name": "111", "twitter": null, "proposalsCount": 0, "votesCount": 0, "followersCount": 0, "website": null}, {"id": "yudhishthra.eth", "name": "APUBCC x UBA", "twitter": null, "proposalsCount": 9, "votesCount": 103, "followersCount": 52, "website": null}, {"id": "yuewang.eth", "name": "8848", "twitter": null, "proposalsCount": 1, "votesCount": 2, "followersCount": 0, "website": null}, {"id": "yueyue9999.eth", "name": "token", "twitter": null, "proposalsCount": 3, "votesCount": 2, "followersCount": 1, "website": null}, {"id": "yuhir.eth", "name": "yuhir", "twitter": null, "proposalsCount": 0, "votesCount": 0, "followersCount": 0, "website": null}, {"id": "yumpyd.eth", "name": "Cap&Gown", "twitter": null, "proposalsCount": 1, "votesCount": 1, "followersCount": 3, "website": null}, {"id": "yunkai.eth", "name": "When will the bull market come", "twitter": null, "proposalsCount": 1, "votesCount": 2, "followersCount": 1, "website": null}, {"id": "yunqiao.eth", "name": "\u66b4\u5bcc\u4e4b\u8def", "twitter": null, "proposalsCount": 1, "votesCount": 25, "followersCount": 1, "website": null}, {"id": "yutaronagumo.eth", "name": "yutaro", "twitter": null, "proposalsCount": 1, "votesCount": 0, "followersCount": 1, "website": null}, {"id": "yuzong888.eth", "name": "YUZONG DAO", "twitter": null, "proposalsCount": 0, "votesCount": 0, "followersCount": 1, "website": null}]