[{"id": "junglebay.eth", "name": "Jungle Bay", "twitter": "junglebayio", "proposalsCount": 13, "votesCount": 1547, "followersCount": 88, "website": null}, {"id": "googluck.eth", "name": " I Love ETH Dao", "twitter": null, "proposalsCount": 63, "votesCount": 933, "followersCount": 98, "website": null}, {"id": "golf.lovesyou.eth", "name": "GOLFDAO", "twitter": null, "proposalsCount": 32, "votesCount": 51, "followersCount": 11, "website": null}, {"id": "ardiamond.eth", "name": "ar-matic \u5408\u4f5c", "twitter": "hisefly2021", "proposalsCount": 1, "votesCount": 90, "followersCount": 51, "website": null}, {"id": "kusgov.eth", "name": "KuSwap", "twitter": "kuswapfinance", "proposalsCount": 27, "votesCount": 533, "followersCount": 224, "website": "https://kuswap.finance"}, {"id": "ackermanackermanackermanackermanackerman.eth", "name": "canddddd", "twitter": null, "proposalsCount": 10, "votesCount": 10, "followersCount": 12, "website": null}, {"id": "juanitajuanitajuanitajuanita.eth", "name": "canddf", "twitter": null, "proposalsCount": 11, "votesCount": 11, "followersCount": 10, "website": null}, {"id": "madelynnmadelynnmadelynnmadelynnmadelynn.eth", "name": "canlolo", "twitter": null, "proposalsCount": 10, "votesCount": 10, "followersCount": 12, "website": null}, {"id": "planckcatdao.eth", "name": "Overlay Protocol", "twitter": "OverlayProtocol", "proposalsCount": 25, "votesCount": 1085, "followersCount": 362, "website": "https://overlay.market/"}, {"id": "insuretoken.eth", "name": "inSure DeFi", "twitter": "InsureToken", "proposalsCount": 92, "votesCount": 164, "followersCount": 1304, "website": "https://insuretoken.net"}, {"id": "95501.eth", "name": "Coding Hunter Network", "twitter": "xiaolou86", "proposalsCount": 9, "votesCount": 1597, "followersCount": 3, "website": "https://www.lou.fit"}, {"id": "skvlldao.eth", "name": "SkvllpvnkzDAO", "twitter": "skvllpvnkz", "proposalsCount": 11, "votesCount": 903, "followersCount": 681, "website": null}, {"id": "ppybbbbbb.eth", "name": "Hey Python", "twitter": null, "proposalsCount": 196, "votesCount": 1377, "followersCount": 18, "website": null}, {"id": "vsp.eth", "name": "Vesper Finance", "twitter": "VesperFi", "proposalsCount": 26, "votesCount": 1336, "followersCount": 79, "website": null}, {"id": "degentoonz.eth", "name": "Degen Toonz", "twitter": "DegenToonz", "proposalsCount": 9, "votesCount": 1366, "followersCount": 213, "website": "https://Degentoonz.io"}, {"id": "canada3000.eth", "name": "CANADA", "twitter": null, "proposalsCount": 39, "votesCount": 156, "followersCount": 42, "website": null}, {"id": "awsbcapital.eth", "name": "ApeCapticalDao II", "twitter": "aWSBclub", "proposalsCount": 16, "votesCount": 1467, "followersCount": 103, "website": null}, {"id": "adrianaadrianaadriana.eth", "name": "canbbb", "twitter": null, "proposalsCount": 10, "votesCount": 10, "followersCount": 11, "website": null}, {"id": "isabelleisabelleisabelleisabelleisabelleisabelle.eth", "name": "candddg", "twitter": null, "proposalsCount": 10, "votesCount": 10, "followersCount": 11, "website": null}, {"id": "tomaratomaratomaratomara.eth", "name": "canmm", "twitter": null, "proposalsCount": 10, "votesCount": 10, "followersCount": 11, "website": null}]