[{"id": "kelewh.eth", "name": "kukekele", "twitter": null, "proposalsCount": 0, "votesCount": 0, "followersCount": 0, "website": "https://twitter.com/medemo26"}, {"id": "kellyy.eth", "name": "sudoswap", "twitter": null, "proposalsCount": 1, "votesCount": 1, "followersCount": 0, "website": null}, {"id": "keming.eth", "name": "keming", "twitter": null, "proposalsCount": 0, "votesCount": 0, "followersCount": 0, "website": null}, {"id": "ken0928.eth", "name": "SparkX", "twitter": "SparkXDAO2022", "proposalsCount": 9, "votesCount": 190, "followersCount": 26, "website": "http://sparkx.me"}, {"id": "kenami.eth", "name": "TestNet Dao", "twitter": null, "proposalsCount": 33, "votesCount": 65, "followersCount": 1, "website": null}, {"id": "kenanx.eth", "name": "kenanikincii", "twitter": "kenanikincii", "proposalsCount": 0, "votesCount": 0, "followersCount": 1, "website": null}, {"id": "kenfist.eth", "name": "look", "twitter": null, "proposalsCount": 1, "votesCount": 2, "followersCount": 1, "website": null}, {"id": "kenis.eth", "name": "vaibhav gupta", "twitter": "vaibhavgupta73", "proposalsCount": 1, "votesCount": 2, "followersCount": 1, "website": "https://twitter.com/vaibhavgupta739"}, {"id": "kenkim.eth", "name": "kenkim", "twitter": null, "proposalsCount": 2, "votesCount": 2, "followersCount": 0, "website": "https://www.screena.com"}, {"id": "kennana.eth", "name": "\u52a0\u5bc6\u8d22\u5bcc", "twitter": "lijnwen", "proposalsCount": 0, "votesCount": 0, "followersCount": 1, "website": null}, {"id": "kennebell.eth", "name": "GG", "twitter": null, "proposalsCount": 1, "votesCount": 1, "followersCount": 1, "website": null}, {"id": "kenolans.eth", "name": "noox", "twitter": null, "proposalsCount": 1, "votesCount": 1, "followersCount": 1, "website": null}, {"id": "kensh.eth", "name": "Kensh", "twitter": null, "proposalsCount": 0, "votesCount": 0, "followersCount": 1, "website": null}, {"id": "kenziecrypto.eth", "name": "Pisosprodao", "twitter": null, "proposalsCount": 34, "votesCount": 37, "followersCount": 3, "website": null}, {"id": "keruru.eth", "name": "Resilience", "twitter": null, "proposalsCount": 0, "votesCount": 0, "followersCount": 2, "website": null}, {"id": "kevin9583.eth", "name": "Metaclub", "twitter": null, "proposalsCount": 1, "votesCount": 1, "followersCount": 0, "website": null}, {"id": "kevinst.eth", "name": "Wallet test", "twitter": null, "proposalsCount": 1, "votesCount": 2, "followersCount": 1, "website": null}, {"id": "kfc001.eth", "name": "kfc001", "twitter": null, "proposalsCount": 3, "votesCount": 1, "followersCount": 1, "website": null}, {"id": "khabyla.eth", "name": "Rid", "twitter": null, "proposalsCount": 0, "votesCount": 0, "followersCount": 0, "website": null}, {"id": "khan5858.eth", "name": "mkhan", "twitter": null, "proposalsCount": 1, "votesCount": 1, "followersCount": 0, "website": null}]