[{"id": "enswholesales.eth", "name": "ENSWHOLESELLER", "twitter": null, "proposalsCount": 5, "votesCount": 63, "followersCount": 0, "website": null}, {"id": "ensyan.eth", "name": "ensyan", "twitter": null, "proposalsCount": 3, "votesCount": 38, "followersCount": 49, "website": null}, {"id": "enterversedao.eth", "name": "Enterverse DAO", "twitter": null, "proposalsCount": 2, "votesCount": 3, "followersCount": 1, "website": null}, {"id": "eosswap.eth", "name": "li.finance\u793e\u533a", "twitter": null, "proposalsCount": 1, "votesCount": 403, "followersCount": 50, "website": null}, {"id": "era7.eth", "name": "frfe", "twitter": null, "proposalsCount": 53, "votesCount": 115, "followersCount": 44, "website": null}, {"id": "erc1559.eth", "name": "EIP-1559", "twitter": null, "proposalsCount": 1, "votesCount": 0, "followersCount": 1, "website": null}, {"id": "eremy.eth", "name": "Eremy Chat", "twitter": null, "proposalsCount": 6, "votesCount": 15, "followersCount": 10, "website": null}, {"id": "ericssonchan.eth", "name": "Ericsson", "twitter": null, "proposalsCount": 0, "votesCount": 0, "followersCount": 0, "website": null}, {"id": "erinnft.eth", "name": "call dao", "twitter": null, "proposalsCount": 12, "votesCount": 12, "followersCount": 3, "website": null}, {"id": "ernestofgaia.eth", "name": "Open Mic Night Social Dao", "twitter": "lotusdog", "proposalsCount": 0, "votesCount": 0, "followersCount": 2, "website": "https://OpenMicNight.Dao"}, {"id": "erosone.eth", "name": "erosone", "twitter": null, "proposalsCount": 0, "votesCount": 0, "followersCount": 0, "website": null}, {"id": "ersdl2.eth", "name": "eRSDL_NEW_x2", "twitter": null, "proposalsCount": 0, "votesCount": 0, "followersCount": 1, "website": null}, {"id": "eshoe.eth", "name": "ETH global", "twitter": null, "proposalsCount": 1, "votesCount": 2, "followersCount": 1, "website": null}, {"id": "esportsecosystem.eth", "name": "Alexey3554", "twitter": "AlexeyV62908178", "proposalsCount": 0, "votesCount": 0, "followersCount": 0, "website": null}, {"id": "espresso-dao.eth", "name": "Espresso DAO", "twitter": null, "proposalsCount": 3, "votesCount": 3, "followersCount": 1, "website": null}, {"id": "etalart.eth", "name": "ET.AL Vault", "twitter": null, "proposalsCount": 1, "votesCount": 0, "followersCount": 3, "website": null}, {"id": "eth-20220915.eth", "name": "vote", "twitter": null, "proposalsCount": 1, "votesCount": 22, "followersCount": 1, "website": null}, {"id": "eth.czrx.eth", "name": "Sunny", "twitter": null, "proposalsCount": 0, "votesCount": 0, "followersCount": 0, "website": null}, {"id": "eth.mygamefi.eth", "name": "mygame", "twitter": null, "proposalsCount": 2, "votesCount": 0, "followersCount": 2, "website": null}, {"id": "eth0922.eth", "name": "BLUEDAO", "twitter": null, "proposalsCount": 1, "votesCount": 7, "followersCount": 1, "website": null}]