[{"id": "prada100.eth", "name": "worship V god", "twitter": "boob64949", "proposalsCount": 6, "votesCount": 33, "followersCount": 15, "website": "https://twitter.com/boob64949"}, {"id": "praded81.eth", "name": "MisterBuy", "twitter": "MisterBuy1", "proposalsCount": 0, "votesCount": 0, "followersCount": 1, "website": null}, {"id": "prairiedao.eth", "name": "prairiedao", "twitter": null, "proposalsCount": 1, "votesCount": 1, "followersCount": 2, "website": null}, {"id": "praizmik.eth", "name": "praizmik", "twitter": "udemea611", "proposalsCount": 0, "votesCount": 0, "followersCount": 1, "website": null}, {"id": "pranjit.eth", "name": "GLX", "twitter": null, "proposalsCount": 1, "votesCount": 1, "followersCount": 1, "website": null}, {"id": "pranjitnath.eth", "name": "Pk nath", "twitter": "pranjitnath27", "proposalsCount": 1, "votesCount": 2, "followersCount": 1, "website": null}, {"id": "prasenjitofficial.eth", "name": "Arbtrumb", "twitter": "prasenj63303146", "proposalsCount": 1, "votesCount": 3, "followersCount": 3, "website": null}, {"id": "prash.eth", "name": "Qazipolo", "twitter": null, "proposalsCount": 4, "votesCount": 1, "followersCount": 1, "website": null}, {"id": "presidentialdao.eth", "name": "PresidentialDAO", "twitter": "PresidentialDAO", "proposalsCount": 0, "votesCount": 0, "followersCount": 1, "website": "https://presidentialdao.co/"}, {"id": "primatech.eth", "name": "Primatech Paper Co.", "twitter": null, "proposalsCount": 0, "votesCount": 0, "followersCount": 2, "website": null}, {"id": "prodengi.eth", "name": "Polik", "twitter": null, "proposalsCount": 1, "votesCount": 2, "followersCount": 0, "website": null}, {"id": "proez.eth", "name": "1", "twitter": null, "proposalsCount": 1, "votesCount": 1, "followersCount": 1, "website": null}, {"id": "profuga.eth", "name": "spaceARB", "twitter": null, "proposalsCount": 3, "votesCount": 5, "followersCount": 8, "website": null}, {"id": "prohaus.eth", "name": "Prohaus DAO", "twitter": "prohausdao", "proposalsCount": 0, "votesCount": 0, "followersCount": 1, "website": null}, {"id": "projectsapa.eth", "name": "SAPA VAULT", "twitter": "sapa_lol", "proposalsCount": 0, "votesCount": 0, "followersCount": 1, "website": "https://gov.meritvault.xyz"}, {"id": "prom3.testsnap.eth", "name": "HoorayDAO", "twitter": null, "proposalsCount": 4, "votesCount": 0, "followersCount": 5, "website": null}, {"id": "prom4.testsnap.eth", "name": "sdfsdf", "twitter": null, "proposalsCount": 0, "votesCount": 0, "followersCount": 0, "website": null}, {"id": "promisesk.eth", "name": "\u65fa\u4ed4block", "twitter": "promisesk", "proposalsCount": 4, "votesCount": 21, "followersCount": 25, "website": "https://weibo.com/promisesk"}, {"id": "proslept.eth", "name": "sleepaz family", "twitter": null, "proposalsCount": 5, "votesCount": 13, "followersCount": 10, "website": null}, {"id": "protectyourprivatekey.eth", "name": "PYP", "twitter": null, "proposalsCount": 3, "votesCount": 2, "followersCount": 0, "website": null}]