[{"id": "mrbojangles.eth", "name": "Mr. Bojangles", "twitter": "sleepyslothdao", "proposalsCount": 4, "votesCount": 84, "followersCount": 26, "website": null}, {"id": "senshicollection.eth", "name": "Senshi NFT", "twitter": "SenshiiNFT", "proposalsCount": 3, "votesCount": 75, "followersCount": 36, "website": "https://senshii.com"}, {"id": "stableunit.eth", "name": "StableUnitDAO", "twitter": null, "proposalsCount": 4, "votesCount": 66, "followersCount": 44, "website": null}, {"id": "trashdao.szns.eth", "name": "trashdao.szns.eth", "twitter": null, "proposalsCount": 16, "votesCount": 89, "followersCount": 9, "website": null}, {"id": "karameladao.eth", "name": "KaramelaDAO", "twitter": "karamelaDAO", "proposalsCount": 8, "votesCount": 77, "followersCount": 29, "website": "https://karameladao.com/"}, {"id": "91821.eth", "name": "Long", "twitter": null, "proposalsCount": 4, "votesCount": 7, "followersCount": 2, "website": null}, {"id": "colorsxdao.eth", "name": "COLORSxCOMMUNITY DAO", "twitter": "colorsxdao", "proposalsCount": 4, "votesCount": 91, "followersCount": 18, "website": null}, {"id": "daonifty.eth", "name": "DAO $NIFTY", "twitter": "daonifty", "proposalsCount": 1, "votesCount": 0, "followersCount": 112, "website": null}, {"id": "fork-dao.eth", "name": "fork-dao", "twitter": "forkdaoes", "proposalsCount": 5, "votesCount": 89, "followersCount": 19, "website": "http://forkdaogov.xyz/"}, {"id": "strangebrew.eth", "name": "StrangeBrew", "twitter": "StrangeBrewFTM", "proposalsCount": 8, "votesCount": 101, "followersCount": 4, "website": null}, {"id": "syltare-governance.eth", "name": "SYLTARE", "twitter": "syltare", "proposalsCount": 1, "votesCount": 111, "followersCount": 1, "website": "https://syltare.com/"}, {"id": "coin", "name": "Coin Artist", "twitter": null, "proposalsCount": 12, "votesCount": 99, "followersCount": 2, "website": null}, {"id": "creativefriendz.eth", "name": "The Creative Friendz Collective", "twitter": "creativefriendz", "proposalsCount": 4, "votesCount": 97, "followersCount": 12, "website": "https://www.creativefriendz.com/"}, {"id": "fractiontoken.eth", "name": "Fraction Token", "twitter": "fraction_token", "proposalsCount": 6, "votesCount": 62, "followersCount": 45, "website": "https://fraction.fyi"}, {"id": "metaapesgame.eth", "name": "MetaApesGame", "twitter": "MetaApesGame", "proposalsCount": 4, "votesCount": 82, "followersCount": 27, "website": "https://metaapesgame.com/"}, {"id": "202508.eth", "name": "ens  bnb  ", "twitter": "duanbtc", "proposalsCount": 5, "votesCount": 2, "followersCount": 5, "website": null}, {"id": "ethersocks.eth", "name": "Ethersocks", "twitter": "ethersocks", "proposalsCount": 2, "votesCount": 109, "followersCount": 1, "website": null}, {"id": "growthdefi", "name": "growthdefi", "twitter": null, "proposalsCount": 11, "votesCount": 94, "followersCount": 7, "website": null}, {"id": "kittyparty.eth", "name": "Kitty Party ", "twitter": "KittyPartyDefi", "proposalsCount": 27, "votesCount": 67, "followersCount": 18, "website": "https://kittyparty.finance"}, {"id": "rareblocks.eth", "name": "Rare Blocks", "twitter": "_rareblocks", "proposalsCount": 8, "votesCount": 90, "followersCount": 14, "website": null}]