[{"id": "tovbe.eth", "name": "Bugra Test", "twitter": null, "proposalsCount": 0, "votesCount": 0, "followersCount": 0, "website": null}, {"id": "toxacnphnk.eth", "name": "\u0415\u0431\u0430\u0442\u044c \u0447\u0438 \u043d\u0435", "twitter": "toxa_cnphnk", "proposalsCount": 8, "votesCount": 23, "followersCount": 8, "website": "https://twitter.com/TOXA_CNPHNK"}, {"id": "toyes.eth", "name": "pika", "twitter": null, "proposalsCount": 4, "votesCount": 17, "followersCount": 15, "website": "https://snapshot.org/#/setup/profile/toyes.eth"}, {"id": "toyken.eth", "name": "cryptoys", "twitter": "cryptoys", "proposalsCount": 2, "votesCount": 6, "followersCount": 1, "website": "https://cryptoys.com"}, {"id": "tracyy.eth", "name": "Increment", "twitter": null, "proposalsCount": 1, "votesCount": 1, "followersCount": 2, "website": null}, {"id": "traditionalcraft.eth", "name": "traditionalcraft", "twitter": null, "proposalsCount": 1, "votesCount": 2, "followersCount": 2, "website": "https://ktvace.co.jp/#1"}, {"id": "tradkira.eth", "name": "Kira space", "twitter": "traditionalKIR", "proposalsCount": 4, "votesCount": 14, "followersCount": 10, "website": "https://twitter.com/traditionalKIR"}, {"id": "training.da\u262f.eth", "name": "One DAO", "twitter": null, "proposalsCount": 3, "votesCount": 7, "followersCount": 20, "website": null}, {"id": "trait-sniper.eth", "name": "Trait Sniper", "twitter": "trait_sniper", "proposalsCount": 0, "votesCount": 0, "followersCount": 1, "website": "http://traitsniper.com/"}, {"id": "traitsnipergame.eth", "name": "Trait Sniper Game", "twitter": "traitsnipergame", "proposalsCount": 1, "votesCount": 1, "followersCount": 1, "website": "https://www.traitsnipergame.com/"}, {"id": "tranceam.eth", "name": "XJTLU Voting", "twitter": null, "proposalsCount": 6, "votesCount": 9, "followersCount": 1, "website": null}, {"id": "travelerdao.eth", "name": "Traveler DAO", "twitter": "blockchainatusc", "proposalsCount": 0, "votesCount": 0, "followersCount": 1, "website": "https://blockchainusc.com/"}, {"id": "trdcgame.eth", "name": "Trdcgame", "twitter": null, "proposalsCount": 0, "votesCount": 0, "followersCount": 0, "website": null}, {"id": "trevorphilipse.eth", "name": "trevor", "twitter": null, "proposalsCount": 0, "votesCount": 0, "followersCount": 1, "website": null}, {"id": "treyshardworker.eth", "name": "illyanefor", "twitter": "afdsfdf", "proposalsCount": 73, "votesCount": 141, "followersCount": 0, "website": null}, {"id": "tribesxyz.eth", "name": "Tribes Polygon Devnet", "twitter": null, "proposalsCount": 0, "votesCount": 0, "followersCount": 3, "website": null}, {"id": "trindec.eth", "name": "Trindec", "twitter": null, "proposalsCount": 0, "votesCount": 0, "followersCount": 0, "website": null}, {"id": "trinex.eth", "name": "Trine", "twitter": null, "proposalsCount": 2, "votesCount": 1, "followersCount": 1, "website": null}, {"id": "trinology.eth", "name": "trino", "twitter": null, "proposalsCount": 1, "votesCount": 1, "followersCount": 1, "website": null}, {"id": "trishox.eth", "name": "Trishox's space", "twitter": null, "proposalsCount": 2, "votesCount": 2, "followersCount": 0, "website": null}]