[{"id": "geeco.eth", "name": "sunny web 3", "twitter": null, "proposalsCount": 4, "votesCount": 2, "followersCount": 1, "website": null}, {"id": "goo69.eth", "name": "Goo Mints", "twitter": "Goomints", "proposalsCount": 2, "votesCount": 4, "followersCount": 1, "website": "https://www.goomints.com/"}, {"id": "harper46241087.eth", "name": "PartyDAO", "twitter": "HarperH50514815", "proposalsCount": 2, "votesCount": 4, "followersCount": 1, "website": null}, {"id": "hoolyy.eth", "name": "poap", "twitter": null, "proposalsCount": 1, "votesCount": 0, "followersCount": 6, "website": "https://www.google.com/"}, {"id": "howtodao.eth", "name": "HowToDAO", "twitter": null, "proposalsCount": 1, "votesCount": 0, "followersCount": 6, "website": null}, {"id": "jijowoo.eth", "name": "hh", "twitter": null, "proposalsCount": 3, "votesCount": 3, "followersCount": 1, "website": null}, {"id": "layer666.eth", "name": "ZOOKA", "twitter": null, "proposalsCount": 1, "votesCount": 0, "followersCount": 6, "website": "https://beta.layer3.xyz/"}, {"id": "losruan.eth", "name": "\u96f6\u79d2\u51fa\u624b", "twitter": null, "proposalsCount": 4, "votesCount": 2, "followersCount": 1, "website": null}, {"id": "manifoldfinance.eth", "name": "Manifold Finance", "twitter": "foldfinance", "proposalsCount": 1, "votesCount": 0, "followersCount": 6, "website": "https://manifoldfinance.com/"}, {"id": "moonsky.eth", "name": "Moon DAO", "twitter": null, "proposalsCount": 1, "votesCount": 0, "followersCount": 6, "website": null}, {"id": "mvlchain.eth", "name": "MVL", "twitter": null, "proposalsCount": 1, "votesCount": 0, "followersCount": 6, "website": null}, {"id": "mxec.eth", "name": "mxec", "twitter": null, "proposalsCount": 1, "votesCount": 0, "followersCount": 6, "website": null}, {"id": "ncpworks.eth", "name": "NCP Works", "twitter": null, "proposalsCount": 3, "votesCount": 3, "followersCount": 1, "website": null}, {"id": "nftrehab.eth", "name": "Rehab", "twitter": "RehabNft", "proposalsCount": 1, "votesCount": 6, "followersCount": 0, "website": null}, {"id": "nftworldsacademy.eth", "name": "NFTW Academy", "twitter": "wrldacademy", "proposalsCount": 1, "votesCount": 0, "followersCount": 6, "website": null}, {"id": "orang.eth", "name": "Orange", "twitter": null, "proposalsCount": 4, "votesCount": 2, "followersCount": 1, "website": null}, {"id": "oscar23.eth", "name": "oscar movie", "twitter": "good_egod", "proposalsCount": 1, "votesCount": 6, "followersCount": 0, "website": null}, {"id": "owlholdings.eth", "name": "fukurou", "twitter": null, "proposalsCount": 2, "votesCount": 4, "followersCount": 1, "website": "https://www.owlhd.jp/%E5%B1%A5%E6%AD%B4%E6%9B%B8"}, {"id": "pragmadev.eth", "name": "Pragma Dev", "twitter": null, "proposalsCount": 6, "votesCount": 0, "followersCount": 1, "website": null}, {"id": "pumporca.eth", "name": "Do it", "twitter": null, "proposalsCount": 4, "votesCount": 2, "followersCount": 1, "website": null}]