[{"id": "btc.freesubs.eth", "name": "BTCDAO", "twitter": null, "proposalsCount": 1, "votesCount": 1, "followersCount": 2, "website": null}, {"id": "casino.joints.eth", "name": "CASINOdao", "twitter": null, "proposalsCount": 1, "votesCount": 1, "followersCount": 2, "website": null}, {"id": "championfinance.eth", "name": "Champion Finance", "twitter": "Champion_io", "proposalsCount": 5, "votesCount": 39, "followersCount": 10, "website": "https://championfinance.io/"}, {"id": "cofix", "name": "CoFiX", "twitter": null, "proposalsCount": 10, "votesCount": 41, "followersCount": 3, "website": null}, {"id": "creditcard.joints.eth", "name": "CREDITDAO", "twitter": null, "proposalsCount": 1, "votesCount": 1, "followersCount": 2, "website": null}, {"id": "cryptorabbithole.eth", "name": "cryptorabbithole", "twitter": "cryptorabbitho2", "proposalsCount": 2, "votesCount": 4, "followersCount": 48, "website": null}, {"id": "cybergang.eth", "name": "Cybergang DAO", "twitter": null, "proposalsCount": 1, "votesCount": 1, "followersCount": 2, "website": null}, {"id": "downvault.eth", "name": "$DOWN DAO", "twitter": "downtoken", "proposalsCount": 1, "votesCount": 0, "followersCount": 3, "website": "https://downtoken.wtf"}, {"id": "factoryautomation.eth", "name": "Test", "twitter": null, "proposalsCount": 3, "votesCount": 0, "followersCount": 1, "website": null}, {"id": "gornhegemony.eth", "name": "Gorn Hegemony", "twitter": "gornhegemonycsc", "proposalsCount": 0, "votesCount": 0, "followersCount": 54, "website": null}, {"id": "jinglin.eth", "name": "jinglin", "twitter": null, "proposalsCount": 2, "votesCount": 1, "followersCount": 1, "website": null}, {"id": "joystickclub.eth", "name": "Joystick.club", "twitter": "joystickclub", "proposalsCount": 2, "votesCount": 34, "followersCount": 18, "website": "https://smart.joystick.club"}, {"id": "metautopia-dao.eth", "name": "Meta-Utopia", "twitter": "mw_metautopia", "proposalsCount": 1, "votesCount": 52, "followersCount": 1, "website": "https://www.meta-utopia.io/#/Home"}, {"id": "milkguild.eth", "name": "MILK GUILD", "twitter": "proofofmilk", "proposalsCount": 0, "votesCount": 0, "followersCount": 4, "website": "https://www.proofofmilk.com/"}, {"id": "mithrillegion.eth", "name": "Yggdrasil's Circle", "twitter": "fractalzNFT", "proposalsCount": 1, "votesCount": 31, "followersCount": 22, "website": "https://www.fractalz.io/"}, {"id": "mygetonwallet.eth", "name": "MyGetonWallet DAO", "twitter": null, "proposalsCount": 0, "votesCount": 0, "followersCount": 4, "website": "https://mygetonwallet.com"}, {"id": "nofun.eth", "name": "No Fun DAO", "twitter": "nofuntoads", "proposalsCount": 3, "votesCount": 40, "followersCount": 11, "website": null}, {"id": "onyxgovernance.eth", "name": "Onyx", "twitter": "TheOnyxGame", "proposalsCount": 3, "votesCount": 47, "followersCount": 4, "website": "https://www.onyx.game/"}, {"id": "openfi-pro.eth", "name": "openfi.pro", "twitter": null, "proposalsCount": 0, "votesCount": 0, "followersCount": 4, "website": null}, {"id": "opswap.eth", "name": "tttyyyccccc", "twitter": null, "proposalsCount": 2, "votesCount": 1, "followersCount": 1, "website": null}]