[{"id": "altera.eth", "name": "Altera Social", "twitter": "AlteraSocial", "proposalsCount": 0, "votesCount": 0, "followersCount": 4, "website": "https://altera.so/"}, {"id": "altxnft.eth", "name": "Ameen", "twitter": "Altxnft", "proposalsCount": 0, "votesCount": 0, "followersCount": 0, "website": null}, {"id": "alxpro.eth", "name": "DAO Space MZFCKER", "twitter": null, "proposalsCount": 19, "votesCount": 20, "followersCount": 4, "website": null}, {"id": "aly.eth", "name": "Test", "twitter": null, "proposalsCount": 0, "votesCount": 0, "followersCount": 0, "website": null}, {"id": "amacz.eth", "name": "Scroll", "twitter": "Scroll_ZKP", "proposalsCount": 2, "votesCount": 55, "followersCount": 166, "website": "https://scroll.io"}, {"id": "amanitaphalloides.eth", "name": "ThinkDifferent", "twitter": null, "proposalsCount": 1, "votesCount": 1, "followersCount": 1, "website": null}, {"id": "amanz.eth", "name": "2", "twitter": null, "proposalsCount": 1, "votesCount": 2, "followersCount": 1, "website": null}, {"id": "amarizonaon.eth", "name": "Amarizonaon", "twitter": null, "proposalsCount": 1, "votesCount": 1, "followersCount": 1, "website": null}, {"id": "amarreth.eth", "name": "am", "twitter": null, "proposalsCount": 31, "votesCount": 31, "followersCount": 2, "website": null}, {"id": "amayan.eth", "name": "Amayan Club", "twitter": "AmayanClub", "proposalsCount": 0, "votesCount": 0, "followersCount": 1, "website": null}, {"id": "amberlin.eth", "name": "Test", "twitter": "noidea_yet_", "proposalsCount": 0, "votesCount": 0, "followersCount": 0, "website": "https://twitter.com/noidea_yet_"}, {"id": "americanpollingexchange.eth", "name": "APEX DAO", "twitter": "APEXchange_", "proposalsCount": 0, "votesCount": 0, "followersCount": 2, "website": "https://americanpollingexchange.com/"}, {"id": "aminul7779.eth", "name": "Aminul", "twitter": null, "proposalsCount": 1, "votesCount": 2, "followersCount": 0, "website": null}, {"id": "amoea-developer.eth", "name": "TEST", "twitter": null, "proposalsCount": 0, "votesCount": 0, "followersCount": 2, "website": null}, {"id": "amoea.eth", "name": "Amoea", "twitter": "amoeaofficial", "proposalsCount": 1, "votesCount": 2, "followersCount": 2, "website": "https://amoea.io/"}, {"id": "amoghbanta.eth", "name": "DPG DAO Unicef Demo", "twitter": null, "proposalsCount": 10, "votesCount": 8, "followersCount": 7, "website": null}, {"id": "amooooooooom.eth", "name": "\u0427\u0438\u043f\u0441\u0438\u043a", "twitter": null, "proposalsCount": 2, "votesCount": 1, "followersCount": 0, "website": null}, {"id": "ampleswap.eth", "name": "AmpleSwap", "twitter": "ampleswap", "proposalsCount": 4, "votesCount": 2, "followersCount": 5, "website": "https://ampleswap.com/"}, {"id": "amplifidao.eth", "name": "AmpliFi DAO", "twitter": "AmpliFiDAO", "proposalsCount": 3, "votesCount": 2, "followersCount": 1, "website": "https://amplifi.gg"}, {"id": "analyntot.eth", "name": "analyntot10", "twitter": "Lynlyn27737097", "proposalsCount": 1, "votesCount": 3, "followersCount": 1, "website": "https://snapshot.org/"}]