[{"id": "agadao.eth", "name": "AGA", "twitter": null, "proposalsCount": 0, "votesCount": 0, "followersCount": 2, "website": null}, {"id": "agdalith.eth", "name": "I Own It", "twitter": null, "proposalsCount": 1, "votesCount": 1, "followersCount": 0, "website": null}, {"id": "ageofunion.eth", "name": "Age Of Union", "twitter": "ageofunion", "proposalsCount": 0, "votesCount": 0, "followersCount": 2, "website": "https://ageofunion.com"}, {"id": "agilehippo.eth", "name": "Gatti", "twitter": "AgileHippo", "proposalsCount": 0, "votesCount": 0, "followersCount": 0, "website": null}, {"id": "agu3.eth", "name": "test", "twitter": null, "proposalsCount": 0, "votesCount": 0, "followersCount": 1, "website": null}, {"id": "aibaibai.eth", "name": "aibabahui web3", "twitter": "aibabahui0933", "proposalsCount": 2, "votesCount": 26, "followersCount": 25, "website": null}, {"id": "aiddrop.eth", "name": "Aiddrop", "twitter": "aiddrop_team", "proposalsCount": 1, "votesCount": 2, "followersCount": 3, "website": "https://aiddrop.io"}, {"id": "aileyverse.eth", "name": "Ailey", "twitter": null, "proposalsCount": 0, "votesCount": 0, "followersCount": 0, "website": null}, {"id": "ainnah005.eth", "name": "Ainnah", "twitter": null, "proposalsCount": 0, "votesCount": 0, "followersCount": 1, "website": null}, {"id": "aintip.eth", "name": "AINTIPPED GROUP", "twitter": null, "proposalsCount": 2, "votesCount": 11, "followersCount": 10, "website": null}, {"id": "aircnb.eth", "name": "nastypav777", "twitter": "NastyPav777", "proposalsCount": 1, "votesCount": 2, "followersCount": 1, "website": null}, {"id": "airdrop0xb232.eth", "name": "Airdrop wallet", "twitter": null, "proposalsCount": 0, "votesCount": 0, "followersCount": 1, "website": null}, {"id": "airdropangle.eth", "name": "Aridrophunter", "twitter": null, "proposalsCount": 1, "votesCount": 2, "followersCount": 3, "website": null}, {"id": "airdropape.eth", "name": "Net Boom", "twitter": null, "proposalsCount": 1, "votesCount": 2, "followersCount": 1, "website": null}, {"id": "airdropexplore.eth", "name": "SuiDao", "twitter": null, "proposalsCount": 1, "votesCount": 3, "followersCount": 2, "website": null}, {"id": "airdropinside.eth", "name": "aamirshah", "twitter": "airdropinsid14", "proposalsCount": 0, "votesCount": 0, "followersCount": 0, "website": null}, {"id": "airdroppeddemodaosland.eth", "name": "DEMO.LAND2", "twitter": null, "proposalsCount": 1, "votesCount": 7, "followersCount": 1, "website": null}, {"id": "airdropzamani.eth", "name": "airdropzamani", "twitter": "airdropzamani2", "proposalsCount": 0, "votesCount": 0, "followersCount": 1, "website": null}, {"id": "airdropzone.eth", "name": "Airdrop Zone", "twitter": "norulam3529052", "proposalsCount": 1, "votesCount": 6, "followersCount": 2, "website": null}, {"id": "aiscb.eth", "name": "Pita Network", "twitter": "MFPThailand", "proposalsCount": 100, "votesCount": 457, "followersCount": 78, "website": "https://www.moveforwardparty.org/"}]