[{"id": "robertoyoung.eth", "name": "TEST", "twitter": null, "proposalsCount": 2, "votesCount": 2, "followersCount": 0, "website": null}, {"id": "robzy2030.eth", "name": "AlsoNFT E-Commerce Marketplace", "twitter": "also_nft", "proposalsCount": 1, "votesCount": 1, "followersCount": 1, "website": "https://alsonft.co/"}, {"id": "rockcapital.eth", "name": "rockcapital", "twitter": null, "proposalsCount": 2, "votesCount": 2, "followersCount": 1, "website": null}, {"id": "rocketstar.eth", "name": "test", "twitter": null, "proposalsCount": 4, "votesCount": 2, "followersCount": 0, "website": null}, {"id": "rocksoul.eth", "name": "ROCKSOUL LonDAO", "twitter": null, "proposalsCount": 0, "votesCount": 0, "followersCount": 1, "website": null}, {"id": "rodizy.eth", "name": "123", "twitter": null, "proposalsCount": 3, "votesCount": 4, "followersCount": 4, "website": null}, {"id": "rodrigowee.eth", "name": "TEST", "twitter": null, "proposalsCount": 1, "votesCount": 1, "followersCount": 0, "website": null}, {"id": "roemers.eth", "name": "Bruno's Space", "twitter": null, "proposalsCount": 2, "votesCount": 4, "followersCount": 0, "website": null}, {"id": "rogatio.eth", "name": "Rogatio", "twitter": "Rogatios", "proposalsCount": 0, "votesCount": 0, "followersCount": 0, "website": "https://rogatio.io"}, {"id": "rolexser.eth", "name": "Rolexser", "twitter": "ashrafulallam5", "proposalsCount": 1, "votesCount": 3, "followersCount": 2, "website": null}, {"id": "romanc3.eth", "name": "RomanceDao", "twitter": null, "proposalsCount": 0, "votesCount": 0, "followersCount": 1, "website": "https://romancedao.xyz"}, {"id": "romanow.eth", "name": "Rebl test", "twitter": null, "proposalsCount": 1, "votesCount": 0, "followersCount": 1, "website": null}, {"id": "romeeoptionluckyluckylucky.eth", "name": "yam0ne", "twitter": null, "proposalsCount": 1, "votesCount": 3, "followersCount": 1, "website": null}, {"id": "romento.eth", "name": "Romen", "twitter": null, "proposalsCount": 2, "votesCount": 45, "followersCount": 11, "website": null}, {"id": "ronaldmont.eth", "name": "TEST", "twitter": null, "proposalsCount": 2, "votesCount": 1, "followersCount": 0, "website": null}, {"id": "ronaldo2022.eth", "name": "Parsa", "twitter": "parsa6629", "proposalsCount": 0, "votesCount": 0, "followersCount": 1, "website": null}, {"id": "ronghui.eth", "name": "Q11", "twitter": null, "proposalsCount": 0, "votesCount": 0, "followersCount": 1, "website": null}, {"id": "ronjuicebox.eth", "name": "Ronjuicebox", "twitter": null, "proposalsCount": 0, "votesCount": 0, "followersCount": 0, "website": null}, {"id": "rony0408.eth", "name": "EarningClock24 ", "twitter": null, "proposalsCount": 0, "votesCount": 0, "followersCount": 0, "website": null}, {"id": "rony34.eth", "name": "Reth", "twitter": null, "proposalsCount": 0, "votesCount": 0, "followersCount": 1, "website": null}]