[{"id": "pinjun.eth", "name": "pinjun", "twitter": null, "proposalsCount": 0, "votesCount": 0, "followersCount": 1, "website": null}, {"id": "pinkfloydzone.eth", "name": "6Dao", "twitter": null, "proposalsCount": 3, "votesCount": 6, "followersCount": 3, "website": null}, {"id": "pinpang.eth", "name": "pinpang-club", "twitter": null, "proposalsCount": 1, "votesCount": 1, "followersCount": 1, "website": null}, {"id": "pinpin.eth", "name": "Pinpin", "twitter": null, "proposalsCount": 0, "votesCount": 0, "followersCount": 0, "website": null}, {"id": "pipi55.eth", "name": "zklink", "twitter": null, "proposalsCount": 1, "votesCount": 2, "followersCount": 1, "website": null}, {"id": "pipipipi.eth", "name": "Pipipipi DAO", "twitter": null, "proposalsCount": 0, "votesCount": 0, "followersCount": 0, "website": null}, {"id": "pipipopo.eth", "name": "Pipipopo DAO", "twitter": null, "proposalsCount": 2, "votesCount": 2, "followersCount": 0, "website": null}, {"id": "piratedapeyachtclub.eth", "name": "piratedapeyachtclub", "twitter": "PiratedApeYC", "proposalsCount": 4, "votesCount": 3, "followersCount": 6, "website": null}, {"id": "pistachiodao.eth", "name": "Pistachio DAO", "twitter": "SnapshotLabs", "proposalsCount": 7, "votesCount": 26660, "followersCount": 2147, "website": null}, {"id": "pistachioman.eth", "name": "Pistachio", "twitter": null, "proposalsCount": 0, "votesCount": 0, "followersCount": 1, "website": null}, {"id": "pixiejars.eth", "name": "Pixie Jars ", "twitter": "PixieJarsNFT", "proposalsCount": 0, "votesCount": 0, "followersCount": 1, "website": null}, {"id": "piyus.eth", "name": "wagmi protocol", "twitter": null, "proposalsCount": 1, "votesCount": 2, "followersCount": 2, "website": null}, {"id": "pizzapolis.eth", "name": "Pizzapolis", "twitter": null, "proposalsCount": 1, "votesCount": 2, "followersCount": 2, "website": null}, {"id": "plaksina.eth", "name": "plaksin", "twitter": null, "proposalsCount": 0, "votesCount": 0, "followersCount": 0, "website": null}, {"id": "planckertest.eth", "name": "planckervotetest", "twitter": null, "proposalsCount": 1, "votesCount": 0, "followersCount": 0, "website": null}, {"id": "planetmemes.eth", "name": "Planet Memes", "twitter": null, "proposalsCount": 1, "votesCount": 0, "followersCount": 5, "website": "https://planetmemes.com"}, {"id": "plannerdao.eth", "name": "PlannerDAO", "twitter": "PLANNERDAO", "proposalsCount": 1, "votesCount": 96, "followersCount": 7, "website": "https://www.plannerdao.com"}, {"id": "platini.eth", "name": "Test", "twitter": null, "proposalsCount": 0, "votesCount": 0, "followersCount": 0, "website": null}, {"id": "playcheck.eth", "name": "fundao", "twitter": null, "proposalsCount": 1, "votesCount": 6, "followersCount": 0, "website": null}, {"id": "playintech.eth", "name": "PlayIn", "twitter": null, "proposalsCount": 0, "votesCount": 0, "followersCount": 0, "website": null}]