[{"id": "wingedturtledao.eth", "name": "Winged Turtles", "twitter": "omakaseadev", "proposalsCount": 1, "votesCount": 19, "followersCount": 1, "website": "https://etherscan.io/address/0xe0fea8f9a593938b15e8a65dd7ce6b4a0dd9f679"}, {"id": "wooinu.eth", "name": "Woo Inu Governance", "twitter": "natureboyinu", "proposalsCount": 3, "votesCount": 17, "followersCount": 1, "website": null}, {"id": "yfdai2.eth", "name": "YFDAI2", "twitter": "yfdai2", "proposalsCount": 1, "votesCount": 10, "followersCount": 10, "website": "https://yfdai2.com/"}, {"id": "yotta21.eth", "name": "Yotta21", "twitter": "Yotta_21", "proposalsCount": 4, "votesCount": 3, "followersCount": 14, "website": "https://https.yotta21.com"}, {"id": "zrowgz.eth", "name": "ForkedTesting", "twitter": null, "proposalsCount": 7, "votesCount": 9, "followersCount": 5, "website": null}, {"id": "zylag.eth", "name": "Lil Brickz ", "twitter": "lilbrickznft", "proposalsCount": 4, "votesCount": 14, "followersCount": 3, "website": "https://lilbrickz.wtf/?i=1"}, {"id": "akiradao.eth", "name": "AkiraDAO", "twitter": null, "proposalsCount": 4, "votesCount": 11, "followersCount": 6, "website": null}, {"id": "arsenal-fc.eth", "name": "FUDAO", "twitter": null, "proposalsCount": 5, "votesCount": 12, "followersCount": 4, "website": null}, {"id": "bnfyfinance.eth", "name": "BNFY Finance", "twitter": null, "proposalsCount": 3, "votesCount": 16, "followersCount": 2, "website": null}, {"id": "chengdu0.eth", "name": "partybid", "twitter": null, "proposalsCount": 1, "votesCount": 9, "followersCount": 11, "website": null}, {"id": "diversecapital.eth", "name": "Diverse Capital", "twitter": "diverse_capital", "proposalsCount": 1, "votesCount": 11, "followersCount": 9, "website": null}, {"id": "fraxfinancegovernance.eth", "name": "Frax Finance Governance", "twitter": null, "proposalsCount": 10, "votesCount": 9, "followersCount": 2, "website": null}, {"id": "gummybull.eth", "name": "Gummy", "twitter": "Gummy_Bull", "proposalsCount": 2, "votesCount": 12, "followersCount": 7, "website": null}, {"id": "haze.eth", "name": "Haze Finance", "twitter": null, "proposalsCount": 2, "votesCount": 19, "followersCount": 0, "website": null}, {"id": "keatonkirk.eth", "name": "Reputation Test (Algovera.ai)", "twitter": null, "proposalsCount": 11, "votesCount": 7, "followersCount": 3, "website": null}, {"id": "kongclubvoting.eth", "name": "Kong Club Voting", "twitter": "KongClubNFT", "proposalsCount": 0, "votesCount": 0, "followersCount": 21, "website": null}, {"id": "labdao.eth", "name": "LabDAO", "twitter": "lab_dao", "proposalsCount": 0, "votesCount": 0, "followersCount": 21, "website": "https://www.labdao.xyz"}, {"id": "maxfeng.eth", "name": "RUG RADIO ", "twitter": "maxfeng191", "proposalsCount": 2, "votesCount": 13, "followersCount": 6, "website": "https://www.partybid.app/buy/0x5912bd617b06bfffe63f39f35ac17791ee7bd6e2"}, {"id": "nft-crap.eth", "name": "NFT-Crap", "twitter": "nft_crap", "proposalsCount": 3, "votesCount": 12, "followersCount": 6, "website": "https://nft-crap.com/"}, {"id": "nftgoddessart.eth", "name": "nftgoddess.art", "twitter": null, "proposalsCount": 3, "votesCount": 18, "followersCount": 0, "website": null}]