[{"id": "suprafinance.xyz", "name": "Supra Finance", "twitter": "finance_supra", "proposalsCount": 2, "votesCount": 21, "followersCount": 3, "website": null}, {"id": "technofinaticdao.eth", "name": "TechnoFinatics DAO ", "twitter": null, "proposalsCount": 1, "votesCount": 9, "followersCount": 16, "website": null}, {"id": "thepeoplesdegen.eth", "name": "Smashverse", "twitter": "smashverse_xyz", "proposalsCount": 1, "votesCount": 23, "followersCount": 2, "website": null}, {"id": "thespanish.eth", "name": "apple", "twitter": "future6655", "proposalsCount": 1, "votesCount": 24, "followersCount": 1, "website": null}, {"id": "thewaifudao.eth", "name": "The WAIFU DAO", "twitter": "WAIFUToken", "proposalsCount": 0, "votesCount": 0, "followersCount": 26, "website": null}, {"id": "token.m1guelpf.eth", "name": "Miguel Piedrafita", "twitter": "m1guelpf", "proposalsCount": 1, "votesCount": 15, "followersCount": 10, "website": null}, {"id": "tyoung.eth", "name": "zora1", "twitter": null, "proposalsCount": 3, "votesCount": 15, "followersCount": 8, "website": null}, {"id": "unicodeforgeeks.eth", "name": "Unicode (for geeks)", "twitter": null, "proposalsCount": 1, "votesCount": 4, "followersCount": 21, "website": null}, {"id": "veranfts.eth", "name": "Vera DAO", "twitter": "veranfts", "proposalsCount": 3, "votesCount": 4, "followersCount": 19, "website": "https://vera.financial/"}, {"id": "xcomb.eth", "name": "Combine.finance", "twitter": null, "proposalsCount": 5, "votesCount": 20, "followersCount": 1, "website": null}, {"id": "xenonfinance.eth", "name": "a", "twitter": null, "proposalsCount": 3, "votesCount": 18, "followersCount": 5, "website": null}, {"id": "zhaowei.eth", "name": "PDCrypto", "twitter": null, "proposalsCount": 5, "votesCount": 2, "followersCount": 19, "website": null}, {"id": "000333666.eth", "name": "Gn", "twitter": null, "proposalsCount": 1, "votesCount": 11, "followersCount": 13, "website": null}, {"id": "100rainbows.eth", "name": "MetaPPP", "twitter": "MetaPartyDCL", "proposalsCount": 1, "votesCount": 3, "followersCount": 21, "website": "https://www.metaparty.cc"}, {"id": "114188.eth", "name": "XCLUB", "twitter": null, "proposalsCount": 6, "votesCount": 13, "followersCount": 6, "website": null}, {"id": "116114.eth", "name": "MiaoMiao", "twitter": "0x_redapple", "proposalsCount": 4, "votesCount": 14, "followersCount": 7, "website": null}, {"id": "aclay.eth", "name": "Aragon Network DAO", "twitter": "AragonProject", "proposalsCount": 6, "votesCount": 11, "followersCount": 8, "website": "https://aragon.org/"}, {"id": "benefactors.eth", "name": "Benefactors DAO", "twitter": null, "proposalsCount": 4, "votesCount": 16, "followersCount": 5, "website": null}, {"id": "bluejayfinance.eth", "name": "Bluejay Finance", "twitter": "BluejayFinance", "proposalsCount": 1, "votesCount": 13, "followersCount": 11, "website": "https://bluejay.finance/"}, {"id": "caash.eth", "name": "Caash", "twitter": "caashdao", "proposalsCount": 2, "votesCount": 15, "followersCount": 8, "website": "https://caash.io/"}]