[{"id": "ariesnft.eth", "name": "Aries DAO", "twitter": null, "proposalsCount": 2, "votesCount": 3, "followersCount": 4, "website": "https://nft.ariesswap.xyz/"}, {"id": "arifulfec.eth", "name": "Eth network ", "twitter": null, "proposalsCount": 2, "votesCount": 7, "followersCount": 1, "website": null}, {"id": "ariswong.eth", "name": "TEST", "twitter": null, "proposalsCount": 2, "votesCount": 1, "followersCount": 0, "website": null}, {"id": "arjy.eth", "name": "RaidParty Community Proposals", "twitter": null, "proposalsCount": 1, "votesCount": 5, "followersCount": 1, "website": null}, {"id": "armangiga.eth", "name": "ArmanGiga", "twitter": "earningmoney11", "proposalsCount": 0, "votesCount": 0, "followersCount": 1, "website": null}, {"id": "arnauramio.eth", "name": "arnauramio", "twitter": "arnauramio", "proposalsCount": 1, "votesCount": 2, "followersCount": 0, "website": null}, {"id": "arribaperu.eth", "name": "TEST", "twitter": null, "proposalsCount": 1, "votesCount": 1, "followersCount": 0, "website": null}, {"id": "artario.eth", "name": "aty", "twitter": null, "proposalsCount": 1, "votesCount": 1, "followersCount": 1, "website": null}, {"id": "artemm.eth", "name": "Artemm Dev", "twitter": null, "proposalsCount": 1, "votesCount": 2, "followersCount": 2, "website": null}, {"id": "artofspeaking.eth", "name": "harshvir", "twitter": "harsh4kanpur", "proposalsCount": 1, "votesCount": 2, "followersCount": 0, "website": "https://www.artofspeaking"}, {"id": "artpedia.eth", "name": "Artpedia", "twitter": null, "proposalsCount": 1, "votesCount": 10, "followersCount": 7, "website": null}, {"id": "arvitor.eth", "name": "\ube4c\ub9ac\ud504 DAO", "twitter": null, "proposalsCount": 0, "votesCount": 0, "followersCount": 1, "website": null}, {"id": "asdzx.eth", "name": "1", "twitter": null, "proposalsCount": 1, "votesCount": 3, "followersCount": 0, "website": null}, {"id": "ash1na.eth", "name": "MatchNova", "twitter": null, "proposalsCount": 0, "votesCount": 0, "followersCount": 0, "website": null}, {"id": "ashokgorana.eth", "name": "Zeus DAO", "twitter": "ZeusDAO_", "proposalsCount": 0, "votesCount": 0, "followersCount": 1, "website": null}, {"id": "ashraful3323.eth", "name": "Ashraful", "twitter": null, "proposalsCount": 0, "votesCount": 0, "followersCount": 1, "website": null}, {"id": "asif888.eth", "name": "Asif Hasan", "twitter": "abasif71", "proposalsCount": 1, "votesCount": 1, "followersCount": 1, "website": null}, {"id": "asilodigital.eth", "name": "Asilo Digital", "twitter": "asilodigital", "proposalsCount": 0, "votesCount": 0, "followersCount": 15, "website": "https://asilodigital.com"}, {"id": "asiyamuz.eth", "name": "asiya", "twitter": null, "proposalsCount": 2, "votesCount": 3, "followersCount": 0, "website": null}, {"id": "ask2tam.eth", "name": "ask2tam", "twitter": null, "proposalsCount": 7, "votesCount": 34, "followersCount": 2, "website": null}]