[{"id": "mxcpop.eth", "name": "MXC DAO", "twitter": "mxcfoundation", "proposalsCount": 6, "votesCount": 173, "followersCount": 23, "website": "https://www.mxc.org/"}, {"id": "mxlcolm.eth", "name": "mxlcolm", "twitter": "mxlcolm", "proposalsCount": 12, "votesCount": 418, "followersCount": 9, "website": null}, {"id": "mxtgz.eth", "name": "mxtgz", "twitter": null, "proposalsCount": 1, "votesCount": 1, "followersCount": 1, "website": null}, {"id": "myava.eth", "name": "myavatar", "twitter": null, "proposalsCount": 1, "votesCount": 2, "followersCount": 1, "website": null}, {"id": "mycontext.eth", "name": "TestStrategies", "twitter": null, "proposalsCount": 39, "votesCount": 50, "followersCount": 4, "website": null}, {"id": "mycopilotbae.eth", "name": "My Copilot Bae", "twitter": "mycopilotbae", "proposalsCount": 0, "votesCount": 0, "followersCount": 1, "website": "https://www.mycopilotbae.com/"}, {"id": "mycryptolawyer.eth", "name": "Crypto Legal Action", "twitter": "mycryptolawyer", "proposalsCount": 0, "votesCount": 0, "followersCount": 1, "website": "https://mycryptolawyer.xyz/"}, {"id": "myddd.eth", "name": "myddd", "twitter": null, "proposalsCount": 2, "votesCount": 5, "followersCount": 1, "website": null}, {"id": "myfirstwallet.eth", "name": "chrishua", "twitter": null, "proposalsCount": 0, "votesCount": 0, "followersCount": 1, "website": null}, {"id": "mygoldmine.eth", "name": "Gold Mine", "twitter": "hertuai", "proposalsCount": 2, "votesCount": 7, "followersCount": 5, "website": null}, {"id": "myhasko.eth", "name": "dcd", "twitter": null, "proposalsCount": 1, "votesCount": 1, "followersCount": 1, "website": null}, {"id": "mylord\ud83d\udc51.eth", "name": "Cryptogic ", "twitter": "Cryptogic3c", "proposalsCount": 0, "votesCount": 0, "followersCount": 1, "website": "https://t.me/cryptogic777"}, {"id": "mynthpyre.eth", "name": "cc", "twitter": null, "proposalsCount": 29, "votesCount": 34, "followersCount": 4, "website": null}, {"id": "mysnt.eth", "name": "15\u5728\u64b8\u6bdb", "twitter": null, "proposalsCount": 1, "votesCount": 4, "followersCount": 1, "website": null}, {"id": "myweb30.eth", "name": "myweb30", "twitter": null, "proposalsCount": 0, "votesCount": 0, "followersCount": 1, "website": null}, {"id": "mzdry.eth", "name": "bum dum", "twitter": null, "proposalsCount": 0, "votesCount": 0, "followersCount": 0, "website": null}, {"id": "n1.testsnap.eth", "name": "Titos", "twitter": null, "proposalsCount": 0, "votesCount": 0, "followersCount": 0, "website": null}, {"id": "n2.testsnap.eth", "name": "test", "twitter": null, "proposalsCount": 0, "votesCount": 0, "followersCount": 1, "website": null}, {"id": "n3.testsnap.eth", "name": "Test", "twitter": null, "proposalsCount": 0, "votesCount": 0, "followersCount": 0, "website": null}, {"id": "n4.testsnap.eth", "name": "fsdf", "twitter": null, "proposalsCount": 0, "votesCount": 0, "followersCount": 1, "website": null}]