[{"id": "ichimokucloudinu.eth", "name": "Ichimoku Cloud Inu", "twitter": null, "proposalsCount": 3, "votesCount": 39, "followersCount": 9, "website": "https://ichimokucloudinu.com/"}, {"id": "igorevg.eth", "name": "EvG", "twitter": "Igor__EvG", "proposalsCount": 0, "votesCount": 0, "followersCount": 1, "website": null}, {"id": "infinitydao.eth", "name": "Infinity DAO", "twitter": "InfinityTokenIO", "proposalsCount": 12, "votesCount": 29, "followersCount": 10, "website": null}, {"id": "irldao.eth", "name": "IRLdao", "twitter": "irlart__", "proposalsCount": 6, "votesCount": 35, "followersCount": 10, "website": "https://irlart.com"}, {"id": "jason13.eth", "name": "Jason life", "twitter": "jason13_eth", "proposalsCount": 0, "votesCount": 0, "followersCount": 1, "website": null}, {"id": "karin\u2661nft.eth", "name": "Karin\u2661", "twitter": "Karin001NFT", "proposalsCount": 3, "votesCount": 38, "followersCount": 10, "website": null}, {"id": "kongfu.eth", "name": "AnmulCoin", "twitter": null, "proposalsCount": 0, "votesCount": 0, "followersCount": 1, "website": null}, {"id": "kristin22kristin.eth", "name": "666assa", "twitter": null, "proposalsCount": 0, "votesCount": 0, "followersCount": 1, "website": null}, {"id": "labodega.eth", "name": "BodegaDAO", "twitter": "labodegadao", "proposalsCount": 0, "votesCount": 0, "followersCount": 1, "website": "https://www.terrivm.com"}, {"id": "lens.irvollo.eth", "name": "woieud", "twitter": null, "proposalsCount": 0, "votesCount": 0, "followersCount": 1, "website": null}, {"id": "mayun000.eth", "name": "mayunnetwork", "twitter": null, "proposalsCount": 0, "votesCount": 0, "followersCount": 1, "website": null}, {"id": "middy.eth", "name": "TridentDAO", "twitter": "TridentDAO", "proposalsCount": 0, "votesCount": 0, "followersCount": 1, "website": "https://trident.game/"}, {"id": "mr-stark.eth", "name": "Stakr DAO", "twitter": "kitashi_san", "proposalsCount": 0, "votesCount": 0, "followersCount": 1, "website": null}, {"id": "nba58.eth", "name": "nba58", "twitter": null, "proposalsCount": 0, "votesCount": 0, "followersCount": 1, "website": null}, {"id": "nesybil.eth", "name": "NEsybil", "twitter": null, "proposalsCount": 0, "votesCount": 0, "followersCount": 1, "website": null}, {"id": "niu67f1.eth", "name": "yyds67f1", "twitter": null, "proposalsCount": 0, "votesCount": 0, "followersCount": 1, "website": null}, {"id": "nodecubed.eth", "name": "N3 DAO Investment Platform", "twitter": "CubedFinance", "proposalsCount": 5, "votesCount": 38, "followersCount": 8, "website": null}, {"id": "octogamex.eth", "name": "octogamex", "twitter": null, "proposalsCount": 0, "votesCount": 0, "followersCount": 1, "website": null}, {"id": "oculusman.eth", "name": "Trewel", "twitter": null, "proposalsCount": 0, "votesCount": 0, "followersCount": 1, "website": null}, {"id": "oikos.eth", "name": "OIkos DAO", "twitter": "oikos_cash", "proposalsCount": 1, "votesCount": 29, "followersCount": 21, "website": "https://oikos.cash"}]