[{"id": "xiaoyunyun.eth", "name": "tsryeutin", "twitter": null, "proposalsCount": 8, "votesCount": 24, "followersCount": 4, "website": null}, {"id": "starblockdao.eth", "name": "StarBlock", "twitter": "StarBlockNFT", "proposalsCount": 1, "votesCount": 1643, "followersCount": 160, "website": "https://starblock.io/"}, {"id": "premia.eth", "name": "Premia", "twitter": "PremiaFinance", "proposalsCount": 41, "votesCount": 1219, "followersCount": 293, "website": "https://premia.finance/"}, {"id": "palvote.eth", "name": "Paladin", "twitter": "Paladin_vote", "proposalsCount": 51, "votesCount": 1040, "followersCount": 161, "website": "https://www.paladin.vote/#/"}, {"id": "skale.eth", "name": "SKALE DAO", "twitter": "SkaleNetwork", "proposalsCount": 1, "votesCount": 38, "followersCount": 9, "website": "https://skale.space"}, {"id": "mutegov.eth", "name": "Mute", "twitter": "mute_io", "proposalsCount": 1, "votesCount": 58, "followersCount": 984, "website": "https://mute.io"}, {"id": "edefinance.eth", "name": "EDE (El Dorado Exchange)", "twitter": "ede_finance", "proposalsCount": 26, "votesCount": 370, "followersCount": 194, "website": "https://ede.finance/#/"}, {"id": "inbetweeners.eth", "name": "inBetweeners", "twitter": "inbetweenersnft", "proposalsCount": 9, "votesCount": 1512, "followersCount": 265, "website": null}, {"id": "cutedoge.eth", "name": "136-140", "twitter": null, "proposalsCount": 5, "votesCount": 25, "followersCount": 5, "website": null}, {"id": "cutepepe.eth", "name": "126-130", "twitter": null, "proposalsCount": 5, "votesCount": 25, "followersCount": 5, "website": null}, {"id": "cuteshib.eth", "name": "131-135", "twitter": null, "proposalsCount": 5, "votesCount": 25, "followersCount": 5, "website": null}, {"id": "runningaway.eth", "name": "121-125", "twitter": null, "proposalsCount": 5, "votesCount": 25, "followersCount": 5, "website": null}, {"id": "sevenworm.eth", "name": "linea200", "twitter": null, "proposalsCount": 5, "votesCount": 25, "followersCount": 5, "website": null}, {"id": "the187bytruthlabs.eth", "name": "erty11", "twitter": null, "proposalsCount": 12, "votesCount": 22, "followersCount": 1, "website": null}, {"id": "umamidao.eth", "name": "Umami DAO", "twitter": null, "proposalsCount": 6, "votesCount": 1344, "followersCount": 383, "website": "https://umami.finance"}, {"id": "kongsdao.eth", "name": "K.I.N.G. DAO", "twitter": null, "proposalsCount": 70, "votesCount": 1636, "followersCount": 73, "website": null}, {"id": "timelessfi.eth", "name": "Timeless", "twitter": "timeless_fi", "proposalsCount": 58, "votesCount": 771, "followersCount": 147, "website": "https://timelessfi.com/"}, {"id": "sdaowin.eth", "name": "Shark DAO", "twitter": "sdaowin", "proposalsCount": 5, "votesCount": 153, "followersCount": 1568, "website": "https://sdao.win"}, {"id": "hydranet.eth", "name": "Hydranet DAO", "twitter": "TheHydranet", "proposalsCount": 19, "votesCount": 1369, "followersCount": 381, "website": "https://hydranet.ai/"}, {"id": "nftx.eth", "name": "NFTX", "twitter": "nftx_", "proposalsCount": 58, "votesCount": 1150, "followersCount": 157, "website": "https://nftx.io"}]