[{"id": "elysiummergedao.eth", "name": "Elysium merge DAO", "twitter": "elysium_dao", "proposalsCount": 7, "votesCount": 529, "followersCount": 70, "website": null}, {"id": "netbag.eth", "name": "Tclub", "twitter": null, "proposalsCount": 20, "votesCount": 63, "followersCount": 21, "website": null}, {"id": "the-metalkdao.eth", "name": "Metalk DAO", "twitter": "Metalk_DAO", "proposalsCount": 6, "votesCount": 377, "followersCount": 221, "website": "https://metalkdao.com/home"}, {"id": "hivesnapshot.eth", "name": "Hive Investments", "twitter": "hiveinvestments", "proposalsCount": 7, "votesCount": 584, "followersCount": 9, "website": "https://hive.investments/"}, {"id": "tripscommunity.eth", "name": "Trips Community", "twitter": "tripscommunity", "proposalsCount": 48, "votesCount": 397, "followersCount": 155, "website": "https://www.tripscommunity.com/"}, {"id": "kouya.eth", "name": "CITY BOY &CITY GIRL \u5e02\u5f79\u6240", "twitter": null, "proposalsCount": 39, "votesCount": 547, "followersCount": 13, "website": null}, {"id": "fortunecronos.eth", "name": "FortuneCronos", "twitter": "Fortune_DAO", "proposalsCount": 8, "votesCount": 508, "followersCount": 80, "website": null}, {"id": "v01.hopr-dao.eth", "name": "HOPR DAO v0.1", "twitter": "hoprnet", "proposalsCount": 1, "votesCount": 582, "followersCount": 13, "website": null}, {"id": "baksdao.eth", "name": "BaksDAO", "twitter": null, "proposalsCount": 4, "votesCount": 495, "followersCount": 92, "website": null}, {"id": "celoafricadao.eth", "name": "CeloAfricaDao", "twitter": null, "proposalsCount": 19, "votesCount": 107, "followersCount": 65, "website": "https://celo.org"}, {"id": "covalenthq.eth", "name": "Covalent", "twitter": "Covalent_HQ", "proposalsCount": 4, "votesCount": 416, "followersCount": 171, "website": null}, {"id": "tigrisdao.eth", "name": "Tigris", "twitter": "tigristrades", "proposalsCount": 10, "votesCount": 93, "followersCount": 37, "website": "https://tigris.trade"}, {"id": "blankfoundation.eth", "name": "Blank Foundation", "twitter": "blankfdn", "proposalsCount": 11, "votesCount": 535, "followersCount": 42, "website": null}, {"id": "meme1.eth", "name": "OpenDAO-SOS", "twitter": null, "proposalsCount": 8, "votesCount": 189, "followersCount": 340, "website": null}, {"id": "sportx.eth", "name": "SX.bet", "twitter": "SX_Bet", "proposalsCount": 24, "votesCount": 462, "followersCount": 51, "website": "https://sx.bet"}, {"id": "optimisticapeyachtclub.eth", "name": "Optimistic Ape Yacht Club", "twitter": "OptiApeYC", "proposalsCount": 1, "votesCount": 355, "followersCount": 228, "website": "https://oayc.io/"}, {"id": "wangfjt.eth", "name": "StarBull", "twitter": "wangfjt", "proposalsCount": 17, "votesCount": 470, "followersCount": 97, "website": "https://web3crypt.dao"}, {"id": "life-dao.eth", "name": "LifeDAO", "twitter": null, "proposalsCount": 4, "votesCount": 510, "followersCount": 65, "website": null}, {"id": "wagmiunitedvote.eth", "name": "WAGMI United Fan Voting", "twitter": "wagmiunited", "proposalsCount": 1, "votesCount": 374, "followersCount": 204, "website": "https://www.wagmiunited.com"}, {"id": "smugbunnydao.eth", "name": "SmugbunnyDAO", "twitter": "Smugbunny_", "proposalsCount": 18, "votesCount": 420, "followersCount": 140, "website": "https://www.smugbunny.io"}]