[{"id": "wishme.eth", "name": "wishme", "twitter": null, "proposalsCount": 1, "votesCount": 1, "followersCount": 1, "website": null}, {"id": "wishyou.eth", "name": "wishyou", "twitter": null, "proposalsCount": 1, "votesCount": 0, "followersCount": 1, "website": null}, {"id": "witdaracks.eth", "name": "s11211", "twitter": null, "proposalsCount": 1, "votesCount": 1, "followersCount": 1, "website": null}, {"id": "wizardmain.eth", "name": "eblan dao", "twitter": null, "proposalsCount": 1, "votesCount": 2, "followersCount": 1, "website": null}, {"id": "wiziin.eth", "name": "WiziinDAO", "twitter": null, "proposalsCount": 2, "votesCount": 17, "followersCount": 2, "website": null}, {"id": "wkp518.eth", "name": "333", "twitter": null, "proposalsCount": 34, "votesCount": 34, "followersCount": 40, "website": null}, {"id": "wmnft.eth", "name": "WM Voting Test", "twitter": null, "proposalsCount": 21, "votesCount": 28, "followersCount": 54, "website": null}, {"id": "wmvotes.eth", "name": "Water & Music", "twitter": "water_and_music", "proposalsCount": 7, "votesCount": 542, "followersCount": 69, "website": "https://waterandmusic.com"}, {"id": "wolai.eth", "name": "wolai", "twitter": null, "proposalsCount": 2, "votesCount": 2, "followersCount": 1, "website": null}, {"id": "wolf26.eth", "name": "dwd", "twitter": null, "proposalsCount": 1, "votesCount": 1, "followersCount": 0, "website": null}, {"id": "wolfible.eth", "name": "123", "twitter": null, "proposalsCount": 6, "votesCount": 6, "followersCount": 0, "website": null}, {"id": "wonderdao.eth", "name": "FutureTest", "twitter": null, "proposalsCount": 1, "votesCount": 1, "followersCount": 0, "website": null}, {"id": "wonderland-events.eth", "name": "Wonderland Events", "twitter": "Wonderland_fi", "proposalsCount": 1, "votesCount": 83, "followersCount": 8, "website": "https://wonderland.money/"}, {"id": "wonderversedao.eth", "name": "Wonderverse", "twitter": "wonderverse_xyz", "proposalsCount": 0, "votesCount": 0, "followersCount": 2, "website": "https://www.wonderverse.xyz/wonderverse.xyz"}, {"id": "woojun.eth", "name": "coolshit investment club", "twitter": null, "proposalsCount": 2, "votesCount": 2, "followersCount": 2, "website": null}, {"id": "wooluminati.eth", "name": "Pie Wool Network", "twitter": null, "proposalsCount": 0, "votesCount": 0, "followersCount": 0, "website": null}, {"id": "wooohooo.eth", "name": "Dev - Innovation Realized 23", "twitter": null, "proposalsCount": 40, "votesCount": 15, "followersCount": 10, "website": null}, {"id": "worldofme.eth", "name": "worldofme", "twitter": null, "proposalsCount": 0, "votesCount": 0, "followersCount": 1, "website": null}, {"id": "woti.eth", "name": "Woti", "twitter": "wearewoti", "proposalsCount": 3, "votesCount": 193, "followersCount": 9, "website": "https://www.woti.io"}, {"id": "wrise.eth", "name": "Wrise", "twitter": null, "proposalsCount": 8, "votesCount": 4, "followersCount": 1, "website": null}]