[{"id": "thrivecoin.eth", "name": "ThriveCoin", "twitter": "thrivecoinhq", "proposalsCount": 1, "votesCount": 26, "followersCount": 119, "website": "https://www.thrivecoin.com"}, {"id": "tianshao.eth", "name": "ETH\u505a\u4efb\u52a1", "twitter": null, "proposalsCount": 4, "votesCount": 5, "followersCount": 7, "website": null}, {"id": "tiasahmed.eth", "name": "Tias AHmed", "twitter": "marufha13837300", "proposalsCount": 0, "votesCount": 0, "followersCount": 1, "website": null}, {"id": "tieao.eth", "name": "CODE007", "twitter": "CODE007_KR", "proposalsCount": 1, "votesCount": 172, "followersCount": 9, "website": null}, {"id": "tieguanyin.eth", "name": "matic bet", "twitter": null, "proposalsCount": 19, "votesCount": 419, "followersCount": 95, "website": null}, {"id": "tiewa.eth", "name": "BULLBULLBULL", "twitter": null, "proposalsCount": 3, "votesCount": 1, "followersCount": 1, "website": null}, {"id": "tigerking-eco.eth", "name": "Tiger King", "twitter": "Tiger_King_Coin", "proposalsCount": 0, "votesCount": 0, "followersCount": 3, "website": "https://tigerkingcoin.com/"}, {"id": "tih8600.eth", "name": "tih", "twitter": null, "proposalsCount": 1, "votesCount": 1, "followersCount": 1, "website": null}, {"id": "tiktokxyz.eth", "name": "999", "twitter": null, "proposalsCount": 1, "votesCount": 1, "followersCount": 1, "website": null}, {"id": "tim.umbra.eth", "name": "spaceName", "twitter": null, "proposalsCount": 1, "votesCount": 0, "followersCount": 1, "website": null}, {"id": "timbitschocolate.eth", "name": "timbits", "twitter": null, "proposalsCount": 1, "votesCount": 1, "followersCount": 0, "website": null}, {"id": "timeforever.eth", "name": "timeforever", "twitter": null, "proposalsCount": 0, "votesCount": 0, "followersCount": 1, "website": null}, {"id": "timein.eth", "name": "laser", "twitter": "lazeeeerlin", "proposalsCount": 1, "votesCount": 2, "followersCount": 3, "website": "https://twitter.com/lazeeeerlin"}, {"id": "timelyrain.eth", "name": "Timelyrain", "twitter": null, "proposalsCount": 1, "votesCount": 2, "followersCount": 1, "website": null}, {"id": "timelysnow.eth", "name": "Timelysnow", "twitter": null, "proposalsCount": 1, "votesCount": 1, "followersCount": 2, "website": null}, {"id": "timepieceapes.eth", "name": "Timepiece Ape Society ", "twitter": null, "proposalsCount": 0, "votesCount": 0, "followersCount": 0, "website": null}, {"id": "timeswapintern.eth", "name": "Time Traveler Community ", "twitter": null, "proposalsCount": 6, "votesCount": 260, "followersCount": 19, "website": null}, {"id": "timmybleer.eth", "name": "Bleer", "twitter": null, "proposalsCount": 0, "votesCount": 0, "followersCount": 0, "website": null}, {"id": "timothycuccia.eth", "name": "timo", "twitter": null, "proposalsCount": 4, "votesCount": 4, "followersCount": 3, "website": null}, {"id": "tinana.eth", "name": "tokensets", "twitter": null, "proposalsCount": 1, "votesCount": 1, "followersCount": 1, "website": null}]