[{"id": "dao-dvision.eth", "name": "Dvision Binance Test", "twitter": null, "proposalsCount": 342, "votesCount": 194, "followersCount": 9, "website": null}, {"id": "dao-lab.eth", "name": "DAO-LAB", "twitter": null, "proposalsCount": 0, "votesCount": 0, "followersCount": 2, "website": null}, {"id": "dao-lorean.eth", "name": "DAO-Lorean", "twitter": null, "proposalsCount": 0, "votesCount": 0, "followersCount": 0, "website": null}, {"id": "dao.mediamonday.eth", "name": "Media Mondays DAO", "twitter": null, "proposalsCount": 1, "votesCount": 1, "followersCount": 1, "website": "https://www.disrupt.no/media-monday-oslo"}, {"id": "dao.nukraine.eth", "name": "dao_n\u00fckraine", "twitter": null, "proposalsCount": 0, "votesCount": 0, "followersCount": 0, "website": null}, {"id": "dao01k.eth", "name": "DAO", "twitter": null, "proposalsCount": 1, "votesCount": 0, "followersCount": 0, "website": null}, {"id": "dao4life.eth", "name": "DAO4LIFE", "twitter": null, "proposalsCount": 2, "votesCount": 9, "followersCount": 1, "website": null}, {"id": "daoao.eth", "name": "future", "twitter": null, "proposalsCount": 1, "votesCount": 154, "followersCount": 0, "website": null}, {"id": "daocoalition.eth", "name": "DAO Coalition", "twitter": "daocoalition", "proposalsCount": 0, "votesCount": 0, "followersCount": 0, "website": "https://daocoalition.org"}, {"id": "daoduck.eth", "name": "Dao Duck Vault", "twitter": null, "proposalsCount": 0, "votesCount": 0, "followersCount": 0, "website": null}, {"id": "daofather.eth", "name": "Dao Father", "twitter": null, "proposalsCount": 2, "votesCount": 4, "followersCount": 1, "website": null}, {"id": "daofordao.eth", "name": "DAOforDAO", "twitter": null, "proposalsCount": 0, "votesCount": 0, "followersCount": 0, "website": null}, {"id": "daofu.eth", "name": "daofu", "twitter": null, "proposalsCount": 1, "votesCount": 3, "followersCount": 0, "website": null}, {"id": "daomu.eth", "name": "Airdropdao", "twitter": null, "proposalsCount": 1, "votesCount": 10, "followersCount": 0, "website": null}, {"id": "daonale.eth", "name": "Qunar", "twitter": null, "proposalsCount": 1, "votesCount": 7, "followersCount": 1, "website": null}, {"id": "daorchestra.eth", "name": "DAOrchestra", "twitter": null, "proposalsCount": 0, "votesCount": 0, "followersCount": 1, "website": null}, {"id": "daoreligion.eth", "name": "Religion DAO", "twitter": null, "proposalsCount": 5, "votesCount": 45, "followersCount": 11, "website": null}, {"id": "daos.boilerrat.eth", "name": "Boilerrat's Vote Testing", "twitter": null, "proposalsCount": 0, "votesCount": 0, "followersCount": 0, "website": null}, {"id": "daosallthewaydao.eth", "name": "DAO Masons", "twitter": "daomasons", "proposalsCount": 1, "votesCount": 0, "followersCount": 3, "website": "https://www.daomasons.com/"}, {"id": "daosuisse.eth", "name": "DAO Suisse", "twitter": null, "proposalsCount": 1, "votesCount": 4, "followersCount": 2, "website": "https://www.daosuisse.com/"}]