[{"id": "guanjianci.eth", "name": "flshspace", "twitter": null, "proposalsCount": 1, "votesCount": 1, "followersCount": 0, "website": null}, {"id": "guboslad.eth", "name": "Polska", "twitter": null, "proposalsCount": 1, "votesCount": 1, "followersCount": 1, "website": null}, {"id": "guccc.eth", "name": "guccc", "twitter": null, "proposalsCount": 1, "votesCount": 4, "followersCount": 1, "website": null}, {"id": "gudzyk.eth", "name": "gudzyk", "twitter": null, "proposalsCount": 1, "votesCount": 1, "followersCount": 0, "website": null}, {"id": "guildofguardiansofficial.eth", "name": "Guild Of Guardians", "twitter": "GuildofGuardian", "proposalsCount": 0, "votesCount": 0, "followersCount": 7, "website": null}, {"id": "guizhouchina.eth", "name": "guizhou", "twitter": null, "proposalsCount": 1, "votesCount": 1, "followersCount": 1, "website": null}, {"id": "guladao.eth", "name": "GULA DAO", "twitter": null, "proposalsCount": 0, "votesCount": 0, "followersCount": 2, "website": "https://www.guladao.com"}, {"id": "gulshanvats.eth", "name": "Gulshan kumar", "twitter": "gulshan98209400", "proposalsCount": 0, "votesCount": 0, "followersCount": 0, "website": "https://blockcoders.pro/"}, {"id": "guokr.eth", "name": "guokr", "twitter": null, "proposalsCount": 1, "votesCount": 150, "followersCount": 1, "website": null}, {"id": "guolili.eth", "name": "1314mile", "twitter": null, "proposalsCount": 1, "votesCount": 2, "followersCount": 0, "website": null}, {"id": "guoxiaomei.eth", "name": "taylor swift", "twitter": null, "proposalsCount": 1, "votesCount": 1, "followersCount": 0, "website": null}, {"id": "guoxiaoying.eth", "name": "maroon5", "twitter": null, "proposalsCount": 1, "votesCount": 1, "followersCount": 0, "website": null}, {"id": "gusa2121.eth", "name": "gusa", "twitter": null, "proposalsCount": 1, "votesCount": 1, "followersCount": 1, "website": null}, {"id": "guts0.eth", "name": "saeed", "twitter": "saeedso8", "proposalsCount": 0, "votesCount": 0, "followersCount": 0, "website": null}, {"id": "guzlo.eth", "name": "Guzmanov DAO", "twitter": null, "proposalsCount": 8, "votesCount": 17, "followersCount": 10, "website": null}, {"id": "gyy.eth", "name": "people", "twitter": null, "proposalsCount": 0, "votesCount": 0, "followersCount": 1, "website": null}, {"id": "h1ldcc.eth", "name": "H1LDCC.eth", "twitter": null, "proposalsCount": 4, "votesCount": 12, "followersCount": 2, "website": null}, {"id": "h2ogovernance.eth", "name": "H2O PROTOCOL", "twitter": "h2ocare_", "proposalsCount": 1, "votesCount": 2, "followersCount": 27, "website": "https://h20.care"}, {"id": "habibur0.eth", "name": "habibur", "twitter": null, "proposalsCount": 0, "votesCount": 0, "followersCount": 1, "website": null}, {"id": "hachicoindao.eth", "name": "HachiDAO", "twitter": null, "proposalsCount": 0, "votesCount": 0, "followersCount": 18, "website": "https://linktr.ee/hachieth"}]