[{"id": "status", "name": "Status.im", "twitter": null, "proposalsCount": 3, "votesCount": 73, "followersCount": 17, "website": null}, {"id": "theunitedstatesvirginislands.eth", "name": "LongAubrecht", "twitter": null, "proposalsCount": 11, "votesCount": 109, "followersCount": 23, "website": null}, {"id": "toadkens.eth", "name": "Toadkens DAO", "twitter": "toadkens", "proposalsCount": 2, "votesCount": 80, "followersCount": 61, "website": null}, {"id": "wearealmadao.eth", "name": "alma-dao", "twitter": null, "proposalsCount": 8, "votesCount": 122, "followersCount": 13, "website": null}, {"id": "nationalgeographictv.eth", "name": "ContesSolomon", "twitter": null, "proposalsCount": 11, "votesCount": 110, "followersCount": 21, "website": null}, {"id": "taodao.eth", "name": "Tao DAO", "twitter": null, "proposalsCount": 1, "votesCount": 133, "followersCount": 8, "website": null}, {"id": "poolzdao.eth", "name": "Poolz Finance ", "twitter": "Poolz__", "proposalsCount": 4, "votesCount": 100, "followersCount": 38, "website": "https://poolz.finance/"}, {"id": "arckyf", "name": "ARC KYF Voting", "twitter": null, "proposalsCount": 5, "votesCount": 135, "followersCount": 1, "website": null}, {"id": "bugcityvault.eth", "name": "BUGCITY", "twitter": "bug4city", "proposalsCount": 8, "votesCount": 119, "followersCount": 14, "website": "https://bugcity.io"}, {"id": "cosasyndao.eth", "name": "Majestic Asset Management ", "twitter": null, "proposalsCount": 16, "votesCount": 61, "followersCount": 14, "website": null}, {"id": "ebog-rinkeby", "name": "EulerBeats OG DAO", "twitter": null, "proposalsCount": 3, "votesCount": 137, "followersCount": 1, "website": null}, {"id": "firstcitymonument.eth", "name": "KernodleMervin", "twitter": null, "proposalsCount": 11, "votesCount": 110, "followersCount": 20, "website": null}, {"id": "lastslice.eth", "name": "Last Slice", "twitter": null, "proposalsCount": 9, "votesCount": 120, "followersCount": 12, "website": null}, {"id": "mojomix.eth", "name": "Mojomix DAO", "twitter": null, "proposalsCount": 7, "votesCount": 110, "followersCount": 24, "website": null}, {"id": "niftyxprotocol.eth", "name": "Niftyx Protocol", "twitter": "niftyxprotocol", "proposalsCount": 1, "votesCount": 126, "followersCount": 14, "website": null}, {"id": "portion", "name": "Portion", "twitter": null, "proposalsCount": 6, "votesCount": 49, "followersCount": 86, "website": null}, {"id": "xdefigovernance.eth", "name": "XDEFI Wallet", "twitter": "xdefi_wallet", "proposalsCount": 2, "votesCount": 92, "followersCount": 47, "website": "https://www.xdefi.io"}, {"id": "chainscore.eth", "name": "ChainScore", "twitter": "chainscorehq", "proposalsCount": 0, "votesCount": 0, "followersCount": 141, "website": null}, {"id": "cmykatz.eth", "name": "cMyKatz", "twitter": "cmykatz", "proposalsCount": 15, "votesCount": 104, "followersCount": 22, "website": null}, {"id": "collectingmeta.eth", "name": "Collecting Meta", "twitter": "collectingmeta", "proposalsCount": 4, "votesCount": 114, "followersCount": 23, "website": "http://www.collectingmeta.com"}]