[{"id": "kylereese.dcl.eth", "name": "\u5e01\u5708\u6253\u80f6\u4eba", "twitter": null, "proposalsCount": 0, "votesCount": 0, "followersCount": 1, "website": null}, {"id": "kyriu.eth", "name": "Kiryu", "twitter": null, "proposalsCount": 0, "votesCount": 0, "followersCount": 0, "website": null}, {"id": "l1ning.eth", "name": "WealthyTigerDao", "twitter": "sifuentes_dona", "proposalsCount": 3, "votesCount": 25, "followersCount": 96, "website": null}, {"id": "l2heaven.eth", "name": "The future", "twitter": null, "proposalsCount": 0, "votesCount": 0, "followersCount": 1, "website": null}, {"id": "l2pay.eth", "name": "miraidao", "twitter": null, "proposalsCount": 1, "votesCount": 361, "followersCount": 4, "website": null}, {"id": "labsgov.eth", "name": "LabsDAO", "twitter": null, "proposalsCount": 6, "votesCount": 9, "followersCount": 4, "website": null}, {"id": "lafitelover.eth", "name": "Ughur People", "twitter": null, "proposalsCount": 1, "votesCount": 1, "followersCount": 1, "website": null}, {"id": "lafrenchconnection.eth", "name": "The French Connection DAO", "twitter": "FrenchHarmony", "proposalsCount": 2, "votesCount": 20, "followersCount": 4, "website": null}, {"id": "lakaninteractive.eth", "name": "Lakan Interactive", "twitter": null, "proposalsCount": 0, "votesCount": 0, "followersCount": 1, "website": null}, {"id": "lalal.eth", "name": "lalal", "twitter": null, "proposalsCount": 1, "votesCount": 1, "followersCount": 0, "website": null}, {"id": "lalallan.eth", "name": "lannew", "twitter": null, "proposalsCount": 36, "votesCount": 50, "followersCount": 15, "website": null}, {"id": "laluong.eth", "name": "laluong", "twitter": "laluong08111", "proposalsCount": 0, "votesCount": 0, "followersCount": 0, "website": null}, {"id": "lambdadao.eth", "name": "rabbithole", "twitter": null, "proposalsCount": 7, "votesCount": 129, "followersCount": 110, "website": null}, {"id": "lambrusko.eth", "name": "Lambrusko3", "twitter": null, "proposalsCount": 0, "votesCount": 0, "followersCount": 0, "website": null}, {"id": "lamhhhh.eth", "name": "titandao-test", "twitter": null, "proposalsCount": 0, "votesCount": 0, "followersCount": 4, "website": null}, {"id": "lamir.eth", "name": "gm", "twitter": null, "proposalsCount": 0, "votesCount": 0, "followersCount": 1, "website": null}, {"id": "lamtrang.eth", "name": "lam trang", "twitter": null, "proposalsCount": 0, "votesCount": 0, "followersCount": 2, "website": null}, {"id": "lancom.eth", "name": "SpacemanNFTsc", "twitter": null, "proposalsCount": 67, "votesCount": 219, "followersCount": 22, "website": null}, {"id": "language-dao.eth", "name": "LanguageDAO", "twitter": "LanguageDAO", "proposalsCount": 3, "votesCount": 224, "followersCount": 36, "website": "https://languagedao.com/"}, {"id": "laobanshuo.eth", "name": "qswdcs", "twitter": null, "proposalsCount": 2, "votesCount": 2, "followersCount": 0, "website": null}]