[{"id": "0xbetta.eth", "name": "Betta Guild", "twitter": null, "proposalsCount": 0, "votesCount": 0, "followersCount": 0, "website": null}, {"id": "0xbhagat.eth", "name": "bhagat", "twitter": "Bhagat281", "proposalsCount": 5, "votesCount": 10, "followersCount": 5, "website": null}, {"id": "0xbitrider.eth", "name": "Vote a rabbithole Proposal ", "twitter": null, "proposalsCount": 1, "votesCount": 0, "followersCount": 1, "website": null}, {"id": "0xblueeye.eth", "name": "Blueeye Dao", "twitter": null, "proposalsCount": 1, "votesCount": 1, "followersCount": 7, "website": null}, {"id": "0xbnf.eth", "name": "B.N.F", "twitter": null, "proposalsCount": 1, "votesCount": 1, "followersCount": 2, "website": null}, {"id": "0xbode.eth", "name": "omi", "twitter": "notdegenfr", "proposalsCount": 0, "votesCount": 0, "followersCount": 1, "website": null}, {"id": "0xboyu.eth", "name": "Ordinals for ETH", "twitter": "Lauren79190869", "proposalsCount": 1, "votesCount": 2, "followersCount": 0, "website": null}, {"id": "0xbubu.eth", "name": "Bubu Society", "twitter": null, "proposalsCount": 1, "votesCount": 2, "followersCount": 2, "website": null}, {"id": "0xbuffett.eth", "name": "0xbuffett", "twitter": null, "proposalsCount": 4, "votesCount": 13, "followersCount": 2, "website": null}, {"id": "0xbuidlerdao.eth", "name": "BuidlerDAO", "twitter": "BuidlerDAO", "proposalsCount": 3, "votesCount": 24, "followersCount": 17, "website": "https://linktr.ee/buidlerdao"}, {"id": "0xbvlgari.eth", "name": "Bvlgari", "twitter": null, "proposalsCount": 1, "votesCount": 1, "followersCount": 1, "website": null}, {"id": "0xcardinal.eth", "name": "0xcardinal", "twitter": null, "proposalsCount": 2, "votesCount": 2, "followersCount": 2, "website": null}, {"id": "0xcatti.eth", "name": "NameDAO Test", "twitter": null, "proposalsCount": 2, "votesCount": 2, "followersCount": 2, "website": null}, {"id": "0xchen123.eth", "name": "0xchen123", "twitter": null, "proposalsCount": 4, "votesCount": 1079, "followersCount": 3, "website": null}, {"id": "0xchenhu.eth", "name": "0xchenhu", "twitter": null, "proposalsCount": 5, "votesCount": 1082, "followersCount": 4, "website": null}, {"id": "0xchenl.eth", "name": "0xchenl", "twitter": null, "proposalsCount": 4, "votesCount": 10, "followersCount": 3, "website": null}, {"id": "0xchenliang.eth", "name": "0xchenliang", "twitter": null, "proposalsCount": 4, "votesCount": 1079, "followersCount": 3, "website": null}, {"id": "0xcloudcity.eth", "name": "Cloud City", "twitter": null, "proposalsCount": 0, "votesCount": 0, "followersCount": 2, "website": null}, {"id": "0xcryptojeff.eth", "name": "CryptoNativeDAO", "twitter": null, "proposalsCount": 1, "votesCount": 5, "followersCount": 5, "website": null}, {"id": "0xcyberbunny.eth", "name": "cyberbunny", "twitter": null, "proposalsCount": 4, "votesCount": 9, "followersCount": 3, "website": null}]