[{"id": "battlespecies.eth", "name": "BattleSpecies Community", "twitter": "battlespecies", "proposalsCount": 1, "votesCount": 3, "followersCount": 5, "website": "https://www.battlespecies.net"}, {"id": "beehouse.eth", "name": "Torum", "twitter": null, "proposalsCount": 1, "votesCount": 2, "followersCount": 6, "website": null}, {"id": "beetsdaotest.eth", "name": "WEENUS", "twitter": null, "proposalsCount": 1, "votesCount": 2, "followersCount": 6, "website": null}, {"id": "biggdigitalassets.eth", "name": "biggdigitalassets", "twitter": null, "proposalsCount": 2, "votesCount": 4, "followersCount": 3, "website": null}, {"id": "bj886.eth", "name": "ere", "twitter": null, "proposalsCount": 2, "votesCount": 4, "followersCount": 3, "website": "https://twitter.com/TaraTayLee"}, {"id": "blkvip.eth", "name": "BLK NFT ", "twitter": "VIP_BLK", "proposalsCount": 0, "votesCount": 0, "followersCount": 9, "website": null}, {"id": "blocksworkz.xyz", "name": "BlocksWorkz", "twitter": "blocksworkz", "proposalsCount": 0, "votesCount": 0, "followersCount": 9, "website": "https://blocksworkz.xyz"}, {"id": "blxpr.eth", "name": "BAL x PRIME", "twitter": "primedao_", "proposalsCount": 1, "votesCount": 0, "followersCount": 8, "website": null}, {"id": "boooncelll.eth", "name": "Koperasi Crypto", "twitter": "boooncelll", "proposalsCount": 1, "votesCount": 4, "followersCount": 4, "website": null}, {"id": "brincha.eth", "name": "Stitch", "twitter": null, "proposalsCount": 0, "votesCount": 0, "followersCount": 9, "website": null}, {"id": "buche.eth", "name": "Buche", "twitter": null, "proposalsCount": 3, "votesCount": 3, "followersCount": 3, "website": null}, {"id": "burninglabs.eth", "name": "Burninglabs", "twitter": null, "proposalsCount": 3, "votesCount": 0, "followersCount": 6, "website": null}, {"id": "c60guild.eth", "name": "C60Guild", "twitter": null, "proposalsCount": 1, "votesCount": 5, "followersCount": 3, "website": null}, {"id": "celletf.eth", "name": "CellETF", "twitter": "CellETF_DeFi", "proposalsCount": 0, "votesCount": 0, "followersCount": 9, "website": null}, {"id": "champagneswap.eth", "name": "ChampagneSwap", "twitter": "champagnedefi", "proposalsCount": 0, "votesCount": 0, "followersCount": 9, "website": null}, {"id": "chimpyswap.eth", "name": "ChimpySwap", "twitter": "ChimpySwap", "proposalsCount": 0, "votesCount": 0, "followersCount": 9, "website": null}, {"id": "citrusfinance.eth", "name": "Citrus Finance", "twitter": null, "proposalsCount": 5, "votesCount": 3, "followersCount": 1, "website": null}, {"id": "clapfinance.eth", "name": "clap.finance", "twitter": null, "proposalsCount": 1, "votesCount": 6, "followersCount": 2, "website": null}, {"id": "clashx.eth", "name": "clashx", "twitter": null, "proposalsCount": 4, "votesCount": 0, "followersCount": 5, "website": null}, {"id": "cloudclub.eth", "name": "CloudClub", "twitter": null, "proposalsCount": 1, "votesCount": 2, "followersCount": 6, "website": null}]