[{"id": "saltbread.eth", "name": "saltbread", "twitter": null, "proposalsCount": 1, "votesCount": 2, "followersCount": 1, "website": null}, {"id": "sam5615.eth", "name": "sam5615.eth", "twitter": null, "proposalsCount": 1, "votesCount": 160, "followersCount": 7, "website": null}, {"id": "samaa97.eth", "name": "samaa97.eth", "twitter": "saman97sk", "proposalsCount": 0, "votesCount": 0, "followersCount": 0, "website": null}, {"id": "samaharali.eth", "name": "TEST", "twitter": null, "proposalsCount": 2, "votesCount": 2, "followersCount": 0, "website": null}, {"id": "sammyeye.eth", "name": "yeyeye of Sammy chat", "twitter": null, "proposalsCount": 2, "votesCount": 11, "followersCount": 10, "website": null}, {"id": "samuel.dcl.eth", "name": "TESTSSS", "twitter": null, "proposalsCount": 0, "votesCount": 0, "followersCount": 1, "website": null}, {"id": "samwitty.eth", "name": "SamWitty", "twitter": null, "proposalsCount": 0, "votesCount": 0, "followersCount": 0, "website": null}, {"id": "sandsea.eth", "name": "pipidao", "twitter": null, "proposalsCount": 2, "votesCount": 28, "followersCount": 14, "website": null}, {"id": "sanei.eth", "name": "Exchange vote", "twitter": null, "proposalsCount": 1, "votesCount": 6, "followersCount": 6, "website": null}, {"id": "sangram.eth", "name": "iamsangram7", "twitter": "iamsangram7", "proposalsCount": 1, "votesCount": 5, "followersCount": 1, "website": null}, {"id": "sanshao.eth", "name": "Happy Family", "twitter": null, "proposalsCount": 2, "votesCount": 212, "followersCount": 248, "website": null}, {"id": "sanyabay.eth", "name": "NYS", "twitter": "YiY11280047", "proposalsCount": 2, "votesCount": 5, "followersCount": 1, "website": "https://twitter.com/YiY11280047"}, {"id": "sarah8.eth", "name": "Sarah", "twitter": "shahuang15", "proposalsCount": 26, "votesCount": 178, "followersCount": 31, "website": null}, {"id": "saraya.eth", "name": "Rinkspace", "twitter": null, "proposalsCount": 1, "votesCount": 0, "followersCount": 0, "website": null}, {"id": "sardar.sallar.eth", "name": "sallar", "twitter": null, "proposalsCount": 0, "votesCount": 0, "followersCount": 1, "website": null}, {"id": "sarge.sargesmith.eth", "name": "Sarge's Network", "twitter": "ShittuIsraelOl2", "proposalsCount": 1, "votesCount": 0, "followersCount": 0, "website": null}, {"id": "sarino.eth", "name": "sarina", "twitter": "sarinoeth", "proposalsCount": 0, "votesCount": 0, "followersCount": 0, "website": "https://www.sarinoeth.com"}, {"id": "sasanjam.eth", "name": "for test", "twitter": null, "proposalsCount": 1, "votesCount": 1, "followersCount": 1, "website": null}, {"id": "sashacoco.eth", "name": "sashacoco DAO", "twitter": null, "proposalsCount": 1, "votesCount": 1, "followersCount": 1, "website": null}, {"id": "sashka2253.eth", "name": "sashka2253", "twitter": null, "proposalsCount": 1, "votesCount": 2, "followersCount": 1, "website": null}]