[{"id": "eiba8884.eth", "name": "eiba", "twitter": null, "proposalsCount": 4, "votesCount": 0, "followersCount": 3, "website": null}, {"id": "end-game.eth", "name": "nanokid space", "twitter": null, "proposalsCount": 1, "votesCount": 2, "followersCount": 4, "website": null}, {"id": "esbol.eth", "name": "TURKEY HELP", "twitter": null, "proposalsCount": 0, "votesCount": 0, "followersCount": 7, "website": null}, {"id": "eth66.eth", "name": "dao123", "twitter": null, "proposalsCount": 1, "votesCount": 3, "followersCount": 3, "website": null}, {"id": "eth88.eth", "name": "lay2.0", "twitter": null, "proposalsCount": 1, "votesCount": 4, "followersCount": 2, "website": null}, {"id": "exfuturodao.eth", "name": "EX FUTURO DAO", "twitter": "EXFuturoDAO", "proposalsCount": 0, "votesCount": 0, "followersCount": 7, "website": "https://fromthefuturewecome.io/"}, {"id": "fadedfate.eth", "name": "Magic Girls", "twitter": "liuhaha5308848", "proposalsCount": 2, "votesCount": 1, "followersCount": 4, "website": null}, {"id": "farhadiom.eth", "name": "felos", "twitter": null, "proposalsCount": 3, "votesCount": 2, "followersCount": 2, "website": "https://www.tabnak.com"}, {"id": "fartoken.eth", "name": "FarSwap", "twitter": "farswap_defi", "proposalsCount": 0, "votesCount": 0, "followersCount": 7, "website": null}, {"id": "ffie.eth", "name": "FFIE", "twitter": null, "proposalsCount": 1, "votesCount": 1, "followersCount": 5, "website": null}, {"id": "flazedude.eth", "name": "Test Proposal", "twitter": null, "proposalsCount": 2, "votesCount": 0, "followersCount": 5, "website": "https://www.google.com"}, {"id": "fucksendme.eth", "name": "CRYPTOWER DAO", "twitter": "sabcoin", "proposalsCount": 2, "votesCount": 1, "followersCount": 4, "website": "https://link3.to/sabosscoin"}, {"id": "gbrave.eth", "name": "brave8", "twitter": null, "proposalsCount": 2, "votesCount": 3, "followersCount": 2, "website": null}, {"id": "getsalty.eth", "name": "minima", "twitter": null, "proposalsCount": 1, "votesCount": 1, "followersCount": 5, "website": null}, {"id": "givingweek.eth", "name": "Giving Week ", "twitter": null, "proposalsCount": 1, "votesCount": 1, "followersCount": 5, "website": null}, {"id": "gmnigeria.eth", "name": "GMNIGERIA DAO", "twitter": null, "proposalsCount": 2, "votesCount": 1, "followersCount": 4, "website": "https://www.techpidgin.com"}, {"id": "governance.duckheadz.eth", "name": "Duckheadz ", "twitter": "duckheadzNFT", "proposalsCount": 1, "votesCount": 5, "followersCount": 1, "website": "https://www.cc0headz.com/"}, {"id": "grafx.eth", "name": "superfrens", "twitter": null, "proposalsCount": 2, "votesCount": 0, "followersCount": 5, "website": null}, {"id": "gurucollective.eth", "name": "Guru Collective", "twitter": "gurucollective_", "proposalsCount": 0, "votesCount": 0, "followersCount": 7, "website": "https://gurucollective.xyz"}, {"id": "hansamann.eth", "name": "Bier um Vier", "twitter": null, "proposalsCount": 1, "votesCount": 5, "followersCount": 1, "website": null}]