[{"id": "0xhawking.eth", "name": "Hawking", "twitter": null, "proposalsCount": 1, "votesCount": 1, "followersCount": 1, "website": null}, {"id": "0xhilton.eth", "name": "Hilton", "twitter": null, "proposalsCount": 2, "votesCount": 10, "followersCount": 7, "website": null}, {"id": "0xhoseyn.eth", "name": "hoseyn", "twitter": null, "proposalsCount": 1, "votesCount": 1, "followersCount": 0, "website": null}, {"id": "0xhuxueli.eth", "name": "0xhuxueli", "twitter": null, "proposalsCount": 5, "votesCount": 1086, "followersCount": 3, "website": null}, {"id": "0xhyundai.eth", "name": "Hyundai", "twitter": null, "proposalsCount": 2, "votesCount": 2, "followersCount": 2, "website": null}, {"id": "0ximax.eth", "name": "Imax", "twitter": null, "proposalsCount": 1, "votesCount": 1, "followersCount": 1, "website": null}, {"id": "0xjolin.eth", "name": "0xDAO", "twitter": null, "proposalsCount": 2, "votesCount": 7, "followersCount": 3, "website": null}, {"id": "0xjumpman.eth", "name": "korean degens", "twitter": "0xjumpman", "proposalsCount": 1, "votesCount": 3, "followersCount": 1, "website": null}, {"id": "0xkaci.eth", "name": "kaci", "twitter": null, "proposalsCount": 15, "votesCount": 73, "followersCount": 32, "website": null}, {"id": "0xkrishnaa.eth", "name": "Communiti", "twitter": null, "proposalsCount": 1, "votesCount": 0, "followersCount": 0, "website": null}, {"id": "0xlamps.eth", "name": "roberto", "twitter": null, "proposalsCount": 1, "votesCount": 1, "followersCount": 1, "website": null}, {"id": "0xlindsey.eth", "name": "this is it", "twitter": null, "proposalsCount": 0, "votesCount": 0, "followersCount": 0, "website": null}, {"id": "0xling.eth", "name": "0xling", "twitter": null, "proposalsCount": 4, "votesCount": 10, "followersCount": 3, "website": null}, {"id": "0xmachine.eth", "name": "0xAI DAO", "twitter": "theinvasionwtf", "proposalsCount": 0, "votesCount": 0, "followersCount": 1, "website": "https://www.theinvasion.wtf"}, {"id": "0xmaia.eth", "name": "test", "twitter": "", "proposalsCount": 0, "votesCount": 0, "followersCount": 1, "website": null}, {"id": "0xmalt.eth", "name": "0xmalt", "twitter": null, "proposalsCount": 2, "votesCount": 335, "followersCount": 12, "website": null}, {"id": "0xmaserati.eth", "name": "Maserati", "twitter": null, "proposalsCount": 1, "votesCount": 1, "followersCount": 1, "website": null}, {"id": "0xmassdao.eth", "name": "massDAO Governance", "twitter": null, "proposalsCount": 1, "votesCount": 249, "followersCount": 3, "website": null}, {"id": "0xmina.eth", "name": "Utopia", "twitter": null, "proposalsCount": 1, "votesCount": 18, "followersCount": 17, "website": null}, {"id": "0xmottainai.eth", "name": "finlands", "twitter": null, "proposalsCount": 1, "votesCount": 1, "followersCount": 0, "website": null}]