[{"id": "jetswap-finance.eth", "name": "JetSwap", "twitter": "Jetfuelfinance", "proposalsCount": 0, "votesCount": 0, "followersCount": 9, "website": null}, {"id": "jiajue.eth", "name": "JadeDAO", "twitter": null, "proposalsCount": 4, "votesCount": 4, "followersCount": 1, "website": null}, {"id": "jianliwu.eth", "name": "wujianli", "twitter": null, "proposalsCount": 1, "votesCount": 8, "followersCount": 0, "website": null}, {"id": "jiuxi0.eth", "name": "jiuxi", "twitter": null, "proposalsCount": 4, "votesCount": 4, "followersCount": 1, "website": null}, {"id": "librty.eth", "name": "Librty Network ", "twitter": "librtynetwork", "proposalsCount": 1, "votesCount": 4, "followersCount": 4, "website": "https://librty.xyz/"}, {"id": "linxiaxia.eth", "name": "Aidoge", "twitter": null, "proposalsCount": 1, "votesCount": 4, "followersCount": 4, "website": null}, {"id": "lixian.eth", "name": "Rocket Pool Fans", "twitter": null, "proposalsCount": 0, "votesCount": 0, "followersCount": 9, "website": null}, {"id": "lkjhgf.eth", "name": "ask", "twitter": null, "proposalsCount": 1, "votesCount": 0, "followersCount": 8, "website": null}, {"id": "longnft.eth", "name": "susitext", "twitter": null, "proposalsCount": 1, "votesCount": 6, "followersCount": 2, "website": null}, {"id": "mainstorm.eth", "name": "Degenz", "twitter": null, "proposalsCount": 1, "votesCount": 4, "followersCount": 4, "website": null}, {"id": "matches.eth", "name": "Test 10/6", "twitter": null, "proposalsCount": 1, "votesCount": 3, "followersCount": 5, "website": null}, {"id": "mate50x.eth", "name": "mate50x", "twitter": null, "proposalsCount": 0, "votesCount": 0, "followersCount": 9, "website": null}, {"id": "meowbored.eth", "name": "meowbored", "twitter": "fataalbar24", "proposalsCount": 3, "votesCount": 2, "followersCount": 4, "website": "https://github.com/meowbored"}, {"id": "metaphoenix.eth", "name": "metaphoenix", "twitter": null, "proposalsCount": 2, "votesCount": 4, "followersCount": 3, "website": null}, {"id": "metaverseweb.eth", "name": "beta finance", "twitter": "", "proposalsCount": 4, "votesCount": 1, "followersCount": 4, "website": null}, {"id": "migbusiness.eth", "name": "DAO AMIGOZ", "twitter": null, "proposalsCount": 3, "votesCount": 6, "followersCount": 0, "website": null}, {"id": "miuradonuts.eth", "name": "One DONUTS", "twitter": "WinstonDreamer", "proposalsCount": 1, "votesCount": 7, "followersCount": 1, "website": "https://miuradonuts.com/"}, {"id": "mmdao.eth", "name": "MMDAO", "twitter": null, "proposalsCount": 3, "votesCount": 1, "followersCount": 5, "website": null}, {"id": "moongotchi.eth", "name": "Moon Testing", "twitter": null, "proposalsCount": 6, "votesCount": 0, "followersCount": 3, "website": null}, {"id": "mrv101.eth", "name": "Mrv101", "twitter": null, "proposalsCount": 1, "votesCount": 4, "followersCount": 4, "website": null}]