[{"id": "jeffgu.eth", "name": "test", "twitter": null, "proposalsCount": 2, "votesCount": 2, "followersCount": 1, "website": null}, {"id": "jfrost.eth", "name": "Jack Frost Area 51 Space Pass", "twitter": "NftFrost", "proposalsCount": 1, "votesCount": 2, "followersCount": 2, "website": "https://spacepass.io/"}, {"id": "jokerwong.eth", "name": "Joker DAO", "twitter": null, "proposalsCount": 4, "votesCount": 0, "followersCount": 1, "website": null}, {"id": "junjiehuang.eth", "name": "Junjie's DAO", "twitter": null, "proposalsCount": 1, "votesCount": 2, "followersCount": 2, "website": null}, {"id": "jusbxhsbxhsbx.eth", "name": "test", "twitter": null, "proposalsCount": 2, "votesCount": 2, "followersCount": 1, "website": null}, {"id": "jusdao.eth", "name": "\u8eca\u5eabWeb3", "twitter": "garageweb3", "proposalsCount": 0, "votesCount": 0, "followersCount": 5, "website": "https://juicebox.money/v2/p/462"}, {"id": "justalittlebit.eth", "name": "JALB DAO", "twitter": null, "proposalsCount": 1, "votesCount": 4, "followersCount": 0, "website": null}, {"id": "justbricksdao.eth", "name": "JustBricks DAO", "twitter": "justbricksNFT", "proposalsCount": 1, "votesCount": 0, "followersCount": 4, "website": null}, {"id": "kaijukingz.eth", "name": "Kaiju Kingz", "twitter": "KaijuKingz", "proposalsCount": 0, "votesCount": 0, "followersCount": 5, "website": null}, {"id": "kaizoku.eth", "name": "DEMO-KZK", "twitter": null, "proposalsCount": 1, "votesCount": 0, "followersCount": 4, "website": null}, {"id": "karachay.eth", "name": "ericlo", "twitter": null, "proposalsCount": 1, "votesCount": 2, "followersCount": 2, "website": null}, {"id": "kargainworld.eth", "name": "Kargain\ud83e\ude90World", "twitter": "KargainWorld", "proposalsCount": 1, "votesCount": 0, "followersCount": 4, "website": null}, {"id": "kbkbk.eth", "name": "zzg", "twitter": null, "proposalsCount": 1, "votesCount": 4, "followersCount": 0, "website": null}, {"id": "kefir4life.eth", "name": "kefir4life", "twitter": null, "proposalsCount": 1, "votesCount": 1, "followersCount": 3, "website": null}, {"id": "kepler.subquerynetwork.eth", "name": "Kepler Network", "twitter": "SubQueryNetwor", "proposalsCount": 0, "votesCount": 0, "followersCount": 5, "website": "https://kepler.subquery.network/"}, {"id": "kirodao.eth", "name": "KiroDAO", "twitter": null, "proposalsCount": 2, "votesCount": 1, "followersCount": 2, "website": null}, {"id": "kkvae.eth", "name": "kkvae", "twitter": null, "proposalsCount": 2, "votesCount": 2, "followersCount": 1, "website": null}, {"id": "kobzar.eth", "name": "TokenshiftDAO", "twitter": null, "proposalsCount": 1, "votesCount": 2, "followersCount": 2, "website": "https://tokenshift.io"}, {"id": "konamii.eth", "name": "Konammii", "twitter": null, "proposalsCount": 2, "votesCount": 2, "followersCount": 1, "website": null}, {"id": "krabbypatties.eth", "name": "daotest", "twitter": null, "proposalsCount": 1, "votesCount": 2, "followersCount": 2, "website": null}]