[{"id": "incubdao.eth", "name": "Incubator DAO", "twitter": null, "proposalsCount": 1, "votesCount": 19, "followersCount": 3, "website": null}, {"id": "jellyprotocol.eth", "name": "Jelly DAO", "twitter": "jellyprotocol", "proposalsCount": 1, "votesCount": 3, "followersCount": 19, "website": "https://www.jelly.io/"}, {"id": "mate60x.eth", "name": "mate60x", "twitter": null, "proposalsCount": 0, "votesCount": 0, "followersCount": 23, "website": null}, {"id": "metaversedaobank.eth", "name": "Metaverse DAO", "twitter": "MetaVerseDA0", "proposalsCount": 1, "votesCount": 5, "followersCount": 17, "website": null}, {"id": "minawallet.eth", "name": "minawallet", "twitter": "", "proposalsCount": 2, "votesCount": 2, "followersCount": 19, "website": null}, {"id": "outoftheashes.eth", "name": "Out of the Ashes", "twitter": "dao_oota", "proposalsCount": 5, "votesCount": 14, "followersCount": 4, "website": null}, {"id": "pensiontoken.eth", "name": "Pension Token", "twitter": "pensiontoken", "proposalsCount": 1, "votesCount": 16, "followersCount": 6, "website": "https://pension.financial"}, {"id": "pixelinc.eth", "name": "Pixel Inc", "twitter": "Boring_Crypto", "proposalsCount": 1, "votesCount": 21, "followersCount": 1, "website": null}, {"id": "radxu.eth", "name": "Radxu Foundation", "twitter": "RadxuFoundation", "proposalsCount": 1, "votesCount": 16, "followersCount": 6, "website": "https://www.radxu.org/"}, {"id": "rescueinuvote.eth", "name": "Rescue INU - Community Portal", "twitter": "rescueinutoken", "proposalsCount": 3, "votesCount": 19, "followersCount": 1, "website": "https://rescueinu.org"}, {"id": "shardingdao.eth", "name": "ShardingDAO", "twitter": null, "proposalsCount": 7, "votesCount": 14, "followersCount": 2, "website": null}, {"id": "solanachain.eth", "name": "solanachain", "twitter": null, "proposalsCount": 1, "votesCount": 20, "followersCount": 2, "website": null}, {"id": "sparkr.eth", "name": "SPARKR DAO", "twitter": "SparkrDAO", "proposalsCount": 3, "votesCount": 16, "followersCount": 4, "website": null}, {"id": "tokenpocketwallet.eth", "name": "Tpunks", "twitter": null, "proposalsCount": 13, "votesCount": 4, "followersCount": 6, "website": null}, {"id": "wsbcoin.eth", "name": "WSB Coin", "twitter": "WSBCoinOfficial", "proposalsCount": 0, "votesCount": 0, "followersCount": 23, "website": "https://wsbcoin.org"}, {"id": "0x9527.eth", "name": "YCC DAO", "twitter": "", "proposalsCount": 3, "votesCount": 5, "followersCount": 15, "website": null}, {"id": "ariesswap.eth", "name": "AriesSwap", "twitter": "AriesSwap", "proposalsCount": 4, "votesCount": 11, "followersCount": 8, "website": "https://ariesswap.xyz/"}, {"id": "bitcoinbay.eth", "name": "Bitcoin Bay", "twitter": null, "proposalsCount": 5, "votesCount": 12, "followersCount": 6, "website": null}, {"id": "cfwan.eth", "name": "cfwandao", "twitter": null, "proposalsCount": 6, "votesCount": 12, "followersCount": 5, "website": null}, {"id": "cryptonerds.eth", "name": "CryptoNerds DAO", "twitter": "crypt0nerds", "proposalsCount": 9, "votesCount": 12, "followersCount": 2, "website": null}]