[{"id": "zchat.eth", "name": "cfxfc", "twitter": null, "proposalsCount": 12, "votesCount": 172, "followersCount": 5, "website": null}, {"id": "zdao-sky.eth", "name": "zDAO SKY Tester", "twitter": null, "proposalsCount": 71, "votesCount": 69, "followersCount": 10, "website": null}, {"id": "zdao721test.eth", "name": "zDAO 721 Test", "twitter": null, "proposalsCount": 25, "votesCount": 16, "followersCount": 1, "website": null}, {"id": "zdaocrypto.eth", "name": "VenturesDAO", "twitter": null, "proposalsCount": 3, "votesCount": 163, "followersCount": 1, "website": null}, {"id": "zebecpay.eth", "name": "new day", "twitter": null, "proposalsCount": 2, "votesCount": 2, "followersCount": 3, "website": null}, {"id": "zecreyprotocol.eth", "name": "Zecrey", "twitter": "zecreyprotocol", "proposalsCount": 4, "votesCount": 1103, "followersCount": 368, "website": "https://zecrey.com/"}, {"id": "zecro.eth", "name": "Zecro", "twitter": null, "proposalsCount": 0, "votesCount": 0, "followersCount": 0, "website": null}, {"id": "zedruntoken.eth", "name": "ZED Token", "twitter": null, "proposalsCount": 1, "votesCount": 1, "followersCount": 1, "website": null}, {"id": "zeekaypunks.eth", "name": "ZeeKay Punks", "twitter": null, "proposalsCount": 0, "votesCount": 0, "followersCount": 1, "website": null}, {"id": "zegan.eth", "name": "zegan", "twitter": null, "proposalsCount": 1, "votesCount": 1, "followersCount": 1, "website": null}, {"id": "zeldala.eth", "name": "Firefly", "twitter": null, "proposalsCount": 1, "votesCount": 1, "followersCount": 1, "website": null}, {"id": "zendoo.eth", "name": "shen", "twitter": null, "proposalsCount": 1, "votesCount": 1, "followersCount": 1, "website": null}, {"id": "zeng5.eth", "name": "Da Dao", "twitter": "TienTaoBao1", "proposalsCount": 2, "votesCount": 4, "followersCount": 4, "website": "https://www.fvcuuorui.com"}, {"id": "zero2dao.eth", "name": "zero2dao", "twitter": "zero2daoApp", "proposalsCount": 0, "votesCount": 0, "followersCount": 1, "website": "https://zero2dao.com/"}, {"id": "zerobyte.eth", "name": "Zerobyte", "twitter": null, "proposalsCount": 1, "votesCount": 232, "followersCount": 1, "website": null}, {"id": "zeugh.eth", "name": "Zeugh", "twitter": null, "proposalsCount": 0, "votesCount": 0, "followersCount": 0, "website": null}, {"id": "zeusdao.eth", "name": "Baby club", "twitter": "leafye", "proposalsCount": 1, "votesCount": 4, "followersCount": 0, "website": null}, {"id": "zeusminingpartners.eth", "name": "Zeus Mining Partners", "twitter": null, "proposalsCount": 0, "votesCount": 0, "followersCount": 1, "website": null}, {"id": "zexez.eth", "name": "zexez", "twitter": null, "proposalsCount": 0, "votesCount": 0, "followersCount": 1, "website": null}, {"id": "zhangce.eth", "name": "zhangce", "twitter": null, "proposalsCount": 0, "votesCount": 0, "followersCount": 1, "website": null}]