[{"id": "richquack.eth", "name": "RichQUACK.com", "twitter": "richquack", "proposalsCount": 2, "votesCount": 90, "followersCount": 8, "website": "https://www.RichQuack.com"}, {"id": "rootkitfinance.eth", "name": "Rootkit Finance", "twitter": null, "proposalsCount": 11, "votesCount": 88, "followersCount": 1, "website": null}, {"id": "whatisbtc.eth", "name": "whatisbtc.eth", "twitter": null, "proposalsCount": 3, "votesCount": 86, "followersCount": 11, "website": null}, {"id": "popopopopopo.eth", "name": "popopopopopo", "twitter": "P0PO_P0PO", "proposalsCount": 1, "votesCount": 93, "followersCount": 5, "website": null}, {"id": "seedifyfund.eth", "name": "Seedify.fund", "twitter": null, "proposalsCount": 51, "votesCount": 33, "followersCount": 15, "website": null}, {"id": "64gua.eth", "name": "64gua", "twitter": null, "proposalsCount": 1, "votesCount": 41, "followersCount": 57, "website": null}, {"id": "99811.eth", "name": "BujiDAO", "twitter": null, "proposalsCount": 33, "votesCount": 59, "followersCount": 7, "website": "http://bujidao.io"}, {"id": "bsc.hyperjumpdao.eth", "name": "HyperJump - BSC", "twitter": "HyperJumpBSC", "proposalsCount": 4, "votesCount": 83, "followersCount": 12, "website": null}, {"id": "diosfinance.eth", "name": "Dios Finance", "twitter": "DiosFinance", "proposalsCount": 2, "votesCount": 84, "followersCount": 13, "website": null}, {"id": "klt.eth", "name": "KLend", "twitter": "oklend", "proposalsCount": 10, "votesCount": 76, "followersCount": 13, "website": null}, {"id": "litfam.eth", "name": "LitCoin", "twitter": "LitcoinHQ", "proposalsCount": 2, "votesCount": 53, "followersCount": 44, "website": null}, {"id": "mistel.eth", "name": "Mistel Finance", "twitter": "mistel_fi", "proposalsCount": 2, "votesCount": 90, "followersCount": 7, "website": null}, {"id": "mugengovernance.eth", "name": "Mugen Finance", "twitter": "MugenFinance", "proposalsCount": 1, "votesCount": 6, "followersCount": 92, "website": "https://www.mugenfinance.com"}, {"id": "pegasusdao.eth", "name": "PegasusDAO", "twitter": "pegasusdaofi", "proposalsCount": 3, "votesCount": 73, "followersCount": 23, "website": null}, {"id": "strawberrycow.eth", "name": "Strawberry Milk Club", "twitter": "pinkcownft", "proposalsCount": 3, "votesCount": 61, "followersCount": 35, "website": "https://twitter.com/pinkcownft"}, {"id": "tajigen.eth", "name": "Citizens of Tajigen", "twitter": "0xTajigen", "proposalsCount": 1, "votesCount": 89, "followersCount": 9, "website": "https://tajigen.xyz"}, {"id": "thedaoist.eth", "name": "The DAOist's Dawn ", "twitter": "TheDAOist_", "proposalsCount": 14, "votesCount": 47, "followersCount": 38, "website": null}, {"id": "ycggo.eth", "name": "FreeDao", "twitter": null, "proposalsCount": 20, "votesCount": 4, "followersCount": 25, "website": null}, {"id": "0xbebf.eth", "name": "\u4ecc DAO", "twitter": "SoymilkPass", "proposalsCount": 5, "votesCount": 65, "followersCount": 28, "website": "https://opensea.io/zh-CN/collection/soymilk-pass"}, {"id": "brahmachads.eth", "name": "Brahma Chads", "twitter": null, "proposalsCount": 1, "votesCount": 80, "followersCount": 17, "website": null}]