[{"id": "lasercatspace.eth", "name": "Lasercat", "twitter": null, "proposalsCount": 1, "votesCount": 60, "followersCount": 7, "website": "https://lasercat.co/"}, {"id": "oddworx.eth", "name": "Oddworx DAO", "twitter": "GenzeeNFTs", "proposalsCount": 1, "votesCount": 57, "followersCount": 10, "website": "https://genzeenfts.com/"}, {"id": "onx-finance.eth", "name": "OnX Finance", "twitter": "OnXFinance", "proposalsCount": 14, "votesCount": 35, "followersCount": 19, "website": null}, {"id": "pragmadev2.eth", "name": "Pragma", "twitter": null, "proposalsCount": 48, "votesCount": 19, "followersCount": 1, "website": null}, {"id": "qian-bsc", "name": "QIAN(BSC)", "twitter": null, "proposalsCount": 8, "votesCount": 57, "followersCount": 3, "website": null}, {"id": "requestgovernance.eth", "name": "Request", "twitter": null, "proposalsCount": 2, "votesCount": 58, "followersCount": 8, "website": null}, {"id": "shegby.eth", "name": "Shegby (Web3 Concierge Service)", "twitter": "Shegby", "proposalsCount": 3, "votesCount": 34, "followersCount": 31, "website": "https://shegby.com"}, {"id": "skatehive.eth", "name": "SkateHive", "twitter": "skatehive_", "proposalsCount": 2, "votesCount": 6, "followersCount": 10, "website": "https://discord.gg/skatehive"}, {"id": "wraithswap.eth", "name": "WraithSwap", "twitter": "wraithswap", "proposalsCount": 3, "votesCount": 35, "followersCount": 30, "website": null}, {"id": "ai-mutants.eth", "name": "AI Mutants Club", "twitter": "ai_mutants", "proposalsCount": 7, "votesCount": 51, "followersCount": 9, "website": "https://mutants.ai"}, {"id": "andrewladdusaw.eth", "name": "EverydayDAO", "twitter": "everydaydao", "proposalsCount": 3, "votesCount": 48, "followersCount": 16, "website": "https://discord.gg/MBQrAb7c"}, {"id": "bnbsclub.eth", "name": "Bourbon n Blockchain Services", "twitter": "TheOfficial_BnB", "proposalsCount": 3, "votesCount": 40, "followersCount": 24, "website": "https://bnbsclub.com"}, {"id": "community.stakedotlink.eth", "name": "stake.link Community Vote", "twitter": "stakedotlink", "proposalsCount": 2, "votesCount": 56, "followersCount": 9, "website": "https://stake.link"}, {"id": "crazycrowschessclub.eth", "name": "Crazy Crows Chess Club", "twitter": "crazycrowsclub", "proposalsCount": 1, "votesCount": 62, "followersCount": 4, "website": null}, {"id": "fractaldimensions.eth", "name": "Fractal Dimensions", "twitter": "fractal_______", "proposalsCount": 1, "votesCount": 15, "followersCount": 51, "website": null}, {"id": "ipv4dao.eth", "name": "IPv4DAO", "twitter": "ipv4dao", "proposalsCount": 9, "votesCount": 43, "followersCount": 15, "website": "https://ipv4dao.io"}, {"id": "justsomedao.eth", "name": "JustSomeDAO", "twitter": "JustSome_DAO", "proposalsCount": 13, "votesCount": 39, "followersCount": 15, "website": "https://www.justsomedao.com/"}, {"id": "rbase.eth", "name": "RBASE", "twitter": null, "proposalsCount": 5, "votesCount": 60, "followersCount": 2, "website": null}, {"id": "sneakerboxnft.eth", "name": "Sneakerbox NFT", "twitter": "sneakerboxnft", "proposalsCount": 1, "votesCount": 61, "followersCount": 5, "website": "https://sneakerboxnft.xyz/"}, {"id": "swarm-com.eth", "name": "Swarm", "twitter": "swarmmarkets", "proposalsCount": 1, "votesCount": 55, "followersCount": 11, "website": "https://swarm.com"}]