[{"id": "landdao.eth", "name": "Land DAO", "twitter": "land_dao", "proposalsCount": 7, "votesCount": 190, "followersCount": 8, "website": null}, {"id": "overcloudz.eth", "name": "OverCloudz", "twitter": "theovercloudz", "proposalsCount": 2, "votesCount": 169, "followersCount": 34, "website": null}, {"id": "stoicstoa.eth", "name": "The Stoics by Gabe Weis", "twitter": "TheStoicsNFT", "proposalsCount": 1, "votesCount": 197, "followersCount": 7, "website": "https://www.thestoics.art"}, {"id": "0x0384.eth", "name": "housyu", "twitter": null, "proposalsCount": 1, "votesCount": 2, "followersCount": 1, "website": null}, {"id": "0x6318.eth", "name": "ynesne", "twitter": null, "proposalsCount": 1, "votesCount": 3, "followersCount": 0, "website": null}, {"id": "0xhjm.eth", "name": "Learn Dao", "twitter": "yehao7019", "proposalsCount": 2, "votesCount": 1, "followersCount": 1, "website": null}, {"id": "1.6666886666.eth", "name": "68DAO", "twitter": null, "proposalsCount": 2, "votesCount": 1, "followersCount": 1, "website": "https://twitter.com/lulu57105865"}, {"id": "123528.eth", "name": "Hall", "twitter": null, "proposalsCount": 2, "votesCount": 1, "followersCount": 1, "website": null}, {"id": "130120886.eth", "name": "weidao", "twitter": "zw130120886", "proposalsCount": 1, "votesCount": 1, "followersCount": 2, "website": "https://link3.to/cyberconnect/fanclub"}, {"id": "147411.eth", "name": "YAM NETWORK", "twitter": null, "proposalsCount": 2, "votesCount": 1, "followersCount": 1, "website": null}, {"id": "155567.eth", "name": "6888", "twitter": null, "proposalsCount": 1, "votesCount": 3, "followersCount": 0, "website": null}, {"id": "521168.eth", "name": "Nelson", "twitter": null, "proposalsCount": 2, "votesCount": 1, "followersCount": 1, "website": null}, {"id": "558698.eth", "name": "ol", "twitter": null, "proposalsCount": 2, "votesCount": 2, "followersCount": 0, "website": null}, {"id": "915188.eth", "name": "Natalie", "twitter": null, "proposalsCount": 2, "votesCount": 1, "followersCount": 1, "website": null}, {"id": "abadini.eth", "name": "gm", "twitter": null, "proposalsCount": 2, "votesCount": 2, "followersCount": 0, "website": null}, {"id": "abuze.eth", "name": "spaceid", "twitter": null, "proposalsCount": 2, "votesCount": 2, "followersCount": 0, "website": null}, {"id": "accdao.eth", "name": "L2\u8d85\u8d8a\u4e3b\u7f51", "twitter": null, "proposalsCount": 1, "votesCount": 2, "followersCount": 1, "website": null}, {"id": "airdropking.eth", "name": "Lopez", "twitter": null, "proposalsCount": 2, "votesCount": 1, "followersCount": 1, "website": null}, {"id": "aliaaia345.eth", "name": "dgggg2", "twitter": null, "proposalsCount": 1, "votesCount": 2, "followersCount": 1, "website": null}, {"id": "aligh.eth", "name": "ali", "twitter": null, "proposalsCount": 1, "votesCount": 1, "followersCount": 2, "website": null}]