[{"id": "oscartucker8.eth", "name": "oscartucker DAO", "twitter": null, "proposalsCount": 1, "votesCount": 1, "followersCount": 1, "website": null}, {"id": "osma.eth", "name": "OSMA", "twitter": null, "proposalsCount": 4, "votesCount": 37, "followersCount": 6, "website": null}, {"id": "otb-spa.eth", "name": "OTB-SpA", "twitter": null, "proposalsCount": 1, "votesCount": 16, "followersCount": 10, "website": null}, {"id": "otmazka.eth", "name": "Otmazka ot Ilona Maska", "twitter": null, "proposalsCount": 2, "votesCount": 2, "followersCount": 1, "website": null}, {"id": "otoplus.eth", "name": "hui", "twitter": null, "proposalsCount": 3, "votesCount": 3, "followersCount": 0, "website": null}, {"id": "ottomarket.eth", "name": "Otto's Night Market", "twitter": "Otto_NightMarkt", "proposalsCount": 0, "votesCount": 0, "followersCount": 1, "website": "https://ottomarket.io/"}, {"id": "ournextdao.eth", "name": "OurNextDAO", "twitter": null, "proposalsCount": 0, "votesCount": 0, "followersCount": 2, "website": null}, {"id": "outcomefinance.eth", "name": "Outcome Finance Test", "twitter": null, "proposalsCount": 42, "votesCount": 33, "followersCount": 13, "website": null}, {"id": "outsove.eth", "name": "ogurtsov dao", "twitter": null, "proposalsCount": 6, "votesCount": 15, "followersCount": 10, "website": null}, {"id": "overlinedao.eth", "name": "Overline DAO", "twitter": "overlinenetwork", "proposalsCount": 0, "votesCount": 0, "followersCount": 2, "website": "https://www.overline.network"}, {"id": "overmini.eth", "name": "iman", "twitter": "1186_yekonoh", "proposalsCount": 0, "votesCount": 0, "followersCount": 1, "website": null}, {"id": "oviimia.eth", "name": "ovi", "twitter": null, "proposalsCount": 1, "votesCount": 2, "followersCount": 2, "website": null}, {"id": "ovospace.eth", "name": "OVO Space", "twitter": "ovo__official", "proposalsCount": 0, "votesCount": 0, "followersCount": 2, "website": "https://www.ovo.space/"}, {"id": "owengu.eth", "name": "OO", "twitter": null, "proposalsCount": 2, "votesCount": 18, "followersCount": 2, "website": null}, {"id": "own-protocol.eth", "name": "O", "twitter": null, "proposalsCount": 0, "votesCount": 0, "followersCount": 0, "website": null}, {"id": "ox10k.eth", "name": "md alamin", "twitter": "MRakib2001", "proposalsCount": 1, "votesCount": 2, "followersCount": 2, "website": null}, {"id": "ox88888888.eth", "name": "\u64b8\u6bdb=\u8d21\u732e", "twitter": null, "proposalsCount": 2, "votesCount": 8, "followersCount": 3, "website": null}, {"id": "oxf1a.eth", "name": "\u64b8\u6bdb", "twitter": null, "proposalsCount": 0, "votesCount": 0, "followersCount": 1, "website": null}, {"id": "oxidao.eth", "name": "OXI DAO (test)", "twitter": null, "proposalsCount": 1, "votesCount": 1, "followersCount": 5, "website": null}, {"id": "oxidedeployer.eth", "name": "OXIDE", "twitter": "OxideDAO", "proposalsCount": 4, "votesCount": 9, "followersCount": 7, "website": "https://www.oxide.land/"}]