[{"id": "wdefi.eth", "name": "wdefi", "twitter": null, "proposalsCount": 64, "votesCount": 68, "followersCount": 19, "website": null}, {"id": "wearefdbl.eth", "name": "FDBL", "twitter": "OfficialFDBL", "proposalsCount": 1, "votesCount": 1, "followersCount": 1, "website": "https://wearefdbl.com"}, {"id": "web12.eth", "name": "xixi", "twitter": null, "proposalsCount": 1, "votesCount": 155, "followersCount": 1, "website": null}, {"id": "web3.hidayath.eth", "name": "onew3", "twitter": null, "proposalsCount": 0, "votesCount": 0, "followersCount": 1, "website": "https://onew3.com"}, {"id": "web3.sifbb.eth", "name": "DFN", "twitter": null, "proposalsCount": 1, "votesCount": 3, "followersCount": 1, "website": null}, {"id": "web3bigape.eth", "name": "ArteX ", "twitter": null, "proposalsCount": 0, "votesCount": 0, "followersCount": 1, "website": null}, {"id": "web3claim.eth", "name": "Akash", "twitter": "Akash255tt", "proposalsCount": 1, "votesCount": 3, "followersCount": 4, "website": null}, {"id": "web3devs1155.eth", "name": "builderDao2", "twitter": null, "proposalsCount": 0, "votesCount": 0, "followersCount": 1, "website": "http://decentralized.build/"}, {"id": "web3devscommunity.eth", "name": "web3devs.community", "twitter": "web3devsc", "proposalsCount": 1, "votesCount": 1, "followersCount": 1, "website": "https://web3devs.community/"}, {"id": "web3g.eth", "name": "web3.0", "twitter": null, "proposalsCount": 1, "votesCount": 4, "followersCount": 4, "website": null}, {"id": "web3godfather.eth", "name": "LOVE DAO", "twitter": null, "proposalsCount": 0, "votesCount": 0, "followersCount": 0, "website": null}, {"id": "web3isamyth.eth", "name": "web3 myth", "twitter": null, "proposalsCount": 1, "votesCount": 1, "followersCount": 1, "website": null}, {"id": "web3isshit.eth", "name": "Kuso Game", "twitter": null, "proposalsCount": 1, "votesCount": 1, "followersCount": 0, "website": null}, {"id": "web3mp.eth", "name": "gfrwegwg", "twitter": null, "proposalsCount": 37, "votesCount": 127, "followersCount": 37, "website": null}, {"id": "web3rizzards.eth", "name": "Web3Rizzards", "twitter": null, "proposalsCount": 4, "votesCount": 6, "followersCount": 17, "website": "https://github.com/Multinate/web3-donation-aggregator"}, {"id": "web3stone.eth", "name": "Stone DAO", "twitter": null, "proposalsCount": 1, "votesCount": 1, "followersCount": 0, "website": null}, {"id": "web3suiyimen.eth", "name": "web3suiyimen", "twitter": null, "proposalsCount": 1, "votesCount": 1, "followersCount": 3, "website": null}, {"id": "web3tutoriais.eth", "name": "web 3 tutoriais", "twitter": "JHANELcrypto", "proposalsCount": 2, "votesCount": 1, "followersCount": 2, "website": "https://lenster.xyz/u/fagner.lens"}, {"id": "web999.eth", "name": "web3", "twitter": null, "proposalsCount": 1, "votesCount": 2, "followersCount": 1, "website": null}, {"id": "webcoin.eth", "name": "connext\u793e\u533adao", "twitter": null, "proposalsCount": 2, "votesCount": 384, "followersCount": 27, "website": null}]