[{"id": "765767.eth", "name": "PolyDAO", "twitter": null, "proposalsCount": 1, "votesCount": 4, "followersCount": 5, "website": null}, {"id": "765987.eth", "name": "redbean", "twitter": null, "proposalsCount": 0, "votesCount": 0, "followersCount": 0, "website": null}, {"id": "77-00-77.eth", "name": "Artist", "twitter": null, "proposalsCount": 0, "votesCount": 0, "followersCount": 0, "website": null}, {"id": "77088077.eth", "name": "ghj", "twitter": null, "proposalsCount": 2, "votesCount": 2, "followersCount": 0, "website": null}, {"id": "771200.eth", "name": "ISOR", "twitter": "isoroc_x", "proposalsCount": 1, "votesCount": 2, "followersCount": 2, "website": "https://www.isor.org"}, {"id": "773.eth", "name": "The 999, 10kClub and frENS", "twitter": "10kClubOfficial", "proposalsCount": 1, "votesCount": 245, "followersCount": 35, "website": "https://twitter.com/10kClubOfficial"}, {"id": "776687.eth", "name": "7766", "twitter": null, "proposalsCount": 1, "votesCount": 1, "followersCount": 1, "website": null}, {"id": "77700077.eth", "name": "007DAO", "twitter": "yandicandra1", "proposalsCount": 21, "votesCount": 166, "followersCount": 39, "website": null}, {"id": "7770s.eth", "name": "Soleman", "twitter": "Soleman770", "proposalsCount": 0, "votesCount": 0, "followersCount": 1, "website": null}, {"id": "7777777777777777777777777777777777777777777777777777777777777777", "name": "yiwanwan", "twitter": null, "proposalsCount": 0, "votesCount": 0, "followersCount": 0, "website": null}, {"id": "7778877.eth", "name": "TUNT NETWORK", "twitter": null, "proposalsCount": 27, "votesCount": 28, "followersCount": 95, "website": null}, {"id": "786987.eth", "name": "Swap", "twitter": null, "proposalsCount": 0, "votesCount": 0, "followersCount": 0, "website": null}, {"id": "789654.eth", "name": "789654", "twitter": null, "proposalsCount": 0, "votesCount": 0, "followersCount": 1, "website": null}, {"id": "7cranesdao.eth", "name": "7 Cranes DAO", "twitter": "7Cranes_ETH", "proposalsCount": 0, "votesCount": 0, "followersCount": 38, "website": "https://linktr.ee/7cranesdao"}, {"id": "7lovers.eth", "name": "lovers", "twitter": null, "proposalsCount": 1, "votesCount": 1, "followersCount": 0, "website": null}, {"id": "7olddrol.eth", "name": "ETH", "twitter": null, "proposalsCount": 1, "votesCount": 1, "followersCount": 0, "website": null}, {"id": "7xdaoventures.eth", "name": "7XDAOVentures", "twitter": null, "proposalsCount": 1, "votesCount": 2, "followersCount": 2, "website": null}, {"id": "8008208820.eth", "name": "HotlineDAO", "twitter": null, "proposalsCount": 1, "votesCount": 1, "followersCount": 1, "website": null}, {"id": "800iq.eth", "name": "decipherer2021", "twitter": "dxpher", "proposalsCount": 0, "votesCount": 0, "followersCount": 0, "website": null}, {"id": "803740.eth", "name": "\u6c14", "twitter": null, "proposalsCount": 2, "votesCount": 3, "followersCount": 1, "website": null}]