[{"id": "shadowpakt.storymode.eth", "name": "Shadowpakt", "twitter": "theshadowpakt", "proposalsCount": 5, "votesCount": 88, "followersCount": 19, "website": null}, {"id": "ugliens.eth", "name": "Ugliens Town", "twitter": "UgliensNFT", "proposalsCount": 3, "votesCount": 63, "followersCount": 46, "website": "https://ugliens.funlabs.lol/"}, {"id": "ytjia.eth", "name": "ytjia", "twitter": null, "proposalsCount": 1, "votesCount": 52, "followersCount": 59, "website": null}, {"id": "solstar.eth", "name": "Tingle", "twitter": null, "proposalsCount": 7, "votesCount": 89, "followersCount": 16, "website": null}, {"id": "superbenefit.eth", "name": "SuperBenefit DAO", "twitter": "SuperBenefitDAO", "proposalsCount": 13, "votesCount": 83, "followersCount": 16, "website": "https://superbenefit.org"}, {"id": "thenextbitcoin.eth", "name": "Unvaxxed Sperm", "twitter": "spermbsc", "proposalsCount": 2, "votesCount": 94, "followersCount": 16, "website": null}, {"id": "ukort.eth", "name": "BDD", "twitter": null, "proposalsCount": 32, "votesCount": 63, "followersCount": 17, "website": null}, {"id": "dadeva.eth", "name": "ArcoiKun Community ", "twitter": "XQ00829", "proposalsCount": 16, "votesCount": 65, "followersCount": 30, "website": null}, {"id": "mintgrant.eth", "name": "Mint Club Grant", "twitter": "MintClubPro", "proposalsCount": 20, "votesCount": 64, "followersCount": 27, "website": null}, {"id": "vizmesh.eth", "name": "Vizmesh", "twitter": "vizmesh", "proposalsCount": 9, "votesCount": 98, "followersCount": 4, "website": "https://vizmesh.io"}, {"id": "100governance.eth", "name": "The 100 Club", "twitter": null, "proposalsCount": 12, "votesCount": 95, "followersCount": 4, "website": null}, {"id": "mymanor.eth", "name": "mymanor", "twitter": null, "proposalsCount": 1, "votesCount": 51, "followersCount": 59, "website": null}, {"id": "polygon.cryptodateio.eth", "name": "Cryptodate Polygon", "twitter": "cryptodateio", "proposalsCount": 2, "votesCount": 0, "followersCount": 9, "website": "https://www.cryptodate.io/"}, {"id": "soul\u00e6ther.eth", "name": "Soul \u00c6ther", "twitter": "soulaether_", "proposalsCount": 3, "votesCount": 84, "followersCount": 24, "website": "https://soulaether.xyz"}, {"id": "600173.eth", "name": "ETH(BSC)", "twitter": "yugezha44754900", "proposalsCount": 5, "votesCount": 3, "followersCount": 2, "website": null}, {"id": "dapperdinos.eth", "name": "Dapper Dinos NFT", "twitter": "DapperDinoNFT", "proposalsCount": 2, "votesCount": 105, "followersCount": 3, "website": "https://dapperdinos.com"}, {"id": "dogevote.eth", "name": "DogeSwap", "twitter": "DogeSwap_fans", "proposalsCount": 1, "votesCount": 33, "followersCount": 26, "website": null}, {"id": "elektradao.eth", "name": "ELEKTRA", "twitter": "ElektraDAO", "proposalsCount": 4, "votesCount": 94, "followersCount": 12, "website": null}, {"id": "eva02.eth", "name": "EVA DAO", "twitter": null, "proposalsCount": 1, "votesCount": 104, "followersCount": 5, "website": null}, {"id": "law.joints.eth", "name": "LAWdao", "twitter": null, "proposalsCount": 2, "votesCount": 5, "followersCount": 3, "website": null}]