[{"id": "l2345.eth", "name": "An eye", "twitter": null, "proposalsCount": 1, "votesCount": 3, "followersCount": 2, "website": "https://fractional.art/vaults/0xDC7BB60b059ad8b85eF036Ff33825C8B208B3FA0"}, {"id": "lgcyrunners.eth", "name": "LgcyRunners", "twitter": "LgcyRunners", "proposalsCount": 0, "votesCount": 0, "followersCount": 6, "website": "https://opensea.io/collection/lgcy-runners"}, {"id": "lotiondao.eth", "name": "LotionDAO", "twitter": null, "proposalsCount": 1, "votesCount": 1, "followersCount": 4, "website": null}, {"id": "loveboat.eth", "name": "Love Boat Exchange", "twitter": "LoveBoatDEX", "proposalsCount": 0, "votesCount": 0, "followersCount": 6, "website": null}, {"id": "maomoa.eth", "name": "maomoa", "twitter": null, "proposalsCount": 3, "votesCount": 1, "followersCount": 2, "website": null}, {"id": "mataverses.eth", "name": "Mataverse", "twitter": null, "proposalsCount": 2, "votesCount": 2, "followersCount": 2, "website": null}, {"id": "mate60.eth", "name": "mate60", "twitter": null, "proposalsCount": 0, "votesCount": 0, "followersCount": 6, "website": null}, {"id": "mattharder.eth", "name": "1729Writers Test Space", "twitter": "1729writers", "proposalsCount": 3, "votesCount": 1, "followersCount": 2, "website": "https://paper.li/1729writers"}, {"id": "matthowitt.eth", "name": "Superplastic DAO", "twitter": null, "proposalsCount": 3, "votesCount": 0, "followersCount": 3, "website": null}, {"id": "meta01.eth", "name": "meta01", "twitter": null, "proposalsCount": 2, "votesCount": 0, "followersCount": 4, "website": null}, {"id": "milkyswap.eth", "name": "zk123", "twitter": null, "proposalsCount": 1, "votesCount": 2, "followersCount": 3, "website": null}, {"id": "minilab.eth", "name": "Minimints", "twitter": "MinimintsNFT", "proposalsCount": 0, "votesCount": 0, "followersCount": 6, "website": null}, {"id": "misaeng.eth", "name": "vt_test", "twitter": null, "proposalsCount": 1, "votesCount": 1, "followersCount": 4, "website": null}, {"id": "moar.eth", "name": "MOAR", "twitter": "MOARFinance", "proposalsCount": 0, "votesCount": 0, "followersCount": 6, "website": null}, {"id": "mogwai.eth", "name": "mogwaiDAO", "twitter": null, "proposalsCount": 3, "votesCount": 0, "followersCount": 3, "website": null}, {"id": "molefi.eth", "name": "Mole", "twitter": "moledefi", "proposalsCount": 1, "votesCount": 1, "followersCount": 4, "website": "https://mole.fi/"}, {"id": "moutaichain.eth", "name": "HauNina", "twitter": null, "proposalsCount": 3, "votesCount": 1, "followersCount": 2, "website": null}, {"id": "mrly8621.eth", "name": "Azuki-DAO", "twitter": "mrly8621", "proposalsCount": 1, "votesCount": 2, "followersCount": 3, "website": "https://www.partybid.app/buy/0xae19a3fefd47127e94f4e2a5535920b9f9f5b50e"}, {"id": "mrsung.eth", "name": "New Enlightment ", "twitter": null, "proposalsCount": 1, "votesCount": 1, "followersCount": 4, "website": null}, {"id": "mtmartians.eth", "name": "Martians NFT", "twitter": "mtmartians", "proposalsCount": 1, "votesCount": 3, "followersCount": 2, "website": "https://market.martian.tech"}]