[{"id": "theholyones.eth", "name": "The Holy DAO", "twitter": "TheHolyOnes", "proposalsCount": 51, "votesCount": 817, "followersCount": 103, "website": "https://opensea.io/collection/theholyones-nft"}, {"id": "spaceswap.eth", "name": "SpaceSwap", "twitter": null, "proposalsCount": 48, "votesCount": 885, "followersCount": 37, "website": null}, {"id": "donkey-fund.eth", "name": "mesher CENTER", "twitter": "mesherOfficial", "proposalsCount": 69, "votesCount": 798, "followersCount": 51, "website": null}, {"id": "based", "name": "mbBASED", "twitter": null, "proposalsCount": 43, "votesCount": 863, "followersCount": 9, "website": null}, {"id": "m-dao.eth", "name": "metaer", "twitter": "metaer_market", "proposalsCount": 8, "votesCount": 298, "followersCount": 656, "website": null}, {"id": "positionex.eth", "name": "Position Exchange", "twitter": "positionex", "proposalsCount": 10, "votesCount": 929, "followersCount": 22, "website": "https://position.exchange"}, {"id": "swaprsnapshot.eth", "name": "Swapr Snapshot", "twitter": "SwaprEth", "proposalsCount": 26, "votesCount": 569, "followersCount": 364, "website": "https://swapr.eth.limo/"}, {"id": "treatvote.eth", "name": "Treat", "twitter": "treatdao", "proposalsCount": 26, "votesCount": 912, "followersCount": 20, "website": null}, {"id": "magic-cube.eth", "name": "Magic PowerDAO", "twitter": "", "proposalsCount": 9, "votesCount": 334, "followersCount": 61, "website": null}, {"id": "\u72c2\u5954\u7684\u8717\u725b.eth", "name": "lumao(\u72c2\u5954\u7684\u8717\u725b.eth)", "twitter": null, "proposalsCount": 162, "votesCount": 504, "followersCount": 288, "website": null}, {"id": "cvp.eth", "name": "PowerPool", "twitter": "powerpoolcvp", "proposalsCount": 3, "votesCount": 68, "followersCount": 31, "website": "https://powerpool.finance/"}, {"id": "valixorg.eth", "name": "Validator", "twitter": "ValixOrg", "proposalsCount": 1, "votesCount": 20, "followersCount": 930, "website": null}, {"id": "nftunit.eth", "name": "nftunit", "twitter": "nftunit01", "proposalsCount": 51, "votesCount": 806, "followersCount": 94, "website": "https://nftunit.site/"}, {"id": "ogplatform.eth", "name": "OG:Crystals DAO", "twitter": "ogdotart", "proposalsCount": 12, "votesCount": 801, "followersCount": 88, "website": "https://og.art/"}, {"id": "chimneytowndao.eth", "name": "CHIMNEY TOWN DAO", "twitter": null, "proposalsCount": 3, "votesCount": 936, "followersCount": 10, "website": null}, {"id": "promdao.eth", "name": "Prom", "twitter": "prom_io", "proposalsCount": 34, "votesCount": 829, "followersCount": 85, "website": "https://prom.io/"}, {"id": "tapfantasymetaverse.eth", "name": "Tap Fantasy", "twitter": "tapfantasy2021", "proposalsCount": 3, "votesCount": 82, "followersCount": 511, "website": "https://tapfantasy.io/"}, {"id": "y2factory.eth", "name": "Y2 FACTORY", "twitter": "ewokakuyochi2", "proposalsCount": 13, "votesCount": 825, "followersCount": 99, "website": "https://www.yuruyochiart.com/"}, {"id": "vuumbk.eth", "name": "voting for fun", "twitter": null, "proposalsCount": 68, "votesCount": 68, "followersCount": 0, "website": null}, {"id": "squishysquad.eth", "name": "Squishy Squad DAO", "twitter": "SquishySquadNFT", "proposalsCount": 6, "votesCount": 594, "followersCount": 335, "website": null}]