[{"id": "crptodrops.eth", "name": "crypto drop", "twitter": "cryptaoairdrop", "proposalsCount": 0, "votesCount": 0, "followersCount": 0, "website": null}, {"id": "crptpl.eth", "name": "CRPTPL ", "twitter": null, "proposalsCount": 40, "votesCount": 119, "followersCount": 40, "website": null}, {"id": "crucis.eth", "name": "cc", "twitter": null, "proposalsCount": 1, "votesCount": 1, "followersCount": 1, "website": null}, {"id": "cryeth.eth", "name": "jingang", "twitter": null, "proposalsCount": 3, "votesCount": 8, "followersCount": 4, "website": null}, {"id": "crypticlover.eth", "name": "cryptospace", "twitter": null, "proposalsCount": 0, "votesCount": 0, "followersCount": 0, "website": null}, {"id": "crypticmind.eth", "name": "crypticmind", "twitter": null, "proposalsCount": 0, "votesCount": 0, "followersCount": 2, "website": null}, {"id": "crypto2050.eth", "name": "qwerty", "twitter": null, "proposalsCount": 0, "votesCount": 0, "followersCount": 1, "website": null}, {"id": "crypto435.eth", "name": "Crypto435", "twitter": null, "proposalsCount": 1, "votesCount": 187786, "followersCount": 3843, "website": "https://www.coinbase.com/public-policy/legislative-portal"}, {"id": "cryptoaibot.eth", "name": "TEST", "twitter": null, "proposalsCount": 1, "votesCount": 1, "followersCount": 0, "website": null}, {"id": "cryptoapeisme.eth", "name": "Crypto Ape Is Me!", "twitter": null, "proposalsCount": 1, "votesCount": 0, "followersCount": 0, "website": null}, {"id": "cryptobattery.eth", "name": "battery", "twitter": null, "proposalsCount": 0, "votesCount": 0, "followersCount": 1, "website": null}, {"id": "cryptobone.eth", "name": "rroydds", "twitter": null, "proposalsCount": 0, "votesCount": 0, "followersCount": 1, "website": "https://www.decision.marketing"}, {"id": "cryptobublik.eth", "name": "cryptobublik", "twitter": null, "proposalsCount": 0, "votesCount": 0, "followersCount": 0, "website": null}, {"id": "cryptocarnes.eth", "name": "CCIlluvium", "twitter": null, "proposalsCount": 13, "votesCount": 50, "followersCount": 6, "website": null}, {"id": "cryptocaw.eth", "name": "cryptocaw", "twitter": null, "proposalsCount": 0, "votesCount": 0, "followersCount": 1, "website": null}, {"id": "cryptochange24.eth", "name": "ETH or BTC ?", "twitter": null, "proposalsCount": 1, "votesCount": 1, "followersCount": 0, "website": null}, {"id": "cryptochange365.eth", "name": "qweqwe v1", "twitter": null, "proposalsCount": 1, "votesCount": 2, "followersCount": 0, "website": null}, {"id": "cryptocishanjia.eth", "name": "kknz", "twitter": null, "proposalsCount": 1, "votesCount": 3, "followersCount": 0, "website": null}, {"id": "cryptocoinism.eth", "name": "CryptoCoinism Arts", "twitter": "cryptocoinism", "proposalsCount": 0, "votesCount": 0, "followersCount": 1, "website": null}, {"id": "cryptocointrading.eth", "name": "Cryptocointrading", "twitter": "Muhamma51581455", "proposalsCount": 0, "votesCount": 0, "followersCount": 1, "website": null}]