[{"id": "yodefi.eth", "name": "1688DAO", "twitter": "btctian", "proposalsCount": 4, "votesCount": 5, "followersCount": 5, "website": null}, {"id": "yujooswap.eth", "name": "Yujoo Swap DAO", "twitter": null, "proposalsCount": 6, "votesCount": 5, "followersCount": 3, "website": null}, {"id": "zhu77wp88.eth", "name": "sevendao", "twitter": null, "proposalsCount": 3, "votesCount": 4, "followersCount": 7, "website": null}, {"id": "zkpig.eth", "name": "Zkpig", "twitter": null, "proposalsCount": 3, "votesCount": 6, "followersCount": 5, "website": null}, {"id": "babydogearmy.eth", "name": "Baby Doge Army NFT", "twitter": "BabyDogeNFTs", "proposalsCount": 1, "votesCount": 1, "followersCount": 12, "website": "https://babydogenft.com"}, {"id": "cbd-token.eth", "name": "CBD - NFT", "twitter": "cbd_token_org", "proposalsCount": 4, "votesCount": 8, "followersCount": 2, "website": "https://www.cbd-token.org"}, {"id": "cryptoapeskullclub.eth", "name": "CryptoApeSkullClub", "twitter": "CryptoApeSkull", "proposalsCount": 1, "votesCount": 11, "followersCount": 2, "website": "https://cryptoapeskullclub.com/"}, {"id": "dalaoge.eth", "name": "Moon DAO", "twitter": "KirisakiAria", "proposalsCount": 1, "votesCount": 1, "followersCount": 12, "website": null}, {"id": "deflance.eth", "name": "gxr", "twitter": null, "proposalsCount": 6, "votesCount": 6, "followersCount": 2, "website": null}, {"id": "gov.omg.eth", "name": "DAO.OMG", "twitter": "OMGDAO", "proposalsCount": 1, "votesCount": 9, "followersCount": 4, "website": null}, {"id": "jasminum.eth", "name": "gtc", "twitter": null, "proposalsCount": 1, "votesCount": 1, "followersCount": 12, "website": null}, {"id": "larrotiz.eth", "name": "Larrotiz's Playground", "twitter": null, "proposalsCount": 11, "votesCount": 1, "followersCount": 2, "website": null}, {"id": "lensscan.eth", "name": "lensscan", "twitter": null, "proposalsCount": 2, "votesCount": 0, "followersCount": 12, "website": null}, {"id": "longether.eth", "name": "armydao", "twitter": null, "proposalsCount": 1, "votesCount": 11, "followersCount": 2, "website": null}, {"id": "nallekarkit.eth", "name": "Nallekarkit DAO", "twitter": null, "proposalsCount": 2, "votesCount": 12, "followersCount": 0, "website": null}, {"id": "pengyuchang.eth", "name": "People dao", "twitter": null, "proposalsCount": 1, "votesCount": 11, "followersCount": 2, "website": null}, {"id": "polysafu.eth", "name": "polySAFU", "twitter": "polysafu", "proposalsCount": 3, "votesCount": 9, "followersCount": 2, "website": null}, {"id": "punkess.eth", "name": "getting started ... June", "twitter": null, "proposalsCount": 1, "votesCount": 9, "followersCount": 4, "website": "https://lenster.xyz/posts/0x0f85-0x1793"}, {"id": "shadowvote.eth", "name": "ShadowSwap", "twitter": "Shadowswap_xyz", "proposalsCount": 2, "votesCount": 0, "followersCount": 12, "website": "https://shadowswap.xyz/"}, {"id": "wizardlabs.eth", "name": "WizardLabs", "twitter": null, "proposalsCount": 3, "votesCount": 9, "followersCount": 2, "website": null}]