[{"id": "opiumprotocol.eth", "name": "Opium Network", "twitter": "Opium_Network", "proposalsCount": 86, "votesCount": 611, "followersCount": 2193, "website": null}, {"id": "fatcatsdao.eth", "name": "Fat Cats ", "twitter": "fatcatsdao", "proposalsCount": 25, "votesCount": 2800, "followersCount": 213, "website": "https://www.fatcats.art/"}, {"id": "synthetix-stakers-poll.eth", "name": "Synthetix Stakers Poll", "twitter": "synthetix_io", "proposalsCount": 5, "votesCount": 47, "followersCount": 2364, "website": null}, {"id": "panda-dao.eth", "name": "PandaDAO", "twitter": "PandaDAO_Office", "proposalsCount": 18, "votesCount": 2339, "followersCount": 481, "website": "https://www.pandadao.info/"}, {"id": "brightmoments.eth", "name": "Bright Moments", "twitter": "brtmoments", "proposalsCount": 24, "votesCount": 2308, "followersCount": 390, "website": "https://brightmoments.io"}, {"id": "gasdao.eth", "name": "Gas DAO", "twitter": "0xgasdao", "proposalsCount": 18, "votesCount": 1949, "followersCount": 659, "website": null}, {"id": "dorg.eth", "name": "dOrg", "twitter": "dOrg_tech", "proposalsCount": 209, "votesCount": 1447, "followersCount": 439, "website": "https://www.dorg.tech/"}, {"id": "adidas.eth", "name": "adidas", "twitter": "indigo_herz", "proposalsCount": 2, "votesCount": 1947, "followersCount": 541, "website": "https://adidas.com/into_the_metaverse"}, {"id": "barnbridge.eth", "name": "BarnBridge", "twitter": "barn_bridge", "proposalsCount": 31, "votesCount": 1291, "followersCount": 570, "website": "https://barnbridge.com/"}, {"id": "apwine.eth", "name": "APWine", "twitter": "APWineFinance", "proposalsCount": 57, "votesCount": 1913, "followersCount": 410, "website": "https://app.apwine.fi/"}, {"id": "goodmorningnews.eth", "name": "Good Morning News", "twitter": "GMN_NFT", "proposalsCount": 352, "votesCount": 1464, "followersCount": 416, "website": "https://goodmorningnews.club"}, {"id": "grailers.eth", "name": "GrailersDAO", "twitter": "grailersdao", "proposalsCount": 43, "votesCount": 1944, "followersCount": 239, "website": null}, {"id": "superraredao.eth", "name": "SuperRare DAO", "twitter": "superrare", "proposalsCount": 16, "votesCount": 1232, "followersCount": 851, "website": null}, {"id": "freerossdao.eth", "name": "FreeRossDAO", "twitter": "FreeRossDAO", "proposalsCount": 18, "votesCount": 1310, "followersCount": 498, "website": null}, {"id": "elyfi-bsc.eth", "name": "ELYFI", "twitter": "Elysia_HQ", "proposalsCount": 82, "votesCount": 658, "followersCount": 225, "website": "https://www.elyfi.world/en"}, {"id": "idlefinance.eth", "name": "Idle DAO", "twitter": "idlefinance", "proposalsCount": 105, "votesCount": 1305, "followersCount": 176, "website": "https://idle.finance"}, {"id": "popcorn-snapshot.eth", "name": "Popcorn", "twitter": "Popcorn_DAO", "proposalsCount": 37, "votesCount": 1345, "followersCount": 592, "website": null}, {"id": "fingerprints.eth", "name": "Fingerprints DAO", "twitter": "FingerprintsDAO", "proposalsCount": 30, "votesCount": 705, "followersCount": 146, "website": "https://fingerprintsdao.xyz"}, {"id": "thelanddaoprop.eth", "name": "TheLandSafe Proposals", "twitter": null, "proposalsCount": 57, "votesCount": 1552, "followersCount": 372, "website": null}, {"id": "defigeek.eth", "name": "DeFiGeek Community", "twitter": null, "proposalsCount": 54, "votesCount": 1629, "followersCount": 253, "website": null}]