[{"id": "suxiaomi.eth", "name": "susu", "twitter": "AutumnLecourt", "proposalsCount": 1, "votesCount": 14, "followersCount": 15, "website": null}, {"id": "suzamaki.eth", "name": "SuzaDao", "twitter": null, "proposalsCount": 3, "votesCount": 21, "followersCount": 12, "website": null}, {"id": "swampcatz.eth", "name": "SwampCatz", "twitter": "swampcatzNFT", "proposalsCount": 0, "votesCount": 0, "followersCount": 1, "website": "https://swampcatz.com"}, {"id": "swapsun.eth", "name": "swapsun", "twitter": null, "proposalsCount": 0, "votesCount": 0, "followersCount": 1, "website": null}, {"id": "swarmd.eth", "name": "Swarmd", "twitter": null, "proposalsCount": 0, "votesCount": 0, "followersCount": 3, "website": null}, {"id": "swarno.eth", "name": "swarno", "twitter": null, "proposalsCount": 0, "votesCount": 0, "followersCount": 1, "website": null}, {"id": "sweetfish.eth", "name": "sweetfish", "twitter": null, "proposalsCount": 1, "votesCount": 1, "followersCount": 1, "website": null}, {"id": "swipx.eth", "name": "SWP DAO", "twitter": null, "proposalsCount": 6, "votesCount": 5, "followersCount": 5, "website": null}, {"id": "switchmute.eth", "name": "Home", "twitter": null, "proposalsCount": 1, "votesCount": 6, "followersCount": 2, "website": null}, {"id": "sylphy.eth", "name": "962312312", "twitter": null, "proposalsCount": 1, "votesCount": 20, "followersCount": 16, "website": null}, {"id": "syncc.eth", "name": "syncc", "twitter": null, "proposalsCount": 1, "votesCount": 1, "followersCount": 1, "website": null}, {"id": "syndi.eth", "name": "syndidao", "twitter": "Prathyu51747832", "proposalsCount": 0, "votesCount": 0, "followersCount": 1, "website": "https://opensea.io/collection/right-click-share"}, {"id": "systemdeth.eth", "name": "Takhmins", "twitter": null, "proposalsCount": 0, "votesCount": 0, "followersCount": 1, "website": null}, {"id": "t-macdao.eth", "name": "T-mac DAO", "twitter": "TMacDAO", "proposalsCount": 1, "votesCount": 2, "followersCount": 5, "website": "https://t-mac.homes/"}, {"id": "t1.testsnap-safe.eth", "name": "test safe 2", "twitter": null, "proposalsCount": 0, "votesCount": 0, "followersCount": 0, "website": null}, {"id": "t19.testsnap.eth", "name": "test", "twitter": null, "proposalsCount": 0, "votesCount": 0, "followersCount": 0, "website": null}, {"id": "t3rm.eth", "name": "t3rm.dev", "twitter": "t3rmdotdev", "proposalsCount": 15, "votesCount": 22, "followersCount": 13, "website": null}, {"id": "t3rn.eth", "name": "t3rn", "twitter": null, "proposalsCount": 1, "votesCount": 356, "followersCount": 0, "website": null}, {"id": "tabinft.eth", "name": "TabiNft", "twitter": null, "proposalsCount": 4, "votesCount": 15, "followersCount": 6, "website": null}, {"id": "taevin.eth", "name": "Suima", "twitter": null, "proposalsCount": 1, "votesCount": 1, "followersCount": 3, "website": null}]