[{"id": "xnhdxq.eth", "name": "xnhdxqdao", "twitter": null, "proposalsCount": 1, "votesCount": 2, "followersCount": 3, "website": null}, {"id": "xor9ry.eth", "name": "Joshiryoku", "twitter": null, "proposalsCount": 4, "votesCount": 0, "followersCount": 2, "website": "https://hkdic.my-helper.com/Sor9ry/"}, {"id": "xtblock.eth", "name": "XTblock", "twitter": "xtblockio", "proposalsCount": 3, "votesCount": 0, "followersCount": 3, "website": null}, {"id": "xtxmarkets.eth", "name": "xtxmarkets", "twitter": null, "proposalsCount": 2, "votesCount": 2, "followersCount": 2, "website": null}, {"id": "yang6613.eth", "name": "yang6613", "twitter": null, "proposalsCount": 2, "votesCount": 2, "followersCount": 2, "website": null}, {"id": "yangting.eth", "name": "yangting.eth", "twitter": "", "proposalsCount": 2, "votesCount": 0, "followersCount": 4, "website": null}, {"id": "yanyun.eth", "name": "yanyun", "twitter": null, "proposalsCount": 4, "votesCount": 0, "followersCount": 2, "website": null}, {"id": "yellowrockfinance.eth", "name": "Yellow Rock Deflationary", "twitter": "YRFinance", "proposalsCount": 0, "votesCount": 0, "followersCount": 6, "website": "https://yellowrock.finance"}, {"id": "yesichen.eth", "name": "blocktime", "twitter": null, "proposalsCount": 2, "votesCount": 0, "followersCount": 4, "website": null}, {"id": "yiman.eth", "name": "maruko", "twitter": null, "proposalsCount": 3, "votesCount": 0, "followersCount": 3, "website": null}, {"id": "yuiyui.eth", "name": "Yuito Netwaork", "twitter": null, "proposalsCount": 1, "votesCount": 2, "followersCount": 3, "website": null}, {"id": "zfish.eth", "name": "btctest", "twitter": null, "proposalsCount": 3, "votesCount": 1, "followersCount": 2, "website": null}, {"id": "zpmanr.eth", "name": "zpmanr_space", "twitter": null, "proposalsCount": 2, "votesCount": 2, "followersCount": 2, "website": null}, {"id": "\u5c0f\u8377\u624d\u9732\u5c16\u5c16\u89d2.eth", "name": "\u4f5b\u5982\u6211", "twitter": null, "proposalsCount": 2, "votesCount": 2, "followersCount": 2, "website": null}, {"id": "\u6df1\u5733\u5218\u5148\u751f.eth", "name": "Polygon  DAO", "twitter": null, "proposalsCount": 2, "votesCount": 0, "followersCount": 4, "website": null}, {"id": "\u6df1\u5733\u817e\u8baf\u79d1\u6280.eth", "name": "Good ETH", "twitter": null, "proposalsCount": 0, "votesCount": 0, "followersCount": 6, "website": null}, {"id": "\ud83c\udf41\ud83c\udf41\ud83c\udf41\ud83c\udf41\ud83c\udf41\ud83c\udf41\ud83c\udf41\ud83c\udf41\ud83c\udf41.eth", "name": "SameFlow", "twitter": null, "proposalsCount": 2, "votesCount": 2, "followersCount": 2, "website": null}, {"id": "\u20229993.eth", "name": "TEST SPACE", "twitter": null, "proposalsCount": 1, "votesCount": 2, "followersCount": 2, "website": null}, {"id": "000888.eth", "name": "000888", "twitter": null, "proposalsCount": 0, "votesCount": 0, "followersCount": 5, "website": null}, {"id": "000wogus.eth", "name": "BellyGom", "twitter": null, "proposalsCount": 2, "votesCount": 0, "followersCount": 3, "website": "https://www.bellygom.world/"}]