[{"id": "hanjiedeng.eth", "name": "Antai-Web3.0", "twitter": null, "proposalsCount": 3, "votesCount": 9, "followersCount": 7, "website": null}, {"id": "harmonyuniverse.eth", "name": "Harmony Universe", "twitter": "harmonyunivrse", "proposalsCount": 0, "votesCount": 0, "followersCount": 19, "website": null}, {"id": "hkicac.eth", "name": "hkicac.eth", "twitter": null, "proposalsCount": 0, "votesCount": 0, "followersCount": 19, "website": null}, {"id": "huilang.eth", "name": "huilang\u57fa\u91d1", "twitter": null, "proposalsCount": 2, "votesCount": 4, "followersCount": 13, "website": null}, {"id": "ieeee.eth", "name": "GDao", "twitter": null, "proposalsCount": 2, "votesCount": 16, "followersCount": 1, "website": null}, {"id": "invictadao.eth", "name": "InvictaDAO", "twitter": null, "proposalsCount": 1, "votesCount": 8, "followersCount": 10, "website": null}, {"id": "krzf.eth", "name": "Kranz Finance", "twitter": "KranzToken", "proposalsCount": 2, "votesCount": 9, "followersCount": 8, "website": "https://kranz.finance/"}, {"id": "kyoshiresearch.eth", "name": "Mizu DAO", "twitter": "kyoshiresearch", "proposalsCount": 1, "votesCount": 5, "followersCount": 13, "website": "https://www.mizuiroh.online/"}, {"id": "latif.eth", "name": "VegBurger ", "twitter": null, "proposalsCount": 7, "votesCount": 12, "followersCount": 0, "website": null}, {"id": "meowfinance.eth", "name": "Meow", "twitter": null, "proposalsCount": 11, "votesCount": 3, "followersCount": 5, "website": null}, {"id": "metawiner.eth", "name": "metawiner", "twitter": null, "proposalsCount": 1, "votesCount": 8, "followersCount": 10, "website": null}, {"id": "mobilizinggood.eth", "name": "Mobilizing Good DAO", "twitter": "MobilizingGood", "proposalsCount": 2, "votesCount": 11, "followersCount": 6, "website": "https://linktr.ee/mobilizinggood"}, {"id": "multinftdao.eth", "name": "MultiNFT DEO", "twitter": "MultiNFT", "proposalsCount": 1, "votesCount": 4, "followersCount": 14, "website": "https://multinft.io"}, {"id": "nicoholo.eth", "name": "nicoDAO", "twitter": null, "proposalsCount": 2, "votesCount": 9, "followersCount": 8, "website": null}, {"id": "nsure.eth", "name": "Nsure", "twitter": "", "proposalsCount": 2, "votesCount": 12, "followersCount": 5, "website": null}, {"id": "nvwang.eth", "name": "\u5973\u738b", "twitter": null, "proposalsCount": 1, "votesCount": 8, "followersCount": 10, "website": null}, {"id": "our-metaverse.eth", "name": "OurMetaverseDAO", "twitter": "OurMetaverseDAO", "proposalsCount": 1, "votesCount": 16, "followersCount": 2, "website": "https://www.our-metaverse.xyz"}, {"id": "owndao.eth", "name": "AotuDAO", "twitter": "AotuDAO", "proposalsCount": 1, "votesCount": 15, "followersCount": 3, "website": "http://aotudao.com/"}, {"id": "peacedao.eth", "name": "PEACE DAO", "twitter": "", "proposalsCount": 9, "votesCount": 0, "followersCount": 10, "website": null}, {"id": "razorshark.eth", "name": "Razor Shark", "twitter": "razorshark_eth", "proposalsCount": 4, "votesCount": 10, "followersCount": 5, "website": null}]