[{"id": "diamond07.eth", "name": "DIamond Zone", "twitter": null, "proposalsCount": 1, "votesCount": 2, "followersCount": 0, "website": null}, {"id": "diapo.eth", "name": "Diapo DAO", "twitter": null, "proposalsCount": 0, "votesCount": 0, "followersCount": 0, "website": null}, {"id": "dickkingz.eth", "name": "Test", "twitter": null, "proposalsCount": 0, "votesCount": 0, "followersCount": 0, "website": null}, {"id": "dicklotion.eth", "name": "niggas", "twitter": null, "proposalsCount": 1, "votesCount": 1, "followersCount": 1, "website": null}, {"id": "didala.eth", "name": "\u5c0f\u4e8cdao", "twitter": null, "proposalsCount": 1, "votesCount": 8, "followersCount": 1, "website": null}, {"id": "didia.eth", "name": "soga", "twitter": null, "proposalsCount": 1, "votesCount": 1, "followersCount": 1, "website": null}, {"id": "didiboy.eth", "name": "win", "twitter": null, "proposalsCount": 1, "votesCount": 1, "followersCount": 0, "website": null}, {"id": "digitalhill.eth", "name": "Alex Digit", "twitter": null, "proposalsCount": 0, "votesCount": 0, "followersCount": 1, "website": null}, {"id": "digitalnation.eth", "name": "daobox", "twitter": "socialfi_com", "proposalsCount": 1, "votesCount": 6, "followersCount": 4, "website": null}, {"id": "digitalnations.eth", "name": "daofi", "twitter": null, "proposalsCount": 1, "votesCount": 2, "followersCount": 4, "website": null}, {"id": "digitaltwinz.eth", "name": "DigitalTwinz.eth Initiative", "twitter": null, "proposalsCount": 0, "votesCount": 0, "followersCount": 0, "website": "https://www.credential.net/issuer/84843/credentials?_ga=2.127039757.1417098364.1650029692-1576636802.1649716471"}, {"id": "digitoads.eth", "name": "Airdrop", "twitter": null, "proposalsCount": 1, "votesCount": 2, "followersCount": 2, "website": null}, {"id": "dijets.eth", "name": "Dijets Network", "twitter": "OfficialDijets", "proposalsCount": 5, "votesCount": 0, "followersCount": 4, "website": "https://dijets.io"}, {"id": "dili4life.eth", "name": "Creed (Ropsten)", "twitter": null, "proposalsCount": 2, "votesCount": 2, "followersCount": 2, "website": null}, {"id": "dimarik.eth", "name": "Vihino DAO", "twitter": null, "proposalsCount": 2, "votesCount": 11, "followersCount": 10, "website": null}, {"id": "dindx.eth", "name": "s", "twitter": null, "proposalsCount": 1, "votesCount": 1, "followersCount": 1, "website": null}, {"id": "dingjoys.eth", "name": "dingjoys", "twitter": null, "proposalsCount": 2, "votesCount": 2, "followersCount": 0, "website": null}, {"id": "dinkdao.eth", "name": "dinkDAO", "twitter": "dinkdao", "proposalsCount": 0, "votesCount": 0, "followersCount": 1, "website": "https://d.ink"}, {"id": "dionyxos.eth", "name": "Dionyxos", "twitter": "joindionyxos", "proposalsCount": 0, "votesCount": 0, "followersCount": 1, "website": "https://dionyxos.com/"}, {"id": "dior008.eth", "name": "dodo11", "twitter": "dima5272", "proposalsCount": 0, "votesCount": 0, "followersCount": 0, "website": null}]