[{"id": "cryptopavlov.eth", "name": "tg", "twitter": null, "proposalsCount": 1, "votesCount": 1, "followersCount": 0, "website": null}, {"id": "cryptophed.eth", "name": "cryptophe DonA", "twitter": null, "proposalsCount": 0, "votesCount": 0, "followersCount": 0, "website": null}, {"id": "cryptoply-2023.eth", "name": "Cryptoply_2023", "twitter": "Cryptoply_2023", "proposalsCount": 1, "votesCount": 1, "followersCount": 0, "website": null}, {"id": "cryptoreactor.eth", "name": "CryptoReactor", "twitter": "DaoDegenHub", "proposalsCount": 1, "votesCount": 3, "followersCount": 3, "website": "https://cryptoreactor.io"}, {"id": "cryptorealworld.eth", "name": "rahul sharma", "twitter": "rahul851992", "proposalsCount": 8, "votesCount": 8, "followersCount": 2, "website": null}, {"id": "cryptosaursai.eth", "name": "Cryptosaurs", "twitter": "Cryptosaurs_AI", "proposalsCount": 0, "votesCount": 0, "followersCount": 1, "website": "https://www.cryptosaurs.ai"}, {"id": "cryptository.eth", "name": "Cryptository", "twitter": null, "proposalsCount": 0, "votesCount": 0, "followersCount": 1, "website": null}, {"id": "cryptosm.eth", "name": "Sm Raj", "twitter": null, "proposalsCount": 1, "votesCount": 0, "followersCount": 1, "website": null}, {"id": "cryptosputnik.eth", "name": "Ilyash", "twitter": null, "proposalsCount": 0, "votesCount": 0, "followersCount": 0, "website": null}, {"id": "cryptoswag69.eth", "name": "zalypa", "twitter": null, "proposalsCount": 1, "votesCount": 1, "followersCount": 0, "website": null}, {"id": "cryptotale.eth", "name": "Kd", "twitter": null, "proposalsCount": 0, "votesCount": 0, "followersCount": 0, "website": null}, {"id": "cryptotang.eth", "name": "cryptotang", "twitter": "JIAMITANG", "proposalsCount": 0, "votesCount": 0, "followersCount": 1, "website": "https://twitter.com/JIAMITANG"}, {"id": "cryptoua.eth", "name": "Crypto Hub", "twitter": null, "proposalsCount": 1, "votesCount": 3, "followersCount": 3, "website": null}, {"id": "cryptoverseplax.eth", "name": "CryptoversePlaX DAO", "twitter": "CryptoversePlaX", "proposalsCount": 0, "votesCount": 0, "followersCount": 1, "website": "https://cryptoverseplax.com"}, {"id": "cryptovoices.eth", "name": "cryptovoices", "twitter": null, "proposalsCount": 1, "votesCount": 2, "followersCount": 2, "website": null}, {"id": "cryptozzz.eth", "name": "CryptoZzz", "twitter": "cryptozzz_ua", "proposalsCount": 0, "votesCount": 0, "followersCount": 1, "website": null}, {"id": "cryptrack.eth", "name": "CrypTrack", "twitter": "cryptrack_io", "proposalsCount": 0, "votesCount": 0, "followersCount": 0, "website": "https://www.cryptrack.io"}, {"id": "cryson.eth", "name": "cryson", "twitter": null, "proposalsCount": 0, "votesCount": 0, "followersCount": 0, "website": null}, {"id": "csat.eth", "name": "Cannabis Genome DAO", "twitter": null, "proposalsCount": 0, "votesCount": 0, "followersCount": 2, "website": null}, {"id": "ct233.eth", "name": "ct233", "twitter": null, "proposalsCount": 8, "votesCount": 10, "followersCount": 7, "website": null}]