[{"id": "10305070.eth", "name": "vitalikfans", "twitter": null, "proposalsCount": 2, "votesCount": 4, "followersCount": 2, "website": null}, {"id": "1earth.eth", "name": "1EARTH", "twitter": null, "proposalsCount": 2, "votesCount": 2, "followersCount": 4, "website": null}, {"id": "1hivexcomb.eth", "name": "1hive xComb", "twitter": "1HiveOrg", "proposalsCount": 2, "votesCount": 2, "followersCount": 4, "website": "https://1hive.io/"}, {"id": "28828.eth", "name": "28828 Family", "twitter": null, "proposalsCount": 3, "votesCount": 1, "followersCount": 4, "website": null}, {"id": "32222.eth", "name": "futuredao", "twitter": null, "proposalsCount": 3, "votesCount": 3, "followersCount": 2, "website": null}, {"id": "341125.eth", "name": "1125 DAO", "twitter": null, "proposalsCount": 2, "votesCount": 4, "followersCount": 2, "website": null}, {"id": "360buy.eth", "name": "zhenzhen", "twitter": "brainsz2", "proposalsCount": 2, "votesCount": 1, "followersCount": 5, "website": null}, {"id": "42x2zemoonboys.eth", "name": "safesnap", "twitter": null, "proposalsCount": 3, "votesCount": 3, "followersCount": 2, "website": null}, {"id": "55556.eth", "name": "55556", "twitter": null, "proposalsCount": 3, "votesCount": 3, "followersCount": 2, "website": null}, {"id": "55566.eth", "name": "55566dao", "twitter": null, "proposalsCount": 3, "votesCount": 3, "followersCount": 2, "website": null}, {"id": "613168.eth", "name": "hi", "twitter": null, "proposalsCount": 2, "votesCount": 4, "followersCount": 2, "website": null}, {"id": "66854.eth", "name": "000", "twitter": null, "proposalsCount": 3, "votesCount": 2, "followersCount": 3, "website": null}, {"id": "76666.eth", "name": "lzzzz", "twitter": null, "proposalsCount": 2, "votesCount": 2, "followersCount": 4, "website": null}, {"id": "77778.eth", "name": "77778", "twitter": null, "proposalsCount": 3, "votesCount": 3, "followersCount": 2, "website": null}, {"id": "88m88.eth", "name": "Metaverse Material Dao", "twitter": null, "proposalsCount": 1, "votesCount": 0, "followersCount": 7, "website": null}, {"id": "ags.eth", "name": "Collector Coin (AGS)", "twitter": "collectorcoin_", "proposalsCount": 1, "votesCount": 1, "followersCount": 6, "website": null}, {"id": "alteco.eth", "name": "Alteco", "twitter": "zenxv", "proposalsCount": 5, "votesCount": 0, "followersCount": 3, "website": null}, {"id": "anjmol", "name": "Aragon Network Moloch DAO", "twitter": null, "proposalsCount": 1, "votesCount": 1, "followersCount": 6, "website": null}, {"id": "anontreasury.eth", "name": "$ANON Treasury", "twitter": "ANON_ERC", "proposalsCount": 0, "votesCount": 0, "followersCount": 8, "website": "https://www.anonerc.com/"}, {"id": "appds.eth", "name": "ttswap", "twitter": null, "proposalsCount": 1, "votesCount": 0, "followersCount": 7, "website": null}]