[{"id": "polylandao.eth", "name": "PolyLand", "twitter": "thepolyland", "proposalsCount": 2, "votesCount": 0, "followersCount": 0, "website": "https://www.polyland.io/"}, {"id": "shinyobjects.eth", "name": "Shiny Object SC", "twitter": "shinyobjectsc", "proposalsCount": 3, "votesCount": 1, "followersCount": 48, "website": null}, {"id": "taraxa-project.eth", "name": "Taraxa Project", "twitter": "taraxa_project", "proposalsCount": 0, "votesCount": 0, "followersCount": 2, "website": "https://www.taraxa.io"}, {"id": "testmytoken.eth", "name": "testMyToken", "twitter": null, "proposalsCount": 24, "votesCount": 27, "followersCount": 1, "website": null}, {"id": "traw.944gm.eth", "name": "Technomage", "twitter": null, "proposalsCount": 16, "votesCount": 17, "followersCount": 19, "website": null}, {"id": "underfitted.eth", "name": "Underfitted Social Club", "twitter": "underfittedio", "proposalsCount": 2, "votesCount": 43, "followersCount": 7, "website": null}, {"id": "velotoken.eth", "name": "VELO Token", "twitter": null, "proposalsCount": 9, "votesCount": 42, "followersCount": 1, "website": null}, {"id": "yifeixu.eth", "name": "tinny eye dao", "twitter": null, "proposalsCount": 5, "votesCount": 20, "followersCount": 27, "website": null}, {"id": "yuyue.eth", "name": "yuyue", "twitter": null, "proposalsCount": 1, "votesCount": 0, "followersCount": 1, "website": null}, {"id": "gametheorytech.eth", "name": "Game Theory", "twitter": "GameTheoryTech", "proposalsCount": 3, "votesCount": 41, "followersCount": 8, "website": "https://gametheory.tech"}, {"id": "000eh.eth", "name": "sss", "twitter": null, "proposalsCount": 0, "votesCount": 0, "followersCount": 1, "website": null}, {"id": "007aabba.eth", "name": "ggbang", "twitter": null, "proposalsCount": 0, "votesCount": 0, "followersCount": 1, "website": null}, {"id": "04712.eth", "name": "testt", "twitter": null, "proposalsCount": 0, "votesCount": 0, "followersCount": 1, "website": null}, {"id": "0x1534.eth", "name": "youens", "twitter": null, "proposalsCount": 0, "votesCount": 0, "followersCount": 1, "website": null}, {"id": "0xalxn.eth", "name": "kok", "twitter": null, "proposalsCount": 1, "votesCount": 0, "followersCount": 0, "website": null}, {"id": "0xkexue.eth", "name": "kexue", "twitter": null, "proposalsCount": 0, "votesCount": 0, "followersCount": 1, "website": null}, {"id": "1024c.eth", "name": "1024C", "twitter": null, "proposalsCount": 0, "votesCount": 0, "followersCount": 1, "website": null}, {"id": "10arb.eth", "name": "btc", "twitter": null, "proposalsCount": 0, "votesCount": 0, "followersCount": 1, "website": null}, {"id": "12301.eth", "name": "12301DAO", "twitter": null, "proposalsCount": 4, "votesCount": 27, "followersCount": 20, "website": null}]