[{"id": "0xgsd.eth", "name": "Gold Standard DAO", "twitter": "GoldStandardDAO", "proposalsCount": 0, "votesCount": 0, "followersCount": 16, "website": "https://the-goldstandard.io"}, {"id": "13875.eth", "name": "fg", "twitter": null, "proposalsCount": 7, "votesCount": 6, "followersCount": 3, "website": null}, {"id": "1788.eth", "name": "BlockSwap Network", "twitter": "Blockswap_team", "proposalsCount": 2, "votesCount": 2, "followersCount": 12, "website": null}, {"id": "411protocol.eth", "name": "YAM", "twitter": null, "proposalsCount": 5, "votesCount": 6, "followersCount": 5, "website": null}, {"id": "600047.eth", "name": "wxdai", "twitter": "NevaehPiper11", "proposalsCount": 1, "votesCount": 13, "followersCount": 2, "website": null}, {"id": "600124.eth", "name": "USDT(XDAI)", "twitter": "CoraKaylee3", "proposalsCount": 1, "votesCount": 10, "followersCount": 5, "website": null}, {"id": "91pron.eth", "name": "playtoearn", "twitter": null, "proposalsCount": 7, "votesCount": 7, "followersCount": 2, "website": null}, {"id": "98capital.eth", "name": "\u97ed\u83dcDAO", "twitter": null, "proposalsCount": 6, "votesCount": 9, "followersCount": 1, "website": null}, {"id": "alnairdao.eth", "name": "Alnair Finance", "twitter": "Alnair_Finance", "proposalsCount": 2, "votesCount": 11, "followersCount": 3, "website": "https://alnair.finance"}, {"id": "beitmenotyou.eth", "name": "DeFi Alliance DAO", "twitter": "defialliance_", "proposalsCount": 3, "votesCount": 9, "followersCount": 4, "website": "https://defialliance.finance"}, {"id": "bostoncollegeblockchain.eth", "name": "BC Blockchain DAO", "twitter": null, "proposalsCount": 1, "votesCount": 13, "followersCount": 2, "website": null}, {"id": "bote", "name": "BOTE LABS", "twitter": null, "proposalsCount": 2, "votesCount": 13, "followersCount": 1, "website": null}, {"id": "btc2moon.eth", "name": "btc2moonDao", "twitter": null, "proposalsCount": 2, "votesCount": 6, "followersCount": 8, "website": null}, {"id": "btcyan.eth", "name": "btcyan", "twitter": null, "proposalsCount": 1, "votesCount": 5, "followersCount": 10, "website": null}, {"id": "bunnypunk.eth", "name": "Bunny Punk", "twitter": "bunny_punk_NFT", "proposalsCount": 1, "votesCount": 10, "followersCount": 5, "website": "https://bunnypunk.io"}, {"id": "carinfo.eth", "name": "carinfo", "twitter": null, "proposalsCount": 1, "votesCount": 12, "followersCount": 3, "website": null}, {"id": "catrinstieber.eth", "name": "assessment", "twitter": null, "proposalsCount": 5, "votesCount": 7, "followersCount": 4, "website": null}, {"id": "chadfixyz.eth", "name": "ChadFi", "twitter": "chadfixyz", "proposalsCount": 1, "votesCount": 13, "followersCount": 2, "website": null}, {"id": "chenyunfei.eth", "name": "chenyunfei", "twitter": null, "proposalsCount": 2, "votesCount": 11, "followersCount": 3, "website": null}, {"id": "chiliagon.eth", "name": "Chiliagon", "twitter": "chiliagons", "proposalsCount": 4, "votesCount": 3, "followersCount": 9, "website": null}]