[{"id": "chillrx.eth", "name": "CHILL RX ", "twitter": "iamchillpill", "proposalsCount": 5, "votesCount": 200, "followersCount": 28, "website": null}, {"id": "genomesdao.eth", "name": "GenomesDAO", "twitter": "GenomesDAO", "proposalsCount": 11, "votesCount": 146, "followersCount": 76, "website": null}, {"id": "kift.eth", "name": "Kift DAO", "twitter": "kiftlife", "proposalsCount": 6, "votesCount": 198, "followersCount": 29, "website": "https://kiftdao.xyz/"}, {"id": "kong.eth", "name": "KONG Land", "twitter": "kongiscash", "proposalsCount": 8, "votesCount": 137, "followersCount": 88, "website": null}, {"id": "sewerratsocialclub.eth", "name": "Sewer Rat Social Club", "twitter": "SewerRats_NFT", "proposalsCount": 5, "votesCount": 118, "followersCount": 110, "website": null}, {"id": "whitedev.eth", "name": "White", "twitter": "WhiteETHtoken", "proposalsCount": 5, "votesCount": 118, "followersCount": 10, "website": null}, {"id": "jiaozi", "name": "JIAOZI", "twitter": null, "proposalsCount": 30, "votesCount": 203, "followersCount": 0, "website": null}, {"id": "bondone.eth", "name": "xDAO", "twitter": null, "proposalsCount": 22, "votesCount": 192, "followersCount": 18, "website": null}, {"id": "moitessier.eth", "name": "Pangolin Songbird", "twitter": "pangolin_flare", "proposalsCount": 3, "votesCount": 149, "followersCount": 80, "website": "https://pangolin.exchange"}, {"id": "thehongkonguniversityofscienceandtechnology.eth", "name": "Jalicse1Jalicse", "twitter": null, "proposalsCount": 18, "votesCount": 190, "followersCount": 24, "website": null}, {"id": "ethereumio.eth", "name": "ethereumio", "twitter": null, "proposalsCount": 7, "votesCount": 220, "followersCount": 5, "website": null}, {"id": "loveens.eth", "name": "usdc-2", "twitter": null, "proposalsCount": 6, "votesCount": 8, "followersCount": 18, "website": null}, {"id": "pollyfinance.eth", "name": "Polly Finance", "twitter": "thebaoman", "proposalsCount": 5, "votesCount": 166, "followersCount": 61, "website": null}, {"id": "computercowgirls.eth", "name": "Bad Habits Club by CmptrCowgirls", "twitter": "cmptrcowgirls", "proposalsCount": 10, "votesCount": 206, "followersCount": 15, "website": "https://www.computercowgirls.io"}, {"id": "defiall.eth", "name": "JOJO", "twitter": null, "proposalsCount": 51, "votesCount": 96, "followersCount": 84, "website": null}, {"id": "djgn.eth", "name": "Juggernaut (JGN) DeFi", "twitter": "JGNDeFi", "proposalsCount": 4, "votesCount": 220, "followersCount": 7, "website": null}, {"id": "glidefinance.eth", "name": "Glide Finance", "twitter": "GlideFinance", "proposalsCount": 5, "votesCount": 147, "followersCount": 79, "website": null}, {"id": "divinebeings.eth", "name": "Divine DAO", "twitter": "DivineBeingsNFT", "proposalsCount": 6, "votesCount": 195, "followersCount": 30, "website": null}, {"id": "thewolfgame.eth", "name": "Minotaur Money", "twitter": "Minotaur_Money", "proposalsCount": 6, "votesCount": 204, "followersCount": 20, "website": null}, {"id": "sideways.eth", "name": "SIDEWAYS", "twitter": "DAOsideways", "proposalsCount": 11, "votesCount": 198, "followersCount": 21, "website": "https://sidewaysdao.xyz"}]