[{"id": "foodiefinder.eth", "name": "\u52378", "twitter": null, "proposalsCount": 10, "votesCount": 0, "followersCount": 11, "website": null}, {"id": "iyibao.eth", "name": "stdhjlfuij", "twitter": null, "proposalsCount": 6, "votesCount": 11, "followersCount": 4, "website": null}, {"id": "waterberry.eth", "name": "\ud83e\uddf6\ud83e\uddf6\ud83e\uddf6", "twitter": null, "proposalsCount": 10, "votesCount": 10, "followersCount": 1, "website": null}, {"id": "zoocoin.eth", "name": "ZooGovernance", "twitter": "CoinZoo", "proposalsCount": 4, "votesCount": 1045, "followersCount": 22, "website": null}, {"id": "aiwallet.eth", "name": "Oldmaster", "twitter": null, "proposalsCount": 4, "votesCount": 778, "followersCount": 238, "website": null}, {"id": "8dao.eth", "name": "8DAO", "twitter": "8dao8dao", "proposalsCount": 9, "votesCount": 169, "followersCount": 36, "website": "https://8dao.io/"}, {"id": "apepooclub.eth", "name": "Ape Poo Club", "twitter": "apepooclub", "proposalsCount": 18, "votesCount": 1010, "followersCount": 31, "website": null}, {"id": "thalesgov.eth", "name": "Thales Governance", "twitter": "thalesmarket", "proposalsCount": 136, "votesCount": 821, "followersCount": 98, "website": null}, {"id": "luxbiocell.eth", "name": "Lux Bio Cell", "twitter": "LBXCofficial", "proposalsCount": 2, "votesCount": 17, "followersCount": 1036, "website": "https://lbxc.io/"}, {"id": "xiaowukong.eth", "name": "DragonBall", "twitter": null, "proposalsCount": 31, "votesCount": 807, "followersCount": 215, "website": null}, {"id": "donpepecoin.eth", "name": "DONPEPE", "twitter": "donpepecoineth", "proposalsCount": 5, "votesCount": 40, "followersCount": 6, "website": "https://donpepe.io"}, {"id": "rebellionprotocol.eth", "name": "Rebellion Protocol DAO", "twitter": "RebellionToken", "proposalsCount": 0, "votesCount": 0, "followersCount": 1050, "website": "https://rebellionprotocol.com/"}, {"id": "pluscompany.eth", "name": "+DAO", "twitter": null, "proposalsCount": 4, "votesCount": 18, "followersCount": 25, "website": "https://www.plusconnect.io"}, {"id": "skelliedao.eth", "name": "SkellieDAO", "twitter": "spectralskellie", "proposalsCount": 4, "votesCount": 742, "followersCount": 301, "website": null}, {"id": "shogunsamuraisdao.eth", "name": "ShogunSamurais", "twitter": "ShogunSamurais", "proposalsCount": 4, "votesCount": 860, "followersCount": 132, "website": null}, {"id": "city.fwb.eth", "name": "FWB Cities", "twitter": "fwbtweets", "proposalsCount": 7, "votesCount": 902, "followersCount": 85, "website": null}, {"id": "fancybearsdao.eth", "name": "Fancy Bears Metaverse", "twitter": "fancybearsmeta", "proposalsCount": 8, "votesCount": 812, "followersCount": 168, "website": null}, {"id": "pranjalbora.eth", "name": "Airdrop Adventure DAO", "twitter": "Airdrop_Adv", "proposalsCount": 1, "votesCount": 840, "followersCount": 93, "website": "https://twitter.com/Airdrop_Adv"}, {"id": "surfcapital.eth", "name": "LINUS", "twitter": "LLinuscrypto", "proposalsCount": 9, "votesCount": 173, "followersCount": 2, "website": "https://twitter.com/LLinuscrypto"}, {"id": "beranames.eth", "name": "Beranouns", "twitter": "beranouns", "proposalsCount": 3, "votesCount": 917, "followersCount": 109, "website": "https://www.beranouns.com/"}]