[{"id": "oasisapes.eth", "name": "Oasis Apes Club", "twitter": "apesoasis", "proposalsCount": 1, "votesCount": 16, "followersCount": 41, "website": null}, {"id": "boqinba.eth", "name": "shibdao", "twitter": null, "proposalsCount": 2, "votesCount": 35, "followersCount": 20, "website": null}, {"id": "czar.storymode.eth", "name": "C.Z.A.R.", "twitter": null, "proposalsCount": 1, "votesCount": 54, "followersCount": 2, "website": null}, {"id": "dao.murall.eth", "name": "MurAll DAO", "twitter": "MurAll_art", "proposalsCount": 1, "votesCount": 34, "followersCount": 22, "website": "https://murall.art"}, {"id": "dtoolsdefi.eth", "name": "dTools", "twitter": null, "proposalsCount": 17, "votesCount": 24, "followersCount": 16, "website": "https://dtools.net"}, {"id": "fundverse.eth", "name": "FUNDverse", "twitter": null, "proposalsCount": 10, "votesCount": 8, "followersCount": 39, "website": null}, {"id": "karatecombat.eth", "name": "Karate Combat", "twitter": "KarateCombat", "proposalsCount": 5, "votesCount": 51, "followersCount": 1, "website": "https://karate.com"}, {"id": "kendir.eth", "name": "Kendir DAO", "twitter": null, "proposalsCount": 10, "votesCount": 31, "followersCount": 16, "website": null}, {"id": "legacystake.eth", "name": "Legacy Stake", "twitter": "LegacyStake", "proposalsCount": 1, "votesCount": 49, "followersCount": 7, "website": "https://legacystake.com"}, {"id": "lok.yieldguild.eth", "name": "YGG League of Kingdoms", "twitter": null, "proposalsCount": 6, "votesCount": 34, "followersCount": 17, "website": null}, {"id": "losruan.eth", "name": "\u96f6\u79d2\u51fa\u624b", "twitter": null, "proposalsCount": 4, "votesCount": 2, "followersCount": 1, "website": null}, {"id": "multiface.eth", "name": "Multiface DAO", "twitter": null, "proposalsCount": 1, "votesCount": 40, "followersCount": 16, "website": "https://app.mfdao.pro"}, {"id": "nftfydao.eth", "name": "NFTFY DAO", "twitter": "nftfyofficial", "proposalsCount": 4, "votesCount": 33, "followersCount": 20, "website": "https://nftfy.org"}, {"id": "rabbitdao.eth", "name": "Rabbit-DAO", "twitter": "", "proposalsCount": 11, "votesCount": 27, "followersCount": 19, "website": null}, {"id": "reaperdao.eth", "name": "Reaper DAO", "twitter": "reapercouncil", "proposalsCount": 2, "votesCount": 30, "followersCount": 25, "website": null}, {"id": "rentfun.eth", "name": "RentFun", "twitter": "rentfun_io", "proposalsCount": 3, "votesCount": 49, "followersCount": 5, "website": "https://rentfun.io/"}, {"id": "rm3302.eth", "name": "hu dao", "twitter": null, "proposalsCount": 3, "votesCount": 2, "followersCount": 2, "website": null}, {"id": "slgov.eth", "name": "Shattered Legion", "twitter": "SLGLegion", "proposalsCount": 0, "votesCount": 0, "followersCount": 7, "website": "https://slg.games"}, {"id": "test-klaytn-dex.eth", "name": "test-klaytn-dex", "twitter": null, "proposalsCount": 34, "votesCount": 11, "followersCount": 12, "website": null}, {"id": "toadswapdao.eth", "name": "ToadSwap", "twitter": "luckytoadeth", "proposalsCount": 2, "votesCount": 50, "followersCount": 5, "website": "https://LuckyToad.dev"}]