[{"id": "honeydao.eth", "name": "Honey DAO", "twitter": "HoneyDAO_", "proposalsCount": 33, "votesCount": 1817, "followersCount": 108, "website": null}, {"id": "noundles-vote.eth", "name": "Noundles", "twitter": "noundles", "proposalsCount": 5, "votesCount": 1847, "followersCount": 103, "website": null}, {"id": "ferrum-network.eth", "name": "Ferrum Network", "twitter": "FerrumNetwork", "proposalsCount": 3, "votesCount": 124, "followersCount": 26, "website": "https://ferrum.network/"}, {"id": "wumingqi.eth", "name": "snapshot", "twitter": "wumingqi123", "proposalsCount": 11, "votesCount": 332, "followersCount": 697, "website": null}, {"id": "abercrombyabercrombyabercrombyabercromby.eth", "name": "cande", "twitter": null, "proposalsCount": 7, "votesCount": 24, "followersCount": 7, "website": null}, {"id": "fase33352.eth", "name": "12dd", "twitter": null, "proposalsCount": 1, "votesCount": 36, "followersCount": 1, "website": null}, {"id": "nudiecommunityofficial.eth", "name": "Nudie Community Official", "twitter": "nudiecommunity", "proposalsCount": 16, "votesCount": 1846, "followersCount": 70, "website": null}, {"id": "joker520.eth", "name": "Rainbow dao", "twitter": "rainbow", "proposalsCount": 8, "votesCount": 1089, "followersCount": 523, "website": "https://twitter.com/rainbowdotme"}, {"id": "yggspl.eth", "name": "YGG Splinterlands", "twitter": null, "proposalsCount": 62, "votesCount": 881, "followersCount": 73, "website": null}, {"id": "snap.0xf0mo.eth", "name": "0xF0mo - DAO", "twitter": "0xf0mo", "proposalsCount": 45, "votesCount": 0, "followersCount": 13, "website": "https://mirror.xyz/0xf0mo.eth"}, {"id": "cryptoongoonz.eth", "name": "Cryptoon Goonz", "twitter": "cryptoon_goonz", "proposalsCount": 9, "votesCount": 1544, "followersCount": 338, "website": "https://www.cryptoongoonz.com/"}, {"id": "170513.eth", "name": "\u4e00\u8d77\u53d1\u8d22", "twitter": null, "proposalsCount": 110, "votesCount": 143, "followersCount": 87, "website": null}, {"id": "adelineadelineadelineadelineadelineadeline.eth", "name": "canddda", "twitter": null, "proposalsCount": 11, "votesCount": 15, "followersCount": 11, "website": null}, {"id": "callofdragons.eth", "name": "212", "twitter": null, "proposalsCount": 11, "votesCount": 15, "followersCount": 11, "website": null}, {"id": "polytrade.eth", "name": "btc100w", "twitter": null, "proposalsCount": 13, "votesCount": 23, "followersCount": 1, "website": null}, {"id": "savedpixels.eth", "name": "Saved Pixels", "twitter": "SavedPixels", "proposalsCount": 12, "votesCount": 531, "followersCount": 73, "website": null}, {"id": "babybirdezdao.eth", "name": "Baby Birdez DAO", "twitter": null, "proposalsCount": 41, "votesCount": 1586, "followersCount": 236, "website": null}, {"id": "decubategov.eth", "name": "Decubate.com", "twitter": "decubate", "proposalsCount": 5, "votesCount": 692, "followersCount": 362, "website": "https://www.decubate.com/"}, {"id": "yashadao.eth", "name": "YashaDao", "twitter": "yashatoken", "proposalsCount": 38, "votesCount": 1466, "followersCount": 342, "website": null}, {"id": "earndeficoin.eth", "name": "EarnDefiCoin", "twitter": null, "proposalsCount": 5, "votesCount": 1826, "followersCount": 5, "website": null}]