[{"id": "casinos.joints.eth", "name": "CASINOSDAO", "twitter": null, "proposalsCount": 1, "votesCount": 1, "followersCount": 1, "website": null}, {"id": "cassfinch.eth", "name": "FINCH", "twitter": null, "proposalsCount": 1, "votesCount": 1, "followersCount": 1, "website": null}, {"id": "cd999.eth", "name": "cd999", "twitter": null, "proposalsCount": 1, "votesCount": 1, "followersCount": 1, "website": null}, {"id": "ceproject.eth", "name": "CEProject", "twitter": null, "proposalsCount": 1, "votesCount": 2, "followersCount": 0, "website": null}, {"id": "cerealboxdao.eth", "name": "cereal box dao", "twitter": "cerealboxdao", "proposalsCount": 0, "votesCount": 0, "followersCount": 3, "website": "https://www.cerealbox.wtf/"}, {"id": "champstable.eth", "name": "Champions Table", "twitter": null, "proposalsCount": 1, "votesCount": 1, "followersCount": 1, "website": null}, {"id": "chaochao.eth", "name": "chaochao", "twitter": "", "proposalsCount": 1, "votesCount": 1, "followersCount": 1, "website": null}, {"id": "chat.joints.eth", "name": "CHATDAO", "twitter": null, "proposalsCount": 1, "votesCount": 1, "followersCount": 1, "website": null}, {"id": "chat.openuse.eth", "name": "CHATDAO", "twitter": null, "proposalsCount": 1, "votesCount": 1, "followersCount": 1, "website": null}, {"id": "chenningzhao.eth", "name": "123", "twitter": null, "proposalsCount": 2, "votesCount": 0, "followersCount": 1, "website": null}, {"id": "cherkash.eth", "name": "quartal", "twitter": null, "proposalsCount": 1, "votesCount": 0, "followersCount": 2, "website": null}, {"id": "chicago.joints.eth", "name": "CHICAGODAO", "twitter": null, "proposalsCount": 1, "votesCount": 1, "followersCount": 1, "website": null}, {"id": "chicago.lovesyou.eth", "name": "CHICAGODAO", "twitter": null, "proposalsCount": 1, "votesCount": 1, "followersCount": 1, "website": null}, {"id": "china-cdt.eth", "name": "CHina-cdt", "twitter": null, "proposalsCount": 2, "votesCount": 0, "followersCount": 1, "website": null}, {"id": "china.ensmaxisfam.eth", "name": "ChinaDAO", "twitter": null, "proposalsCount": 1, "votesCount": 1, "followersCount": 1, "website": null}, {"id": "china.freesubs.eth", "name": "CHINADAO", "twitter": null, "proposalsCount": 1, "votesCount": 1, "followersCount": 1, "website": null}, {"id": "china.joints.eth", "name": "CHINAdao", "twitter": null, "proposalsCount": 1, "votesCount": 1, "followersCount": 1, "website": null}, {"id": "chinese.joints.eth", "name": "CHINESEDAO", "twitter": null, "proposalsCount": 1, "votesCount": 1, "followersCount": 1, "website": null}, {"id": "chinese.openuse.eth", "name": "CHINESEDAO", "twitter": null, "proposalsCount": 1, "votesCount": 1, "followersCount": 1, "website": null}, {"id": "chobit010.eth", "name": "Chobits", "twitter": null, "proposalsCount": 1, "votesCount": 1, "followersCount": 1, "website": null}]