[{"id": "bitccc.eth", "name": "bitcc", "twitter": null, "proposalsCount": 2, "votesCount": 316, "followersCount": 10, "website": null}, {"id": "bitcoinevm.eth", "name": "Bitcoin EVM", "twitter": "bitcoinevm", "proposalsCount": 0, "votesCount": 0, "followersCount": 7, "website": "https://bitcoinevm.com"}, {"id": "bitcoinpl.eth", "name": "lugeadus", "twitter": "lugeadus", "proposalsCount": 0, "votesCount": 0, "followersCount": 2, "website": null}, {"id": "bitcoinup.eth", "name": "bitcoinuponly", "twitter": null, "proposalsCount": 1, "votesCount": 247, "followersCount": 5, "website": null}, {"id": "bitfunder.eth", "name": "DEFI\u7231\u597d\u8005", "twitter": "RachiluueK", "proposalsCount": 4, "votesCount": 42, "followersCount": 17, "website": "https://twitter.com/RachiluueK"}, {"id": "bitjade.eth", "name": "metaDAO", "twitter": null, "proposalsCount": 2, "votesCount": 4, "followersCount": 1, "website": null}, {"id": "bitma88.eth", "name": "bearDAO", "twitter": null, "proposalsCount": 1, "votesCount": 1, "followersCount": 1, "website": "https://en.wikipedia.org/wiki/Bear"}, {"id": "bitsun.eth", "name": "NFT\u4e2d\u56fd", "twitter": null, "proposalsCount": 0, "votesCount": 0, "followersCount": 1, "website": null}, {"id": "bitterorange.eth", "name": "bitterorange", "twitter": null, "proposalsCount": 1, "votesCount": 1, "followersCount": 1, "website": null}, {"id": "bittopia.eth", "name": "Bittopia University", "twitter": "bittopia_", "proposalsCount": 0, "votesCount": 0, "followersCount": 2, "website": "https://bittopia.org"}, {"id": "bityardglobal.eth", "name": "BitYard", "twitter": "bityard_global", "proposalsCount": 0, "votesCount": 0, "followersCount": 1, "website": "https://www.bityard.com"}, {"id": "biyin.eth", "name": "Set up an activity group", "twitter": null, "proposalsCount": 0, "votesCount": 0, "followersCount": 4, "website": null}, {"id": "biying.eth", "name": "an activity group", "twitter": null, "proposalsCount": 0, "votesCount": 0, "followersCount": 3, "website": null}, {"id": "bkbto.eth", "name": "bitke", "twitter": null, "proposalsCount": 2, "votesCount": 4, "followersCount": 2, "website": null}, {"id": "blackrawbit.eth", "name": "Black_RawBit", "twitter": "Black_Rawbit", "proposalsCount": 0, "votesCount": 0, "followersCount": 0, "website": null}, {"id": "blank1u.eth", "name": "blank1u", "twitter": null, "proposalsCount": 2, "votesCount": 4, "followersCount": 3, "website": null}, {"id": "blattz.eth", "name": "Streetlab.io", "twitter": "Streetlab_io", "proposalsCount": 1, "votesCount": 0, "followersCount": 1, "website": "https://streetlab.io/"}, {"id": "bldrspace.eth", "name": "bldr space", "twitter": null, "proposalsCount": 1, "votesCount": 11, "followersCount": 12, "website": "https://www.thebldr.space/"}, {"id": "blessoncs.eth", "name": "BLESSON", "twitter": "ARNOLDBLESSONCS", "proposalsCount": 0, "votesCount": 0, "followersCount": 0, "website": null}, {"id": "blkpnk.eth", "name": "Blkpnk", "twitter": "darcygrey26", "proposalsCount": 0, "votesCount": 0, "followersCount": 0, "website": null}]