[{"id": "webens.eth", "name": "web3\u4e0e\u519c\u6c11", "twitter": null, "proposalsCount": 1, "votesCount": 2, "followersCount": 2, "website": null}, {"id": "webn.eth", "name": "\u5154\u5b50\u6d1e\u6295\u7968\u4eba\u7269", "twitter": null, "proposalsCount": 10, "votesCount": 326, "followersCount": 57, "website": null}, {"id": "webye.eth", "name": "webye", "twitter": "ye62666", "proposalsCount": 2, "votesCount": 166, "followersCount": 1, "website": null}, {"id": "wecoins.eth", "name": "Forart", "twitter": null, "proposalsCount": 0, "votesCount": 0, "followersCount": 0, "website": null}, {"id": "wecreateproject.eth", "name": "we create project", "twitter": "wecreateproject", "proposalsCount": 0, "votesCount": 0, "followersCount": 1, "website": "https://wecreateproject.com"}, {"id": "wedaoit.eth", "name": "WeDAOit", "twitter": null, "proposalsCount": 0, "votesCount": 0, "followersCount": 0, "website": "https://www.wedaoit.com"}, {"id": "weekup.eth", "name": "aaron", "twitter": null, "proposalsCount": 0, "votesCount": 0, "followersCount": 2, "website": null}, {"id": "weiweiyang.eth", "name": "WEI DAO", "twitter": "weiweiyang1989", "proposalsCount": 1, "votesCount": 8, "followersCount": 3, "website": "https://www.kevinfantasy.com"}, {"id": "weizheng0628.eth", "name": "weizheng028", "twitter": "ZhengWe9488855", "proposalsCount": 1, "votesCount": 1, "followersCount": 1, "website": null}, {"id": "weizheng9891.eth", "name": "weizheng9891", "twitter": "weizheng9891", "proposalsCount": 3, "votesCount": 34, "followersCount": 30, "website": null}, {"id": "wemet.eth", "name": "Wemet", "twitter": "wemet116", "proposalsCount": 1, "votesCount": 2, "followersCount": 1, "website": null}, {"id": "wenfeixiang.eth", "name": "Startup DAO", "twitter": null, "proposalsCount": 0, "votesCount": 0, "followersCount": 0, "website": null}, {"id": "wenze888.eth", "name": "club wen", "twitter": null, "proposalsCount": 1, "votesCount": 7, "followersCount": 7, "website": null}, {"id": "wenzhijuan111.eth", "name": "zj", "twitter": null, "proposalsCount": 0, "votesCount": 0, "followersCount": 0, "website": null}, {"id": "werewolfdao.eth", "name": "Werewolves DAO", "twitter": null, "proposalsCount": 0, "votesCount": 0, "followersCount": 0, "website": null}, {"id": "werunicorn.eth", "name": "werunicorn", "twitter": null, "proposalsCount": 5, "votesCount": 6, "followersCount": 0, "website": null}, {"id": "wesign.eth", "name": "EthSign", "twitter": "ethsign", "proposalsCount": 1, "votesCount": 5, "followersCount": 3, "website": "https://www.ethsign.xyz/"}, {"id": "westpunk.eth", "name": "Roadpunks", "twitter": null, "proposalsCount": 2, "votesCount": 12, "followersCount": 3, "website": null}, {"id": "wfield.eth", "name": "SADO NFT PLAN CONTEST", "twitter": "sado_niigataNFT", "proposalsCount": 1, "votesCount": 4, "followersCount": 2, "website": "https://sado-nft-plan.com/"}, {"id": "whale-pod.eth", "name": "Whalepod", "twitter": "metapacgroup", "proposalsCount": 1, "votesCount": 4, "followersCount": 11, "website": "https://venture.metapac.io"}]