[{"id": "kanyeyeye.eth", "name": "rubbish universe ", "twitter": "wandererwtf", "proposalsCount": 1, "votesCount": 212, "followersCount": 6, "website": "https://www.rubbishbeast.com/#/"}, {"id": "strategy.ilv-gov.eth", "name": "Strategy Sub Council", "twitter": null, "proposalsCount": 3, "votesCount": 13, "followersCount": 3, "website": null}, {"id": "0xpeopledao.eth", "name": "PeopleDAO", "twitter": "peopleDAO_org", "proposalsCount": 14, "votesCount": 133, "followersCount": 71, "website": null}, {"id": "thegirlsofarmament.eth", "name": "The Girls of Armament: GENE_SIS", "twitter": "GENESIS_SENSHI", "proposalsCount": 1, "votesCount": 201, "followersCount": 16, "website": "https://tgoagenesis.com/"}, {"id": "thelyceum.eth", "name": "The Lyceum", "twitter": "lyceum42", "proposalsCount": 42, "votesCount": 148, "followersCount": 28, "website": "https://www.thelyceum.xyz/"}, {"id": "bbchickens.eth", "name": "BBChickens", "twitter": "bbchickens", "proposalsCount": 21, "votesCount": 180, "followersCount": 16, "website": "https://www.bbchickens.io"}, {"id": "fatexdao.eth", "name": "FATExDAO", "twitter": "FATExDAO", "proposalsCount": 27, "votesCount": 173, "followersCount": 17, "website": "https://www.FATExDAO.io"}, {"id": "fusedao.eth", "name": "Fuse Network", "twitter": "Fuse_network", "proposalsCount": 22, "votesCount": 136, "followersCount": 59, "website": "https://forum.fuse.io"}, {"id": "oxfordblockchain.eth", "name": "Oxford Blockchain Society", "twitter": null, "proposalsCount": 22, "votesCount": 190, "followersCount": 5, "website": "https://www.oxfordblockchain.co.uk/"}, {"id": "rehashweb3.eth", "name": "Rehash DAO", "twitter": "rehashweb3", "proposalsCount": 46, "votesCount": 126, "followersCount": 45, "website": "https://www.rehashweb3.xyz/"}, {"id": "boredbananas.eth", "name": "Bored Bananas", "twitter": "bored_bananas", "proposalsCount": 1, "votesCount": 205, "followersCount": 11, "website": null}, {"id": "bossdaovote.eth", "name": "BOSSDAO", "twitter": "wearebossdao", "proposalsCount": 4, "votesCount": 105, "followersCount": 107, "website": "https://www.bossdao.net/"}, {"id": "cvldao.eth", "name": "Civilization Network", "twitter": "cvl_network", "proposalsCount": 2, "votesCount": 124, "followersCount": 90, "website": "https://cvl.network"}, {"id": "interfacedao.eth", "name": "Interface DAO", "twitter": "interfacedapp", "proposalsCount": 3, "votesCount": 158, "followersCount": 55, "website": "https://interface.social/"}, {"id": "singlefinance.eth", "name": "Single Finance", "twitter": "single_finance", "proposalsCount": 3, "votesCount": 72, "followersCount": 91, "website": "https://app.singlefinance.io/"}, {"id": "thelockeys.eth", "name": "The Lockeys DAO", "twitter": "unlockd_finance", "proposalsCount": 1, "votesCount": 139, "followersCount": 76, "website": "https://www.unlockd.finance/"}, {"id": "150170.eth", "name": "Syndicate   club", "twitter": null, "proposalsCount": 7, "votesCount": 156, "followersCount": 52, "website": null}, {"id": "flux-bsc.eth", "name": "Flux-BSC DAO", "twitter": null, "proposalsCount": 7, "votesCount": 153, "followersCount": 55, "website": null}, {"id": "franklindao.eth", "name": "FranklinDAO", "twitter": "PennBlockchain", "proposalsCount": 5, "votesCount": 156, "followersCount": 53, "website": "http://pennblockchain.com/"}, {"id": "leverageinu.eth", "name": "Leverage Inu", "twitter": "leverageinu", "proposalsCount": 3, "votesCount": 153, "followersCount": 58, "website": "https://www.levi.finance/"}]