[{"id": "empyreansource.eth", "name": "Empyrean Source", "twitter": null, "proposalsCount": 0, "votesCount": 0, "followersCount": 0, "website": null}, {"id": "emrizblaq.eth", "name": "Buzz Network", "twitter": "emrizblaq", "proposalsCount": 1, "votesCount": 1, "followersCount": 1, "website": "https://www.buzznetwork.com"}, {"id": "emusk0.eth", "name": "raftar", "twitter": "ram_ramscp6", "proposalsCount": 0, "votesCount": 0, "followersCount": 0, "website": null}, {"id": "enase.eth", "name": "enase", "twitter": null, "proposalsCount": 1, "votesCount": 3, "followersCount": 1, "website": null}, {"id": "encodeorg.eth", "name": "encode.org", "twitter": null, "proposalsCount": 0, "votesCount": 0, "followersCount": 0, "website": "https://encode.org/"}, {"id": "encryptables.eth", "name": "Encryptables DAO", "twitter": "encryptables_io", "proposalsCount": 0, "votesCount": 0, "followersCount": 2, "website": "https://encryptables.io/"}, {"id": "endeth.eth", "name": "MMNN666999", "twitter": null, "proposalsCount": 1, "votesCount": 1, "followersCount": 1, "website": null}, {"id": "enirod.eth", "name": "enirod", "twitter": null, "proposalsCount": 0, "votesCount": 0, "followersCount": 0, "website": null}, {"id": "ennns.eth", "name": "DeveloperDao", "twitter": null, "proposalsCount": 0, "votesCount": 0, "followersCount": 0, "website": null}, {"id": "enriquepoo.eth", "name": "TEST", "twitter": null, "proposalsCount": 1, "votesCount": 1, "followersCount": 0, "website": null}, {"id": "ens.forev0.eth", "name": "MfcDao", "twitter": null, "proposalsCount": 35, "votesCount": 118, "followersCount": 158, "website": null}, {"id": "ens667.eth", "name": "Ens667", "twitter": null, "proposalsCount": 0, "votesCount": 0, "followersCount": 1, "website": null}, {"id": "ens86.eth", "name": "NoKuiClub", "twitter": null, "proposalsCount": 7, "votesCount": 929, "followersCount": 75, "website": null}, {"id": "ensbaby.eth", "name": "baby", "twitter": null, "proposalsCount": 1, "votesCount": 1, "followersCount": 1, "website": null}, {"id": "ensbd.eth", "name": "MD SHOZIB SHEAK", "twitter": "SheakShozib", "proposalsCount": 0, "votesCount": 0, "followersCount": 1, "website": "https://twitter.com/SheakShozib"}, {"id": "enseth.eth", "name": "WEB 3 DAO DAO", "twitter": null, "proposalsCount": 1, "votesCount": 1, "followersCount": 1, "website": null}, {"id": "ensfafa.eth", "name": "ensceshi", "twitter": null, "proposalsCount": 3, "votesCount": 4, "followersCount": 12, "website": null}, {"id": "enshe.eth", "name": "enshe", "twitter": null, "proposalsCount": 2, "votesCount": 220, "followersCount": 31, "website": null}, {"id": "enskiller.eth", "name": "KILL ENS", "twitter": null, "proposalsCount": 1, "votesCount": 5, "followersCount": 8, "website": null}, {"id": "ensss.eth", "name": "ENS DAO", "twitter": null, "proposalsCount": 0, "votesCount": 0, "followersCount": 5, "website": null}]