[{"id": "037170.eth", "name": "Ryan Clark", "twitter": null, "proposalsCount": 1, "votesCount": 1, "followersCount": 1, "website": null}, {"id": "038250.eth", "name": "Patrick Turner", "twitter": null, "proposalsCount": 1, "votesCount": 1, "followersCount": 1, "website": null}, {"id": "039680.eth", "name": "Aaron Mitchell", "twitter": null, "proposalsCount": 1, "votesCount": 1, "followersCount": 1, "website": null}, {"id": "040140.eth", "name": "Natalie Walker", "twitter": null, "proposalsCount": 1, "votesCount": 1, "followersCount": 1, "website": null}, {"id": "040770.eth", "name": "Bailey Foster", "twitter": null, "proposalsCount": 1, "votesCount": 1, "followersCount": 1, "website": null}, {"id": "045720.eth", "name": "Angela Thompson", "twitter": null, "proposalsCount": 1, "votesCount": 1, "followersCount": 1, "website": null}, {"id": "047025.eth", "name": "Allison Sullivan", "twitter": null, "proposalsCount": 1, "votesCount": 1, "followersCount": 1, "website": null}, {"id": "0c3e2.eth", "name": "btc\u7684\u4ef7\u683c", "twitter": null, "proposalsCount": 1, "votesCount": 2, "followersCount": 0, "website": "https://twitter.com/SueMurr13914194"}, {"id": "0x0935.eth", "name": "houemns", "twitter": null, "proposalsCount": 1, "votesCount": 1, "followersCount": 1, "website": null}, {"id": "0x0xbaby.eth", "name": "GJIHU", "twitter": null, "proposalsCount": 1, "votesCount": 1, "followersCount": 1, "website": null}, {"id": "0x1x9.eth", "name": "ytwq", "twitter": null, "proposalsCount": 1, "votesCount": 1, "followersCount": 1, "website": null}, {"id": "0x5087.eth", "name": "yiqi", "twitter": null, "proposalsCount": 1, "votesCount": 2, "followersCount": 0, "website": null}, {"id": "0x5091.eth", "name": "buens", "twitter": null, "proposalsCount": 1, "votesCount": 1, "followersCount": 1, "website": null}, {"id": "0x5092.eth", "name": "niuemns", "twitter": null, "proposalsCount": 1, "votesCount": 1, "followersCount": 1, "website": null}, {"id": "0x6057.eth", "name": "gege1", "twitter": null, "proposalsCount": 1, "votesCount": 1, "followersCount": 1, "website": null}, {"id": "0x8543.eth", "name": "yanmel", "twitter": null, "proposalsCount": 1, "votesCount": 1, "followersCount": 1, "website": null}, {"id": "0x88896.eth", "name": "polwe", "twitter": null, "proposalsCount": 1, "votesCount": 1, "followersCount": 1, "website": null}, {"id": "0x88900.eth", "name": "hnae", "twitter": null, "proposalsCount": 1, "votesCount": 1, "followersCount": 1, "website": null}, {"id": "0x8x4.eth", "name": "neewe", "twitter": null, "proposalsCount": 1, "votesCount": 1, "followersCount": 1, "website": null}, {"id": "0x9820.eth", "name": "dfrss", "twitter": null, "proposalsCount": 1, "votesCount": 1, "followersCount": 1, "website": null}]