[{"id": "axisdefi.eth", "name": "AXIS", "twitter": "AXISdefi", "proposalsCount": 1, "votesCount": 9, "followersCount": 12, "website": null}, {"id": "brt.otoco.eth", "name": "Bright Moments", "twitter": null, "proposalsCount": 9, "votesCount": 1, "followersCount": 12, "website": null}, {"id": "happybunnies.eth", "name": "Happy Bunnies", "twitter": "_HappyBunnies", "proposalsCount": 2, "votesCount": 15, "followersCount": 5, "website": null}, {"id": "mutze.eth", "name": "Augusta DAO", "twitter": null, "proposalsCount": 6, "votesCount": 11, "followersCount": 5, "website": null}, {"id": "one.miuradonuts.eth", "name": "WearableDONUTS\u6295\u7968\u6240", "twitter": "WinstonDreamer", "proposalsCount": 2, "votesCount": 18, "followersCount": 2, "website": "https://opensea.io/collection/wearable-donuts"}, {"id": "sudorug-token.eth", "name": "SudoRug", "twitter": "SudoRug", "proposalsCount": 2, "votesCount": 15, "followersCount": 5, "website": "https://www.sudorug.wtf"}, {"id": "0047ab.eth", "name": "Bitjurnal Crypto", "twitter": null, "proposalsCount": 4, "votesCount": 9, "followersCount": 8, "website": null}, {"id": "30581.eth", "name": "Rinkeby Tester", "twitter": null, "proposalsCount": 15, "votesCount": 5, "followersCount": 1, "website": null}, {"id": "91178.eth", "name": "New Project Information", "twitter": null, "proposalsCount": 3, "votesCount": 11, "followersCount": 7, "website": null}, {"id": "aimyon.eth", "name": "Aimyon", "twitter": null, "proposalsCount": 5, "votesCount": 6, "followersCount": 10, "website": null}, {"id": "anarchytoken.eth", "name": "ANARCHY TOKEN", "twitter": "AnarchyERC", "proposalsCount": 2, "votesCount": 10, "followersCount": 9, "website": "https://linktr.ee/anarchyerc"}, {"id": "bacondao.eth", "name": "BaconDAO", "twitter": null, "proposalsCount": 1, "votesCount": 14, "followersCount": 6, "website": null}, {"id": "billionairefund.eth", "name": "Crypto Investor Agency", "twitter": "KevinKatovic", "proposalsCount": 1, "votesCount": 7, "followersCount": 13, "website": null}, {"id": "cndl.eth", "name": "Candle", "twitter": "Candle_Labs", "proposalsCount": 5, "votesCount": 7, "followersCount": 9, "website": "https://t.me/candleupdates"}, {"id": "ctrl.eth", "name": "CTRL", "twitter": null, "proposalsCount": 5, "votesCount": 11, "followersCount": 5, "website": null}, {"id": "dar.eth", "name": "Monaco Planet DAO", "twitter": "", "proposalsCount": 2, "votesCount": 8, "followersCount": 11, "website": null}, {"id": "decentra-list.eth", "name": "Web3 Book Club \ud83d\udcda", "twitter": "web3bookclub", "proposalsCount": 3, "votesCount": 10, "followersCount": 8, "website": "https://twitter.com/web3bookclub"}, {"id": "decentralizedgame.eth", "name": "HWAN", "twitter": null, "proposalsCount": 13, "votesCount": 3, "followersCount": 5, "website": null}, {"id": "ethpad.eth", "name": "ethpad", "twitter": null, "proposalsCount": 4, "votesCount": 9, "followersCount": 8, "website": null}, {"id": "evolutionlandeden.eth", "name": "Evolution Land Eden", "twitter": null, "proposalsCount": 3, "votesCount": 1, "followersCount": 17, "website": null}]