[{"id": "phonon.eth", "name": "Phonon DAO", "twitter": "PhononDAO", "proposalsCount": 24, "votesCount": 458, "followersCount": 543, "website": null}, {"id": "cre8r.eth", "name": "CRE8R DAO", "twitter": "CRE8RDAO", "proposalsCount": 80, "votesCount": 651, "followersCount": 132, "website": null}, {"id": "ampleforthorg.eth", "name": "Ampleforth", "twitter": "AmpleforthOrg", "proposalsCount": 22, "votesCount": 460, "followersCount": 427, "website": "https://ampleforth.org"}, {"id": "luchadores.eth", "name": "Luchadores.io", "twitter": "LuchadoresNFT", "proposalsCount": 5, "votesCount": 525, "followersCount": 389, "website": "https://luchadores.io/"}, {"id": "ousdgov.eth", "name": "Origin DeFi", "twitter": "OriginDeFi", "proposalsCount": 80, "votesCount": 484, "followersCount": 201, "website": "https://ousd.com/governance"}, {"id": "metabrands.eth", "name": "MetaBrands", "twitter": "MetaBrandsio", "proposalsCount": 17, "votesCount": 511, "followersCount": 380, "website": "https://metabrands.io"}, {"id": "club.eth", "name": "Seed Club", "twitter": "seedclubhq", "proposalsCount": 17, "votesCount": 619, "followersCount": 190, "website": "http://www.seedclub.xyz"}, {"id": "primerating.eth", "name": "Prime Rating", "twitter": "Prime_Rating", "proposalsCount": 261, "votesCount": 468, "followersCount": 89, "website": "https://www.prime.xyz/rating-defi"}, {"id": "meebitsdao.eth", "name": "MeebitsDAO", "twitter": "MeebitsDAO", "proposalsCount": 24, "votesCount": 544, "followersCount": 246, "website": "https://meebitsdao.world"}, {"id": "notional.eth", "name": "Notional Finance", "twitter": "NotionalFinance", "proposalsCount": 21, "votesCount": 599, "followersCount": 141, "website": "https://notional.finance/"}, {"id": "colony.eth", "name": "Colony", "twitter": "joincolony", "proposalsCount": 2, "votesCount": 553, "followersCount": 238, "website": null}, {"id": "swiveldao.eth", "name": "Swivel DAO", "twitter": "swivelfinance", "proposalsCount": 11, "votesCount": 379, "followersCount": 345, "website": null}, {"id": "tigervc-dao.eth", "name": "Tiger VC DAO", "twitter": "tigervcdao", "proposalsCount": 37, "votesCount": 610, "followersCount": 135, "website": "https://www.tigervcdao.com"}, {"id": "seizerdao.eth", "name": "SeizerDAO", "twitter": "seizerdao", "proposalsCount": 13, "votesCount": 496, "followersCount": 216, "website": "https://seizerdao.xyz"}, {"id": "primexyz.eth", "name": "PrimeDAO", "twitter": "PrimeDAO_", "proposalsCount": 73, "votesCount": 343, "followersCount": 158, "website": "https://www.prime.xyz/"}, {"id": "beanstalkfarmsbudget.eth", "name": "Beanstalk Farms Budget", "twitter": "Beanstalkfarms", "proposalsCount": 31, "votesCount": 109, "followersCount": 83, "website": "https://bean.money"}, {"id": "polygonpenguins.eth", "name": "Polygon Penguins", "twitter": "PolygonPenguins", "proposalsCount": 6, "votesCount": 117, "followersCount": 169, "website": null}, {"id": "varen.eth", "name": "Varen", "twitter": null, "proposalsCount": 26, "votesCount": 472, "followersCount": 119, "website": null}, {"id": "wearebeansprout.eth", "name": "Bean Sprout", "twitter": "wearebeansprout", "proposalsCount": 5, "votesCount": 474, "followersCount": 72, "website": "https://bean.money"}, {"id": "aragon", "name": "Aragon", "twitter": null, "proposalsCount": 17, "votesCount": 240, "followersCount": 325, "website": null}]