[{"id": "luckydao.eth", "name": "luckydao", "twitter": null, "proposalsCount": 2, "votesCount": 8, "followersCount": 4, "website": null}, {"id": "lxj168.eth", "name": "lxj168", "twitter": null, "proposalsCount": 2, "votesCount": 6, "followersCount": 6, "website": null}, {"id": "martintest.eth", "name": "sxasdasad", "twitter": null, "proposalsCount": 7, "votesCount": 2, "followersCount": 5, "website": null}, {"id": "maxfi.eth", "name": "maxfi.eth", "twitter": null, "proposalsCount": 11, "votesCount": 0, "followersCount": 3, "website": null}, {"id": "metaweb333.eth", "name": "BallClub", "twitter": "NicholasZhaofo", "proposalsCount": 2, "votesCount": 7, "followersCount": 5, "website": null}, {"id": "mochiworld.eth", "name": "Mochi!", "twitter": "bondwithmochi", "proposalsCount": 6, "votesCount": 4, "followersCount": 4, "website": null}, {"id": "msggaang.eth", "name": "MSG Gaang", "twitter": "MSGgaang", "proposalsCount": 2, "votesCount": 8, "followersCount": 4, "website": "https://msggaang.wtf/"}, {"id": "nepovin.eth", "name": "nepovindao", "twitter": null, "proposalsCount": 3, "votesCount": 7, "followersCount": 4, "website": null}, {"id": "neuralinkdeployer.eth", "name": "Neuralink", "twitter": "Neuralinkoffic", "proposalsCount": 1, "votesCount": 12, "followersCount": 1, "website": "http://neuratoken.info/"}, {"id": "nwocommunity.eth", "name": "NWO- New World Order Community", "twitter": null, "proposalsCount": 1, "votesCount": 3, "followersCount": 10, "website": "https://www.nwo-stateofmind.com/"}, {"id": "oodao.eth", "name": "OODAO", "twitter": null, "proposalsCount": 4, "votesCount": 1, "followersCount": 9, "website": null}, {"id": "openxproject.eth", "name": "The Open X Project", "twitter": "OpenSwap_one", "proposalsCount": 0, "votesCount": 0, "followersCount": 14, "website": "https://openXswap.exchange"}, {"id": "opideployer.eth", "name": "Olympian Inu", "twitter": "Olympianinu", "proposalsCount": 2, "votesCount": 11, "followersCount": 1, "website": "https://www.olympianinu.com/"}, {"id": "otacute.eth", "name": "OtaCute Event DAO", "twitter": "otacuteph", "proposalsCount": 5, "votesCount": 3, "followersCount": 6, "website": null}, {"id": "plaiddao.eth", "name": "PlaidDAO", "twitter": "PlaidDAO", "proposalsCount": 0, "votesCount": 0, "followersCount": 14, "website": "https://plaiddao.org"}, {"id": "poapy.eth", "name": "Nyfc", "twitter": null, "proposalsCount": 2, "votesCount": 6, "followersCount": 6, "website": null}, {"id": "poodlefinetwork.eth", "name": "PoodleFi", "twitter": "poodlefinetwork", "proposalsCount": 1, "votesCount": 8, "followersCount": 5, "website": "https://poodlefi.com"}, {"id": "ptyan.eth", "name": "ptyan", "twitter": null, "proposalsCount": 1, "votesCount": 12, "followersCount": 1, "website": null}, {"id": "rabbit1.eth", "name": "rabbit1", "twitter": null, "proposalsCount": 1, "votesCount": 5, "followersCount": 8, "website": null}, {"id": "relevant-community.eth", "name": "Relevant", "twitter": "relevantfeed", "proposalsCount": 1, "votesCount": 6, "followersCount": 7, "website": "https://relevant.community"}]