[{"id": "fera.eth", "name": "FERA", "twitter": "FERAStrategies", "proposalsCount": 2, "votesCount": 46, "followersCount": 1, "website": null}, {"id": "galaxydefi.eth", "name": "GalaxyDefi", "twitter": "GalaxyDefin", "proposalsCount": 1, "votesCount": 46, "followersCount": 2, "website": null}, {"id": "madproposal.eth", "name": "Metaverse Alliance DAO Proposal", "twitter": "MetaAllianceDAO", "proposalsCount": 2, "votesCount": 46, "followersCount": 1, "website": null}, {"id": "twizzlerid.eth", "name": "Twizzler DAO ", "twitter": "TwizzlerID", "proposalsCount": 3, "votesCount": 38, "followersCount": 8, "website": "https://twizzler.id"}, {"id": "1337-dao.eth", "name": "1337 Council", "twitter": "1337_council", "proposalsCount": 1, "votesCount": 36, "followersCount": 12, "website": null}, {"id": "ankr-dao.eth", "name": "Ankr Governance", "twitter": "ankr", "proposalsCount": 0, "votesCount": 0, "followersCount": 49, "website": "https://ankr.com"}, {"id": "aoicard.eth", "name": "AOICARD", "twitter": "AOI_CARD", "proposalsCount": 3, "votesCount": 15, "followersCount": 31, "website": null}, {"id": "babymusk.eth", "name": "babymusk", "twitter": null, "proposalsCount": 3, "votesCount": 37, "followersCount": 9, "website": null}, {"id": "blocksquare.eth", "name": "Blocksquare", "twitter": "blocksquare_io", "proposalsCount": 0, "votesCount": 0, "followersCount": 49, "website": "https://blocksquare.io"}, {"id": "cryptopunkdao.eth", "name": "CryptoPunk DAO", "twitter": "cryptopunkdao", "proposalsCount": 3, "votesCount": 24, "followersCount": 22, "website": null}, {"id": "deadavatars.eth", "name": "The Dead Avatar Project", "twitter": "deadavatars", "proposalsCount": 1, "votesCount": 45, "followersCount": 3, "website": "https://deadavatars.com"}, {"id": "fuloki.eth", "name": "yuki1229", "twitter": "yuki1229_poker", "proposalsCount": 11, "votesCount": 26, "followersCount": 12, "website": null}, {"id": "goosix.eth", "name": "rhrdeh", "twitter": null, "proposalsCount": 12, "votesCount": 31, "followersCount": 6, "website": null}, {"id": "gtaol.eth", "name": "GTADAO", "twitter": null, "proposalsCount": 4, "votesCount": 29, "followersCount": 16, "website": null}, {"id": "horizen-dao-test.eth", "name": "Horizen DAO Testnet", "twitter": "horizenglobal", "proposalsCount": 0, "votesCount": 0, "followersCount": 49, "website": "https://www.horizen.io/"}, {"id": "ljc1993329.eth", "name": "ljc1993329dao", "twitter": null, "proposalsCount": 1, "votesCount": 11, "followersCount": 37, "website": null}, {"id": "locustsgogogo.eth", "name": "SnapshotDao", "twitter": null, "proposalsCount": 11, "votesCount": 21, "followersCount": 17, "website": null}, {"id": "qubecs.eth", "name": "QUBE", "twitter": "qubecryptospace", "proposalsCount": 1, "votesCount": 44, "followersCount": 4, "website": null}, {"id": "relayernetwork.eth", "name": "Relayer Network", "twitter": null, "proposalsCount": 10, "votesCount": 38, "followersCount": 1, "website": null}, {"id": "sirenmarkets.eth", "name": "Siren", "twitter": "sirenprotocol", "proposalsCount": 5, "votesCount": 30, "followersCount": 14, "website": "https://www.siren.xyz"}]