[{"id": "crimelove.eth", "name": "cldao", "twitter": null, "proposalsCount": 2, "votesCount": 2, "followersCount": 1, "website": null}, {"id": "cryptocrystaldao.eth", "name": "CryptoCrystal DAO", "twitter": "_cryptocrystal", "proposalsCount": 0, "votesCount": 0, "followersCount": 5, "website": null}, {"id": "cryptogorn.eth", "name": "Nomicoin", "twitter": null, "proposalsCount": 1, "votesCount": 2, "followersCount": 2, "website": null}, {"id": "cryptohalloffame.eth", "name": "Crypto Hall of Fame", "twitter": "the_crypto_hall", "proposalsCount": 0, "votesCount": 0, "followersCount": 5, "website": null}, {"id": "CryptoKaiju.eth", "name": "KAIJU", "twitter": null, "proposalsCount": 1, "votesCount": 1, "followersCount": 3, "website": null}, {"id": "cryptokk.eth", "name": "cryptokk", "twitter": null, "proposalsCount": 1, "votesCount": 0, "followersCount": 4, "website": null}, {"id": "cryptosherlock.eth", "name": "Sherlock crypto", "twitter": null, "proposalsCount": 2, "votesCount": 1, "followersCount": 2, "website": null}, {"id": "cryptosweeper.eth", "name": "cryptosweeper", "twitter": null, "proposalsCount": 2, "votesCount": 1, "followersCount": 2, "website": null}, {"id": "cubecat.eth", "name": "CubeCat", "twitter": null, "proposalsCount": 1, "votesCount": 0, "followersCount": 4, "website": null}, {"id": "curadai.eth", "name": "CuraDAI", "twitter": null, "proposalsCount": 4, "votesCount": 1, "followersCount": 0, "website": null}, {"id": "cyber.joints.eth", "name": "CYBERDAO", "twitter": null, "proposalsCount": 2, "votesCount": 2, "followersCount": 1, "website": null}, {"id": "cybermusic.eth", "name": "CyberMusic", "twitter": null, "proposalsCount": 1, "votesCount": 2, "followersCount": 2, "website": null}, {"id": "danielsloeb1.eth", "name": "Sex DAO", "twitter": null, "proposalsCount": 1, "votesCount": 1, "followersCount": 3, "website": null}, {"id": "datahub.eth", "name": "datadao", "twitter": null, "proposalsCount": 1, "votesCount": 0, "followersCount": 4, "website": null}, {"id": "deadkev.eth", "name": "maoma", "twitter": null, "proposalsCount": 3, "votesCount": 2, "followersCount": 0, "website": null}, {"id": "defactor.eth", "name": "Defactor", "twitter": "defactor_", "proposalsCount": 0, "votesCount": 0, "followersCount": 5, "website": "https://www.defactor.com"}, {"id": "descience.eth", "name": "Old-PeopleDAO", "twitter": "The_PeopleDAO", "proposalsCount": 0, "votesCount": 0, "followersCount": 5, "website": null}, {"id": "deustest.eth", "name": "Deus Test", "twitter": null, "proposalsCount": 1, "votesCount": 2, "followersCount": 2, "website": null}, {"id": "developer-crypto.eth", "name": "BUILDERS", "twitter": null, "proposalsCount": 2, "votesCount": 1, "followersCount": 2, "website": null}, {"id": "dgnx-ecosystem.eth", "name": "DegenX Ecosystem", "twitter": "DegenEcosystem", "proposalsCount": 0, "votesCount": 0, "followersCount": 5, "website": "https://dgnx.finance"}]