[{"id": "samuellt.eth", "name": "juny", "twitter": null, "proposalsCount": 1, "votesCount": 1, "followersCount": 1, "website": null}, {"id": "saravaria.eth", "name": "sar", "twitter": null, "proposalsCount": 1, "votesCount": 1, "followersCount": 1, "website": null}, {"id": "scribant.eth", "name": "zz", "twitter": null, "proposalsCount": 1, "votesCount": 1, "followersCount": 1, "website": null}, {"id": "sevent.eth", "name": "Abay", "twitter": null, "proposalsCount": 1, "votesCount": 1, "followersCount": 1, "website": null}, {"id": "shapasyh.eth", "name": "dfa", "twitter": null, "proposalsCount": 1, "votesCount": 1, "followersCount": 1, "website": null}, {"id": "shostiy.eth", "name": "Monkley DAO", "twitter": null, "proposalsCount": 1, "votesCount": 1, "followersCount": 1, "website": null}, {"id": "sigmawoo.eth", "name": "wop", "twitter": null, "proposalsCount": 1, "votesCount": 1, "followersCount": 1, "website": null}, {"id": "sishuwujing.eth", "name": "11", "twitter": null, "proposalsCount": 1, "votesCount": 1, "followersCount": 1, "website": null}, {"id": "smallone.eth", "name": "dicordf", "twitter": null, "proposalsCount": 1, "votesCount": 1, "followersCount": 1, "website": null}, {"id": "sniply.eth", "name": "PolyEgg", "twitter": "polyeggnft", "proposalsCount": 1, "votesCount": 2, "followersCount": 0, "website": null}, {"id": "spacepiligrim.eth", "name": "Spacepiligrim", "twitter": null, "proposalsCount": 1, "votesCount": 1, "followersCount": 1, "website": null}, {"id": "spencerdf.eth", "name": "l", "twitter": null, "proposalsCount": 1, "votesCount": 1, "followersCount": 1, "website": null}, {"id": "stevensonb.eth", "name": "zou", "twitter": null, "proposalsCount": 1, "votesCount": 1, "followersCount": 1, "website": null}, {"id": "stimmyio.eth", "name": "Stimmy", "twitter": "Stimmyio", "proposalsCount": 4, "votesCount": 147, "followersCount": 2, "website": null}, {"id": "svip666.eth", "name": "asa", "twitter": null, "proposalsCount": 1, "votesCount": 1, "followersCount": 1, "website": null}, {"id": "svip999.eth", "name": "asas", "twitter": null, "proposalsCount": 1, "votesCount": 1, "followersCount": 1, "website": null}, {"id": "sysmall.eth", "name": "GMDAO", "twitter": null, "proposalsCount": 1, "votesCount": 1, "followersCount": 1, "website": null}, {"id": "taobaodianpu.eth", "name": "11", "twitter": null, "proposalsCount": 1, "votesCount": 1, "followersCount": 1, "website": null}, {"id": "thgambay01.eth", "name": "hah", "twitter": null, "proposalsCount": 1, "votesCount": 1, "followersCount": 1, "website": null}, {"id": "threepears.eth", "name": "ENS Network", "twitter": null, "proposalsCount": 1, "votesCount": 1, "followersCount": 1, "website": null}]