[{"id": "luffy54.eth", "name": "MoonDAO multi-chain", "twitter": null, "proposalsCount": 4, "votesCount": 0, "followersCount": 3, "website": null}, {"id": "mandana-impact.eth", "name": "Mandana-Impact", "twitter": null, "proposalsCount": 1, "votesCount": 3, "followersCount": 3, "website": null}, {"id": "mantaraydao.eth", "name": "Manta Ray DAO", "twitter": "mantaraydata", "proposalsCount": 0, "votesCount": 0, "followersCount": 7, "website": "https://www.mantaraydata.com/"}, {"id": "maoyan.eth", "name": "FishDAO", "twitter": "pokl88", "proposalsCount": 1, "votesCount": 5, "followersCount": 1, "website": null}, {"id": "mate50pro.eth", "name": "mate50pro", "twitter": null, "proposalsCount": 0, "votesCount": 0, "followersCount": 7, "website": null}, {"id": "maxxfinance.eth", "name": "Maxx Finance", "twitter": "Maxxfinance", "proposalsCount": 0, "votesCount": 0, "followersCount": 7, "website": "https://www.maxx.finance"}, {"id": "mchdao.eth", "name": "MCH DAO", "twitter": null, "proposalsCount": 1, "votesCount": 4, "followersCount": 2, "website": null}, {"id": "mediaeyenft.eth", "name": "MEDIA EYE NFT", "twitter": "MEDIAEYENFT", "proposalsCount": 0, "votesCount": 0, "followersCount": 7, "website": "https://mediaeyenft.com/"}, {"id": "miguelrare.eth", "name": "miguelraredao", "twitter": "miguelrare", "proposalsCount": 1, "votesCount": 1, "followersCount": 5, "website": null}, {"id": "mijaa.eth", "name": "testdao", "twitter": null, "proposalsCount": 2, "votesCount": 3, "followersCount": 2, "website": null}, {"id": "muffins.eth", "name": "Muffins DAO ", "twitter": "TheMuff60826952", "proposalsCount": 3, "votesCount": 1, "followersCount": 3, "website": null}, {"id": "nainai.eth", "name": "Meme Killer", "twitter": null, "proposalsCount": 5, "votesCount": 0, "followersCount": 2, "website": null}, {"id": "nftopensea.eth", "name": "metavs", "twitter": null, "proposalsCount": 2, "votesCount": 2, "followersCount": 3, "website": null}, {"id": "niceman.eth", "name": "GM ", "twitter": null, "proposalsCount": 2, "votesCount": 2, "followersCount": 3, "website": null}, {"id": "nndao.eth", "name": "nndao", "twitter": null, "proposalsCount": 2, "votesCount": 0, "followersCount": 5, "website": null}, {"id": "oceanambassadors.eth", "name": "Ocean Ambassadors (OPAP)", "twitter": null, "proposalsCount": 1, "votesCount": 3, "followersCount": 3, "website": "https://oceanambassadors.community/"}, {"id": "onein.eth", "name": "OnDAO", "twitter": null, "proposalsCount": 1, "votesCount": 4, "followersCount": 2, "website": null}, {"id": "onlyens.eth", "name": "onlyens", "twitter": null, "proposalsCount": 1, "votesCount": 1, "followersCount": 5, "website": null}, {"id": "oq-dao.eth", "name": "OQ-DAO", "twitter": null, "proposalsCount": 1, "votesCount": 3, "followersCount": 3, "website": "http://www.oq-dao.net"}, {"id": "ourbloc", "name": "ourbloc", "twitter": null, "proposalsCount": 1, "votesCount": 3, "followersCount": 3, "website": null}]