[{"id": "dakizajiko.eth", "name": "rreda", "twitter": null, "proposalsCount": 1, "votesCount": 2, "followersCount": 1, "website": null}, {"id": "danielgao.eth", "name": "TestDAO", "twitter": null, "proposalsCount": 1, "votesCount": 1, "followersCount": 2, "website": null}, {"id": "danutdanut.eth", "name": "Cat rescue", "twitter": null, "proposalsCount": 1, "votesCount": 3, "followersCount": 0, "website": null}, {"id": "dao.pob.eth", "name": "$HASH DAO - Historians", "twitter": "prrfbeauty", "proposalsCount": 1, "votesCount": 3, "followersCount": 0, "website": null}, {"id": "daoutliers.eth", "name": "DAOutliers", "twitter": null, "proposalsCount": 0, "votesCount": 0, "followersCount": 4, "website": null}, {"id": "datealive.eth", "name": "datedao", "twitter": null, "proposalsCount": 1, "votesCount": 1, "followersCount": 2, "website": null}, {"id": "daviddu.eth", "name": "dinosaureggs", "twitter": null, "proposalsCount": 2, "votesCount": 0, "followersCount": 2, "website": null}, {"id": "dddking.eth", "name": "dddking", "twitter": null, "proposalsCount": 1, "votesCount": 1, "followersCount": 2, "website": null}, {"id": "decheng8.eth", "name": "gaojie", "twitter": null, "proposalsCount": 1, "votesCount": 1, "followersCount": 2, "website": null}, {"id": "dectwosvn.earthfund.eth", "name": "dectwosvn", "twitter": null, "proposalsCount": 2, "votesCount": 2, "followersCount": 0, "website": null}, {"id": "deepshore.eth", "name": "deepshore", "twitter": null, "proposalsCount": 2, "votesCount": 1, "followersCount": 1, "website": null}, {"id": "defiswap-app.eth", "name": "DeFiSwap", "twitter": "", "proposalsCount": 0, "votesCount": 0, "followersCount": 4, "website": null}, {"id": "delii.eth", "name": "fdf", "twitter": null, "proposalsCount": 2, "votesCount": 2, "followersCount": 0, "website": null}, {"id": "detiktoken.eth", "name": "DetikDAO", "twitter": "DetikDAO", "proposalsCount": 0, "votesCount": 0, "followersCount": 4, "website": "https://detik.ai/"}, {"id": "dfbfn.eth", "name": "trfh", "twitter": null, "proposalsCount": 1, "votesCount": 2, "followersCount": 1, "website": null}, {"id": "digiworlds.eth", "name": "Digiworlds", "twitter": "digiworlds_", "proposalsCount": 1, "votesCount": 0, "followersCount": 3, "website": null}, {"id": "dingguagua.eth", "name": "dingguagua", "twitter": null, "proposalsCount": 3, "votesCount": 0, "followersCount": 1, "website": null}, {"id": "disnaix.eth", "name": "disnaix", "twitter": null, "proposalsCount": 1, "votesCount": 1, "followersCount": 2, "website": null}, {"id": "disruptiversedao.eth", "name": "Disruptiverse DAO", "twitter": null, "proposalsCount": 1, "votesCount": 1, "followersCount": 2, "website": "https://disruptiverse.com/"}, {"id": "dogemars.eth", "name": "dogemarsDao", "twitter": null, "proposalsCount": 1, "votesCount": 1, "followersCount": 2, "website": null}]