[{"id": "new01.eth", "name": "BEWF", "twitter": null, "proposalsCount": 1, "votesCount": 8, "followersCount": 8, "website": "https://opensea.io"}, {"id": "npcloot.eth", "name": "NPC Guild", "twitter": "npcloot", "proposalsCount": 5, "votesCount": 0, "followersCount": 12, "website": null}, {"id": "otoco.eth", "name": "OtoCo DAO", "twitter": "otoco_io", "proposalsCount": 3, "votesCount": 8, "followersCount": 6, "website": "https://otoco.io"}, {"id": "postex.eth", "name": "Psx", "twitter": null, "proposalsCount": 2, "votesCount": 4, "followersCount": 11, "website": null}, {"id": "sovrynbitocracy.eth", "name": "Sovryn", "twitter": "SovrynBTC", "proposalsCount": 1, "votesCount": 8, "followersCount": 8, "website": "https://sovryn.com"}, {"id": "starixdz.eth", "name": "my space", "twitter": null, "proposalsCount": 5, "votesCount": 4, "followersCount": 8, "website": null}, {"id": "theblufund.eth", "name": "The Blu Fund", "twitter": "blubearcrypto", "proposalsCount": 4, "votesCount": 8, "followersCount": 5, "website": "https://www.blubear.cat/blufund"}, {"id": "topbidder.eth", "name": "TopBidder", "twitter": "bidderTop", "proposalsCount": 1, "votesCount": 6, "followersCount": 10, "website": null}, {"id": "0xaidiverse.eth", "name": "AidiVerse", "twitter": "AidiToken", "proposalsCount": 1, "votesCount": 14, "followersCount": 1, "website": "https://aidiverse.com/"}, {"id": "escreador.eth", "name": "Espacio Creador DAO", "twitter": "espaciocreador", "proposalsCount": 2, "votesCount": 7, "followersCount": 7, "website": "https://escreador.wtf/"}, {"id": "feland.eth", "name": "FelandDao", "twitter": null, "proposalsCount": 1, "votesCount": 14, "followersCount": 1, "website": null}, {"id": "glife.eth", "name": "Genetica Governance", "twitter": null, "proposalsCount": 4, "votesCount": 7, "followersCount": 5, "website": null}, {"id": "golduckdao.eth", "name": "GolduckDAO", "twitter": "GOLDUCKTOKEN", "proposalsCount": 2, "votesCount": 7, "followersCount": 7, "website": "https://golduck.org"}, {"id": "lemontea.eth", "name": "weebdao", "twitter": null, "proposalsCount": 2, "votesCount": 7, "followersCount": 7, "website": null}, {"id": "salamdao.eth", "name": "Salam DAO", "twitter": null, "proposalsCount": 1, "votesCount": 14, "followersCount": 1, "website": null}, {"id": "superbear.eth", "name": "SuperBear", "twitter": null, "proposalsCount": 4, "votesCount": 7, "followersCount": 5, "website": null}, {"id": "thewayis.eth", "name": "Mosaic Studio", "twitter": "Mosaic__Studio", "proposalsCount": 1, "votesCount": 14, "followersCount": 1, "website": "https://www.mosaicstudio.xyz/"}, {"id": "0xcarroll.eth", "name": "GHOSTCLUB", "twitter": null, "proposalsCount": 3, "votesCount": 7, "followersCount": 6, "website": null}, {"id": "0xdc97.eth", "name": "iLLAZ Governance", "twitter": "theillaznft", "proposalsCount": 1, "votesCount": 11, "followersCount": 4, "website": "https://opensea.io/collection/illaz"}, {"id": "0xflair.eth", "name": "Flair.Finance", "twitter": "FlairFinance", "proposalsCount": 1, "votesCount": 1, "followersCount": 14, "website": null}]