[{"id": "risk.metrix.itau.eth", "name": "Metrix - Risk Committee", "twitter": null, "proposalsCount": 3, "votesCount": 0, "followersCount": 3, "website": "https://metrix.fund/"}, {"id": "rocketriders.eth", "name": "Rocket Riders DAO", "twitter": "rocketridersnft", "proposalsCount": 0, "votesCount": 0, "followersCount": 6, "website": null}, {"id": "rocketstartest.eth", "name": "Rckt_test", "twitter": null, "proposalsCount": 2, "votesCount": 4, "followersCount": 0, "website": null}, {"id": "roomnews.eth", "name": "Newsroom", "twitter": "newsroom_xyz", "proposalsCount": 3, "votesCount": 1, "followersCount": 2, "website": null}, {"id": "rucapen.eth", "name": "Rucapen Coin DAO", "twitter": "rucapencoin", "proposalsCount": 0, "votesCount": 0, "followersCount": 6, "website": "https://rucapen.com/"}, {"id": "safescr.eth", "name": "Salame", "twitter": null, "proposalsCount": 2, "votesCount": 2, "followersCount": 2, "website": null}, {"id": "samhua.eth", "name": "Samhua", "twitter": "klyfiaa", "proposalsCount": 2, "votesCount": 0, "followersCount": 4, "website": null}, {"id": "sanshuinufinance.eth", "name": "Sanshu Inu", "twitter": "SanshuToken", "proposalsCount": 1, "votesCount": 1, "followersCount": 4, "website": null}, {"id": "satoshinvest.eth", "name": "Satoshinvest", "twitter": null, "proposalsCount": 2, "votesCount": 2, "followersCount": 2, "website": null}, {"id": "sdgege05.eth", "name": "\u64b8\u6bdb", "twitter": null, "proposalsCount": 2, "votesCount": 2, "followersCount": 2, "website": null}, {"id": "sdlwl.eth", "name": "1125dao", "twitter": null, "proposalsCount": 1, "votesCount": 2, "followersCount": 3, "website": null}, {"id": "selfsovereign365.eth", "name": "Selfsovereign Podcast Vote", "twitter": null, "proposalsCount": 2, "votesCount": 2, "followersCount": 2, "website": "https://mirror.xyz/selfsovereign365.eth"}, {"id": "sendmehere.eth", "name": "Farhan", "twitter": "mdfarhan007", "proposalsCount": 1, "votesCount": 3, "followersCount": 2, "website": "https://lenster.xyz/u/codenamekhan"}, {"id": "shadecash.eth", "name": "ShadeCash", "twitter": "ShadeCash_", "proposalsCount": 3, "votesCount": 0, "followersCount": 3, "website": null}, {"id": "shine1973y.eth", "name": "Shine", "twitter": null, "proposalsCount": 2, "votesCount": 2, "followersCount": 2, "website": null}, {"id": "signal.yam.eth", "name": "Yam Signaling", "twitter": null, "proposalsCount": 1, "votesCount": 2, "followersCount": 3, "website": null}, {"id": "sin7002.eth", "name": "SIN7002DAO", "twitter": null, "proposalsCount": 2, "votesCount": 1, "followersCount": 3, "website": null}, {"id": "ssvnetwork.eth", "name": "XXX", "twitter": null, "proposalsCount": 2, "votesCount": 2, "followersCount": 2, "website": null}, {"id": "strike-club.eth", "name": "STRIKE CLUB", "twitter": null, "proposalsCount": 1, "votesCount": 1, "followersCount": 4, "website": null}, {"id": "superchinese.eth", "name": "superchinese", "twitter": null, "proposalsCount": 4, "votesCount": 0, "followersCount": 2, "website": null}]