[{"id": "buildcities.eth", "name": "build_cities", "twitter": "buildcities", "proposalsCount": 2, "votesCount": 19, "followersCount": 13, "website": "https://www.buildcities.network/"}, {"id": "daoplur.eth", "name": "PLUR", "twitter": "plurapeclub", "proposalsCount": 2, "votesCount": 197, "followersCount": 285, "website": "http://plur.io"}, {"id": "samotclub.eth", "name": "SamotClub DAO", "twitter": "Samotclub", "proposalsCount": 2, "votesCount": 243, "followersCount": 239, "website": null}, {"id": "frogsoup.eth", "name": "Frog Soup", "twitter": "FrogSoupCafe", "proposalsCount": 3, "votesCount": 24, "followersCount": 6, "website": "https://frogsoup.cafe"}, {"id": "gov.spool.eth", "name": "Spool DAO", "twitter": "spoolfi", "proposalsCount": 38, "votesCount": 361, "followersCount": 34, "website": "https://spool.fi"}, {"id": "sexxdao.eth", "name": "SEXDAO", "twitter": null, "proposalsCount": 35, "votesCount": 287, "followersCount": 161, "website": null}, {"id": "draculasucks.eth", "name": "Dracula Protocol", "twitter": "DraculaProtocol", "proposalsCount": 24, "votesCount": 445, "followersCount": 13, "website": null}, {"id": "metatrekkers.eth", "name": "MetaTrekkers", "twitter": "MetaTrekkers", "proposalsCount": 72, "votesCount": 351, "followersCount": 58, "website": "https://metatrekkers.io/"}, {"id": "slothz.eth", "name": "Slothz", "twitter": null, "proposalsCount": 19, "votesCount": 435, "followersCount": 25, "website": null}, {"id": "kittyinudao.eth", "name": "Kitty Inu DAO", "twitter": null, "proposalsCount": 7, "votesCount": 322, "followersCount": 49, "website": null}, {"id": "rorb.wizardtreasure.eth", "name": "WTC Early Access Vault", "twitter": null, "proposalsCount": 8, "votesCount": 407, "followersCount": 63, "website": null}, {"id": "trisolarislabs.eth", "name": "Trisolaris", "twitter": "trisolarislabs", "proposalsCount": 3, "votesCount": 211, "followersCount": 264, "website": null}, {"id": "averagesnapshot.eth", "name": "Average Punks", "twitter": "averagepunksNFT", "proposalsCount": 6, "votesCount": 398, "followersCount": 73, "website": null}, {"id": "fevrhodlers.eth", "name": "FEVR Hodlers Club", "twitter": "realfevr", "proposalsCount": 3, "votesCount": 402, "followersCount": 72, "website": null}, {"id": "poodltoken.eth", "name": "PoodlToken Community", "twitter": "poodletoken", "proposalsCount": 16, "votesCount": 456, "followersCount": 5, "website": "https://www.poodltoken.com"}, {"id": "w3bscholars.eth", "name": "W3B SCHOLARS ", "twitter": "w3bscholars", "proposalsCount": 3, "votesCount": 298, "followersCount": 126, "website": "https://www.w3bscholars.com/"}, {"id": "lunargovernance.eth", "name": "Lunar Governance", "twitter": "lunargistics", "proposalsCount": 18, "votesCount": 0, "followersCount": 307, "website": null}, {"id": "enternft.eth", "name": "Enter", "twitter": "EnterNFT", "proposalsCount": 3, "votesCount": 431, "followersCount": 40, "website": null}, {"id": "dao.dappnode.eth", "name": "DAppNodeDAO", "twitter": "DAppNode", "proposalsCount": 8, "votesCount": 92, "followersCount": 173, "website": null}, {"id": "themergedaovote.eth", "name": "MergeDao", "twitter": "Merge_DAO", "proposalsCount": 7, "votesCount": 392, "followersCount": 73, "website": null}]