[{"id": "engchamarapro.eth", "name": "chamara", "twitter": "CryptoIDOgirl", "proposalsCount": 1, "votesCount": 0, "followersCount": 2, "website": null}, {"id": "england.ethtag.eth", "name": "engDAO", "twitter": null, "proposalsCount": 1, "votesCount": 1, "followersCount": 1, "website": null}, {"id": "england.joints.eth", "name": "ENGLANDDAO", "twitter": null, "proposalsCount": 1, "votesCount": 1, "followersCount": 1, "website": null}, {"id": "english.openuse.eth", "name": "ENGDAO", "twitter": null, "proposalsCount": 1, "votesCount": 1, "followersCount": 1, "website": null}, {"id": "ens1155.eth", "name": "ens1155", "twitter": null, "proposalsCount": 1, "votesCount": 2, "followersCount": 0, "website": null}, {"id": "ens911.eth", "name": "Google", "twitter": null, "proposalsCount": 1, "votesCount": 1, "followersCount": 1, "website": null}, {"id": "entertainment.joints.eth", "name": "ENTERDAO", "twitter": null, "proposalsCount": 1, "votesCount": 1, "followersCount": 1, "website": null}, {"id": "eos.freesubs.eth", "name": "EOSDAO", "twitter": null, "proposalsCount": 1, "votesCount": 1, "followersCount": 1, "website": null}, {"id": "equalizer", "name": "Equalizer", "twitter": null, "proposalsCount": 1, "votesCount": 2, "followersCount": 0, "website": null}, {"id": "erapool.eth", "name": "fstty", "twitter": null, "proposalsCount": 1, "votesCount": 1, "followersCount": 1, "website": null}, {"id": "erato-governance-bsc.eth", "name": "Erato-BNB Chain", "twitter": null, "proposalsCount": 0, "votesCount": 0, "followersCount": 3, "website": null}, {"id": "erencelebi.eth", "name": "Eren", "twitter": "", "proposalsCount": 1, "votesCount": 1, "followersCount": 1, "website": null}, {"id": "ermao.eth", "name": "Ermao", "twitter": null, "proposalsCount": 1, "votesCount": 0, "followersCount": 2, "website": null}, {"id": "etc.joints.eth", "name": "ETCDAO", "twitter": null, "proposalsCount": 1, "votesCount": 1, "followersCount": 1, "website": null}, {"id": "eth.freesubs.eth", "name": "ETHDAO", "twitter": null, "proposalsCount": 1, "votesCount": 1, "followersCount": 1, "website": null}, {"id": "eth.joints.eth", "name": "ETHDAO", "twitter": null, "proposalsCount": 1, "votesCount": 1, "followersCount": 1, "website": null}, {"id": "eth10000\ud83d\udcb2.eth", "name": "arb\u8ba8\u8bba\u7ec4", "twitter": null, "proposalsCount": 1, "votesCount": 1, "followersCount": 1, "website": null}, {"id": "eth30000.eth", "name": "zksync\u751f\u6001\u8ba8\u8bba", "twitter": null, "proposalsCount": 1, "votesCount": 1, "followersCount": 1, "website": null}, {"id": "ethancoin.eth", "name": "Ethan Coin", "twitter": "ethancoinvip", "proposalsCount": 0, "votesCount": 0, "followersCount": 3, "website": "https://www.ethancoin.vip"}, {"id": "ethernaal.eth", "name": "Ethernaal", "twitter": "Ethernaal", "proposalsCount": 0, "votesCount": 0, "followersCount": 3, "website": null}]