[{"id": "philand2.eth", "name": "11", "twitter": null, "proposalsCount": 1, "votesCount": 1, "followersCount": 1, "website": null}, {"id": "philand3.eth", "name": "11", "twitter": null, "proposalsCount": 1, "votesCount": 1, "followersCount": 1, "website": null}, {"id": "philand4.eth", "name": "11", "twitter": null, "proposalsCount": 1, "votesCount": 1, "followersCount": 1, "website": null}, {"id": "philand5.eth", "name": "11", "twitter": null, "proposalsCount": 1, "votesCount": 1, "followersCount": 1, "website": null}, {"id": "philand6.eth", "name": "11", "twitter": null, "proposalsCount": 1, "votesCount": 1, "followersCount": 1, "website": null}, {"id": "pipipapa.eth", "name": "arb uni", "twitter": null, "proposalsCount": 1, "votesCount": 1, "followersCount": 1, "website": null}, {"id": "potiondao.eth", "name": "fanDao", "twitter": null, "proposalsCount": 1, "votesCount": 1, "followersCount": 1, "website": null}, {"id": "primonm.eth", "name": "des", "twitter": null, "proposalsCount": 1, "votesCount": 1, "followersCount": 1, "website": null}, {"id": "puzzlessurvival.eth", "name": "qqqww", "twitter": null, "proposalsCount": 1, "votesCount": 1, "followersCount": 1, "website": null}, {"id": "pyatiy.eth", "name": "monkey", "twitter": null, "proposalsCount": 1, "votesCount": 1, "followersCount": 1, "website": null}, {"id": "qineeee.eth", "name": "eee", "twitter": null, "proposalsCount": 1, "votesCount": 1, "followersCount": 1, "website": "https://link3.to/9003000"}, {"id": "rabiksaroy.eth", "name": "2r1r12e", "twitter": null, "proposalsCount": 1, "votesCount": 1, "followersCount": 1, "website": null}, {"id": "reilyhill.eth", "name": "hill", "twitter": null, "proposalsCount": 1, "votesCount": 1, "followersCount": 1, "website": null}, {"id": "reksinasgh.eth", "name": "ava", "twitter": null, "proposalsCount": 1, "votesCount": 1, "followersCount": 1, "website": null}, {"id": "rezfardi.eth", "name": "RezDomains", "twitter": null, "proposalsCount": 1, "votesCount": 1, "followersCount": 1, "website": null}, {"id": "rockefellery.eth", "name": "s", "twitter": null, "proposalsCount": 1, "votesCount": 1, "followersCount": 1, "website": null}, {"id": "roderickr.eth", "name": "s", "twitter": null, "proposalsCount": 1, "votesCount": 1, "followersCount": 1, "website": null}, {"id": "rook1.eth", "name": "FUDBOND", "twitter": null, "proposalsCount": 0, "votesCount": 0, "followersCount": 3, "website": null}, {"id": "rosea.eth", "name": "qin", "twitter": null, "proposalsCount": 1, "votesCount": 1, "followersCount": 1, "website": null}, {"id": "sahar69.eth", "name": "sahar", "twitter": "sahar_zeinali", "proposalsCount": 1, "votesCount": 0, "followersCount": 2, "website": "https://snapshot.org"}]