[{"id": "node-dao.eth", "name": "NodeDAO", "twitter": "NodeDAOOfficial", "proposalsCount": 0, "votesCount": 0, "followersCount": 1, "website": "https://www.nodedao.io"}, {"id": "noido.eth", "name": "Just do it", "twitter": "Justdoit00520", "proposalsCount": 1, "votesCount": 2, "followersCount": 1, "website": null}, {"id": "nomeyho.eth", "name": "nomeyho", "twitter": null, "proposalsCount": 1, "votesCount": 241, "followersCount": 1, "website": null}, {"id": "nonamebank.eth", "name": "CryptoVed", "twitter": null, "proposalsCount": 0, "votesCount": 0, "followersCount": 0, "website": null}, {"id": "noncesense-dao.eth", "name": "NonceSense DAO", "twitter": null, "proposalsCount": 1, "votesCount": 0, "followersCount": 0, "website": null}, {"id": "nonfungiblebril.eth", "name": "Smarkos DAO", "twitter": null, "proposalsCount": 0, "votesCount": 0, "followersCount": 1, "website": null}, {"id": "nonfungiblefab.eth", "name": "FAB", "twitter": "nonfungiblefab", "proposalsCount": 0, "votesCount": 0, "followersCount": 1, "website": null}, {"id": "nongfushanquan.eth", "name": "ssd", "twitter": null, "proposalsCount": 1, "votesCount": 1, "followersCount": 1, "website": null}, {"id": "nonothing.eth", "name": "noDAO", "twitter": null, "proposalsCount": 0, "votesCount": 0, "followersCount": 0, "website": null}, {"id": "noonday.eth", "name": "Gasclimate Dao", "twitter": null, "proposalsCount": 1, "votesCount": 3, "followersCount": 1, "website": null}, {"id": "noorange.eth", "name": "zsdfxc", "twitter": null, "proposalsCount": 2, "votesCount": 2, "followersCount": 1, "website": null}, {"id": "nopfp-lab.eth", "name": "NoPFP-dev", "twitter": null, "proposalsCount": 8, "votesCount": 1, "followersCount": 1, "website": null}, {"id": "norm4n.eth", "name": "norm4n", "twitter": null, "proposalsCount": 0, "votesCount": 0, "followersCount": 0, "website": null}, {"id": "nostark.eth", "name": "anik", "twitter": null, "proposalsCount": 0, "votesCount": 0, "followersCount": 1, "website": null}, {"id": "notmadi.eth", "name": "Madi's Test Space", "twitter": null, "proposalsCount": 0, "votesCount": 0, "followersCount": 0, "website": null}, {"id": "notoriousfarmer.eth", "name": "Notorious", "twitter": null, "proposalsCount": 0, "votesCount": 0, "followersCount": 0, "website": null}, {"id": "notyourbusinesss.eth", "name": "Raven", "twitter": null, "proposalsCount": 1, "votesCount": 1, "followersCount": 1, "website": null}, {"id": "nowaywithoutme.eth", "name": "Are we creating a DAO?", "twitter": null, "proposalsCount": 1, "votesCount": 4, "followersCount": 1, "website": null}, {"id": "nowmetadao.eth", "name": "NowMeta", "twitter": "NowMetaNews", "proposalsCount": 1, "votesCount": 2, "followersCount": 9, "website": "https://nowmeta.io/"}, {"id": "nscrypt.eth", "name": "dao.txt", "twitter": null, "proposalsCount": 1, "votesCount": 28, "followersCount": 9, "website": null}]