[{"id": "mintface.eth", "name": "MintFaced", "twitter": "mintfaced", "proposalsCount": 4, "votesCount": 108, "followersCount": 7, "website": "https://twitter.com/mintfaced"}, {"id": "niubiswap.eth", "name": "NiubiSwap", "twitter": null, "proposalsCount": 8, "votesCount": 111, "followersCount": 0, "website": null}, {"id": "wrappedfrosties.eth", "name": "Wrapped Frosties", "twitter": "FrostiesNFTs", "proposalsCount": 2, "votesCount": 108, "followersCount": 9, "website": null}, {"id": "0099111.eth", "name": "LineaChan", "twitter": "yoochan66", "proposalsCount": 9, "votesCount": 48, "followersCount": 12, "website": null}, {"id": "8848btc.eth", "name": "8848 communities", "twitter": null, "proposalsCount": 20, "votesCount": 46, "followersCount": 53, "website": null}, {"id": "citweb3class.eth", "name": "Introduction to web3", "twitter": null, "proposalsCount": 2, "votesCount": 80, "followersCount": 37, "website": null}, {"id": "cosmocreatures.eth", "name": "Cosmo Creatures", "twitter": null, "proposalsCount": 1, "votesCount": 92, "followersCount": 26, "website": null}, {"id": "foxswap.one", "name": "FoxSwap", "twitter": "FarmersOnlyFi", "proposalsCount": 4, "votesCount": 61, "followersCount": 54, "website": null}, {"id": "specksofdust.eth", "name": "Specks of Dust", "twitter": "thedustclub", "proposalsCount": 4, "votesCount": 102, "followersCount": 13, "website": "http://specksofdust.club"}, {"id": "0xvote.eth", "name": "The Unstable Horses Yard", "twitter": "tuhynft", "proposalsCount": 2, "votesCount": 111, "followersCount": 5, "website": null}, {"id": "abundancejames.eth", "name": "Test", "twitter": null, "proposalsCount": 4, "votesCount": 12, "followersCount": 2, "website": null}, {"id": "croarmy.eth", "name": "CroArmy ", "twitter": "croarmy_eth", "proposalsCount": 4, "votesCount": 109, "followersCount": 5, "website": "https://croarmy.io"}, {"id": "marazzi.eth", "name": "Ragno", "twitter": null, "proposalsCount": 12, "votesCount": 93, "followersCount": 13, "website": null}, {"id": "spacingguild.eth", "name": "Spacing Guild", "twitter": null, "proposalsCount": 4, "votesCount": 92, "followersCount": 22, "website": null}, {"id": "cexymelons.eth", "name": "Melon Community", "twitter": "meloncoineth", "proposalsCount": 4, "votesCount": 83, "followersCount": 31, "website": "https://melon.care/"}, {"id": "hexanefinance.eth", "name": "Hexane Finance", "twitter": "hexanefinance", "proposalsCount": 0, "votesCount": 0, "followersCount": 118, "website": "https://www.hexane.finance/"}, {"id": "realvisionaries.eth", "name": "Real Vision Pro Crypto Hive Mind", "twitter": "realvision", "proposalsCount": 2, "votesCount": 94, "followersCount": 22, "website": "https://www.realvision.com"}, {"id": "fuzzyfighters.eth", "name": "Fuzzy Fighters DAO", "twitter": "fuzzy_fighters", "proposalsCount": 5, "votesCount": 109, "followersCount": 3, "website": "https://fuzzyfighters.com"}, {"id": "gorodao.eth", "name": "GORODAO", "twitter": "goroishihata", "proposalsCount": 6, "votesCount": 103, "followersCount": 8, "website": "https://goroishihata.com/"}, {"id": "harvesters.eth", "name": "Harvester DAO", "twitter": "HarvesterDAO", "proposalsCount": 4, "votesCount": 110, "followersCount": 3, "website": null}]