[{"id": "ethereum.joints.eth", "name": "ETHEREUMDAO", "twitter": null, "proposalsCount": 3, "votesCount": 6, "followersCount": 1, "website": null}, {"id": "miceops.eth", "name": "Anonymice", "twitter": "AnonymiceNFT", "proposalsCount": 4, "votesCount": 335, "followersCount": 20, "website": "https://linktr.ee/anonymice"}, {"id": "witchtoken.eth", "name": "Witch Token", "twitter": "witchwitch_sns", "proposalsCount": 3, "votesCount": 294, "followersCount": 62, "website": "https://witchwitch.io"}, {"id": "eth521.eth", "name": "Rabbithole", "twitter": null, "proposalsCount": 9, "votesCount": 191, "followersCount": 158, "website": null}, {"id": "54601314.eth", "name": "5460", "twitter": null, "proposalsCount": 4, "votesCount": 3, "followersCount": 0, "website": null}, {"id": "mountaindao.eth", "name": "mountainDAO", "twitter": "mountainDAO", "proposalsCount": 12, "votesCount": 281, "followersCount": 64, "website": null}, {"id": "\u2764btc.eth", "name": "btcethbro", "twitter": null, "proposalsCount": 3, "votesCount": 2, "followersCount": 2, "website": null}, {"id": "0x2591.eth", "name": "dfhyrf", "twitter": null, "proposalsCount": 1, "votesCount": 6, "followersCount": 0, "website": null}, {"id": "0x3265.eth", "name": "yoems", "twitter": null, "proposalsCount": 1, "votesCount": 6, "followersCount": 0, "website": null}, {"id": "0x5083.eth", "name": "yisyis", "twitter": null, "proposalsCount": 1, "votesCount": 6, "followersCount": 0, "website": null}, {"id": "0xmetti.eth", "name": "Oxmetti ", "twitter": "0xmetti", "proposalsCount": 2, "votesCount": 4, "followersCount": 1, "website": null}, {"id": "333676.eth", "name": "000", "twitter": null, "proposalsCount": 1, "votesCount": 6, "followersCount": 0, "website": null}, {"id": "36382.eth", "name": "lik", "twitter": null, "proposalsCount": 1, "votesCount": 3, "followersCount": 3, "website": null}, {"id": "36716.eth", "name": "tri", "twitter": null, "proposalsCount": 1, "votesCount": 3, "followersCount": 3, "website": null}, {"id": "42813.eth", "name": "Martin", "twitter": null, "proposalsCount": 2, "votesCount": 4, "followersCount": 1, "website": null}, {"id": "42993.eth", "name": "iln", "twitter": null, "proposalsCount": 1, "votesCount": 3, "followersCount": 3, "website": null}, {"id": "amun-re.eth", "name": "Stellaris", "twitter": "stellaris_sun", "proposalsCount": 2, "votesCount": 3, "followersCount": 2, "website": null}, {"id": "btc3210.eth", "name": "SUN net work", "twitter": null, "proposalsCount": 1, "votesCount": 4, "followersCount": 2, "website": null}, {"id": "caesar007.eth", "name": "caesar\u7c89\u4e1d", "twitter": "Caesar20210925", "proposalsCount": 1, "votesCount": 3, "followersCount": 3, "website": "http://caesar00700.xyz"}, {"id": "egntn.eth", "name": "egntn", "twitter": null, "proposalsCount": 2, "votesCount": 3, "followersCount": 2, "website": null}]