[{"id": "kswdao.eth", "name": "KillSwitch", "twitter": "KillSwitch_Defi", "proposalsCount": 1, "votesCount": 0, "followersCount": 4, "website": "https://killswitch.finance"}, {"id": "kuailetu.eth", "name": "kuailetu", "twitter": null, "proposalsCount": 0, "votesCount": 0, "followersCount": 5, "website": null}, {"id": "l0pool.eth", "name": "ncc", "twitter": null, "proposalsCount": 2, "votesCount": 2, "followersCount": 1, "website": null}, {"id": "lasvegas.freesubs.eth", "name": "LADA0", "twitter": null, "proposalsCount": 1, "votesCount": 3, "followersCount": 1, "website": null}, {"id": "latambadgers.eth", "name": "LAtam Badgers", "twitter": null, "proposalsCount": 1, "votesCount": 1, "followersCount": 3, "website": null}, {"id": "lazy101.eth", "name": "lazydao", "twitter": "_pratikmohanty", "proposalsCount": 1, "votesCount": 0, "followersCount": 4, "website": null}, {"id": "lec.eth", "name": "Love Earth Coin", "twitter": "", "proposalsCount": 1, "votesCount": 1, "followersCount": 3, "website": null}, {"id": "legt.eth", "name": "LEGT", "twitter": "legtco", "proposalsCount": 1, "votesCount": 0, "followersCount": 4, "website": null}, {"id": "lensbo.eth", "name": "lensbo", "twitter": null, "proposalsCount": 1, "votesCount": 2, "followersCount": 2, "website": null}, {"id": "leomarlo.eth", "name": "Configurable Voting Contracts", "twitter": "VotingContracts", "proposalsCount": 2, "votesCount": 2, "followersCount": 1, "website": "https://votingcontracts.eth.limo/"}, {"id": "libbysmith.eth", "name": "CaptainAirdrop", "twitter": "libbysmith", "proposalsCount": 1, "votesCount": 0, "followersCount": 4, "website": null}, {"id": "lighthouse-storage.eth", "name": "Lighthouse", "twitter": "lighthouseWeb3", "proposalsCount": 1, "votesCount": 0, "followersCount": 4, "website": null}, {"id": "lighthousedao.eth", "name": "Lighthouse", "twitter": null, "proposalsCount": 2, "votesCount": 1, "followersCount": 2, "website": null}, {"id": "lililashka.eth", "name": "Beep Beep", "twitter": "lililashka", "proposalsCount": 2, "votesCount": 3, "followersCount": 0, "website": null}, {"id": "liuchaojin.eth", "name": "scry.dao", "twitter": null, "proposalsCount": 1, "votesCount": 1, "followersCount": 3, "website": null}, {"id": "lollita.eth", "name": "DaoLab", "twitter": null, "proposalsCount": 1, "votesCount": 1, "followersCount": 3, "website": null}, {"id": "londonblockchaindao.eth", "name": "London Blockchain DAO", "twitter": null, "proposalsCount": 1, "votesCount": 0, "followersCount": 4, "website": null}, {"id": "lonesomecowboy.eth", "name": "test meka", "twitter": null, "proposalsCount": 2, "votesCount": 0, "followersCount": 3, "website": null}, {"id": "long-yi.eth", "name": "gamefi", "twitter": null, "proposalsCount": 1, "votesCount": 2, "followersCount": 2, "website": null}, {"id": "loopfi-snapshot.eth", "name": "Loopfi", "twitter": "0xloopfi", "proposalsCount": 2, "votesCount": 1, "followersCount": 2, "website": "https://loopfi.io/"}]