[{"id": "cougardao.eth", "name": "CougarDAO LLC", "twitter": "CougarDao", "proposalsCount": 6, "votesCount": 31, "followersCount": 4, "website": "https://cougardao.substack.com/"}, {"id": "deversifi.eth", "name": "DeversiFi", "twitter": "deversifi", "proposalsCount": 0, "votesCount": 0, "followersCount": 41, "website": null}, {"id": "firebot.eth", "name": "FireBot.gg", "twitter": "FireBotDAO", "proposalsCount": 3, "votesCount": 32, "followersCount": 6, "website": "https://firebot.gg/"}, {"id": "lex", "name": "LexDAO Collective", "twitter": null, "proposalsCount": 11, "votesCount": 24, "followersCount": 6, "website": null}, {"id": "nftkiller.eth", "name": "NFTKiller", "twitter": null, "proposalsCount": 4, "votesCount": 24, "followersCount": 13, "website": null}, {"id": "noujoujin.eth", "name": "Metagrilabo", "twitter": null, "proposalsCount": 5, "votesCount": 24, "followersCount": 12, "website": "https://noujoujin.com/"}, {"id": "ton", "name": "TONCommunity.org", "twitter": null, "proposalsCount": 4, "votesCount": 33, "followersCount": 4, "website": null}, {"id": "vroomdao.eth", "name": "vroomDAO", "twitter": null, "proposalsCount": 5, "votesCount": 30, "followersCount": 6, "website": null}, {"id": "archerswapcore.eth", "name": "ArcherSwap", "twitter": "archerswapcore", "proposalsCount": 2, "votesCount": 12, "followersCount": 26, "website": "https://archerswap.finance"}, {"id": "bella", "name": "Bella", "twitter": null, "proposalsCount": 4, "votesCount": 18, "followersCount": 18, "website": null}, {"id": "blu3dao.eth", "name": "Blu3 DAO", "twitter": "blu3_dao", "proposalsCount": 6, "votesCount": 22, "followersCount": 12, "website": null}, {"id": "brain.mmgdao.eth", "name": "MMG Committee", "twitter": null, "proposalsCount": 8, "votesCount": 24, "followersCount": 8, "website": null}, {"id": "degosupport.eth", "name": "Dego Finance", "twitter": "dego_finance", "proposalsCount": 2, "votesCount": 31, "followersCount": 7, "website": "https://dego.finance/"}, {"id": "dhadrien.sismo.eth", "name": "Ethereum Power Users", "twitter": "sismo_eth", "proposalsCount": 5, "votesCount": 1, "followersCount": 34, "website": "https://alpha.zikies.io/ethereum-power-users"}, {"id": "dogswap.eth", "name": "dogswap", "twitter": null, "proposalsCount": 4, "votesCount": 19, "followersCount": 17, "website": null}, {"id": "egleth.eth", "name": "EGL", "twitter": "ETH_EGL", "proposalsCount": 0, "votesCount": 0, "followersCount": 40, "website": "https://sales.coinlist.co/egl"}, {"id": "galok.eth", "name": "citydao", "twitter": null, "proposalsCount": 9, "votesCount": 16, "followersCount": 15, "website": null}, {"id": "hnd.eth", "name": "Hundred Finance", "twitter": "HundredFinance", "proposalsCount": 0, "votesCount": 0, "followersCount": 40, "website": null}, {"id": "jttm.eth", "name": "Journey to the Metaverse", "twitter": "JTTM_NFT", "proposalsCount": 1, "votesCount": 39, "followersCount": 0, "website": null}, {"id": "lkcup.eth", "name": "pusadao", "twitter": null, "proposalsCount": 10, "votesCount": 20, "followersCount": 10, "website": null}]