[{"id": "mefoddity.eth", "name": "MEF dao", "twitter": null, "proposalsCount": 2, "votesCount": 11, "followersCount": 10, "website": null}, {"id": "megadramon.eth", "name": "cc", "twitter": null, "proposalsCount": 0, "votesCount": 0, "followersCount": 0, "website": null}, {"id": "megalodons.eth", "name": "Megalodons", "twitter": null, "proposalsCount": 1, "votesCount": 1, "followersCount": 1, "website": null}, {"id": "megavega.eth", "name": "notapunk test", "twitter": null, "proposalsCount": 0, "votesCount": 0, "followersCount": 0, "website": null}, {"id": "mehdish.eth", "name": "mehdish.eth", "twitter": null, "proposalsCount": 0, "votesCount": 0, "followersCount": 0, "website": null}, {"id": "mehdiss6166.eth", "name": "mehdiss6166", "twitter": "mehdis61660", "proposalsCount": 0, "votesCount": 0, "followersCount": 1, "website": null}, {"id": "mehrsahds.eth", "name": "Hoperaises Community", "twitter": null, "proposalsCount": 1, "votesCount": 1, "followersCount": 1, "website": null}, {"id": "meitipro.eth", "name": "test", "twitter": null, "proposalsCount": 1, "votesCount": 22, "followersCount": 0, "website": null}, {"id": "mekai.eth", "name": "mekai", "twitter": null, "proposalsCount": 1, "votesCount": 1, "followersCount": 1, "website": null}, {"id": "mellondao.eth", "name": "Mellon DAO", "twitter": null, "proposalsCount": 1, "votesCount": 1, "followersCount": 3, "website": null}, {"id": "melonwater.eth", "name": "Melon DAO", "twitter": null, "proposalsCount": 1, "votesCount": 1, "followersCount": 0, "website": null}, {"id": "menadao.eth", "name": "menadao", "twitter": "mena_dao", "proposalsCount": 0, "votesCount": 0, "followersCount": 1, "website": null}, {"id": "menzhao234.eth", "name": "menzhao2347", "twitter": "menzhao2347", "proposalsCount": 0, "votesCount": 0, "followersCount": 1, "website": null}, {"id": "meowdao.eth", "name": "MeowDao", "twitter": "meow_dao", "proposalsCount": 8, "votesCount": 37, "followersCount": 5, "website": null}, {"id": "meqi1310.eth", "name": "MM QI DAO", "twitter": null, "proposalsCount": 3, "votesCount": 21, "followersCount": 26, "website": null}, {"id": "meravelles.eth", "name": "Meravelles", "twitter": "meravelles_cat", "proposalsCount": 0, "votesCount": 0, "followersCount": 2, "website": "https://meravelles.cat"}, {"id": "meritvault.eth", "name": "Merit VAULT", "twitter": "sapa_lol", "proposalsCount": 0, "votesCount": 0, "followersCount": 4, "website": "https://sapa.lol"}, {"id": "merope.eth", "name": "merope", "twitter": null, "proposalsCount": 3, "votesCount": 23, "followersCount": 11, "website": null}, {"id": "mersona.eth", "name": "Shepherd Labs", "twitter": null, "proposalsCount": 2, "votesCount": 260, "followersCount": 14, "website": null}, {"id": "meson.eth", "name": "Meson Network", "twitter": "NetworkMeson", "proposalsCount": 0, "votesCount": 0, "followersCount": 4, "website": "https://meson.network"}]