[{"id": "kongtoudawo.eth", "name": "kongtoudawo", "twitter": null, "proposalsCount": 12, "votesCount": 106, "followersCount": 45, "website": null}, {"id": "alphabirds.szns.eth", "name": "alphabirds.szns.eth", "twitter": null, "proposalsCount": 16, "votesCount": 143, "followersCount": 4, "website": null}, {"id": "digitsdao.eth", "name": "Digits DAO", "twitter": "digitsdao", "proposalsCount": 2, "votesCount": 95, "followersCount": 16, "website": "https://digitsdao.finance"}, {"id": "fpis.eth", "name": "FPI", "twitter": "fraxfinance", "proposalsCount": 10, "votesCount": 86, "followersCount": 17, "website": "https://app.frax.finance/"}, {"id": "yup.eth", "name": "Yup", "twitter": "yup_io", "proposalsCount": 16, "votesCount": 98, "followersCount": 49, "website": "https://yup.io"}, {"id": "\u4e2d\u56fd\u52a0\u6cb9\u554a.eth", "name": "RADARDao", "twitter": null, "proposalsCount": 134, "votesCount": 17, "followersCount": 12, "website": null}, {"id": "am-00-00-00.eth", "name": "test2", "twitter": null, "proposalsCount": 7, "votesCount": 50, "followersCount": 5, "website": null}, {"id": "defidolla.eth", "name": "DefiDollar DAO", "twitter": "defidollar", "proposalsCount": 8, "votesCount": 153, "followersCount": 1, "website": null}, {"id": "dragonmeta.eth", "name": "DragonMetaverse", "twitter": "dragoncityio", "proposalsCount": 1, "votesCount": 151, "followersCount": 10, "website": null}, {"id": "earthtmc.eth", "name": "earth\u2122\u00a9", "twitter": "earthtmc", "proposalsCount": 8, "votesCount": 47, "followersCount": 7, "website": "http://earthtmc.com"}, {"id": "layer3xyz.eth", "name": "Layer3", "twitter": "layer3xyz", "proposalsCount": 0, "votesCount": 0, "followersCount": 12, "website": "https://layer3.xyz"}, {"id": "metapoolgov.eth", "name": "MetaFinance", "twitter": null, "proposalsCount": 6, "votesCount": 150, "followersCount": 6, "website": null}, {"id": "pippi.eth", "name": "PippiSwap", "twitter": null, "proposalsCount": 27, "votesCount": 128, "followersCount": 7, "website": null}, {"id": "soulda7777.eth", "name": "Soulda", "twitter": "Soulda16Club", "proposalsCount": 1, "votesCount": 148, "followersCount": 13, "website": "https://soulda16.club/"}, {"id": "squeaker.eth", "name": "Joey", "twitter": null, "proposalsCount": 6, "votesCount": 153, "followersCount": 3, "website": null}, {"id": "zeroliquid.eth", "name": "ZeroLiquid", "twitter": "ZeroLiquid_xyz", "proposalsCount": 2, "votesCount": 127, "followersCount": 33, "website": "https://zeroliquid.xyz/"}, {"id": "dnsdoge.eth", "name": "Dogens DAO", "twitter": "DogensToken", "proposalsCount": 9, "votesCount": 138, "followersCount": 15, "website": "https://dogens.io"}, {"id": "vbswap.eth", "name": "vBSWAP", "twitter": null, "proposalsCount": 1, "votesCount": 155, "followersCount": 5, "website": null}, {"id": "shiburaidev.eth", "name": "Shiba Samurai Clan", "twitter": null, "proposalsCount": 6, "votesCount": 140, "followersCount": 15, "website": null}, {"id": "0xstarks.eth", "name": "starks", "twitter": null, "proposalsCount": 2, "votesCount": 5, "followersCount": 3, "website": null}]