[{"id": "echobubblebank.eth", "name": "Echo Bubble ", "twitter": "EchoBubbleErc", "proposalsCount": 3, "votesCount": 6, "followersCount": 6, "website": "https://echobubblemarket.com/"}, {"id": "emotionallyunavailable.eth", "name": "NextCake", "twitter": null, "proposalsCount": 1, "votesCount": 1, "followersCount": 13, "website": null}, {"id": "favos.eth", "name": "Favos", "twitter": null, "proposalsCount": 4, "votesCount": 8, "followersCount": 3, "website": "https://favos.xyz/"}, {"id": "flux01.eth", "name": "Flux", "twitter": null, "proposalsCount": 0, "votesCount": 0, "followersCount": 15, "website": null}, {"id": "fortubegov.eth", "name": "ForTube(Ethereum)", "twitter": null, "proposalsCount": 4, "votesCount": 0, "followersCount": 11, "website": null}, {"id": "galaxyape.eth", "name": "dodogo", "twitter": null, "proposalsCount": 1, "votesCount": 11, "followersCount": 3, "website": null}, {"id": "helppr.eth", "name": "HelpPR - FLM", "twitter": "helpprflm", "proposalsCount": 1, "votesCount": 11, "followersCount": 3, "website": "https://www.helppr.xyz/"}, {"id": "heroesofarcanwax.eth", "name": "Heroes Of Arcan", "twitter": "HeroesOfArcan", "proposalsCount": 0, "votesCount": 0, "followersCount": 15, "website": "https://t.co/I1SG9F1xsv"}, {"id": "ktu-lu.eth", "name": "Ktu-lu.com", "twitter": "TitanKtulu", "proposalsCount": 1, "votesCount": 2, "followersCount": 12, "website": "https://ktu-lu.com"}, {"id": "libertas.eth", "name": "Libertas Governance", "twitter": "TheRealLibertas", "proposalsCount": 2, "votesCount": 13, "followersCount": 0, "website": null}, {"id": "littletokyodao.eth", "name": "Little Tokyo DAO", "twitter": null, "proposalsCount": 3, "votesCount": 6, "followersCount": 6, "website": "https://littletokyodao.com"}, {"id": "maxyang.eth", "name": "WOWLAND", "twitter": null, "proposalsCount": 5, "votesCount": 8, "followersCount": 2, "website": null}, {"id": "metabtc.eth", "name": "metameta", "twitter": null, "proposalsCount": 1, "votesCount": 11, "followersCount": 3, "website": null}, {"id": "optimism.cryptodateio.eth", "name": "Cryptodate On Optimism", "twitter": "cryptodateio", "proposalsCount": 2, "votesCount": 1, "followersCount": 12, "website": "https://www.cryptodate.io/"}, {"id": "partchyan.eth", "name": "ONEBORINGSPACE-DAO", "twitter": null, "proposalsCount": 5, "votesCount": 6, "followersCount": 4, "website": null}, {"id": "pikapika.eth", "name": "PIKACHU DAO", "twitter": null, "proposalsCount": 6, "votesCount": 0, "followersCount": 9, "website": null}, {"id": "plai-ltd.eth", "name": "AccessDao", "twitter": null, "proposalsCount": 1, "votesCount": 5, "followersCount": 9, "website": null}, {"id": "polygon-jetswap-finance.eth", "name": "JetSwap", "twitter": "jetfuelfinance", "proposalsCount": 0, "votesCount": 0, "followersCount": 15, "website": null}, {"id": "priv\u00e9dao.eth", "name": "Priv\u00e9", "twitter": "privesociete", "proposalsCount": 1, "votesCount": 9, "followersCount": 5, "website": "https://prive.io"}, {"id": "proudlionsclub.eth", "name": "Proud Lions Club", "twitter": "proudlionsclub", "proposalsCount": 1, "votesCount": 12, "followersCount": 2, "website": "https://www.proudlionsclub.com"}]