[{"id": "688649.eth", "name": "99Space", "twitter": null, "proposalsCount": 1, "votesCount": 1, "followersCount": 1, "website": null}, {"id": "777387.eth", "name": "55522", "twitter": null, "proposalsCount": 1, "votesCount": 1, "followersCount": 1, "website": null}, {"id": "777823.eth", "name": "23323", "twitter": null, "proposalsCount": 1, "votesCount": 1, "followersCount": 1, "website": null}, {"id": "789212.eth", "name": "gfg", "twitter": null, "proposalsCount": 1, "votesCount": 1, "followersCount": 1, "website": null}, {"id": "789677.eth", "name": "erdf", "twitter": null, "proposalsCount": 1, "votesCount": 2, "followersCount": 0, "website": null}, {"id": "854632.eth", "name": "fasasd", "twitter": null, "proposalsCount": 1, "votesCount": 1, "followersCount": 1, "website": null}, {"id": "889912.eth", "name": "hhh", "twitter": null, "proposalsCount": 1, "votesCount": 1, "followersCount": 1, "website": null}, {"id": "890809.eth", "name": "jjas", "twitter": null, "proposalsCount": 1, "votesCount": 1, "followersCount": 1, "website": null}, {"id": "892122.eth", "name": "faa", "twitter": null, "proposalsCount": 1, "votesCount": 1, "followersCount": 1, "website": null}, {"id": "8x8x8x.eth", "name": "ttt", "twitter": null, "proposalsCount": 1, "votesCount": 1, "followersCount": 1, "website": null}, {"id": "965273.eth", "name": "965273", "twitter": "detriomorello", "proposalsCount": 1, "votesCount": 1, "followersCount": 1, "website": "https://twitter.com/detriomorello"}, {"id": "adelaidea.eth", "name": "rew", "twitter": null, "proposalsCount": 1, "votesCount": 1, "followersCount": 1, "website": null}, {"id": "ageofapes.eth", "name": "qwq", "twitter": null, "proposalsCount": 1, "votesCount": 1, "followersCount": 1, "website": null}, {"id": "aigas.eth", "name": "NFT Bull DAO", "twitter": null, "proposalsCount": 1, "votesCount": 1, "followersCount": 1, "website": null}, {"id": "aimet.eth", "name": "DEFI\u725b\u5e02\u4e4b\u8def", "twitter": null, "proposalsCount": 1, "votesCount": 1, "followersCount": 1, "website": null}, {"id": "aiqinfg.eth", "name": "aiqinfg", "twitter": null, "proposalsCount": 1, "votesCount": 1, "followersCount": 1, "website": null}, {"id": "airatka.eth", "name": "Airatka", "twitter": null, "proposalsCount": 1, "votesCount": 1, "followersCount": 1, "website": null}, {"id": "amirn.eth", "name": "amir nour", "twitter": "amirnourmohama2", "proposalsCount": 1, "votesCount": 1, "followersCount": 1, "website": null}, {"id": "anastasiat.eth", "name": "a", "twitter": null, "proposalsCount": 1, "votesCount": 1, "followersCount": 1, "website": null}, {"id": "annetselv.eth", "name": "annet", "twitter": null, "proposalsCount": 1, "votesCount": 1, "followersCount": 1, "website": null}]