[{"id": "969594.eth", "name": "Future", "twitter": null, "proposalsCount": 2, "votesCount": 4, "followersCount": 0, "website": null}, {"id": "970116.eth", "name": "DAOAD", "twitter": null, "proposalsCount": 7, "votesCount": 39, "followersCount": 13, "website": "https://www.theblockbeats.info/search/safe"}, {"id": "9764310.eth", "name": "lumao22", "twitter": null, "proposalsCount": 2, "votesCount": 37, "followersCount": 31, "website": null}, {"id": "978976.eth", "name": "tall003", "twitter": null, "proposalsCount": 1, "votesCount": 1, "followersCount": 1, "website": null}, {"id": "98765432100.eth", "name": "lumao21", "twitter": null, "proposalsCount": 2, "votesCount": 36, "followersCount": 31, "website": null}, {"id": "98pay.eth", "name": "haotian", "twitter": null, "proposalsCount": 1, "votesCount": 1, "followersCount": 0, "website": null}, {"id": "99555555555.eth", "name": "huohuo", "twitter": null, "proposalsCount": 1, "votesCount": 1, "followersCount": 1, "website": null}, {"id": "996capital.eth", "name": "Metamask", "twitter": null, "proposalsCount": 5, "votesCount": 47, "followersCount": 11, "website": null}, {"id": "998353.eth", "name": "tall004", "twitter": null, "proposalsCount": 2, "votesCount": 3, "followersCount": 1, "website": null}, {"id": "999548.eth", "name": "VoteTest", "twitter": null, "proposalsCount": 1, "votesCount": 4, "followersCount": 1, "website": "https://www.google.com"}, {"id": "9999999.warden7779.eth", "name": "1111", "twitter": null, "proposalsCount": 1, "votesCount": 8, "followersCount": 0, "website": null}, {"id": "999az.eth", "name": "fardin shayesteh", "twitter": "fardinw7", "proposalsCount": 0, "votesCount": 0, "followersCount": 0, "website": null}, {"id": "9lucky.eth", "name": "lucky9", "twitter": null, "proposalsCount": 0, "votesCount": 0, "followersCount": 0, "website": null}, {"id": "9pmclub.eth", "name": "9PM Club", "twitter": null, "proposalsCount": 0, "votesCount": 0, "followersCount": 1, "website": null}, {"id": "9tsai.eth", "name": "9tsai", "twitter": null, "proposalsCount": 3, "votesCount": 14, "followersCount": 1, "website": "https://discord.gg/jXEXCH7Ngv"}, {"id": "a00000003.eth", "name": "A431044", "twitter": null, "proposalsCount": 2, "votesCount": 2, "followersCount": 2, "website": null}, {"id": "a16z888.eth", "name": "scppl", "twitter": "LFG0218", "proposalsCount": 0, "votesCount": 0, "followersCount": 0, "website": null}, {"id": "a6686788.eth", "name": "kindoo", "twitter": null, "proposalsCount": 0, "votesCount": 0, "followersCount": 0, "website": null}, {"id": "aa88866.eth", "name": "sad network", "twitter": null, "proposalsCount": 1, "votesCount": 1, "followersCount": 0, "website": null}, {"id": "aaa222.eth", "name": "aaa222.eth", "twitter": null, "proposalsCount": 1, "votesCount": 1, "followersCount": 0, "website": null}]