[{"id": "gov.dhedge.eth", "name": "dHEDGE DAO", "twitter": "dHedgeOrg", "proposalsCount": 77, "votesCount": 1374, "followersCount": 389, "website": "https://app.dhedge.org/"}, {"id": "harvestfi.eth", "name": "Harvest Finance", "twitter": null, "proposalsCount": 18, "votesCount": 1434, "followersCount": 371, "website": null}, {"id": "origingov.eth", "name": "Origin Story", "twitter": "originprotocol", "proposalsCount": 66, "votesCount": 874, "followersCount": 904, "website": "http://www.story.xyz"}, {"id": "tracer.eth", "name": "Tracer", "twitter": null, "proposalsCount": 46, "votesCount": 904, "followersCount": 770, "website": null}, {"id": "rook.eth", "name": "Rook", "twitter": "Rook", "proposalsCount": 44, "votesCount": 1307, "followersCount": 346, "website": "https://rook.fi"}, {"id": "instadapp-gov.eth", "name": "Instadapp", "twitter": "instadapp", "proposalsCount": 12, "votesCount": 251, "followersCount": 1310, "website": "https://instadapp.io/"}, {"id": "silofinance.eth", "name": "Silo", "twitter": "SiloFinance", "proposalsCount": 37, "votesCount": 980, "followersCount": 503, "website": "https://www.silo.finance/"}, {"id": "tetu.eth", "name": "Tetu.io", "twitter": "tetu_io", "proposalsCount": 49, "votesCount": 1204, "followersCount": 234, "website": null}, {"id": "dea.eth", "name": "DEUS Finance ", "twitter": "deusdao", "proposalsCount": 34, "votesCount": 1087, "followersCount": 326, "website": "https://deus.finance"}, {"id": "hbot-prp.eth", "name": "Hummingbot Pull Requests", "twitter": "hummingbot_org", "proposalsCount": 182, "votesCount": 524, "followersCount": 303, "website": null}, {"id": "truefigov.eth", "name": "TrueFi", "twitter": "TrueFiDAO", "proposalsCount": 70, "votesCount": 884, "followersCount": 344, "website": "https://app.truefi.io"}, {"id": "metafactory.eth", "name": "MetaFactory", "twitter": "TheMetaFactory", "proposalsCount": 59, "votesCount": 720, "followersCount": 325, "website": "https://metafactory.ai"}, {"id": "cabindao.eth", "name": "Cabin", "twitter": "creatorcabins", "proposalsCount": 50, "votesCount": 1013, "followersCount": 287, "website": null}, {"id": "unlock-protocol.eth", "name": "Unlock Protocol", "twitter": "unlockprotocol", "proposalsCount": 41, "votesCount": 739, "followersCount": 403, "website": "https://unlock-protocol.com"}, {"id": "ffdao.eth", "name": "forefront", "twitter": "forefront__", "proposalsCount": 26, "votesCount": 663, "followersCount": 557, "website": "https://forefront.market"}, {"id": "expansiondao.eth", "name": "ExpansionDAO", "twitter": "ExpansionPunks", "proposalsCount": 24, "votesCount": 891, "followersCount": 120, "website": "https://expansionpunks.com/"}, {"id": "gov.radicle.eth", "name": "Radicle", "twitter": null, "proposalsCount": 19, "votesCount": 632, "followersCount": 326, "website": null}, {"id": "mantra-dao.eth", "name": "MANTRA", "twitter": "MANTRAOMniverse", "proposalsCount": 35, "votesCount": 313, "followersCount": 609, "website": "https://www.mantraomniverse.com/"}, {"id": "staking.idlefinance.eth", "name": "Idle DAO (stkIDLE holders)", "twitter": "idlefinance", "proposalsCount": 94, "votesCount": 444, "followersCount": 139, "website": "https://idle.finance/"}, {"id": "tempusgov.eth", "name": "Tempus", "twitter": "TempusFinance", "proposalsCount": 9, "votesCount": 219, "followersCount": 148, "website": "https://tempus.finance/"}]