[{"id": "carvefinance.eth", "name": "Carve", "twitter": null, "proposalsCount": 2, "votesCount": 2, "followersCount": 2, "website": null}, {"id": "cathy-bank.eth", "name": "Cathy Bank", "twitter": null, "proposalsCount": 3, "votesCount": 1, "followersCount": 2, "website": null}, {"id": "cdzexchange.eth", "name": "CDzExchange", "twitter": "CDzExchange", "proposalsCount": 1, "votesCount": 1, "followersCount": 4, "website": null}, {"id": "celda.eth", "name": "CELDA BY CELLS", "twitter": "cellsnft", "proposalsCount": 1, "votesCount": 1, "followersCount": 4, "website": null}, {"id": "cexdex.eth", "name": "web3 hobby group", "twitter": null, "proposalsCount": 1, "votesCount": 1, "followersCount": 4, "website": null}, {"id": "ceydacally.eth", "name": "Robromides", "twitter": "robromides", "proposalsCount": 1, "votesCount": 3, "followersCount": 2, "website": "https://www.robromides.com"}, {"id": "chain66.eth", "name": "UNIIOA", "twitter": null, "proposalsCount": 2, "votesCount": 2, "followersCount": 2, "website": null}, {"id": "chaosdesign.eth", "name": "chaosdesign", "twitter": null, "proposalsCount": 1, "votesCount": 2, "followersCount": 3, "website": "https://app.dework.xyz/chaosdesign"}, {"id": "chargedefi.eth", "name": "Charge DeFi", "twitter": "ChargeDeFi", "proposalsCount": 0, "votesCount": 0, "followersCount": 6, "website": null}, {"id": "chikago.eth", "name": "ZOOKA", "twitter": null, "proposalsCount": 1, "votesCount": 1, "followersCount": 4, "website": "https://beta.layer3.xyz/"}, {"id": "choconuts.eth", "name": "Valhalla", "twitter": null, "proposalsCount": 2, "votesCount": 2, "followersCount": 2, "website": null}, {"id": "civicsdaotest.eth", "name": "CivicsDAOTest", "twitter": null, "proposalsCount": 1, "votesCount": 2, "followersCount": 3, "website": null}, {"id": "coasys.eth", "name": "Coasys", "twitter": null, "proposalsCount": 2, "votesCount": 2, "followersCount": 2, "website": null}, {"id": "cocos8.eth", "name": "cocos8.eth", "twitter": null, "proposalsCount": 3, "votesCount": 0, "followersCount": 3, "website": null}, {"id": "coinplants.eth", "name": "Coin Plants \ud83e\udeb4", "twitter": "coinplantsNFT", "proposalsCount": 1, "votesCount": 3, "followersCount": 2, "website": "https://coinplants.io/"}, {"id": "crypgo.eth", "name": "Andy", "twitter": null, "proposalsCount": 1, "votesCount": 3, "followersCount": 2, "website": null}, {"id": "cryptosteam.eth", "name": "CryptoSteam", "twitter": null, "proposalsCount": 0, "votesCount": 0, "followersCount": 6, "website": null}, {"id": "cryptovibetribe.eth", "name": "Crypto Vibe Tribe", "twitter": null, "proposalsCount": 1, "votesCount": 3, "followersCount": 2, "website": null}, {"id": "cyberconnec.eth", "name": "Cyberconnec Network", "twitter": null, "proposalsCount": 3, "votesCount": 1, "followersCount": 2, "website": null}, {"id": "dao.trufflers.eth", "name": "Trufflers DAO", "twitter": null, "proposalsCount": 1, "votesCount": 1, "followersCount": 4, "website": null}]