[{"id": "complus.eth", "name": "COMPLUS - AVAX", "twitter": "complusnetwork", "proposalsCount": 0, "votesCount": 0, "followersCount": 7, "website": null}, {"id": "crnolan.eth", "name": "CryptoNolan", "twitter": null, "proposalsCount": 1, "votesCount": 3, "followersCount": 3, "website": null}, {"id": "cryptoduckies.eth", "name": "Crypto Duckies", "twitter": "DuckiesCrypto", "proposalsCount": 0, "votesCount": 0, "followersCount": 7, "website": "https://www.cryptoduckies.co"}, {"id": "cryptoinvestiter.eth", "name": "COMC DAO", "twitter": null, "proposalsCount": 1, "votesCount": 4, "followersCount": 2, "website": null}, {"id": "cryptomoron.eth", "name": "Moron Dao", "twitter": null, "proposalsCount": 4, "votesCount": 1, "followersCount": 2, "website": null}, {"id": "cryptoskaters.eth", "name": "Cryptoskaters ", "twitter": null, "proposalsCount": 0, "votesCount": 0, "followersCount": 7, "website": "http://discord.gg/skatehive"}, {"id": "crytch-kid.eth", "name": "ARC Test", "twitter": null, "proposalsCount": 3, "votesCount": 2, "followersCount": 2, "website": null}, {"id": "dao.karmatwo.eth", "name": "TWO DAO", "twitter": null, "proposalsCount": 3, "votesCount": 2, "followersCount": 2, "website": null}, {"id": "dealexmachina.eth", "name": "DEAL EX MACHINA", "twitter": "dealexmachina", "proposalsCount": 2, "votesCount": 0, "followersCount": 5, "website": null}, {"id": "defibridgedao.eth", "name": "DeFi Bridge LLC", "twitter": null, "proposalsCount": 2, "votesCount": 3, "followersCount": 2, "website": null}, {"id": "defiknowledge.eth", "name": "DeFiKnowledgeDAO", "twitter": "DeFiKnowledge", "proposalsCount": 1, "votesCount": 1, "followersCount": 5, "website": null}, {"id": "dexg.eth", "name": "DEXToken Governance", "twitter": null, "proposalsCount": 1, "votesCount": 3, "followersCount": 3, "website": null}, {"id": "dluffy.eth", "name": "One Piece", "twitter": null, "proposalsCount": 1, "votesCount": 3, "followersCount": 3, "website": null}, {"id": "dogeland.eth", "name": "dogeland", "twitter": "DogelandE", "proposalsCount": 0, "votesCount": 0, "followersCount": 7, "website": null}, {"id": "dokjong.eth", "name": "Scholar SNKRZ", "twitter": null, "proposalsCount": 2, "votesCount": 3, "followersCount": 2, "website": null}, {"id": "dopevoyage.eth", "name": "Dope Voyage", "twitter": "dopevoyage", "proposalsCount": 2, "votesCount": 2, "followersCount": 3, "website": "https://dope.voyage/"}, {"id": "dota1999.eth", "name": "wait for 2025", "twitter": null, "proposalsCount": 2, "votesCount": 3, "followersCount": 2, "website": null}, {"id": "doyousync.eth", "name": "Do You Sync", "twitter": null, "proposalsCount": 4, "votesCount": 3, "followersCount": 0, "website": null}, {"id": "dsg666.eth", "name": "DSG", "twitter": "dsg_666", "proposalsCount": 1, "votesCount": 3, "followersCount": 3, "website": null}, {"id": "ebenz.eth", "name": "SOS Test", "twitter": null, "proposalsCount": 3, "votesCount": 1, "followersCount": 3, "website": null}]