[{"id": "09818.eth", "name": "ill poop it nft", "twitter": "tiantian996", "proposalsCount": 1, "votesCount": 0, "followersCount": 5, "website": null}, {"id": "116554.eth", "name": "Heartless stoic boy Dao", "twitter": null, "proposalsCount": 1, "votesCount": 4, "followersCount": 1, "website": null}, {"id": "131342.eth", "name": "Test", "twitter": null, "proposalsCount": 2, "votesCount": 3, "followersCount": 1, "website": null}, {"id": "2888886.eth", "name": "888888", "twitter": null, "proposalsCount": 2, "votesCount": 3, "followersCount": 1, "website": null}, {"id": "686181.eth", "name": "MANAGE", "twitter": null, "proposalsCount": 1, "votesCount": 4, "followersCount": 1, "website": null}, {"id": "693963.eth", "name": "loth", "twitter": null, "proposalsCount": 3, "votesCount": 2, "followersCount": 1, "website": null}, {"id": "989870.eth", "name": "knowledgeable", "twitter": null, "proposalsCount": 1, "votesCount": 0, "followersCount": 5, "website": null}, {"id": "anna51888.eth", "name": "anna5188", "twitter": "anna51888", "proposalsCount": 2, "votesCount": 3, "followersCount": 1, "website": null}, {"id": "anzenfinance.eth", "name": "Anzen", "twitter": "AnzenFinance", "proposalsCount": 2, "votesCount": 3, "followersCount": 1, "website": "https://anzen.finance/"}, {"id": "art.ultraflat.eth", "name": "alpha omega", "twitter": null, "proposalsCount": 1, "votesCount": 0, "followersCount": 5, "website": null}, {"id": "axoninjas.eth", "name": "AxoNinjas", "twitter": "KiethDraper", "proposalsCount": 1, "votesCount": 0, "followersCount": 5, "website": null}, {"id": "aze.eth", "name": "The Smurfs Society", "twitter": null, "proposalsCount": 1, "votesCount": 4, "followersCount": 1, "website": "http://www.blueproject.org"}, {"id": "bayesyy.eth", "name": "GMGMDAO", "twitter": null, "proposalsCount": 1, "votesCount": 4, "followersCount": 1, "website": null}, {"id": "bimer.eth", "name": "BIMDAO", "twitter": null, "proposalsCount": 1, "votesCount": 0, "followersCount": 5, "website": null}, {"id": "bsc.cryptodateio.eth", "name": "Cryptodate BSC Operations", "twitter": "cryptodateio", "proposalsCount": 1, "votesCount": 0, "followersCount": 5, "website": "https://www.cryptodate.io"}, {"id": "bxlove.eth", "name": "Bruxelloise Lab DAO", "twitter": "bxldao", "proposalsCount": 1, "votesCount": 0, "followersCount": 5, "website": "https://linktr.ee/bxldao"}, {"id": "changliuchuan.eth", "name": "Web 3.0+\u5143\u5b87\u5b99 \u6398\u91d1\u4e4b\u8def", "twitter": "robinhuang15", "proposalsCount": 1, "votesCount": 0, "followersCount": 5, "website": null}, {"id": "ciphermining.eth", "name": "popodao", "twitter": null, "proposalsCount": 1, "votesCount": 0, "followersCount": 5, "website": null}, {"id": "coindemic.eth", "name": "Coindemic", "twitter": null, "proposalsCount": 1, "votesCount": 5, "followersCount": 0, "website": null}, {"id": "crype.eth", "name": "Crype.eth", "twitter": null, "proposalsCount": 1, "votesCount": 4, "followersCount": 1, "website": null}]