[{"id": "iotapes.eth", "name": "ApeDAO", "twitter": "iotapes", "proposalsCount": 2, "votesCount": 12, "followersCount": 33, "website": "https://www.apedao.finance/"}, {"id": "iotexpunks.eth", "name": "IoTeX PUNKS IOP DAO", "twitter": "iotexpunks", "proposalsCount": 0, "votesCount": 0, "followersCount": 198, "website": null}, {"id": "ipinternet.eth", "name": "Roknuzzaman", "twitter": null, "proposalsCount": 1, "votesCount": 1, "followersCount": 1, "website": null}, {"id": "ipollominer.eth", "name": "ipollo", "twitter": null, "proposalsCount": 1, "votesCount": 2, "followersCount": 2, "website": null}, {"id": "irene\ud83d\ude0a.eth", "name": "irene\ud83d\ude0a", "twitter": null, "proposalsCount": 0, "votesCount": 0, "followersCount": 0, "website": null}, {"id": "irenrn.eth", "name": "rn", "twitter": null, "proposalsCount": 1, "votesCount": 1, "followersCount": 1, "website": null}, {"id": "irlac.eth", "name": "IRC Alcohol Club", "twitter": null, "proposalsCount": 8, "votesCount": 31, "followersCount": 11, "website": null}, {"id": "irmafrane.eth", "name": "Irma", "twitter": null, "proposalsCount": 1, "votesCount": 2, "followersCount": 2, "website": null}, {"id": "ironmannn.eth", "name": "the iron", "twitter": "theironmannn3", "proposalsCount": 1, "votesCount": 2, "followersCount": 1, "website": null}, {"id": "ironoxide.eth", "name": "IronOxide", "twitter": null, "proposalsCount": 0, "votesCount": 0, "followersCount": 2, "website": null}, {"id": "isataman.eth", "name": "Ataman Test", "twitter": null, "proposalsCount": 1, "votesCount": 1, "followersCount": 2, "website": null}, {"id": "ishbirdin.eth", "name": "rft", "twitter": null, "proposalsCount": 0, "votesCount": 0, "followersCount": 0, "website": null}, {"id": "isildurpoker.eth", "name": "harma", "twitter": null, "proposalsCount": 1, "votesCount": 1, "followersCount": 1, "website": null}, {"id": "iskippo.eth", "name": "ISkippo", "twitter": "ISkippo", "proposalsCount": 0, "votesCount": 0, "followersCount": 0, "website": null}, {"id": "islandcraft.eth", "name": "Island Craft", "twitter": "island_crafting", "proposalsCount": 0, "votesCount": 0, "followersCount": 5, "website": null}, {"id": "iszen.eth", "name": "yoyodao", "twitter": null, "proposalsCount": 1, "votesCount": 1, "followersCount": 1, "website": null}, {"id": "it-dao.eth", "name": "IT-DAO", "twitter": "itdaoog", "proposalsCount": 0, "votesCount": 0, "followersCount": 1, "website": null}, {"id": "italianobull.eth", "name": "Italiano community", "twitter": null, "proposalsCount": 1, "votesCount": 1, "followersCount": 1, "website": null}, {"id": "itokenpocket.eth", "name": "TokenPocket", "twitter": null, "proposalsCount": 14, "votesCount": 801, "followersCount": 276, "website": null}, {"id": "ivanwarper.eth", "name": "illyaloh", "twitter": "dafsdfsd", "proposalsCount": 52, "votesCount": 105, "followersCount": 1, "website": null}]