[{"id": "cryptosistreasury.eth", "name": "CryptoSis DAO", "twitter": "Cryptosisnfts", "proposalsCount": 1, "votesCount": 3, "followersCount": 14, "website": "https://looksrare.org/collections/0xe3e05b8b1E6CD83Fe05cD49082cD95a45e4Bc59A"}, {"id": "dftmoon.eth", "name": "DFTMOON", "twitter": null, "proposalsCount": 4, "votesCount": 10, "followersCount": 4, "website": null}, {"id": "estfor.eth", "name": "PaintSwap & Estfor", "twitter": "paint_swap", "proposalsCount": 9, "votesCount": 5, "followersCount": 4, "website": "https://paintswap.finance"}, {"id": "game.ilv-gov.eth", "name": "Game Sub Council", "twitter": null, "proposalsCount": 3, "votesCount": 11, "followersCount": 4, "website": null}, {"id": "haoxiao.eth", "name": "hao", "twitter": "xiaohao6794259", "proposalsCount": 3, "votesCount": 11, "followersCount": 4, "website": null}, {"id": "jjamb.eth", "name": "JJamB", "twitter": null, "proposalsCount": 8, "votesCount": 6, "followersCount": 4, "website": null}, {"id": "lilbrainsdao.eth", "name": "lilBrains", "twitter": "lilbrains_", "proposalsCount": 3, "votesCount": 14, "followersCount": 1, "website": "https://app.lilbrains.com"}, {"id": "linkstart.eth", "name": "LABORER", "twitter": null, "proposalsCount": 2, "votesCount": 2, "followersCount": 14, "website": null}, {"id": "pitpa.eth", "name": "PitPa", "twitter": null, "proposalsCount": 3, "votesCount": 14, "followersCount": 1, "website": null}, {"id": "polyheads.eth", "name": "polyheads", "twitter": "polyheads", "proposalsCount": 1, "votesCount": 14, "followersCount": 3, "website": null}, {"id": "s3.raidguild.eth", "name": "Raid Guild S3 DAO", "twitter": null, "proposalsCount": 5, "votesCount": 9, "followersCount": 4, "website": null}, {"id": "smol", "name": "smol", "twitter": null, "proposalsCount": 4, "votesCount": 13, "followersCount": 1, "website": null}, {"id": "yuricat.eth", "name": "sdnbfuwbvjhwblwbv", "twitter": null, "proposalsCount": 8, "votesCount": 6, "followersCount": 4, "website": null}, {"id": "yuvaris.eth", "name": "btc community", "twitter": null, "proposalsCount": 1, "votesCount": 17, "followersCount": 0, "website": null}, {"id": "\u53f0\u7063\u7368\u7acb\u5ba3\u8a00.eth", "name": "\u53f0\u7063\u7368\u7acb\u5ba3\u8a00", "twitter": null, "proposalsCount": 4, "votesCount": 13, "followersCount": 1, "website": null}, {"id": "002511.eth", "name": "smq\u793e\u533a", "twitter": null, "proposalsCount": 2, "votesCount": 6, "followersCount": 10, "website": null}, {"id": "02468.eth", "name": "02468dao", "twitter": null, "proposalsCount": 5, "votesCount": 8, "followersCount": 5, "website": null}, {"id": "58.ethid.eth", "name": "\u53f6\u5b64\u57ce", "twitter": null, "proposalsCount": 2, "votesCount": 11, "followersCount": 5, "website": null}, {"id": "86021.eth", "name": "86021", "twitter": null, "proposalsCount": 1, "votesCount": 1, "followersCount": 16, "website": null}, {"id": "8848plus.eth", "name": "8848plus", "twitter": null, "proposalsCount": 1, "votesCount": 1, "followersCount": 16, "website": null}]