[{"id": "ivoryswap.eth", "name": "Ivoryswap", "twitter": null, "proposalsCount": 0, "votesCount": 0, "followersCount": 19, "website": null}, {"id": "iwan.eth", "name": "Iwan", "twitter": null, "proposalsCount": 322, "votesCount": 2, "followersCount": 115, "website": null}, {"id": "iwriter.eth", "name": "Writers", "twitter": null, "proposalsCount": 0, "votesCount": 0, "followersCount": 0, "website": null}, {"id": "iyonger.eth", "name": "17dao", "twitter": null, "proposalsCount": 23, "votesCount": 24, "followersCount": 12, "website": null}, {"id": "jackjack.eth", "name": "JackJack", "twitter": null, "proposalsCount": 0, "votesCount": 0, "followersCount": 0, "website": null}, {"id": "jackmiao.eth", "name": "JackMiaoClub", "twitter": null, "proposalsCount": 1, "votesCount": 174, "followersCount": 0, "website": null}, {"id": "jackmusk.eth", "name": "BlueMove", "twitter": "BlueMoveNFT", "proposalsCount": 0, "votesCount": 0, "followersCount": 10, "website": "https://bluemove.net/"}, {"id": "jacobssy.eth", "name": "JAcob", "twitter": "hugryshark", "proposalsCount": 0, "votesCount": 0, "followersCount": 0, "website": null}, {"id": "jacoz.eth", "name": "1", "twitter": null, "proposalsCount": 1, "votesCount": 2, "followersCount": 1, "website": null}, {"id": "jacqueline52019.eth", "name": "jacqueline52049", "twitter": null, "proposalsCount": 0, "votesCount": 0, "followersCount": 1, "website": null}, {"id": "jaen.eth", "name": "St\u00e6llar", "twitter": null, "proposalsCount": 0, "votesCount": 0, "followersCount": 1, "website": null}, {"id": "jaewu.eth", "name": "Mainstream", "twitter": null, "proposalsCount": 4, "votesCount": 4, "followersCount": 2, "website": null}, {"id": "jahangir7864.eth", "name": "jahangir7864.eth", "twitter": null, "proposalsCount": 0, "votesCount": 0, "followersCount": 1, "website": null}, {"id": "jamejam.eth", "name": "publishing mirror articles", "twitter": "yusefcity", "proposalsCount": 1, "votesCount": 1, "followersCount": 1, "website": null}, {"id": "jamesdan.eth", "name": "JamesDao", "twitter": null, "proposalsCount": 3, "votesCount": 4, "followersCount": 2, "website": null}, {"id": "jamesduncan.eth", "name": "Duncan", "twitter": null, "proposalsCount": 0, "votesCount": 0, "followersCount": 0, "website": null}, {"id": "jamesxian.eth", "name": "Metabit", "twitter": null, "proposalsCount": 0, "votesCount": 0, "followersCount": 0, "website": null}, {"id": "japanictdao.eth", "name": "Japan ICT DAO", "twitter": null, "proposalsCount": 1, "votesCount": 10, "followersCount": 6, "website": null}, {"id": "jasonlim.eth", "name": "Jason Lim", "twitter": null, "proposalsCount": 0, "votesCount": 0, "followersCount": 1, "website": null}, {"id": "jasony33.eth", "name": " DAO", "twitter": null, "proposalsCount": 35, "votesCount": 261, "followersCount": 586, "website": null}]