[{"id": "smx92.eth", "name": "\u7092\u5e01\u4e4b\u5bb6", "twitter": null, "proposalsCount": 0, "votesCount": 0, "followersCount": 1, "website": null}, {"id": "snakeyou.eth", "name": "10WU DAO", "twitter": null, "proposalsCount": 1, "votesCount": 5, "followersCount": 2, "website": null}, {"id": "snapshot.layerthree.eth", "name": "L3BCSes", "twitter": null, "proposalsCount": 16, "votesCount": 17, "followersCount": 6, "website": null}, {"id": "snarkswap.eth", "name": "Wine lover", "twitter": null, "proposalsCount": 1, "votesCount": 3, "followersCount": 3, "website": null}, {"id": "snsdao.eth", "name": "SNS DAO", "twitter": null, "proposalsCount": 1, "votesCount": 2, "followersCount": 1, "website": null}, {"id": "sobal.eth", "name": "Sobal", "twitter": "sobalfi", "proposalsCount": 0, "votesCount": 0, "followersCount": 8, "website": "https://www.sobal.fi"}, {"id": "socoin.eth", "name": "SyncSwap", "twitter": null, "proposalsCount": 0, "votesCount": 0, "followersCount": 41, "website": null}, {"id": "soduswap.eth", "name": "nets net ", "twitter": "cowper_boyce", "proposalsCount": 4, "votesCount": 6, "followersCount": 1, "website": "https://twitter.com/cowper_boyce"}, {"id": "soeos.eth", "name": "DAO", "twitter": null, "proposalsCount": 2, "votesCount": 4, "followersCount": 1, "website": null}, {"id": "soeth.eth", "name": "soeth", "twitter": "", "proposalsCount": 2, "votesCount": 36, "followersCount": 3, "website": null}, {"id": "softbank-group-corp.eth", "name": "SoftBank-Group-Corp", "twitter": null, "proposalsCount": 1, "votesCount": 13, "followersCount": 13, "website": null}, {"id": "softhearted.eth", "name": "BlackElf ", "twitter": null, "proposalsCount": 1, "votesCount": 1, "followersCount": 2, "website": null}, {"id": "sogol1.eth", "name": "sogol", "twitter": null, "proposalsCount": 0, "votesCount": 0, "followersCount": 1, "website": null}, {"id": "soikat75.eth", "name": "ZK Money", "twitter": "Soikat75", "proposalsCount": 1, "votesCount": 2, "followersCount": 13, "website": null}, {"id": "sokacats.eth", "name": "SoKa Network", "twitter": "allsvinn", "proposalsCount": 0, "votesCount": 0, "followersCount": 1, "website": null}, {"id": "solidityboy.eth", "name": "solidityboy", "twitter": "solidityboy", "proposalsCount": 2, "votesCount": 3, "followersCount": 3, "website": "https://mirror.xyz/solidityboy.eth"}, {"id": "somefriends2017.eth", "name": "somefriends2017", "twitter": "MuzykaEto", "proposalsCount": 0, "votesCount": 0, "followersCount": 1, "website": null}, {"id": "sonayhalildaskesen.eth", "name": "hdaskesen", "twitter": null, "proposalsCount": 0, "votesCount": 0, "followersCount": 4, "website": null}, {"id": "songchanchan.eth", "name": "keyidaidaididima", "twitter": null, "proposalsCount": 2, "votesCount": 13, "followersCount": 5, "website": null}, {"id": "songsang.eth", "name": "Chef", "twitter": null, "proposalsCount": 0, "votesCount": 0, "followersCount": 0, "website": null}]