[{"id": "gamegurutoken.eth", "name": "GameGuru", "twitter": "GameGuruToken", "proposalsCount": 0, "votesCount": 0, "followersCount": 10, "website": "https://gameguru.gg"}, {"id": "ggtest.eth", "name": "GG Test", "twitter": null, "proposalsCount": 2, "votesCount": 2, "followersCount": 6, "website": null}, {"id": "grahamcapital.eth", "name": "grahamcapital", "twitter": null, "proposalsCount": 2, "votesCount": 5, "followersCount": 3, "website": null}, {"id": "hacker-dao.eth", "name": "HackerDAO", "twitter": "hacker_dao", "proposalsCount": 0, "votesCount": 0, "followersCount": 10, "website": null}, {"id": "hexocodes.eth", "name": "Hexo", "twitter": "hexocodes", "proposalsCount": 4, "votesCount": 3, "followersCount": 3, "website": null}, {"id": "honkdeployer.eth", "name": "HONK", "twitter": "HonkTheWinner", "proposalsCount": 1, "votesCount": 2, "followersCount": 7, "website": "http://honkthewinner.com/"}, {"id": "hpdex.eth", "name": "Hpdex", "twitter": "Hpdex", "proposalsCount": 1, "votesCount": 2, "followersCount": 7, "website": null}, {"id": "hyperscaledao.eth", "name": "Hyperscale", "twitter": "HyperscaleFund", "proposalsCount": 0, "votesCount": 0, "followersCount": 10, "website": null}, {"id": "itisu.eth", "name": "itisu", "twitter": null, "proposalsCount": 3, "votesCount": 4, "followersCount": 3, "website": null}, {"id": "jiangxiansen.eth", "name": "mydao", "twitter": null, "proposalsCount": 5, "votesCount": 0, "followersCount": 5, "website": null}, {"id": "k-verse.eth", "name": "K-verse DAO", "twitter": "kverse_global", "proposalsCount": 2, "votesCount": 4, "followersCount": 4, "website": null}, {"id": "kaizer.eth", "name": "Azuro DAO", "twitter": null, "proposalsCount": 4, "votesCount": 3, "followersCount": 3, "website": null}, {"id": "kittycats.eth", "name": "MeowsDAO", "twitter": "meowsdao", "proposalsCount": 2, "votesCount": 4, "followersCount": 4, "website": "https://meowsdao.xyz"}, {"id": "leekdao.eth", "name": "LeekDAO", "twitter": "cryptoleek", "proposalsCount": 1, "votesCount": 7, "followersCount": 2, "website": null}, {"id": "lfwbsc.eth", "name": "LFW DAO", "twitter": null, "proposalsCount": 2, "votesCount": 3, "followersCount": 5, "website": null}, {"id": "lokda.eth", "name": "lokda", "twitter": null, "proposalsCount": 3, "votesCount": 5, "followersCount": 2, "website": null}, {"id": "lqwdfintech.eth", "name": "lqwdfintech", "twitter": null, "proposalsCount": 2, "votesCount": 6, "followersCount": 2, "website": null}, {"id": "lufthansagroup.eth", "name": "lufthansagroup", "twitter": null, "proposalsCount": 2, "votesCount": 5, "followersCount": 3, "website": null}, {"id": "luxetveritas.eth", "name": "Veritas", "twitter": null, "proposalsCount": 2, "votesCount": 5, "followersCount": 3, "website": null}, {"id": "mani.rariko.eth", "name": "Fuck the banks", "twitter": null, "proposalsCount": 3, "votesCount": 4, "followersCount": 3, "website": null}]