[{"id": "cryptogptorg.eth", "name": "CryptoGPT", "twitter": "CryptoGPT_org", "proposalsCount": 1, "votesCount": 428, "followersCount": 474, "website": "https://cryptogpt.org"}, {"id": "istate.eth", "name": "SafeStake", "twitter": "SafeStakeDVT", "proposalsCount": 6, "votesCount": 463, "followersCount": 422, "website": "https://www.safestake.xyz/"}, {"id": "jumbodefi.eth", "name": "JumboDefi", "twitter": null, "proposalsCount": 21, "votesCount": 769, "followersCount": 101, "website": null}, {"id": "99822.eth", "name": "diamond dao", "twitter": null, "proposalsCount": 35, "votesCount": 80, "followersCount": 21, "website": null}, {"id": "ichi.eth", "name": "ichi.farm", "twitter": null, "proposalsCount": 59, "votesCount": 761, "followersCount": 65, "website": null}, {"id": "swerve", "name": "Swerve", "twitter": null, "proposalsCount": 31, "votesCount": 850, "followersCount": 2, "website": null}, {"id": "guildqb.eth", "name": "GuildQB", "twitter": "GuildQB", "proposalsCount": 10, "votesCount": 256, "followersCount": 116, "website": "https://guildqb.com/"}, {"id": "sdcrv-gov.eth", "name": "sdCRV-Governance", "twitter": null, "proposalsCount": 93, "votesCount": 207, "followersCount": 31, "website": "https://lockers.stakedao.org/governance/protocols?my=false&protocol=sdcrv.eth&type=single-choice&p=0"}, {"id": "yfdaifinance.eth", "name": "YFDAI Governance", "twitter": "YfdaiF", "proposalsCount": 12, "votesCount": 596, "followersCount": 223, "website": null}, {"id": "unslashed.eth", "name": "Unslashed Finance", "twitter": null, "proposalsCount": 31, "votesCount": 804, "followersCount": 44, "website": null}, {"id": "metatravelers.eth", "name": "MetaTravelers", "twitter": "MetaTravelers", "proposalsCount": 13, "votesCount": 729, "followersCount": 131, "website": null}, {"id": "rugpullfrens.eth", "name": "Rug Pull FR\u039eNS", "twitter": "rugpullfrens", "proposalsCount": 21, "votesCount": 796, "followersCount": 56, "website": null}, {"id": "wjs66.eth", "name": "jinshanwang", "twitter": null, "proposalsCount": 6, "votesCount": 12, "followersCount": 5, "website": null}, {"id": "scdas.eth", "name": "StonerCatsDAS", "twitter": "stonercatstv", "proposalsCount": 2, "votesCount": 768, "followersCount": 102, "website": null}, {"id": "abachi.eth", "name": "Abachi", "twitter": "abachi_io", "proposalsCount": 15, "votesCount": 392, "followersCount": 64, "website": "https://abachi.io"}, {"id": "whatifi.eth", "name": "Decentra Dragon", "twitter": "DecentraDragon", "proposalsCount": 2, "votesCount": 768, "followersCount": 100, "website": null}, {"id": "766671.eth", "name": "Campbell", "twitter": null, "proposalsCount": 2, "votesCount": 14, "followersCount": 1, "website": null}, {"id": "sbccdao.eth", "name": "Spooky Boys DAO", "twitter": "spookyboyscc", "proposalsCount": 9, "votesCount": 751, "followersCount": 107, "website": null}, {"id": "daopunks.eth", "name": "DAOpunks", "twitter": "DAOpunksNFT", "proposalsCount": 11, "votesCount": 680, "followersCount": 125, "website": null}, {"id": "lovelymina.eth", "name": "Eth testing Dao", "twitter": null, "proposalsCount": 32, "votesCount": 69, "followersCount": 15, "website": null}]