[{"id": "indiat.eth", "name": "Tuna khara", "twitter": null, "proposalsCount": 0, "votesCount": 0, "followersCount": 0, "website": null}, {"id": "individuum.eth", "name": "ChainTalk", "twitter": null, "proposalsCount": 1, "votesCount": 1, "followersCount": 0, "website": null}, {"id": "ingojaeger.eth", "name": "Ingo Network", "twitter": null, "proposalsCount": 0, "votesCount": 0, "followersCount": 1, "website": null}, {"id": "inmathwetrust.eth", "name": "\u90fd\u6765\u5c1d\u8bd5\u6295\u7968\u5427\uff01\u5237\u5154\u5b50\u6d1e\u7684\u670b\u53cb\u4eec", "twitter": "theoneguo", "proposalsCount": 2, "votesCount": 279, "followersCount": 35, "website": null}, {"id": "innovations\ud83d\udc0c.eth", "name": "snail", "twitter": null, "proposalsCount": 3, "votesCount": 78, "followersCount": 2, "website": null}, {"id": "inomad.eth", "name": "21dao", "twitter": null, "proposalsCount": 1, "votesCount": 1, "followersCount": 1, "website": null}, {"id": "internetmusic.eth", "name": "Internet Music", "twitter": "internet_music", "proposalsCount": 0, "votesCount": 0, "followersCount": 2, "website": "https://internetmusic.io"}, {"id": "inthecircle.eth", "name": " In the circle", "twitter": null, "proposalsCount": 0, "votesCount": 0, "followersCount": 1, "website": null}, {"id": "intrepid-explorer.eth", "name": "railway", "twitter": null, "proposalsCount": 1, "votesCount": 6, "followersCount": 0, "website": null}, {"id": "intro711.eth", "name": "H2ML", "twitter": "HAYATON017", "proposalsCount": 2, "votesCount": 0, "followersCount": 2, "website": "https://twitter.com/HAYATON017"}, {"id": "inuclub.eth", "name": "inuclub", "twitter": null, "proposalsCount": 1, "votesCount": 1, "followersCount": 0, "website": null}, {"id": "inuddle.eth", "name": "inuddle", "twitter": null, "proposalsCount": 0, "votesCount": 0, "followersCount": 2, "website": null}, {"id": "invadersdao.eth", "name": "Invaders.dao", "twitter": null, "proposalsCount": 9, "votesCount": 8, "followersCount": 2, "website": null}, {"id": "invertx.eth", "name": "Making invert X", "twitter": null, "proposalsCount": 1, "votesCount": 1, "followersCount": 0, "website": null}, {"id": "investhero.eth", "name": "NFT Hero", "twitter": null, "proposalsCount": 0, "votesCount": 0, "followersCount": 1, "website": null}, {"id": "investorphem.eth", "name": "Investorphem", "twitter": "Investorphem", "proposalsCount": 1, "votesCount": 7, "followersCount": 3, "website": null}, {"id": "investstates.eth", "name": "Invest States", "twitter": null, "proposalsCount": 3, "votesCount": 458, "followersCount": 39, "website": null}, {"id": "invisibletail.eth", "name": "InvisibleTail DAO", "twitter": null, "proposalsCount": 1, "votesCount": 4, "followersCount": 3, "website": null}, {"id": "invokerpodrostok.eth", "name": "21qw", "twitter": null, "proposalsCount": 1, "votesCount": 1, "followersCount": 1, "website": null}, {"id": "ioioi.eth", "name": "ioartdao", "twitter": "cocoi34491898", "proposalsCount": 0, "votesCount": 0, "followersCount": 1, "website": null}]