[{"id": "dd1.testsnap.eth", "name": "sdf", "twitter": null, "proposalsCount": 4, "votesCount": 0, "followersCount": 0, "website": null}, {"id": "ddwsy.eth", "name": "dd", "twitter": "ButlingCelise", "proposalsCount": 0, "votesCount": 0, "followersCount": 1, "website": null}, {"id": "de-univ.eth", "name": "DeUniv", "twitter": null, "proposalsCount": 2, "votesCount": 4, "followersCount": 3, "website": null}, {"id": "deam777.eth", "name": "deam", "twitter": null, "proposalsCount": 1, "votesCount": 1, "followersCount": 1, "website": null}, {"id": "debank-overview.eth", "name": "debank", "twitter": null, "proposalsCount": 1, "votesCount": 7, "followersCount": 3, "website": "https://www.debank.com"}, {"id": "debauchery.eth", "name": "DebaucheryDAO", "twitter": null, "proposalsCount": 1, "votesCount": 1, "followersCount": 0, "website": null}, {"id": "debondprotocol.eth", "name": "debond", "twitter": null, "proposalsCount": 3, "votesCount": 242, "followersCount": 16, "website": null}, {"id": "decadao.eth", "name": " ruthw", "twitter": null, "proposalsCount": 3, "votesCount": 18, "followersCount": 6, "website": null}, {"id": "decentralizedrealestatedao.eth", "name": "Decentralized Real Estate DAO", "twitter": "dere_dao", "proposalsCount": 1, "votesCount": 9, "followersCount": 5, "website": "https://deredao.com"}, {"id": "decisiontree.eth", "name": "DNetwork", "twitter": null, "proposalsCount": 6, "votesCount": 28, "followersCount": 1, "website": null}, {"id": "decoffee.eth", "name": "coffeedao", "twitter": null, "proposalsCount": 203, "votesCount": 735, "followersCount": 305, "website": null}, {"id": "ded0113.eth", "name": "ded0113", "twitter": "ded0113x", "proposalsCount": 0, "votesCount": 0, "followersCount": 1, "website": null}, {"id": "dedogmadao.eth", "name": "DeDogma Dao", "twitter": "DeDogmaDao", "proposalsCount": 1, "votesCount": 1, "followersCount": 11, "website": "https://dedogmadao.com/"}, {"id": "deepseoul.eth", "name": "Clip Collective", "twitter": null, "proposalsCount": 1, "votesCount": 2, "followersCount": 1, "website": "https://nftclip.io"}, {"id": "deerhobbes.eth", "name": "ARB airdrop ", "twitter": null, "proposalsCount": 2, "votesCount": 5, "followersCount": 43, "website": null}, {"id": "deernorthgang.eth", "name": "Deer North Gang", "twitter": null, "proposalsCount": 0, "votesCount": 0, "followersCount": 1, "website": null}, {"id": "defi360.eth", "name": "appleDAO", "twitter": null, "proposalsCount": 1, "votesCount": 1, "followersCount": 1, "website": "https://www.apple.com/"}, {"id": "defipioneer.eth", "name": "DeFi Pioneer", "twitter": null, "proposalsCount": 2, "votesCount": 61, "followersCount": 52, "website": null}, {"id": "degen.jasony33.eth", "name": "DAO3", "twitter": null, "proposalsCount": 22, "votesCount": 101, "followersCount": 330, "website": null}, {"id": "degeneratetools.eth", "name": "degenerate.tools", "twitter": "degeneratetools", "proposalsCount": 0, "votesCount": 0, "followersCount": 1, "website": "https://degenerate.tools"}]