[{"id": "widelab.eth", "name": "widelab", "twitter": null, "proposalsCount": 17, "votesCount": 12, "followersCount": 3, "website": null}, {"id": "123coin.eth", "name": "123coindao", "twitter": null, "proposalsCount": 0, "votesCount": 0, "followersCount": 32, "website": null}, {"id": "ascensiveassets.eth", "name": "ascensiveassets", "twitter": null, "proposalsCount": 1, "votesCount": 0, "followersCount": 31, "website": null}, {"id": "bacons.eth", "name": "The BACONS", "twitter": "", "proposalsCount": 1, "votesCount": 23, "followersCount": 8, "website": null}, {"id": "beseda.eth", "name": "Beseda", "twitter": "ilyakuleshoff", "proposalsCount": 6, "votesCount": 20, "followersCount": 6, "website": "http://beseda.chat/"}, {"id": "bkkkk.eth", "name": "BKKKK DAO", "twitter": null, "proposalsCount": 5, "votesCount": 7, "followersCount": 20, "website": null}, {"id": "blackboxlaw.eth", "name": "BlackBoxLaw", "twitter": null, "proposalsCount": 0, "votesCount": 0, "followersCount": 32, "website": null}, {"id": "blockmeta.eth", "name": "BlockChong DAO", "twitter": "jrsbxmt", "proposalsCount": 5, "votesCount": 9, "followersCount": 18, "website": null}, {"id": "cryptokekftm.eth", "name": "Cryptokek.com - FTM VOTING ", "twitter": "kektoken", "proposalsCount": 4, "votesCount": 22, "followersCount": 6, "website": null}, {"id": "ether.dvision-network.eth", "name": "Dvision Ether", "twitter": null, "proposalsCount": 25, "votesCount": 3, "followersCount": 4, "website": null}, {"id": "fakeworms.eth", "name": "FakeWorms Studio", "twitter": "FakewormsStudio", "proposalsCount": 1, "votesCount": 27, "followersCount": 4, "website": null}, {"id": "fomolab.eth", "name": "Fomo Lab", "twitter": "Fomo_lab", "proposalsCount": 3, "votesCount": 15, "followersCount": 14, "website": "https://fomolab.io"}, {"id": "genesisrocks.eth", "name": "Genesis Rocks", "twitter": "genesisrocks_", "proposalsCount": 2, "votesCount": 23, "followersCount": 7, "website": null}, {"id": "gift-coin.eth", "name": "GIFT", "twitter": "_GiftCoin", "proposalsCount": 1, "votesCount": 29, "followersCount": 2, "website": null}, {"id": "gyozatoken.eth", "name": "Gyoza Community", "twitter": "Gyoza_erc20", "proposalsCount": 2, "votesCount": 20, "followersCount": 10, "website": "https://gyoza.wtf/"}, {"id": "hakt.eth", "name": "Hakt DAO", "twitter": null, "proposalsCount": 3, "votesCount": 17, "followersCount": 12, "website": null}, {"id": "haofangyuan.eth", "name": "De-FamousDAO", "twitter": "", "proposalsCount": 11, "votesCount": 0, "followersCount": 21, "website": null}, {"id": "huawa.eth", "name": "Beautiful Girls", "twitter": null, "proposalsCount": 4, "votesCount": 20, "followersCount": 8, "website": null}, {"id": "keepthelovealiveforever.eth", "name": "\u56e2\u7ed3\u5728\u4e00\u8d77", "twitter": null, "proposalsCount": 8, "votesCount": 16, "followersCount": 8, "website": null}, {"id": "ktfacai.eth", "name": "emmo girl", "twitter": null, "proposalsCount": 6, "votesCount": 25, "followersCount": 1, "website": null}]