[{"id": "rumelckz.eth", "name": "rgraphy", "twitter": "rumelchakz", "proposalsCount": 0, "votesCount": 0, "followersCount": 1, "website": "https://foundation.app/collection/rgraphy"}, {"id": "rumeysagelgi.eth", "name": "himari", "twitter": null, "proposalsCount": 2, "votesCount": 2, "followersCount": 3, "website": null}, {"id": "run123456.eth", "name": "coinlist", "twitter": null, "proposalsCount": 0, "votesCount": 0, "followersCount": 3, "website": null}, {"id": "runzhi.eth", "name": "runzhi", "twitter": null, "proposalsCount": 0, "votesCount": 0, "followersCount": 0, "website": "https://app.uniperp.io/#/airdrop?ref=0x061f55eBca03F71b2535af79613E4d6508Be4b3f"}, {"id": "rusr10.eth", "name": "russ10", "twitter": null, "proposalsCount": 0, "votesCount": 0, "followersCount": 0, "website": null}, {"id": "rusrom.eth", "name": "Rusrom", "twitter": "RR", "proposalsCount": 0, "votesCount": 0, "followersCount": 0, "website": null}, {"id": "rustdao.eth", "name": "rustdao", "twitter": null, "proposalsCount": 1, "votesCount": 1, "followersCount": 0, "website": null}, {"id": "rvatech.eth", "name": "rvatech/", "twitter": null, "proposalsCount": 1, "votesCount": 1, "followersCount": 2, "website": "https://rvatech.com/"}, {"id": "rvdao.rvontheroad.eth", "name": "RVDao", "twitter": null, "proposalsCount": 0, "votesCount": 0, "followersCount": 2, "website": null}, {"id": "rvlx.eth", "name": "Revival DeFi", "twitter": "revivalx", "proposalsCount": 4, "votesCount": 47, "followersCount": 12, "website": "https://revivalx.io"}, {"id": "rvontheroad.eth", "name": "RVDao", "twitter": null, "proposalsCount": 0, "votesCount": 0, "followersCount": 1, "website": null}, {"id": "rw719.eth", "name": "max", "twitter": null, "proposalsCount": 0, "votesCount": 0, "followersCount": 0, "website": null}, {"id": "rxt888.eth", "name": "Norgan DAO", "twitter": null, "proposalsCount": 1, "votesCount": 3, "followersCount": 10, "website": null}, {"id": "ryanj.eth", "name": "Ryan J", "twitter": null, "proposalsCount": 0, "votesCount": 0, "followersCount": 0, "website": null}, {"id": "ryoyu.eth", "name": "skijumping legend", "twitter": null, "proposalsCount": 1, "votesCount": 1, "followersCount": 1, "website": null}, {"id": "ryuugorudo.eth", "name": "Ryuu Gorudo", "twitter": "ryuu_gorudo", "proposalsCount": 0, "votesCount": 0, "followersCount": 1, "website": "https://ryuu.ai/"}, {"id": "rzt891130.eth", "name": "V50\uff0c\u80af\u5fb7\u57fa\u75af\u72c2\u661f\u671f\u56db", "twitter": null, "proposalsCount": 11, "votesCount": 159, "followersCount": 8, "website": null}, {"id": "s\u2588r\u2588\u2588o.eth", "name": "sabuii", "twitter": null, "proposalsCount": 1, "votesCount": 1, "followersCount": 2, "website": null}, {"id": "s1.testsnap-safe.eth", "name": "Tests", "twitter": null, "proposalsCount": 0, "votesCount": 0, "followersCount": 0, "website": null}, {"id": "s1.testsnap.eth", "name": "test", "twitter": null, "proposalsCount": 0, "votesCount": 0, "followersCount": 1, "website": null}]