[{"id": "brinkgov.eth", "name": "Brink", "twitter": "BrinkTrade", "proposalsCount": 3, "votesCount": 592, "followersCount": 76, "website": null}, {"id": "shootingx.eth", "name": "Eth Test DAO", "twitter": null, "proposalsCount": 4, "votesCount": 13, "followersCount": 4, "website": null}, {"id": "atticc.eth", "name": "Atticc", "twitter": "atticc_xyz", "proposalsCount": 1, "votesCount": 392, "followersCount": 276, "website": "https://atticc.xyz/"}, {"id": "sukigaku.eth", "name": "\ud83c\udf38\u79c1\u7acb\u597d\u30f6\u4e18\u5973\u5b50\u9ad8\u7b49\u5b66\u6821\u300cSUKIGAKU\u300d", "twitter": "sukigaoka_PR", "proposalsCount": 4, "votesCount": 550, "followersCount": 115, "website": "https://sukigaku.jp/"}, {"id": "gorjs.eth", "name": "GORJS DAO", "twitter": "NYXCosmetics", "proposalsCount": 3, "votesCount": 507, "followersCount": 158, "website": "https://gorjs.io"}, {"id": "gyrodefi.eth", "name": "Gyro", "twitter": "gyrodao", "proposalsCount": 9, "votesCount": 538, "followersCount": 121, "website": null}, {"id": "nftguruweb3.eth", "name": "Nftguru", "twitter": null, "proposalsCount": 9, "votesCount": 7, "followersCount": 2, "website": null}, {"id": "iotexlab.eth", "name": "IoTeXLab Delegate", "twitter": "iotexlab", "proposalsCount": 24, "votesCount": 0, "followersCount": 543, "website": null}, {"id": "primapes.eth", "name": "Primapes", "twitter": "PrimapesGG", "proposalsCount": 10, "votesCount": 549, "followersCount": 108, "website": "https://primapes.gg"}, {"id": "zoocw.eth", "name": "ZooCW", "twitter": "zoogamepro", "proposalsCount": 5, "votesCount": 614, "followersCount": 48, "website": null}, {"id": "cake.freesubs.eth", "name": "CAKEDAO", "twitter": null, "proposalsCount": 3, "votesCount": 8, "followersCount": 5, "website": null}, {"id": "lt-aldoraine.eth", "name": "Aldo Raine", "twitter": null, "proposalsCount": 7, "votesCount": 7, "followersCount": 2, "website": null}, {"id": "senpaidao.eth", "name": "SenpaiSwap", "twitter": "senpaiswap", "proposalsCount": 6, "votesCount": 565, "followersCount": 44, "website": null}, {"id": "elda-rune.eth", "name": "Eldarune", "twitter": "playeldarune", "proposalsCount": 1, "votesCount": 4, "followersCount": 8, "website": "https://www.eldarune.com/"}, {"id": "jabari-smith.eth", "name": "gitcoin passport dao", "twitter": null, "proposalsCount": 2, "votesCount": 5, "followersCount": 6, "website": null}, {"id": "mobidrops.eth", "name": "Mobidrops", "twitter": "mobidrops", "proposalsCount": 6, "votesCount": 6, "followersCount": 1, "website": null}, {"id": "nine-chronicles-dao.eth", "name": "Nine Chronicles DAO", "twitter": "ninechronicles", "proposalsCount": 2, "votesCount": 626, "followersCount": 34, "website": "https://nine-chronicles.com"}, {"id": "bad-dao.eth", "name": "Bad DAO", "twitter": "badbearsmsk", "proposalsCount": 7, "votesCount": 648, "followersCount": 6, "website": "https://badbears.io"}, {"id": "love-addicted-girls.eth", "name": "Love Addicted Girls", "twitter": "SoudanNFT_LAG", "proposalsCount": 9, "votesCount": 598, "followersCount": 54, "website": null}, {"id": "pufshot.eth", "name": "PufDAO", "twitter": "pufdao", "proposalsCount": 3, "votesCount": 39, "followersCount": 19, "website": null}]