[{"id": "luthai.eth", "name": "ant", "twitter": null, "proposalsCount": 1, "votesCount": 4, "followersCount": 0, "website": null}, {"id": "luxaeterna.eth", "name": "Lux Aeterna", "twitter": "LuxAeternaDAO", "proposalsCount": 0, "votesCount": 0, "followersCount": 3, "website": "https://luxaeterna.cc/"}, {"id": "luxebeng.eth", "name": "LuckyDAO", "twitter": null, "proposalsCount": 1, "votesCount": 4, "followersCount": 5, "website": null}, {"id": "luxin.eth", "name": "luxin", "twitter": null, "proposalsCount": 2, "votesCount": 8, "followersCount": 1, "website": null}, {"id": "luyou.eth", "name": "aghm dao", "twitter": null, "proposalsCount": 10, "votesCount": 9, "followersCount": 2, "website": null}, {"id": "lvmh88.eth", "name": "\u6b6a\u8116\u5c71", "twitter": "mhh22771", "proposalsCount": 14, "votesCount": 173, "followersCount": 28, "website": "https://twitter.com/mhh22771"}, {"id": "lvxuliang.eth", "name": "lvxuliang DAO", "twitter": "lvxuliang", "proposalsCount": 10, "votesCount": 140, "followersCount": 14, "website": null}, {"id": "ly9er.eth", "name": "ly9", "twitter": null, "proposalsCount": 1, "votesCount": 1, "followersCount": 0, "website": null}, {"id": "lycheedao.eth", "name": "LycheeDao", "twitter": null, "proposalsCount": 1, "votesCount": 2, "followersCount": 1, "website": null}, {"id": "lyfebloc.eth", "name": "Lyfebloc Network", "twitter": "lyfeblocnetwork", "proposalsCount": 0, "votesCount": 0, "followersCount": 1, "website": "https://lyfebloc.com"}, {"id": "lyksa.eth", "name": "dw", "twitter": null, "proposalsCount": 2, "votesCount": 2, "followersCount": 0, "website": null}, {"id": "lz0gem.eth", "name": "LayerZero DROP", "twitter": null, "proposalsCount": 2, "votesCount": 22, "followersCount": 3, "website": null}, {"id": "lzhxl.eth", "name": "\u8fdb\u6765\u6295\u4e2a\u7968", "twitter": null, "proposalsCount": 1, "votesCount": 3, "followersCount": 0, "website": null}, {"id": "m228f.eth", "name": "m228f", "twitter": null, "proposalsCount": 2, "votesCount": 4, "followersCount": 2, "website": null}, {"id": "m44bb.eth", "name": "m44bb", "twitter": null, "proposalsCount": 2, "votesCount": 0, "followersCount": 0, "website": null}, {"id": "m9922.eth", "name": "m9922", "twitter": null, "proposalsCount": 2, "votesCount": 1, "followersCount": 0, "website": null}, {"id": "m99c4.eth", "name": "m99c4", "twitter": null, "proposalsCount": 5, "votesCount": 5, "followersCount": 1, "website": null}, {"id": "ma-papa.eth", "name": "Rabin", "twitter": null, "proposalsCount": 1, "votesCount": 2, "followersCount": 2, "website": null}, {"id": "macky.eth", "name": "Macky TEST", "twitter": null, "proposalsCount": 0, "votesCount": 0, "followersCount": 0, "website": null}, {"id": "maconft.eth", "name": "Maxaop", "twitter": null, "proposalsCount": 0, "votesCount": 0, "followersCount": 0, "website": null}]