[{"id": "688058.eth", "name": "Alpha dao", "twitter": null, "proposalsCount": 0, "votesCount": 0, "followersCount": 2, "website": null}, {"id": "689264.eth", "name": "bigmimi", "twitter": "NDluoluo", "proposalsCount": 0, "votesCount": 0, "followersCount": 1, "website": null}, {"id": "690694.eth", "name": "YZ777888", "twitter": null, "proposalsCount": 1, "votesCount": 1, "followersCount": 1, "website": null}, {"id": "691388.eth", "name": "ens\u57df\u540d", "twitter": "ensdomains", "proposalsCount": 4, "votesCount": 74, "followersCount": 36, "website": null}, {"id": "6963472309248.eth", "name": "Vaundy", "twitter": null, "proposalsCount": 1, "votesCount": 1, "followersCount": 0, "website": null}, {"id": "69watt.eth", "name": "69watt", "twitter": null, "proposalsCount": 1, "votesCount": 2, "followersCount": 1, "website": null}, {"id": "6ixty9dao.eth", "name": "69DAO", "twitter": "69DA0_", "proposalsCount": 1, "votesCount": 5, "followersCount": 1, "website": "https://69dao.space"}, {"id": "700087.eth", "name": "700087", "twitter": null, "proposalsCount": 7, "votesCount": 9, "followersCount": 3, "website": null}, {"id": "707py.eth", "name": "01", "twitter": null, "proposalsCount": 1, "votesCount": 1, "followersCount": 1, "website": null}, {"id": "709631.eth", "name": "\u74dcDao", "twitter": null, "proposalsCount": 0, "votesCount": 0, "followersCount": 0, "website": null}, {"id": "709632.eth", "name": "op Dao", "twitter": null, "proposalsCount": 1, "votesCount": 201, "followersCount": 2, "website": null}, {"id": "71120.eth", "name": "71120 Dao", "twitter": null, "proposalsCount": 2, "votesCount": 12, "followersCount": 6, "website": null}, {"id": "718l.eth", "name": "718l", "twitter": "johnnyleam", "proposalsCount": 0, "votesCount": 0, "followersCount": 0, "website": null}, {"id": "735357.eth", "name": "777club", "twitter": null, "proposalsCount": 1, "votesCount": 1, "followersCount": 0, "website": null}, {"id": "735673.eth", "name": "Polygon Future DAO", "twitter": null, "proposalsCount": 2, "votesCount": 12, "followersCount": 13, "website": null}, {"id": "73767.eth", "name": "TIGN", "twitter": null, "proposalsCount": 1, "votesCount": 1, "followersCount": 0, "website": null}, {"id": "73864.eth", "name": "WNFTT", "twitter": null, "proposalsCount": 0, "votesCount": 0, "followersCount": 1, "website": null}, {"id": "739306.eth", "name": "btclife", "twitter": null, "proposalsCount": 47, "votesCount": 61, "followersCount": 10, "website": null}, {"id": "752296.eth", "name": "winclub", "twitter": null, "proposalsCount": 2, "votesCount": 11, "followersCount": 2, "website": null}, {"id": "753815.eth", "name": "rouroudao", "twitter": null, "proposalsCount": 1, "votesCount": 5, "followersCount": 2, "website": null}]