[{"id": "hellryan.eth", "name": "helllryan", "twitter": null, "proposalsCount": 0, "votesCount": 0, "followersCount": 0, "website": null}, {"id": "helmass.eth", "name": "Testtttteerrr", "twitter": null, "proposalsCount": 0, "votesCount": 0, "followersCount": 0, "website": null}, {"id": "helypt.eth", "name": "Helypt", "twitter": null, "proposalsCount": 2, "votesCount": 6, "followersCount": 3, "website": null}, {"id": "hemashengxian.eth", "name": "hema", "twitter": null, "proposalsCount": 1, "votesCount": 1, "followersCount": 1, "website": null}, {"id": "hepaestus.eth", "name": "metaverse dao", "twitter": null, "proposalsCount": 2, "votesCount": 4, "followersCount": 2, "website": null}, {"id": "herbertpogi.eth", "name": "Crypto Bert", "twitter": "cryptobert99", "proposalsCount": 1, "votesCount": 2, "followersCount": 2, "website": null}, {"id": "herity.eth", "name": "Herity Network", "twitter": "Heritynetwork", "proposalsCount": 0, "votesCount": 0, "followersCount": 1, "website": "https://herity.io"}, {"id": "hermeslv.eth", "name": "ETH\u91cd\u5ea6\u652f\u6301\u8005", "twitter": "pea66173", "proposalsCount": 17, "votesCount": 414, "followersCount": 58, "website": "https://twitter.com/pea66173"}, {"id": "heroicstory.eth", "name": "Heroic Story", "twitter": "_heroicstory", "proposalsCount": 0, "votesCount": 0, "followersCount": 2, "website": null}, {"id": "herse.eth", "name": "herse", "twitter": null, "proposalsCount": 1, "votesCount": 0, "followersCount": 1, "website": null}, {"id": "hetaodao.eth", "name": "HetaoDao", "twitter": "HetaoDao", "proposalsCount": 0, "votesCount": 0, "followersCount": 1, "website": "http://www.hetaodao.com/"}, {"id": "hexerium.eth", "name": "Hexerium Governance Dao", "twitter": "hexerium_com", "proposalsCount": 0, "votesCount": 0, "followersCount": 1, "website": "https://hexerium.com"}, {"id": "heyeverything.eth", "name": "Hey Everything", "twitter": null, "proposalsCount": 0, "votesCount": 0, "followersCount": 1, "website": null}, {"id": "heyweb3.eth", "name": "number dao", "twitter": null, "proposalsCount": 25, "votesCount": 50, "followersCount": 113, "website": null}, {"id": "hft.eth", "name": "Hodl Finance DAO", "twitter": "HFDAO_", "proposalsCount": 7, "votesCount": 639, "followersCount": 137, "website": "https://Hodl.finance"}, {"id": "hfzhanghfcool.eth", "name": "\u8868\u54e5DAO", "twitter": null, "proposalsCount": 2, "votesCount": 2, "followersCount": 1, "website": null}, {"id": "hh94112.eth", "name": "niole", "twitter": null, "proposalsCount": 0, "votesCount": 0, "followersCount": 1, "website": null}, {"id": "hhb.eth", "name": "ens\u57df\u540d", "twitter": "xxggll2000", "proposalsCount": 9, "votesCount": 138, "followersCount": 34, "website": null}, {"id": "hhlong.eth", "name": "hhlong", "twitter": null, "proposalsCount": 3, "votesCount": 1, "followersCount": 0, "website": null}, {"id": "hibiki-art.eth", "name": "PIXELGHOST", "twitter": "HibikiArtNFT", "proposalsCount": 1, "votesCount": 5, "followersCount": 2, "website": "https://hibiki.ninja/index.html"}]