[{"id": "kawadao.eth", "name": "KawaDAO", "twitter": "kawakamiNFT", "proposalsCount": 4, "votesCount": 91, "followersCount": 22, "website": "https://nft.kawakami.io"}, {"id": "schuss.eth", "name": "Avalps - Skiers", "twitter": "AvalpsFinance", "proposalsCount": 4, "votesCount": 111, "followersCount": 2, "website": null}, {"id": "token-listing.eth", "name": "Token Listing DAO", "twitter": null, "proposalsCount": 33, "votesCount": 73, "followersCount": 11, "website": null}, {"id": "arrowair.eth", "name": "Arrow Air", "twitter": "arrowair_", "proposalsCount": 9, "votesCount": 91, "followersCount": 17, "website": "https://www.arrowair.com/"}, {"id": "mightylabsdao.eth", "name": "Mighty Labs DAO", "twitter": "mightyLabsDAO", "proposalsCount": 5, "votesCount": 55, "followersCount": 57, "website": "https://mightylabs.io/"}, {"id": "nbapesdao.eth", "name": "NBAYC", "twitter": "NBApesYC", "proposalsCount": 3, "votesCount": 99, "followersCount": 15, "website": null}, {"id": "paragonscouncil.eth", "name": "Paragons Council Delegates ", "twitter": null, "proposalsCount": 15, "votesCount": 97, "followersCount": 5, "website": null}, {"id": "pepepoo.eth", "name": "PEPO DAO", "twitter": "pepepoocoin", "proposalsCount": 6, "votesCount": 90, "followersCount": 21, "website": "https://pepepoo.com"}, {"id": "podopoint.eth", "name": "PODO", "twitter": null, "proposalsCount": 1, "votesCount": 0, "followersCount": 116, "website": null}, {"id": "surgewomen.eth", "name": "Surge Women", "twitter": "surge_women", "proposalsCount": 1, "votesCount": 104, "followersCount": 12, "website": "https://surgewomen.io"}, {"id": "vitalik.storymode.eth", "name": "Vitalik", "twitter": null, "proposalsCount": 2, "votesCount": 114, "followersCount": 1, "website": null}, {"id": "vyperdeveloper.eth", "name": "Vyper $VY", "twitter": null, "proposalsCount": 4, "votesCount": 84, "followersCount": 29, "website": null}, {"id": "1egdao.eth", "name": "1EG DAO", "twitter": null, "proposalsCount": 5, "votesCount": 102, "followersCount": 9, "website": null}, {"id": "jointheodyssey.eth", "name": "Odyssey", "twitter": "odyssey_dao", "proposalsCount": 5, "votesCount": 78, "followersCount": 33, "website": null}, {"id": "nfaivote.eth", "name": "NFA Labs", "twitter": "nfalabs", "proposalsCount": 2, "votesCount": 109, "followersCount": 5, "website": "https://nfa.ai"}, {"id": "nidhidao.eth", "name": "Nidhi Dao", "twitter": null, "proposalsCount": 1, "votesCount": 112, "followersCount": 3, "website": null}, {"id": "proofofexistence.eth", "name": "GDAO Proof of Existence", "twitter": "Governor_DAO", "proposalsCount": 14, "votesCount": 90, "followersCount": 12, "website": "https://governordao.org"}, {"id": "wzdao.eth", "name": "\u4e09\u74dcdao", "twitter": null, "proposalsCount": 7, "votesCount": 7, "followersCount": 2, "website": null}, {"id": "chaishealing.eth", "name": "chaishealing", "twitter": null, "proposalsCount": 2, "votesCount": 8, "followersCount": 6, "website": null}, {"id": "solace-dao.eth", "name": "Solace DAO", "twitter": "SolaceFi", "proposalsCount": 11, "votesCount": 87, "followersCount": 18, "website": "https://solace.fi/"}]