[{"id": "genexus.eth", "name": "genexus", "twitter": null, "proposalsCount": 1, "votesCount": 3, "followersCount": 1, "website": null}, {"id": "getsplice.eth", "name": "SPLICE", "twitter": "splicenft", "proposalsCount": 1, "votesCount": 0, "followersCount": 4, "website": null}, {"id": "gimmethel00t.eth", "name": "Gimme the L00t", "twitter": "gimmethe_l00t", "proposalsCount": 1, "votesCount": 2, "followersCount": 2, "website": null}, {"id": "giolio.eth", "name": "DAOgilao", "twitter": null, "proposalsCount": 3, "votesCount": 1, "followersCount": 1, "website": null}, {"id": "glock199.eth", "name": "Crazy Gang", "twitter": null, "proposalsCount": 2, "votesCount": 1, "followersCount": 2, "website": null}, {"id": "gmruby.eth", "name": "Constitution DAO", "twitter": null, "proposalsCount": 2, "votesCount": 0, "followersCount": 3, "website": null}, {"id": "gotchicareprogram.eth", "name": "Gotchi Care Program", "twitter": "GotchiCareP", "proposalsCount": 0, "votesCount": 0, "followersCount": 5, "website": "https://gotchicareprogram.com"}, {"id": "gpizza.eth", "name": "Pizza Guild", "twitter": "CryptoSportGame", "proposalsCount": 1, "votesCount": 2, "followersCount": 2, "website": "https://cryptosportgaming.com/"}, {"id": "graffiti9.eth", "name": "\u6d4b\u8bd5", "twitter": null, "proposalsCount": 3, "votesCount": 0, "followersCount": 2, "website": null}, {"id": "guaini.eth", "name": "\u6211\u7684\u5feb\u7167", "twitter": null, "proposalsCount": 1, "votesCount": 3, "followersCount": 1, "website": null}, {"id": "haliasunset.eth", "name": "Girls power", "twitter": "haliasunset", "proposalsCount": 1, "votesCount": 3, "followersCount": 1, "website": null}, {"id": "harrisassoc.eth", "name": "harrisassoc", "twitter": null, "proposalsCount": 1, "votesCount": 2, "followersCount": 2, "website": null}, {"id": "harshrajat.eth", "name": "Harsh", "twitter": "harshrajat", "proposalsCount": 4, "votesCount": 0, "followersCount": 1, "website": null}, {"id": "harshwardhan.eth", "name": "Harshwardhan", "twitter": null, "proposalsCount": 2, "votesCount": 0, "followersCount": 3, "website": null}, {"id": "hatchyhabitat.eth", "name": "Hatchy Pocket DAO", "twitter": "hatchypocket", "proposalsCount": 0, "votesCount": 0, "followersCount": 5, "website": "https://hatchypocket.com/"}, {"id": "haurog.eth", "name": "Test", "twitter": null, "proposalsCount": 2, "votesCount": 2, "followersCount": 1, "website": null}, {"id": "havesexwithyou.eth", "name": "fuckdao", "twitter": null, "proposalsCount": 1, "votesCount": 3, "followersCount": 1, "website": null}, {"id": "hdchao.eth", "name": "hdchao", "twitter": "ihdchao", "proposalsCount": 1, "votesCount": 1, "followersCount": 3, "website": null}, {"id": "highjkl.eth", "name": "moon dao", "twitter": null, "proposalsCount": 2, "votesCount": 1, "followersCount": 2, "website": null}, {"id": "hkdao.eth", "name": "hkdao", "twitter": null, "proposalsCount": 2, "votesCount": 1, "followersCount": 2, "website": null}]