[{"id": "maticl2.eth", "name": "hitusoyoyo", "twitter": null, "proposalsCount": 0, "votesCount": 0, "followersCount": 32, "website": null}, {"id": "maiadao.eth", "name": "Maia DAO", "twitter": "MaiaDAOEco", "proposalsCount": 17, "votesCount": 654, "followersCount": 158, "website": "https://www.maiadao.io/"}, {"id": "sdfxs.eth", "name": "Stake DAO FXS", "twitter": null, "proposalsCount": 244, "votesCount": 418, "followersCount": 66, "website": null}, {"id": "tethysswap.eth", "name": "Tethys Finance", "twitter": "tethysfinance", "proposalsCount": 17, "votesCount": 795, "followersCount": 115, "website": null}, {"id": "ldcloveeth.eth", "name": "ldc", "twitter": null, "proposalsCount": 7, "votesCount": 12, "followersCount": 7, "website": "https://www.google.com"}, {"id": "iskradao.eth", "name": "IskraDAO_ALL", "twitter": "iskra_world", "proposalsCount": 2, "votesCount": 64, "followersCount": 355, "website": "https://iskra.world/"}, {"id": "itsblockchain.eth", "name": "IBCDAO", "twitter": "ibcdao", "proposalsCount": 52, "votesCount": 700, "followersCount": 119, "website": null}, {"id": "viter7.eth", "name": "Viter", "twitter": null, "proposalsCount": 13, "votesCount": 6, "followersCount": 2, "website": null}, {"id": "genuine-dao.eth", "name": "Genuine Undead", "twitter": "genuineundead", "proposalsCount": 5, "votesCount": 870, "followersCount": 45, "website": "https://www.genuineundead.io"}, {"id": "heart.mmgdao.eth", "name": "MMG General", "twitter": null, "proposalsCount": 13, "votesCount": 878, "followersCount": 29, "website": null}, {"id": "ownfund.eth", "name": "Own.fund DAO", "twitter": "Own_fund", "proposalsCount": 74, "votesCount": 826, "followersCount": 19, "website": null}, {"id": "battleflygamedao.eth", "name": "BattleFly DAO", "twitter": "BattleFlyGame", "proposalsCount": 6, "votesCount": 219, "followersCount": 43, "website": "https://www.battlefly.game/"}, {"id": "cosmonautlww.eth", "name": "rhsdghfjh", "twitter": null, "proposalsCount": 6, "votesCount": 11, "followersCount": 1, "website": null}, {"id": "urndao.eth", "name": "Alpha DAO", "twitter": "URN__ART", "proposalsCount": 6, "votesCount": 700, "followersCount": 209, "website": "https://urn.art"}, {"id": "miamitechruns.eth", "name": "Miami Tech Runs DAO", "twitter": "miamitechruns", "proposalsCount": 54, "votesCount": 834, "followersCount": 24, "website": "https://techruns.xyz/"}, {"id": "tiffny.eth", "name": "eth testing", "twitter": null, "proposalsCount": 10, "votesCount": 38, "followersCount": 13, "website": null}, {"id": "dvision-network.eth", "name": "Dvision Binance", "twitter": null, "proposalsCount": 54, "votesCount": 49, "followersCount": 7, "website": null}, {"id": "c2222.eth", "name": "dahua", "twitter": null, "proposalsCount": 25, "votesCount": 58, "followersCount": 27, "website": null}, {"id": "govi.eth", "name": "GOVI DAO", "twitter": "official_CVI", "proposalsCount": 8, "votesCount": 312, "followersCount": 339, "website": "https://cvi.finance"}, {"id": "gelato.eth", "name": "Gelato", "twitter": "gelatonetwork", "proposalsCount": 9, "votesCount": 448, "followersCount": 351, "website": "https://www.gelato.network/"}]