[{"id": "babeluniverse.eth", "name": "BabelDAO", "twitter": "BabelUniverse", "proposalsCount": 1, "votesCount": 286, "followersCount": 305, "website": "https://www.babeldao.co/"}, {"id": "ironbankfi.eth", "name": "IRON Finance", "twitter": null, "proposalsCount": 10, "votesCount": 623, "followersCount": 9, "website": null}, {"id": "cookprotocol.eth", "name": "Cook", "twitter": "cook_finance", "proposalsCount": 25, "votesCount": 520, "followersCount": 96, "website": null}, {"id": "lootexdao.eth", "name": "Lootex DAO", "twitter": "LootexIO", "proposalsCount": 3, "votesCount": 34, "followersCount": 53, "website": "https://dao.lootex.io/"}, {"id": "breakeng.eth", "name": "breakeng", "twitter": null, "proposalsCount": 9, "votesCount": 19, "followersCount": 9, "website": null}, {"id": "maxfyx.eth", "name": "RabbitHole", "twitter": null, "proposalsCount": 1, "votesCount": 15, "followersCount": 519, "website": null}, {"id": "radbrowebring.eth", "name": "Radbro Webring", "twitter": null, "proposalsCount": 32, "votesCount": 532, "followersCount": 70, "website": "https://radbro.xyz/"}, {"id": "arcx.eth", "name": "ARCx Governance Voting", "twitter": null, "proposalsCount": 12, "votesCount": 441, "followersCount": 181, "website": null}, {"id": "unofficialmfers.eth", "name": "unofficial mfers", "twitter": null, "proposalsCount": 5, "votesCount": 508, "followersCount": 118, "website": null}, {"id": "basisdollar.eth", "name": "BasisDollar", "twitter": null, "proposalsCount": 33, "votesCount": 596, "followersCount": 1, "website": null}, {"id": "humaniansvoting.eth", "name": "The Humanians", "twitter": "TheHumanians", "proposalsCount": 2, "votesCount": 622, "followersCount": 5, "website": "https://thehumanians.com/"}, {"id": "pplpleasr.eth", "name": "Shibuya - White Rabbit", "twitter": "shibuyaxyz", "proposalsCount": 5, "votesCount": 422, "followersCount": 51, "website": "https://shibuya.xyz"}, {"id": "openblur.eth", "name": "ARB GO", "twitter": null, "proposalsCount": 9, "votesCount": 15, "followersCount": 3, "website": null}, {"id": "mysterymen996.eth", "name": "\u795e\u79d8DAO", "twitter": null, "proposalsCount": 4, "votesCount": 16, "followersCount": 5, "website": null}, {"id": "blockapescissorsdao.eth", "name": "BlockApeScissors", "twitter": "ApeBlock", "proposalsCount": 3, "votesCount": 578, "followersCount": 43, "website": null}, {"id": "ninja-dao.eth", "name": "Ninja DAO", "twitter": null, "proposalsCount": 8, "votesCount": 508, "followersCount": 107, "website": null}, {"id": "rndrnetwork.eth", "name": "Render Network", "twitter": "RenderToken", "proposalsCount": 11, "votesCount": 464, "followersCount": 148, "website": "https://render.x.io/"}, {"id": "bgk.eth", "name": "Bubblegum DAO", "twitter": "bubblegumkids_", "proposalsCount": 7, "votesCount": 461, "followersCount": 153, "website": "https://bubblegumkids.com"}, {"id": "alphasharkclub.eth", "name": "Alpha Shark Club", "twitter": null, "proposalsCount": 10, "votesCount": 593, "followersCount": 18, "website": null}, {"id": "theapegalaxy.eth", "name": "Ape Galaxy", "twitter": "theApeGalaxy", "proposalsCount": 3, "votesCount": 594, "followersCount": 23, "website": null}]