[{"id": "messaridao.eth", "name": "crypto-family", "twitter": null, "proposalsCount": 1, "votesCount": 1, "followersCount": 1, "website": null}, {"id": "messi010.eth", "name": "vik", "twitter": "abhishe70840471", "proposalsCount": 0, "votesCount": 0, "followersCount": 1, "website": "https://twitter.com/abhishe70840471"}, {"id": "mesxidze.eth", "name": "mesxi", "twitter": null, "proposalsCount": 1, "votesCount": 1, "followersCount": 1, "website": null}, {"id": "meta-builders.eth", "name": "Meta-Builders", "twitter": "meta_builders", "proposalsCount": 3, "votesCount": 16, "followersCount": 10, "website": "https://meta-builders.com/"}, {"id": "meta-spacex.eth", "name": "HAVEFUN DAO", "twitter": null, "proposalsCount": 1, "votesCount": 1, "followersCount": 2, "website": null}, {"id": "meta361.eth", "name": "nftDAO", "twitter": null, "proposalsCount": 3, "votesCount": 312, "followersCount": 4, "website": null}, {"id": "meta8848.eth", "name": "meta8848.eth", "twitter": null, "proposalsCount": 0, "votesCount": 0, "followersCount": 0, "website": null}, {"id": "metabangdao.eth", "name": "MetaBangDAO", "twitter": "MetaBangDAO", "proposalsCount": 2, "votesCount": 5, "followersCount": 8, "website": null}, {"id": "metabitz.eth", "name": "metabitmh", "twitter": null, "proposalsCount": 1, "votesCount": 2, "followersCount": 2, "website": "https://meta-bit.io"}, {"id": "metabookdao.eth", "name": "metabook", "twitter": "metabookall", "proposalsCount": 2, "votesCount": 2, "followersCount": 2, "website": "https://metaalliance.biz/"}, {"id": "metacanny.eth", "name": "METACANNY", "twitter": null, "proposalsCount": 0, "votesCount": 0, "followersCount": 1, "website": null}, {"id": "metacoiner.eth", "name": "Metaverse", "twitter": null, "proposalsCount": 0, "votesCount": 0, "followersCount": 0, "website": null}, {"id": "metagiving.eth", "name": "metagiving", "twitter": null, "proposalsCount": 0, "votesCount": 0, "followersCount": 1, "website": null}, {"id": "metagraft.eth", "name": "metagraft", "twitter": null, "proposalsCount": 1, "votesCount": 163, "followersCount": 1, "website": null}, {"id": "metaline001.eth", "name": "MetaLine", "twitter": "Metaline001", "proposalsCount": 1, "votesCount": 0, "followersCount": 1, "website": "https://www.metaline.games/"}, {"id": "metalordclub.eth", "name": "Metalord Club", "twitter": null, "proposalsCount": 0, "votesCount": 0, "followersCount": 1, "website": "https://metalord.club"}, {"id": "metamaks.eth", "name": "DAOGlobal", "twitter": null, "proposalsCount": 0, "votesCount": 0, "followersCount": 1, "website": null}, {"id": "metameqa.eth", "name": "\u5143\u5b87\u5b99\u5730\u4ea7", "twitter": null, "proposalsCount": 1, "votesCount": 15, "followersCount": 12, "website": null}, {"id": "metametamask.eth", "name": "OPENAI", "twitter": null, "proposalsCount": 0, "votesCount": 0, "followersCount": 1, "website": "https://openai.com/blog/chatgpt"}, {"id": "metamors.eth", "name": "MetaMors", "twitter": "S0tn1k", "proposalsCount": 4, "votesCount": 23, "followersCount": 9, "website": null}]