[{"id": "dolphdao.eth", "name": "DolphDAO", "twitter": "CronosDolphinos", "proposalsCount": 2, "votesCount": 16, "followersCount": 5, "website": null}, {"id": "ebdao.eth", "name": "Early Believers DAO", "twitter": "ebdaocrypto", "proposalsCount": 13, "votesCount": 5, "followersCount": 5, "website": "https://www.ebdao.org/"}, {"id": "edgarnguyen.eth", "name": "able", "twitter": null, "proposalsCount": 9, "votesCount": 9, "followersCount": 5, "website": null}, {"id": "fries2land.eth", "name": "Fries2Land", "twitter": "fries2land", "proposalsCount": 6, "votesCount": 11, "followersCount": 6, "website": null}, {"id": "hamsterzbeachclub.eth", "name": "Hamsterz Beach Club", "twitter": "hamsterzbc", "proposalsCount": 2, "votesCount": 16, "followersCount": 5, "website": "https://hamsterzbeach.club"}, {"id": "hartjoshua.eth", "name": "beginning", "twitter": null, "proposalsCount": 6, "votesCount": 12, "followersCount": 5, "website": null}, {"id": "itsdip.eth", "name": "Its Dip", "twitter": "di090", "proposalsCount": 2, "votesCount": 19, "followersCount": 2, "website": "https://www.itadip.eth"}, {"id": "kuddlekoalas.eth", "name": "Kuddle Koalas", "twitter": "kuddlekoalas", "proposalsCount": 2, "votesCount": 18, "followersCount": 3, "website": null}, {"id": "lobbytoken.eth", "name": "Lobby", "twitter": "lobbytoken", "proposalsCount": 1, "votesCount": 6, "followersCount": 16, "website": null}, {"id": "maocheng.eth", "name": "maocheng", "twitter": null, "proposalsCount": 9, "votesCount": 8, "followersCount": 6, "website": null}, {"id": "mauriceliu.eth", "name": "\u273aELITETH", "twitter": "mauriceliu", "proposalsCount": 1, "votesCount": 10, "followersCount": 12, "website": null}, {"id": "meter-eth.eth", "name": "Meter Ethereum eMTRG", "twitter": null, "proposalsCount": 2, "votesCount": 16, "followersCount": 5, "website": null}, {"id": "michelle12chen.eth", "name": "SUMMER", "twitter": null, "proposalsCount": 2, "votesCount": 12, "followersCount": 9, "website": null}, {"id": "moviestudiodao.eth", "name": "Movie Studio DAO", "twitter": "aMovieStudioDAO", "proposalsCount": 1, "votesCount": 1, "followersCount": 21, "website": null}, {"id": "mtedao.eth", "name": "Meteorite", "twitter": "MeteoriteQT", "proposalsCount": 2, "votesCount": 3, "followersCount": 18, "website": null}, {"id": "myooooo.eth", "name": "CoinDao", "twitter": null, "proposalsCount": 1, "votesCount": 4, "followersCount": 18, "website": null}, {"id": "piorg.eth", "name": "piorg", "twitter": null, "proposalsCount": 2, "votesCount": 15, "followersCount": 6, "website": null}, {"id": "sbf666.eth", "name": "SBFDAO", "twitter": null, "proposalsCount": 1, "votesCount": 6, "followersCount": 16, "website": null}, {"id": "slimysnails.eth", "name": "slimeDAO Voting", "twitter": "SlimySnails_NFT", "proposalsCount": 2, "votesCount": 19, "followersCount": 2, "website": null}, {"id": "snowmandao.eth", "name": "SnowMan DAO", "twitter": "snowman_money", "proposalsCount": 1, "votesCount": 9, "followersCount": 13, "website": null}]