[{"id": "fuzzfinance.eth", "name": "Fuzz Finance", "twitter": "FuzzFinance", "proposalsCount": 2, "votesCount": 105, "followersCount": 23, "website": "https://fuzz.fi"}, {"id": "tallyhodao.eth", "name": "Taho!", "twitter": "taho_xyz", "proposalsCount": 0, "votesCount": 0, "followersCount": 130, "website": "https://taho.xyz"}, {"id": "vote.solarmoon.eth", "name": "Solar Moon Crypto", "twitter": "solarmoontoken", "proposalsCount": 35, "votesCount": 79, "followersCount": 16, "website": null}, {"id": "community.daosquare.eth", "name": "DAOSquare DREO", "twitter": "DAOSquare", "proposalsCount": 9, "votesCount": 86, "followersCount": 35, "website": "https://daosquare.io"}, {"id": "netnet.eth", "name": "ArcherNice", "twitter": "2100Ath", "proposalsCount": 46, "votesCount": 47, "followersCount": 37, "website": null}, {"id": "admen-dao.eth", "name": "ADMEN DAO", "twitter": "ADMEN_DAO", "proposalsCount": 2, "votesCount": 115, "followersCount": 12, "website": null}, {"id": "dpex.eth", "name": "DPEX", "twitter": "DPEX_io", "proposalsCount": 2, "votesCount": 0, "followersCount": 77, "website": "https://dpex.io"}, {"id": "gaiadao.eth", "name": "GaiaDAO", "twitter": "dao_gaia", "proposalsCount": 5, "votesCount": 120, "followersCount": 4, "website": null}, {"id": "herbst.eth", "name": "Crypto, Culture, & Society", "twitter": "CryptoSocietyS1", "proposalsCount": 6, "votesCount": 98, "followersCount": 25, "website": null}, {"id": "kumainu.eth", "name": "Kuma Inu", "twitter": "KumaInuOfficial", "proposalsCount": 22, "votesCount": 73, "followersCount": 34, "website": null}, {"id": "seedlatam.eth", "name": "SEED Latam", "twitter": "SEEDLatam", "proposalsCount": 4, "votesCount": 87, "followersCount": 38, "website": "https://seedlatam.org"}, {"id": "bobainu.eth", "name": "Boba Inu", "twitter": "inu_boba", "proposalsCount": 5, "votesCount": 107, "followersCount": 16, "website": "https://www.bobainu.eu/"}, {"id": "degensfarm.eth", "name": "Degen'$ Farm", "twitter": "DegensFarm", "proposalsCount": 3, "votesCount": 101, "followersCount": 24, "website": null}, {"id": "fbomb.eth", "name": "fBOMB Finance", "twitter": "fBombOpera", "proposalsCount": 3, "votesCount": 110, "followersCount": 15, "website": null}, {"id": "peoplepay.eth", "name": "DARB GG CLUB", "twitter": "daji130", "proposalsCount": 9, "votesCount": 88, "followersCount": 31, "website": null}, {"id": "pornxyz.eth", "name": "pornxyz", "twitter": null, "proposalsCount": 128, "votesCount": 0, "followersCount": 0, "website": null}, {"id": "zentask.eth", "name": "ZenApe", "twitter": "ZenApeNFT", "proposalsCount": 1, "votesCount": 106, "followersCount": 21, "website": "https://www.zenape.io/"}, {"id": "cryptoshuraba.eth", "name": "CryptoShuraba", "twitter": "Crypto_Shuraba", "proposalsCount": 3, "votesCount": 112, "followersCount": 12, "website": "https://www.metaland.game/"}, {"id": "dryades.eth", "name": "DryadesDAO", "twitter": null, "proposalsCount": 11, "votesCount": 99, "followersCount": 17, "website": null}, {"id": "koaladefi.eth", "name": "Koala DeFi", "twitter": "KoalaDefi", "proposalsCount": 21, "votesCount": 105, "followersCount": 1, "website": null}]