[{"id": "everipediaiq.eth", "name": "IQ", "twitter": "IQWIKI", "proposalsCount": 24, "votesCount": 142, "followersCount": 21, "website": "https://braindao.org/"}, {"id": "kissofjudas.eth", "name": "FrederickPeeks", "twitter": "FrederickPeeks", "proposalsCount": 15, "votesCount": 155, "followersCount": 17, "website": "https://twitter.com/FrederickPeeks"}, {"id": "apeschain.eth", "name": "ApesChain DAO", "twitter": "apes_chain", "proposalsCount": 5, "votesCount": 133, "followersCount": 48, "website": "https://apeschain.org/"}, {"id": "arivadao.eth", "name": "Ariva Digital", "twitter": "ArivaCoin", "proposalsCount": 1, "votesCount": 129, "followersCount": 6, "website": "https://ariva.digital"}, {"id": "ihgdao.eth", "name": "Infinity Headset Genesis", "twitter": null, "proposalsCount": 2, "votesCount": 136, "followersCount": 48, "website": null}, {"id": "pmstudiosoopa.eth", "name": "OOPAssociation", "twitter": "OOPAssociation", "proposalsCount": 3, "votesCount": 102, "followersCount": 31, "website": "https://www.oopa.io"}, {"id": "space2025.eth", "name": "spacey2025", "twitter": null, "proposalsCount": 4, "votesCount": 179, "followersCount": 3, "website": null}, {"id": "windingtree.eth", "name": "Winding Tree", "twitter": "windingtree", "proposalsCount": 10, "votesCount": 150, "followersCount": 26, "website": null}, {"id": "36fuji.eth", "name": "36 BLOCKS OF FUJI", "twitter": "saburokufuji", "proposalsCount": 4, "votesCount": 164, "followersCount": 18, "website": null}, {"id": "auctionwinnerpicksname.eth", "name": "leixigea1", "twitter": null, "proposalsCount": 15, "votesCount": 152, "followersCount": 19, "website": null}, {"id": "degendwarfs.eth", "name": "Degen Dwarfs", "twitter": "DegenDwarfs", "proposalsCount": 7, "votesCount": 165, "followersCount": 14, "website": "https://degendwarfs.io"}, {"id": "icebrk.eth", "name": "Icebreak-R", "twitter": "ICEBRKofficial", "proposalsCount": 21, "votesCount": 151, "followersCount": 14, "website": "https://icebreak-r.com"}, {"id": "theaustraliannationaluniversity.eth", "name": "LawrenceWeesner", "twitter": null, "proposalsCount": 15, "votesCount": 151, "followersCount": 20, "website": null}, {"id": "arbitrum.cryptodateio.eth", "name": "Cryptodate On Arbitrum", "twitter": "cryptodateio", "proposalsCount": 1, "votesCount": 0, "followersCount": 184, "website": "https://www.cryptodate.io/"}, {"id": "gaowenjie.eth", "name": "MountainLabs", "twitter": null, "proposalsCount": 5, "votesCount": 130, "followersCount": 50, "website": null}, {"id": "ooki.eth", "name": "Ooki", "twitter": "OokiTrade", "proposalsCount": 10, "votesCount": 50, "followersCount": 125, "website": "https://ooki.com/"}, {"id": "orbs-network.eth", "name": "Orbs", "twitter": "orbs_network", "proposalsCount": 5, "votesCount": 123, "followersCount": 57, "website": "https://www.orbs.com/"}, {"id": "p12.eth", "name": "Project Twelve", "twitter": "_p12_", "proposalsCount": 23, "votesCount": 106, "followersCount": 56, "website": "https://p12.network"}, {"id": "puddingswap.eth", "name": "PuddingSwap", "twitter": null, "proposalsCount": 4, "votesCount": 169, "followersCount": 12, "website": null}, {"id": "sktls.eth", "name": "SKTLS", "twitter": "SktlsCrypto", "proposalsCount": 15, "votesCount": 160, "followersCount": 10, "website": "https://sktls.com"}]