[{"id": "planckdao.eth", "name": "The PlanckX DAO", "twitter": null, "proposalsCount": 0, "votesCount": 0, "followersCount": 6, "website": null}, {"id": "plunk.eth", "name": "Plunks", "twitter": null, "proposalsCount": 3, "votesCount": 3, "followersCount": 0, "website": null}, {"id": "poolsharks.eth", "name": "PoolSharks", "twitter": "poolsharks_nft", "proposalsCount": 2, "votesCount": 2, "followersCount": 2, "website": null}, {"id": "potadaos.eth", "name": "PotaDAO", "twitter": "potadao", "proposalsCount": 2, "votesCount": 0, "followersCount": 4, "website": null}, {"id": "pridepunks.eth", "name": "Pride Punk DAO", "twitter": "pridepunks2018", "proposalsCount": 1, "votesCount": 1, "followersCount": 4, "website": "https://www.pridepunk.xyz/"}, {"id": "puppypaw.eth", "name": "Puppy Paw DAO", "twitter": null, "proposalsCount": 1, "votesCount": 2, "followersCount": 3, "website": null}, {"id": "pushtomoon.eth", "name": "GTC", "twitter": null, "proposalsCount": 2, "votesCount": 2, "followersCount": 2, "website": null}, {"id": "qingdan.eth", "name": "Qingdan", "twitter": null, "proposalsCount": 2, "votesCount": 0, "followersCount": 4, "website": null}, {"id": "qingsha.eth", "name": "\u8f7b\u7eb1", "twitter": null, "proposalsCount": 2, "votesCount": 2, "followersCount": 2, "website": null}, {"id": "qiushan.eth", "name": "sunnyking", "twitter": null, "proposalsCount": 1, "votesCount": 2, "followersCount": 3, "website": null}, {"id": "qknow.eth", "name": "qknow", "twitter": null, "proposalsCount": 2, "votesCount": 1, "followersCount": 3, "website": null}, {"id": "qwerlzq.eth", "name": "qwerlzq", "twitter": null, "proposalsCount": 2, "votesCount": 2, "followersCount": 2, "website": null}, {"id": "rajdipde.eth", "name": "Rajdip De", "twitter": "derajdip", "proposalsCount": 2, "votesCount": 2, "followersCount": 2, "website": null}, {"id": "ramjan24.eth", "name": "ramja24", "twitter": "Rubel9842", "proposalsCount": 2, "votesCount": 0, "followersCount": 4, "website": "https://medium.com/@mdramjanhosen"}, {"id": "rarity2.eth", "name": "araity", "twitter": null, "proposalsCount": 1, "votesCount": 3, "followersCount": 2, "website": null}, {"id": "realitybox.eth", "name": "realitybox", "twitter": null, "proposalsCount": 1, "votesCount": 3, "followersCount": 2, "website": null}, {"id": "rektwallet.eth", "name": "Oldenburg soll gr\u00fcn werden", "twitter": null, "proposalsCount": 2, "votesCount": 0, "followersCount": 4, "website": null}, {"id": "reptikas.eth", "name": "Reptikas Collective", "twitter": "reptikas", "proposalsCount": 1, "votesCount": 1, "followersCount": 4, "website": "https://reptikas.club"}, {"id": "reth-snapshot.eth", "name": "Realms of Ethernity", "twitter": "realmsofeth", "proposalsCount": 0, "votesCount": 0, "followersCount": 6, "website": "https://realmsofethernity.com"}, {"id": "revestprotocol.eth", "name": "Revest Protocol", "twitter": "RevestFinance", "proposalsCount": 0, "votesCount": 0, "followersCount": 6, "website": null}]