[{"id": "thalgo.eth", "name": "Tha Dao", "twitter": null, "proposalsCount": 1, "votesCount": 1, "followersCount": 2, "website": null}, {"id": "the-mesh.eth", "name": "The Mesh", "twitter": "takenstheorem", "proposalsCount": 0, "votesCount": 0, "followersCount": 4, "website": null}, {"id": "thebadcc.eth", "name": "thebadcc", "twitter": null, "proposalsCount": 1, "votesCount": 1, "followersCount": 2, "website": null}, {"id": "thebinancenft.eth", "name": "thebinancenft.eth", "twitter": null, "proposalsCount": 1, "votesCount": 1, "followersCount": 2, "website": null}, {"id": "theblackwatch.eth", "name": "BLACKWATCH", "twitter": "thewatchcom", "proposalsCount": 0, "votesCount": 0, "followersCount": 4, "website": "https://thewatch.com"}, {"id": "thedomaindao.eth", "name": "DomainDAO", "twitter": "theDomainDAO", "proposalsCount": 0, "votesCount": 0, "followersCount": 4, "website": null}, {"id": "thedragon.eth", "name": "The Dragon", "twitter": null, "proposalsCount": 3, "votesCount": 0, "followersCount": 1, "website": null}, {"id": "thehuntersdreamdao.eth", "name": "CAW DAO", "twitter": null, "proposalsCount": 1, "votesCount": 1, "followersCount": 2, "website": null}, {"id": "theogo.eth", "name": "Theogo Community", "twitter": "theogoart", "proposalsCount": 3, "votesCount": 0, "followersCount": 1, "website": null}, {"id": "thepixelgods.eth", "name": "ThePixelGods", "twitter": null, "proposalsCount": 1, "votesCount": 2, "followersCount": 1, "website": null}, {"id": "thesnail.eth", "name": "AXS", "twitter": null, "proposalsCount": 1, "votesCount": 1, "followersCount": 2, "website": null}, {"id": "thesolesupplier.eth", "name": "The Sole Supplier", "twitter": null, "proposalsCount": 2, "votesCount": 0, "followersCount": 2, "website": null}, {"id": "thestakingdao.eth", "name": "StakingDAO", "twitter": "Staking_DAO", "proposalsCount": 0, "votesCount": 0, "followersCount": 4, "website": null}, {"id": "thesuperdao.eth", "name": "The Super DAO", "twitter": null, "proposalsCount": 3, "votesCount": 0, "followersCount": 1, "website": null}, {"id": "thispussyisjuicy.eth", "name": "zzz123", "twitter": null, "proposalsCount": 1, "votesCount": 1, "followersCount": 2, "website": null}, {"id": "tikifreek.eth", "name": "Tikifreek.dao", "twitter": "tikifreekdao", "proposalsCount": 1, "votesCount": 0, "followersCount": 3, "website": null}, {"id": "timetobet.eth", "name": "TimetoBet.casino", "twitter": "timetobetcasino", "proposalsCount": 0, "votesCount": 0, "followersCount": 4, "website": null}, {"id": "timmckenna.eth", "name": "timeDAo", "twitter": null, "proposalsCount": 1, "votesCount": 1, "followersCount": 2, "website": null}, {"id": "titicaca.eth", "name": "Titicaca", "twitter": null, "proposalsCount": 1, "votesCount": 0, "followersCount": 3, "website": null}, {"id": "togto.eth", "name": "togto", "twitter": null, "proposalsCount": 3, "votesCount": 1, "followersCount": 0, "website": null}]