[{"id": "grayboys.eth", "name": "The Mothership DAO (Gray Boys)", "twitter": "grayboysdao", "proposalsCount": 99, "votesCount": 11753, "followersCount": 961, "website": "https://grayboysnft.com/"}, {"id": "clipper-dex.eth", "name": "BNB DAO", "twitter": null, "proposalsCount": 100, "votesCount": 154, "followersCount": 67, "website": null}, {"id": "boredtown.eth", "name": "Bored Town", "twitter": "boredtownnft", "proposalsCount": 2, "votesCount": 1106, "followersCount": 183, "website": "https://linktr.ee/boredtown"}, {"id": "huwacoin.eth", "name": "HUWA-DAO", "twitter": null, "proposalsCount": 627, "votesCount": 4237, "followersCount": 2082, "website": null}, {"id": "elacek.eth", "name": "123\u6728\u5934\u4eba DAO", "twitter": "ElacekCamp", "proposalsCount": 74, "votesCount": 220, "followersCount": 42, "website": "https://twitter.com/ElacekCamp"}, {"id": "aurafinance.eth", "name": "Aura Finance", "twitter": "AuraFinance", "proposalsCount": 290, "votesCount": 7565, "followersCount": 860, "website": "https://aura.finance"}, {"id": "metfi.io", "name": "MetFi DAO", "twitter": "MetFi_DAO", "proposalsCount": 47, "votesCount": 10206, "followersCount": 1373, "website": "https://metfi.io"}, {"id": "carbonswap.eth", "name": "Carbonswap", "twitter": "carbonswap_fi", "proposalsCount": 92, "votesCount": 11342, "followersCount": 297, "website": null}, {"id": "galleondao.eth", "name": "Galleon", "twitter": "galleondao", "proposalsCount": 7, "votesCount": 0, "followersCount": 11519, "website": null}, {"id": "kuiclub.eth", "name": "Kui Club", "twitter": "Kuiclub", "proposalsCount": 12, "votesCount": 9552, "followersCount": 1997, "website": "https://twitter.com/Kuiclub"}, {"id": "hydraventures.eth", "name": "Hydra Ventures", "twitter": "hydraventures_", "proposalsCount": 20, "votesCount": 339, "followersCount": 25, "website": "https://www.hydraventures.xyz/"}, {"id": "yaxidaking.eth", "name": "Yaxi", "twitter": null, "proposalsCount": 60, "votesCount": 109, "followersCount": 88, "website": null}, {"id": "sharelens.eth", "name": "Share", "twitter": "share_offic", "proposalsCount": 1, "votesCount": 8053, "followersCount": 2356, "website": "https://theshr.xyz"}, {"id": "thehong.eth", "name": "Scientist DAO", "twitter": null, "proposalsCount": 123, "votesCount": 500, "followersCount": 113, "website": null}, {"id": "123bnb.eth", "name": "vickyko", "twitter": null, "proposalsCount": 33, "votesCount": 98, "followersCount": 94, "website": null}, {"id": "comp-vote.eth", "name": "Compound", "twitter": null, "proposalsCount": 5, "votesCount": 2193, "followersCount": 7816, "website": "https://app.compound.finance/"}, {"id": "\u53cd\u590d\u6a2a\u8df3\u7684\u4e94\u9999\u7c89.eth", "name": "guofengmeitang space", "twitter": null, "proposalsCount": 94, "votesCount": 94, "followersCount": 10, "website": null}, {"id": "lilonghui.eth", "name": "lilonghui", "twitter": null, "proposalsCount": 63, "votesCount": 134, "followersCount": 0, "website": null}, {"id": "loveeachother.eth", "name": "loveeachother", "twitter": null, "proposalsCount": 324, "votesCount": 1235, "followersCount": 182, "website": null}, {"id": "love.criptotwitter.eth", "name": "loveDAO", "twitter": null, "proposalsCount": 79, "votesCount": 120, "followersCount": 4, "website": null}]