[{"id": "digitalpratik.eth", "name": "JorrParivar", "twitter": "jorrparivar", "proposalsCount": 2, "votesCount": 47, "followersCount": 9, "website": null}, {"id": "duo-nft.eth", "name": "DUO NFT", "twitter": "DUO_NFTz", "proposalsCount": 2, "votesCount": 98, "followersCount": 8, "website": "https://duo-nft.com/"}, {"id": "evolutionland.eth", "name": "Evolution Land", "twitter": "evolution_land", "proposalsCount": 7, "votesCount": 35, "followersCount": 66, "website": "https://www.evolution.land/"}, {"id": "jamm", "name": "JAMM", "twitter": null, "proposalsCount": 17, "votesCount": 90, "followersCount": 1, "website": null}, {"id": "nftarttokyo.eth", "name": "NFT ART TOKYO", "twitter": "NFTArtTokyo", "proposalsCount": 1, "votesCount": 101, "followersCount": 6, "website": "https://nftarttokyo.xyz/"}, {"id": "soonieverse.eth", "name": "Soonieverse", "twitter": "Cryptosoonie", "proposalsCount": 1, "votesCount": 95, "followersCount": 12, "website": "https://www.soonieverse.com/"}, {"id": "trapezaprotocol.eth", "name": "Trapeza Protocol", "twitter": "TrapezaProtocol", "proposalsCount": 3, "votesCount": 66, "followersCount": 39, "website": null}, {"id": "zksynczat.eth", "name": "\u5927\u5bb6\u597d", "twitter": null, "proposalsCount": 0, "votesCount": 0, "followersCount": 8, "website": null}, {"id": "feudaldao.eth", "name": "FeudalDAO", "twitter": "feudal_DAO", "proposalsCount": 9, "votesCount": 83, "followersCount": 16, "website": null}, {"id": "abitofdots.eth", "name": "MIX Foundation", "twitter": "dogesoundclub", "proposalsCount": 3, "votesCount": 1, "followersCount": 3, "website": "https://dogesound.club"}, {"id": "bensyc.enspunks.eth", "name": "Bored ENS Yacht Club", "twitter": "BoredENSYC", "proposalsCount": 8, "votesCount": 76, "followersCount": 23, "website": "https://boredensyachtclub.eth.limo"}, {"id": "cyberscape.eth", "name": "Neo Tokyo Outer Citizens", "twitter": null, "proposalsCount": 1, "votesCount": 97, "followersCount": 9, "website": null}, {"id": "ensd999.eth", "name": "d999", "twitter": null, "proposalsCount": 2, "votesCount": 4, "followersCount": 1, "website": null}, {"id": "forlootandglory.eth", "name": "For Loot And Glory", "twitter": "ForLootAndGlory", "proposalsCount": 1, "votesCount": 53, "followersCount": 53, "website": "https://forlootandglory.io/"}, {"id": "genzdao.eth", "name": "Gen Z DAO", "twitter": "genzdao", "proposalsCount": 8, "votesCount": 93, "followersCount": 6, "website": null}, {"id": "heildefi.eth", "name": "Heil DeFi", "twitter": "heildefi", "proposalsCount": 1, "votesCount": 0, "followersCount": 106, "website": null}, {"id": "lens.0001111100000.eth", "name": "yedao", "twitter": "yemoumou10", "proposalsCount": 2, "votesCount": 2, "followersCount": 3, "website": null}, {"id": "skycn.eth", "name": "Sky DAO", "twitter": null, "proposalsCount": 5, "votesCount": 52, "followersCount": 50, "website": null}, {"id": "vote.theborg.eth", "name": "BORG Collective", "twitter": null, "proposalsCount": 25, "votesCount": 80, "followersCount": 2, "website": null}, {"id": "aggris2.eth", "name": "PulseX", "twitter": null, "proposalsCount": 36, "votesCount": 36, "followersCount": 35, "website": null}]