[{"id": "harunguyen.eth", "name": "HaruNguyen", "twitter": "HaruNguyenSK", "proposalsCount": 3, "votesCount": 1, "followersCount": 2, "website": null}, {"id": "hash.pob.eth", "name": "Proof of Beauty's HASH", "twitter": null, "proposalsCount": 1, "votesCount": 38, "followersCount": 11, "website": null}, {"id": "hashdirect.eth", "name": "Hash Direct", "twitter": null, "proposalsCount": 1, "votesCount": 3, "followersCount": 1, "website": "https://hash.direct/"}, {"id": "hasmany.eth", "name": "Coding Dao", "twitter": null, "proposalsCount": 0, "votesCount": 0, "followersCount": 0, "website": "https://koga.mirror.xyz"}, {"id": "hawkdove.eth", "name": "Hawk Dove", "twitter": null, "proposalsCount": 4, "votesCount": 3, "followersCount": 0, "website": null}, {"id": "hbcoin.eth", "name": "META", "twitter": null, "proposalsCount": 0, "votesCount": 0, "followersCount": 0, "website": null}, {"id": "hbyxabc.eth", "name": "hbyxabc", "twitter": null, "proposalsCount": 1, "votesCount": 0, "followersCount": 0, "website": null}, {"id": "hcchcc.eth", "name": "HCC", "twitter": "hungchn76828744", "proposalsCount": 0, "votesCount": 0, "followersCount": 1, "website": null}, {"id": "he6b23.eth", "name": "6b23", "twitter": null, "proposalsCount": 10, "votesCount": 23, "followersCount": 12, "website": null}, {"id": "headandsholdersbottom.eth", "name": "chartpattern", "twitter": null, "proposalsCount": 2, "votesCount": 2, "followersCount": 1, "website": null}, {"id": "headofbulls.eth", "name": "Laxmi ", "twitter": "snapshotlabs", "proposalsCount": 0, "votesCount": 0, "followersCount": 1, "website": "https://snapshot.org"}, {"id": "heart.test1534525.eth", "name": "Test General Space", "twitter": null, "proposalsCount": 44, "votesCount": 35, "followersCount": 17, "website": null}, {"id": "heavencypt.eth", "name": "heavencrypt", "twitter": null, "proposalsCount": 0, "votesCount": 0, "followersCount": 0, "website": null}, {"id": "hehe555.eth", "name": "hehe555", "twitter": null, "proposalsCount": 6, "votesCount": 8, "followersCount": 1, "website": null}, {"id": "heilongjiangsheng.eth", "name": "\u907f\u9669", "twitter": null, "proposalsCount": 1, "votesCount": 285, "followersCount": 1, "website": null}, {"id": "heksos.eth", "name": "Heksos", "twitter": null, "proposalsCount": 0, "votesCount": 0, "followersCount": 2, "website": null}, {"id": "helixgeomtryrsktest.eth", "name": "Helix (Bitcoin RSK Testnet)", "twitter": "geometryfinance", "proposalsCount": 0, "votesCount": 0, "followersCount": 1, "website": "https://helix.finance"}, {"id": "hellchef.eth", "name": "I cook meat in hell", "twitter": null, "proposalsCount": 1, "votesCount": 1, "followersCount": 1, "website": null}, {"id": "hellobit.eth", "name": "meta", "twitter": "longJensen666", "proposalsCount": 3, "votesCount": 21, "followersCount": 32, "website": null}, {"id": "hellocity.eth", "name": "WonderfulDay pro", "twitter": null, "proposalsCount": 0, "votesCount": 0, "followersCount": 0, "website": null}]