[{"id": "as2network.eth", "name": "AS2 Network", "twitter": null, "proposalsCount": 1, "votesCount": 5, "followersCount": 4, "website": null}, {"id": "backeddao.eth", "name": "Backed DAO", "twitter": null, "proposalsCount": 2, "votesCount": 4, "followersCount": 4, "website": null}, {"id": "bankdefi.eth", "name": "BankDefi", "twitter": "bank_defi", "proposalsCount": 0, "votesCount": 0, "followersCount": 10, "website": null}, {"id": "betonman.eth", "name": "BetonMAN", "twitter": null, "proposalsCount": 3, "votesCount": 5, "followersCount": 2, "website": null}, {"id": "bettybank.eth", "name": "AlphaBetty NFT BettyBank", "twitter": "alphabettynft", "proposalsCount": 1, "votesCount": 5, "followersCount": 4, "website": null}, {"id": "bimcoordinatorsummit.eth", "name": "BIM Coordinators Summit", "twitter": "bimcoordinators", "proposalsCount": 1, "votesCount": 5, "followersCount": 4, "website": "https://www.bimhero.io"}, {"id": "biopset.eth", "name": "BIOPset Settlement DAO", "twitter": null, "proposalsCount": 2, "votesCount": 6, "followersCount": 2, "website": null}, {"id": "bonfi.eth", "name": "BTest", "twitter": null, "proposalsCount": 4, "votesCount": 3, "followersCount": 3, "website": null}, {"id": "cag3.eth", "name": "Cage", "twitter": "cag3_io", "proposalsCount": 1, "votesCount": 7, "followersCount": 2, "website": "https://cag3.io"}, {"id": "cardaswap.eth", "name": "xyzswap", "twitter": null, "proposalsCount": 3, "votesCount": 0, "followersCount": 7, "website": null}, {"id": "celtixtime.eth", "name": "Celtixtime", "twitter": null, "proposalsCount": 4, "votesCount": 4, "followersCount": 2, "website": null}, {"id": "conlan.eth", "name": "ConlanDAO", "twitter": "conlan", "proposalsCount": 3, "votesCount": 5, "followersCount": 2, "website": null}, {"id": "cryptosystem.eth", "name": "xiangrikui", "twitter": "xiangrikui0525", "proposalsCount": 5, "votesCount": 0, "followersCount": 5, "website": "http://link3.to/megaman"}, {"id": "cryptoyyds.eth", "name": "Calabash Brothers", "twitter": null, "proposalsCount": 6, "votesCount": 2, "followersCount": 2, "website": null}, {"id": "cvminigames.eth", "name": "CVMiniGames", "twitter": "CVMiniGames", "proposalsCount": 2, "votesCount": 1, "followersCount": 7, "website": null}, {"id": "dalmatians.eth", "name": "Dalmatians", "twitter": "DalmatiansC", "proposalsCount": 3, "votesCount": 4, "followersCount": 3, "website": null}, {"id": "dao.puzzlegang.eth", "name": "Puzzle DAO", "twitter": "ThePuzzleGang", "proposalsCount": 2, "votesCount": 5, "followersCount": 3, "website": "https://puzzlegang.io/"}, {"id": "daostack-alchemy.eth", "name": "alchemy-daostack", "twitter": null, "proposalsCount": 2, "votesCount": 1, "followersCount": 7, "website": null}, {"id": "dappcon22.szns.eth", "name": "dappcon22.szns.eth", "twitter": null, "proposalsCount": 3, "votesCount": 5, "followersCount": 2, "website": null}, {"id": "dartdao.eth", "name": "DArt DAO", "twitter": "dart_dao", "proposalsCount": 2, "votesCount": 3, "followersCount": 5, "website": "https://dartdao.com"}]