[{"id": "bullatest.eth", "name": "Test DAO", "twitter": null, "proposalsCount": 1, "votesCount": 1, "followersCount": 2, "website": null}, {"id": "bumblebeex.eth", "name": "OptimusX Prime DAO", "twitter": null, "proposalsCount": 0, "votesCount": 0, "followersCount": 4, "website": "https://optx.money/"}, {"id": "burgerdao.eth", "name": "BurgerDAO", "twitter": "BurgerDAO", "proposalsCount": 0, "votesCount": 0, "followersCount": 4, "website": null}, {"id": "burmadao.eth", "name": "BurmaDAO", "twitter": "burmadao", "proposalsCount": 0, "votesCount": 0, "followersCount": 4, "website": "https://burmadao.org"}, {"id": "bustagamefi.eth", "name": "BUSTa", "twitter": "busta_gamefi", "proposalsCount": 1, "votesCount": 0, "followersCount": 3, "website": null}, {"id": "buybtceth.eth", "name": "2023btc", "twitter": null, "proposalsCount": 2, "votesCount": 1, "followersCount": 1, "website": null}, {"id": "by.arisac.eth", "name": "by arisac", "twitter": "arisdotac", "proposalsCount": 1, "votesCount": 1, "followersCount": 2, "website": null}, {"id": "byzero.eth", "name": "NO", "twitter": null, "proposalsCount": 1, "votesCount": 0, "followersCount": 3, "website": null}, {"id": "c1ccc.eth", "name": "Moca Fam", "twitter": null, "proposalsCount": 0, "votesCount": 0, "followersCount": 4, "website": null}, {"id": "caomin.eth", "name": "caomindao", "twitter": null, "proposalsCount": 1, "votesCount": 1, "followersCount": 2, "website": null}, {"id": "carato.eth", "name": "CaratoDAO", "twitter": null, "proposalsCount": 1, "votesCount": 0, "followersCount": 3, "website": null}, {"id": "carlosdiaz.eth", "name": "L'Hacienda", "twitter": null, "proposalsCount": 1, "votesCount": 1, "followersCount": 2, "website": null}, {"id": "cartoonsdao.eth", "name": "CartoonsNFT", "twitter": "cartoonsnft", "proposalsCount": 0, "votesCount": 0, "followersCount": 4, "website": "https://cartoons.io/"}, {"id": "cavor.eth", "name": "every", "twitter": null, "proposalsCount": 1, "votesCount": 1, "followersCount": 2, "website": null}, {"id": "ccbig.eth", "name": "CCBIG Community Token", "twitter": null, "proposalsCount": 2, "votesCount": 0, "followersCount": 2, "website": null}, {"id": "chainedu.eth", "name": "starnet vote", "twitter": null, "proposalsCount": 2, "votesCount": 0, "followersCount": 2, "website": null}, {"id": "chainlist.eth", "name": "Chain List Service GoverBoard", "twitter": "RoadsLogs", "proposalsCount": 0, "votesCount": 0, "followersCount": 4, "website": "https://chainlist.eth.limo"}, {"id": "chillypeppers.eth", "name": "ChillyPeppers", "twitter": null, "proposalsCount": 1, "votesCount": 1, "followersCount": 2, "website": null}, {"id": "chinadefi.eth", "name": "BDSMDAO", "twitter": null, "proposalsCount": 1, "votesCount": 0, "followersCount": 3, "website": null}, {"id": "chinochinchin.eth", "name": "Tether USD", "twitter": "chinocncnUSDT", "proposalsCount": 1, "votesCount": 1, "followersCount": 2, "website": "https://polygonscan.com/token/0x090eb875311015a4765985d55d9521bfe5dd7276#code"}]