[{"id": "zodiacdemo.eth", "name": "Zodiac Demo", "twitter": null, "proposalsCount": 2, "votesCount": 2, "followersCount": 0, "website": null}, {"id": "zooex.eth", "name": "TuGouDAO", "twitter": null, "proposalsCount": 1, "votesCount": 1, "followersCount": 2, "website": null}, {"id": "zyx666.eth", "name": "LmDao\u4e3a\u7231\u9f13\u638c", "twitter": "Zyxlike", "proposalsCount": 2, "votesCount": 0, "followersCount": 2, "website": null}, {"id": "zzghcm001.eth", "name": "zzghcm001", "twitter": null, "proposalsCount": 1, "votesCount": 3, "followersCount": 0, "website": null}, {"id": "zzrui.eth", "name": "kuiqianclub", "twitter": null, "proposalsCount": 1, "votesCount": 1, "followersCount": 2, "website": null}, {"id": "\u0430\u043d\u0430\u0440\u0445\u0438\u044f.eth", "name": "YAM NETWORK", "twitter": null, "proposalsCount": 1, "votesCount": 1, "followersCount": 2, "website": null}, {"id": "\u0438\u043d\u0434\u0443\u043b\u044c\u0433\u0435\u043d\u0446\u0438\u044f.eth", "name": "MoneyNetwork", "twitter": null, "proposalsCount": 1, "votesCount": 1, "followersCount": 2, "website": null}, {"id": "\u6771\u90f7\u5e73\u516b\u90ce.eth", "name": "\u6771\u90f7\u5e73\u516b\u90ceDAO", "twitter": null, "proposalsCount": 2, "votesCount": 1, "followersCount": 1, "website": null}, {"id": "\u6dd8\u5b9d\u963f\u91cc\u5df4\u5df4.eth", "name": "FTX DAO DAO", "twitter": null, "proposalsCount": 1, "votesCount": 1, "followersCount": 2, "website": null}, {"id": "\ud83c\udd70liexpress.eth", "name": "SGG", "twitter": null, "proposalsCount": 1, "votesCount": 2, "followersCount": 1, "website": null}, {"id": "\u2764\u2764\u2764\u2764money.eth", "name": "moneyDAO", "twitter": null, "proposalsCount": 1, "votesCount": 1, "followersCount": 1, "website": null}, {"id": "0-cpdd.eth", "name": "qq", "twitter": null, "proposalsCount": 1, "votesCount": 1, "followersCount": 1, "website": null}, {"id": "0-web3.eth", "name": "tt", "twitter": null, "proposalsCount": 1, "votesCount": 1, "followersCount": 1, "website": null}, {"id": "0009900098.eth", "name": "sadarsafuki10", "twitter": null, "proposalsCount": 1, "votesCount": 1, "followersCount": 1, "website": null}, {"id": "000oo0.eth", "name": "Meena Gulati", "twitter": "MeenaGulati13", "proposalsCount": 1, "votesCount": 1, "followersCount": 1, "website": null}, {"id": "008648.eth", "name": "Zoombie", "twitter": null, "proposalsCount": 1, "votesCount": 1, "followersCount": 1, "website": null}, {"id": "00sui.eth", "name": "suidao", "twitter": null, "proposalsCount": 1, "votesCount": 1, "followersCount": 1, "website": null}, {"id": "010930.eth", "name": "28dao", "twitter": null, "proposalsCount": 1, "votesCount": 1, "followersCount": 1, "website": null}, {"id": "022010.eth", "name": "Forever", "twitter": null, "proposalsCount": 1, "votesCount": 2, "followersCount": 0, "website": null}, {"id": "030960.eth", "name": "Equality DAO", "twitter": null, "proposalsCount": 1, "votesCount": 1, "followersCount": 1, "website": null}]