[{"id": "zimoli.eth", "name": "653sdkfsr", "twitter": null, "proposalsCount": 32, "votesCount": 96, "followersCount": 33, "website": null}, {"id": "dfkvote.eth", "name": "DeFi Kingdoms", "twitter": "DefiKingdoms", "proposalsCount": 13, "votesCount": 7447, "followersCount": 483, "website": "https://defikingdoms.com/"}, {"id": "\u6211\u4e0d\u60f3\u5f53\u9e3d\u5b50.eth", "name": "\u7ebf\u4e0b\u7ec4-\u8fc7\u4e86git\u518d\u6295", "twitter": null, "proposalsCount": 44, "votesCount": 66, "followersCount": 49, "website": null}, {"id": "\u6211\u957f\u6210\u8fd9\u6837\u662f\u4e3a\u4e86\u8ba9\u4eba\u770b\u8d77\u6765\u66f4\u60f3\u62e5\u62b1.eth", "name": "kkkkk5", "twitter": null, "proposalsCount": 44, "votesCount": 77, "followersCount": 38, "website": null}, {"id": "600046.eth", "name": "DAI(MATIC)", "twitter": "MayaSar90759778", "proposalsCount": 72, "votesCount": 52, "followersCount": 92, "website": null}, {"id": "jone716.eth", "name": "$100K until 2024", "twitter": null, "proposalsCount": 177, "votesCount": 208, "followersCount": 31, "website": null}, {"id": "chenyangcong.eth", "name": "zksync", "twitter": null, "proposalsCount": 31, "votesCount": 77, "followersCount": 49, "website": null}, {"id": "168669.eth", "name": "task", "twitter": null, "proposalsCount": 7, "votesCount": 148, "followersCount": 2, "website": null}, {"id": "quickvote.eth", "name": "QuickSwap", "twitter": "QuickswapDEX", "proposalsCount": 24, "votesCount": 4073, "followersCount": 3203, "website": null}, {"id": "opencampusdao.eth", "name": "Open Campus DAO", "twitter": "opencampus_xyz", "proposalsCount": 0, "votesCount": 0, "followersCount": 755, "website": "https://www.opencampus.xyz/"}, {"id": "032560.eth", "name": "Cameron Turner", "twitter": null, "proposalsCount": 33, "votesCount": 79, "followersCount": 41, "website": null}, {"id": "snapshot.floatprotocol.eth", "name": "Float Protocol", "twitter": "floatprotocol", "proposalsCount": 56, "votesCount": 7527, "followersCount": 173, "website": null}, {"id": "janeter.eth", "name": "743sdsf", "twitter": null, "proposalsCount": 32, "votesCount": 89, "followersCount": 31, "website": null}, {"id": "topia-governance.eth", "name": "TOPIA", "twitter": "topiagg", "proposalsCount": 2, "votesCount": 125, "followersCount": 131, "website": "https://topia.gg"}, {"id": "andymcdonald.eth", "name": "sky", "twitter": null, "proposalsCount": 32, "votesCount": 82, "followersCount": 35, "website": null}, {"id": "aladdindao.eth", "name": "AladdinDAO", "twitter": "aladdindao", "proposalsCount": 183, "votesCount": 3969, "followersCount": 905, "website": "https://aladdin.club/"}, {"id": "dao.amkt.eth", "name": "AMKT DAO", "twitter": null, "proposalsCount": 2, "votesCount": 5478, "followersCount": 1878, "website": "https://amkt.alongside.xyz"}, {"id": "saadiyan.eth", "name": "ghjsajgd", "twitter": null, "proposalsCount": 28, "votesCount": 82, "followersCount": 35, "website": null}, {"id": "sekr\u00e8.eth", "name": "\u52374", "twitter": null, "proposalsCount": 32, "votesCount": 71, "followersCount": 41, "website": null}, {"id": "spartacusdao.eth", "name": "Spartacus DAO", "twitter": "Spartacus_Fi", "proposalsCount": 20, "votesCount": 6022, "followersCount": 1274, "website": null}]