[{"id": "aboredyear.eth", "name": "A Bored Year", "twitter": "aboredyearNFT", "proposalsCount": 3, "votesCount": 112, "followersCount": 7, "website": "https://aboredyear.io/"}, {"id": "cryptokidsdao.eth", "name": "CryptoKidsDAO", "twitter": "ckcnft", "proposalsCount": 7, "votesCount": 103, "followersCount": 12, "website": null}, {"id": "lixir.eth", "name": "Lixir", "twitter": "lixirfinance", "proposalsCount": 5, "votesCount": 105, "followersCount": 12, "website": null}, {"id": "0x00eth.eth", "name": "0x DAO  [ENS]", "twitter": null, "proposalsCount": 8, "votesCount": 65, "followersCount": 49, "website": null}, {"id": "atlantachain.eth", "name": "AtlantaChain DAO", "twitter": "AtlantaChain", "proposalsCount": 7, "votesCount": 100, "followersCount": 15, "website": "http://atlantachain.io"}, {"id": "bar123.eth", "name": "barbarian DAO", "twitter": null, "proposalsCount": 27, "votesCount": 77, "followersCount": 18, "website": null}, {"id": "blockalizer.eth", "name": "Blockalizer", "twitter": "blockalizerxyz", "proposalsCount": 2, "votesCount": 101, "followersCount": 19, "website": "https://twitter.com/blockalizerxyz"}, {"id": "bnbcake.eth", "name": "All About Cake", "twitter": null, "proposalsCount": 1, "votesCount": 1, "followersCount": 20, "website": null}, {"id": "citizenfi.eth", "name": "Arvrse Studio", "twitter": "arvrsestudio", "proposalsCount": 5, "votesCount": 98, "followersCount": 19, "website": "https://arvrse.studio"}, {"id": "communji.eth", "name": "Boonji Communji", "twitter": null, "proposalsCount": 2, "votesCount": 99, "followersCount": 21, "website": null}, {"id": "deepwaters.eth", "name": "Deepwaters", "twitter": "deepwatersxyz", "proposalsCount": 2, "votesCount": 50, "followersCount": 70, "website": "https://deepwaters.xyz"}, {"id": "doglg.eth", "name": "Nafter", "twitter": null, "proposalsCount": 11, "votesCount": 0, "followersCount": 11, "website": null}, {"id": "ordinall.eth", "name": "OrdinallDAO", "twitter": "OrdinallDAO", "proposalsCount": 7, "votesCount": 86, "followersCount": 29, "website": "https://discord.gg/JGKUe6W3Tv"}, {"id": "wdao.eth", "name": "Wombat DAO", "twitter": "WombaTeam", "proposalsCount": 3, "votesCount": 75, "followersCount": 44, "website": "https://wombat.team/"}, {"id": "badger.meme0xb1.eth", "name": "MEME x 0xB1 Comp: $BADGER", "twitter": null, "proposalsCount": 1, "votesCount": 66, "followersCount": 4, "website": null}, {"id": "bgycsnapshot.eth", "name": "Bored Gorilla Yacht Club", "twitter": "BGYCFam", "proposalsCount": 2, "votesCount": 99, "followersCount": 20, "website": "https://opensea.io/collection/boredgorillayachtclub"}, {"id": "feedbacks.eth", "name": "KINGS OF NEON", "twitter": "", "proposalsCount": 4, "votesCount": 69, "followersCount": 48, "website": null}, {"id": "loopclub.eth", "name": "LOOP CLUB", "twitter": null, "proposalsCount": 46, "votesCount": 72, "followersCount": 3, "website": null}, {"id": "ryoshidao.eth", "name": "RYOSHIS VISION DAO", "twitter": "Ryoshis_Vision", "proposalsCount": 2, "votesCount": 93, "followersCount": 26, "website": "https://ryoshi.vision/"}, {"id": "weirdapesclub.eth", "name": "WeirDAO", "twitter": "WeirdApesClub", "proposalsCount": 3, "votesCount": 93, "followersCount": 25, "website": null}]