[{"id": "341221.eth", "name": "dao", "twitter": null, "proposalsCount": 0, "votesCount": 0, "followersCount": 2, "website": null}, {"id": "345366.eth", "name": "km", "twitter": null, "proposalsCount": 1, "votesCount": 1, "followersCount": 0, "website": null}, {"id": "353697.eth", "name": "ewd", "twitter": null, "proposalsCount": 1, "votesCount": 1, "followersCount": 0, "website": null}, {"id": "365439.eth", "name": "erdf", "twitter": null, "proposalsCount": 1, "votesCount": 1, "followersCount": 0, "website": null}, {"id": "369disclosuredao.eth", "name": "369DisclosureDAO", "twitter": "369DisclosDAO", "proposalsCount": 0, "votesCount": 0, "followersCount": 2, "website": "https://mirror.xyz/0x71C548533D19Cf0fc85bCC8ac9A45D887B54aB6b"}, {"id": "375969.eth", "name": "dfr", "twitter": null, "proposalsCount": 1, "votesCount": 1, "followersCount": 0, "website": null}, {"id": "386768.eth", "name": "fgn", "twitter": null, "proposalsCount": 1, "votesCount": 1, "followersCount": 0, "website": null}, {"id": "435654.eth", "name": "iuk", "twitter": null, "proposalsCount": 1, "votesCount": 1, "followersCount": 0, "website": null}, {"id": "453654.eth", "name": "dsf", "twitter": null, "proposalsCount": 1, "votesCount": 1, "followersCount": 0, "website": null}, {"id": "453885.eth", "name": "er", "twitter": null, "proposalsCount": 1, "votesCount": 1, "followersCount": 0, "website": null}, {"id": "534254.eth", "name": "kyj", "twitter": null, "proposalsCount": 1, "votesCount": 1, "followersCount": 0, "website": null}, {"id": "536212.eth", "name": "dsvdf", "twitter": null, "proposalsCount": 1, "votesCount": 1, "followersCount": 0, "website": null}, {"id": "538512.eth", "name": "fghngf", "twitter": null, "proposalsCount": 1, "votesCount": 1, "followersCount": 0, "website": null}, {"id": "543421.eth", "name": "kujmnhgb", "twitter": null, "proposalsCount": 1, "votesCount": 1, "followersCount": 0, "website": null}, {"id": "543465.eth", "name": "erfv", "twitter": null, "proposalsCount": 1, "votesCount": 1, "followersCount": 0, "website": null}, {"id": "562123.eth", "name": "bghf", "twitter": null, "proposalsCount": 1, "votesCount": 1, "followersCount": 0, "website": null}, {"id": "578922.eth", "name": "yh", "twitter": null, "proposalsCount": 1, "votesCount": 1, "followersCount": 0, "website": null}, {"id": "668579.eth", "name": "985", "twitter": null, "proposalsCount": 1, "votesCount": 1, "followersCount": 0, "website": null}, {"id": "681121.eth", "name": "sdc", "twitter": null, "proposalsCount": 1, "votesCount": 1, "followersCount": 0, "website": null}, {"id": "682387.eth", "name": "sadcs", "twitter": null, "proposalsCount": 1, "votesCount": 1, "followersCount": 0, "website": null}]