[{"id": "3Leches.eth", "name": "Tres Leches Cake", "twitter": "Treslechestoken", "proposalsCount": 2, "votesCount": 8, "followersCount": 20, "website": null}, {"id": "apeassembly.eth", "name": "$APE Assembly", "twitter": null, "proposalsCount": 1, "votesCount": 16, "followersCount": 13, "website": "https://apecoin.com/"}, {"id": "bootdao.eth", "name": "BootDAO", "twitter": "bootdao", "proposalsCount": 5, "votesCount": 51, "followersCount": 24, "website": null}, {"id": "creepz.eth", "name": "The Creepz", "twitter": "The_CreepzNFT", "proposalsCount": 7, "votesCount": 70, "followersCount": 3, "website": null}, {"id": "enlightdao.eth", "name": "EnlightDAO", "twitter": null, "proposalsCount": 3, "votesCount": 38, "followersCount": 39, "website": null}, {"id": "foundingcitizen.eth", "name": "CityDAO - Founding Citizen", "twitter": "citydao", "proposalsCount": 15, "votesCount": 11, "followersCount": 54, "website": null}, {"id": "jpgnftindex.eth", "name": "JPG NFT Index", "twitter": "jpgNFTindex", "proposalsCount": 3, "votesCount": 52, "followersCount": 25, "website": "http://moonrock.org/jpg"}, {"id": "lyratest.eth", "name": "LyraTest", "twitter": null, "proposalsCount": 50, "votesCount": 11, "followersCount": 19, "website": null}, {"id": "matev.eth", "name": "TestPage", "twitter": null, "proposalsCount": 75, "votesCount": 3, "followersCount": 2, "website": null}, {"id": "metaspecies.eth", "name": "MetaSpecies", "twitter": "MetaSpeciesNFT", "proposalsCount": 9, "votesCount": 64, "followersCount": 7, "website": null}, {"id": "omnispheredao.eth", "name": "Omnisphere DAO", "twitter": "omnispheredao", "proposalsCount": 3, "votesCount": 51, "followersCount": 26, "website": null}, {"id": "rad\u0131n.eth", "name": "Blockchain Bikers", "twitter": "BikersNFT", "proposalsCount": 3, "votesCount": 67, "followersCount": 10, "website": null}, {"id": "songchild.eth", "name": "songsun", "twitter": null, "proposalsCount": 6, "votesCount": 67, "followersCount": 7, "website": null}, {"id": "steakbank.eth", "name": "SteakBank", "twitter": "SteakBank", "proposalsCount": 1, "votesCount": 49, "followersCount": 30, "website": null}, {"id": "vhigh.eth", "name": "Vhigh!", "twitter": "vhigh_avatar", "proposalsCount": 1, "votesCount": 68, "followersCount": 11, "website": null}, {"id": "11thdao.eth", "name": "11thdao", "twitter": null, "proposalsCount": 3, "votesCount": 69, "followersCount": 8, "website": null}, {"id": "metaoasis.eth", "name": "MetaOasis", "twitter": "MetaOasisfun", "proposalsCount": 3, "votesCount": 19, "followersCount": 58, "website": null}, {"id": "socializeagency.eth", "name": "Socialize DAO", "twitter": null, "proposalsCount": 35, "votesCount": 31, "followersCount": 14, "website": null}, {"id": "cathykid.eth", "name": "Cake Roller", "twitter": null, "proposalsCount": 1, "votesCount": 3, "followersCount": 25, "website": null}, {"id": "creed", "name": "CREED", "twitter": null, "proposalsCount": 12, "votesCount": 67, "followersCount": 0, "website": null}]