[{"id": "cjlove.eth", "name": "cris", "twitter": null, "proposalsCount": 1, "votesCount": 1, "followersCount": 2, "website": null}, {"id": "claimairdroptoken.eth", "name": "hue", "twitter": null, "proposalsCount": 1, "votesCount": 1, "followersCount": 1, "website": null}, {"id": "cleoscats.eth", "name": "Cleo's Cats", "twitter": "cleoscats", "proposalsCount": 0, "votesCount": 0, "followersCount": 2, "website": "https://cleoscats.io"}, {"id": "clicklike.eth", "name": "clicklike space", "twitter": null, "proposalsCount": 0, "votesCount": 0, "followersCount": 1, "website": null}, {"id": "climatedao.eth", "name": "ClimateDAO", "twitter": "Climate_DAO", "proposalsCount": 0, "votesCount": 0, "followersCount": 3, "website": "https://www.climatedao.xyz"}, {"id": "clinkspringdao.eth", "name": "ClinkSpring DAO", "twitter": "ClinkSpringDAO", "proposalsCount": 0, "votesCount": 0, "followersCount": 0, "website": "https://clinkspring.com/"}, {"id": "clixfinance.eth", "name": "ClixPass", "twitter": "clixpass", "proposalsCount": 0, "votesCount": 0, "followersCount": 1, "website": "https://www.clixpass.com/"}, {"id": "cllll.eth", "name": "AAA", "twitter": null, "proposalsCount": 1, "votesCount": 14, "followersCount": 0, "website": null}, {"id": "cloverdao.eth", "name": "cloverdao", "twitter": null, "proposalsCount": 1, "votesCount": 160, "followersCount": 0, "website": null}, {"id": "clunadao.eth", "name": "New Community Luna", "twitter": "clunaBSC", "proposalsCount": 0, "votesCount": 0, "followersCount": 20, "website": "https://www.newcommunitycluna.org"}, {"id": "cmcdimension.eth", "name": "CMC Dimension", "twitter": null, "proposalsCount": 1, "votesCount": 9, "followersCount": 0, "website": null}, {"id": "cmdao-nft.eth", "name": "CM DAO", "twitter": "", "proposalsCount": 0, "votesCount": 0, "followersCount": 2, "website": null}, {"id": "cmmm.eth", "name": "\u5c0f\u76ae\u97ad\u7ef4\u6743\u7ec4\u7ec7", "twitter": null, "proposalsCount": 1, "votesCount": 21, "followersCount": 4, "website": null}, {"id": "cncoin.eth", "name": "Odyssey", "twitter": null, "proposalsCount": 0, "votesCount": 0, "followersCount": 1, "website": null}, {"id": "cnens.eth", "name": "CNENS", "twitter": null, "proposalsCount": 0, "votesCount": 0, "followersCount": 0, "website": null}, {"id": "cnlowb.eth", "name": "cnlowb", "twitter": null, "proposalsCount": 3, "votesCount": 2, "followersCount": 1, "website": null}, {"id": "cnnnd.eth", "name": "cnnnd", "twitter": null, "proposalsCount": 2, "votesCount": 4, "followersCount": 1, "website": null}, {"id": "cnnvip.eth", "name": "galaxyDao", "twitter": null, "proposalsCount": 1, "votesCount": 159, "followersCount": 1, "website": null}, {"id": "co-cash.eth", "name": "Co-Cash", "twitter": "cocashprotocol", "proposalsCount": 0, "votesCount": 0, "followersCount": 5, "website": "https://co-cash.com/"}, {"id": "coachai.eth", "name": "CoachAI", "twitter": null, "proposalsCount": 0, "votesCount": 0, "followersCount": 0, "website": null}]