[{"id": "heimu.eth", "name": "@ConstitutionDAO", "twitter": null, "proposalsCount": 6, "votesCount": 106, "followersCount": 33, "website": null}, {"id": "intj520.eth", "name": "merge", "twitter": "StarkPunks_", "proposalsCount": 1, "votesCount": 66, "followersCount": 78, "website": "https://twitter.com/StarkPunks_"}, {"id": "zhuzhuking.eth", "name": "DZHT", "twitter": null, "proposalsCount": 38, "votesCount": 68, "followersCount": 39, "website": null}, {"id": "ardmoneydao.eth", "name": "ArdMoney", "twitter": "Axxmlabs", "proposalsCount": 1, "votesCount": 62, "followersCount": 32, "website": "https://app.ardmoney.com/"}, {"id": "horizen-zendoo.eth", "name": "HORIZEN", "twitter": "horizenglobal", "proposalsCount": 1, "votesCount": 0, "followersCount": 144, "website": null}, {"id": "matrixdaoresearch.eth", "name": "MatrixDAO", "twitter": "MatrixDAO_", "proposalsCount": 5, "votesCount": 114, "followersCount": 26, "website": "https://matrixdaoresearch.xyz"}, {"id": "tnado.eth", "name": "Tornadao", "twitter": "Tornadao_fi", "proposalsCount": 2, "votesCount": 70, "followersCount": 73, "website": null}, {"id": "treasuryvotes.eth", "name": "Nippy & Frens Treasury ", "twitter": "meetnippy", "proposalsCount": 4, "votesCount": 126, "followersCount": 15, "website": "https://www.meetnippy.com"}, {"id": "ymen", "name": "Y-Men", "twitter": null, "proposalsCount": 18, "votesCount": 126, "followersCount": 1, "website": null}, {"id": "figasehren.eth", "name": "Edgar4ik", "twitter": null, "proposalsCount": 47, "votesCount": 90, "followersCount": 7, "website": null}, {"id": "fractionalrocket.eth", "name": "Fractional Rocket", "twitter": "Frac_rock", "proposalsCount": 6, "votesCount": 131, "followersCount": 7, "website": null}, {"id": "vayc.art", "name": "VAYC", "twitter": "VAYCNFT", "proposalsCount": 6, "votesCount": 127, "followersCount": 11, "website": null}, {"id": "icproposals.eth", "name": "888 Inner Circle", "twitter": "crypto888crypto", "proposalsCount": 3, "votesCount": 127, "followersCount": 14, "website": null}, {"id": "meebitsdaopool.szns.eth", "name": "meebitsdaopool.szns.eth", "twitter": null, "proposalsCount": 27, "votesCount": 96, "followersCount": 21, "website": null}, {"id": "minerva.eth", "name": "Minerva Wallet", "twitter": "MinervaWallet", "proposalsCount": 5, "votesCount": 83, "followersCount": 56, "website": "https://minerva.digital/"}, {"id": "ommg.eth", "name": "Old Master Meme Gallery - OMMG", "twitter": "ommgallery", "proposalsCount": 6, "votesCount": 74, "followersCount": 14, "website": null}, {"id": "psluniversity.eth", "name": "LarroqueSanto", "twitter": null, "proposalsCount": 11, "votesCount": 115, "followersCount": 18, "website": null}, {"id": "temp.metricsdao.eth", "name": "MetricsDAO Temp Check", "twitter": "MetricsDAO", "proposalsCount": 9, "votesCount": 114, "followersCount": 21, "website": "https://metricsdao.xyz/"}, {"id": "bingocash.eth", "name": "Bingo Cash Finance", "twitter": null, "proposalsCount": 5, "votesCount": 134, "followersCount": 4, "website": null}, {"id": "fortress-arena.eth", "name": "Fortress Arena NFT Voting", "twitter": "Fortress_Arena", "proposalsCount": 1, "votesCount": 132, "followersCount": 10, "website": null}]