[{"id": "richterheady.eth", "name": "Richter\u7a7a\u6295\u4fe1\u606f\u4e2d\u5fc3", "twitter": null, "proposalsCount": 2, "votesCount": 169, "followersCount": 2, "website": null}, {"id": "rickck.eth", "name": "WEB3", "twitter": null, "proposalsCount": 1, "votesCount": 1, "followersCount": 1, "website": null}, {"id": "rickdev.eth", "name": "RickDev", "twitter": null, "proposalsCount": 5, "votesCount": 5, "followersCount": 1, "website": null}, {"id": "rickflar.eth", "name": "Superdao Test", "twitter": null, "proposalsCount": 2, "votesCount": 0, "followersCount": 2, "website": null}, {"id": "ridetoearn.eth", "name": "Ride To Earn", "twitter": null, "proposalsCount": 0, "votesCount": 0, "followersCount": 0, "website": null}, {"id": "rielar.eth", "name": "Omni X", "twitter": "OmniX_NFT", "proposalsCount": 0, "votesCount": 0, "followersCount": 12, "website": "https://omni-x.io/"}, {"id": "rifatofficialweb3.eth", "name": "RifatOfficial", "twitter": null, "proposalsCount": 0, "votesCount": 0, "followersCount": 1, "website": null}, {"id": "rigthmove.eth", "name": "Jeffry Magbitang", "twitter": "Kpopidol7252", "proposalsCount": 0, "votesCount": 0, "followersCount": 1, "website": null}, {"id": "ringfi.eth", "name": "3432", "twitter": null, "proposalsCount": 40, "votesCount": 80, "followersCount": 0, "website": null}, {"id": "ringne.eth", "name": "RingNeDAO", "twitter": null, "proposalsCount": 0, "votesCount": 0, "followersCount": 1, "website": null}, {"id": "rinti.eth", "name": "rinti", "twitter": "6hY7GP7LxbviwF", "proposalsCount": 0, "votesCount": 0, "followersCount": 0, "website": null}, {"id": "riomates.eth", "name": "riomates", "twitter": null, "proposalsCount": 0, "votesCount": 0, "followersCount": 1, "website": null}, {"id": "risingdao.eth", "name": "Rising DAO", "twitter": null, "proposalsCount": 0, "votesCount": 0, "followersCount": 1, "website": null}, {"id": "ritish.eth", "name": "Ritish", "twitter": "ritishsinghviya", "proposalsCount": 0, "votesCount": 0, "followersCount": 1, "website": "https://twitter.com/Ritishsinghviya"}, {"id": "rkvtrick.eth", "name": "Ravindra Kumar", "twitter": null, "proposalsCount": 0, "votesCount": 0, "followersCount": 0, "website": "https://twitter.com/Ravindra1750"}, {"id": "rl000.eth", "name": "000", "twitter": null, "proposalsCount": 0, "votesCount": 0, "followersCount": 1, "website": null}, {"id": "rm1102.eth", "name": "KYOK", "twitter": null, "proposalsCount": 14, "votesCount": 37, "followersCount": 1, "website": null}, {"id": "rm4001.eth", "name": "nik", "twitter": null, "proposalsCount": 1, "votesCount": 1, "followersCount": 1, "website": null}, {"id": "rndmking.eth", "name": "Robert Space", "twitter": null, "proposalsCount": 2, "votesCount": 2, "followersCount": 1, "website": null}, {"id": "roaringlionfi.eth", "name": "Roaring Lion ", "twitter": "roaringlionfi", "proposalsCount": 0, "votesCount": 0, "followersCount": 1, "website": "https://www.roaringlion.xyz/"}]