[{"id": "rogdao.eth", "name": "RogDAO", "twitter": null, "proposalsCount": 10, "votesCount": 73, "followersCount": 20, "website": "https://opensea.io/collection/pudgypresents"}, {"id": "wrappedpenguins.eth", "name": "Pudgy Penguins", "twitter": "WrappedPenguins", "proposalsCount": 6, "votesCount": 56, "followersCount": 41, "website": null}, {"id": "earnnetworkdao.eth", "name": "EARN Network DAO", "twitter": "0xEarn", "proposalsCount": 6, "votesCount": 84, "followersCount": 13, "website": "https://earnnetwork.io/"}, {"id": "\u00a55777.eth", "name": "5777", "twitter": null, "proposalsCount": 1, "votesCount": 1, "followersCount": 0, "website": null}, {"id": "003323.eth", "name": "A01", "twitter": null, "proposalsCount": 1, "votesCount": 1, "followersCount": 0, "website": null}, {"id": "0x5079.eth", "name": "yonguyn", "twitter": null, "proposalsCount": 1, "votesCount": 1, "followersCount": 0, "website": null}, {"id": "0x5093.eth", "name": "buense", "twitter": null, "proposalsCount": 1, "votesCount": 1, "followersCount": 0, "website": null}, {"id": "0xlv1.eth", "name": "wawawawa", "twitter": null, "proposalsCount": 0, "votesCount": 0, "followersCount": 2, "website": null}, {"id": "10013ens.eth", "name": "10013ens", "twitter": null, "proposalsCount": 1, "votesCount": 0, "followersCount": 1, "website": null}, {"id": "125377.eth", "name": "tg", "twitter": null, "proposalsCount": 1, "votesCount": 1, "followersCount": 0, "website": null}, {"id": "125387.eth", "name": "dgv", "twitter": null, "proposalsCount": 1, "votesCount": 1, "followersCount": 0, "website": null}, {"id": "153253.eth", "name": "mhj", "twitter": null, "proposalsCount": 1, "votesCount": 1, "followersCount": 0, "website": null}, {"id": "155356.eth", "name": "scx", "twitter": null, "proposalsCount": 1, "votesCount": 1, "followersCount": 0, "website": null}, {"id": "165989.eth", "name": "fbgf", "twitter": null, "proposalsCount": 1, "votesCount": 1, "followersCount": 0, "website": null}, {"id": "181326.eth", "name": "nanda", "twitter": null, "proposalsCount": 1, "votesCount": 1, "followersCount": 0, "website": null}, {"id": "2023626.eth", "name": "\u5357\u901a211\u56db\u5ddd", "twitter": null, "proposalsCount": 1, "votesCount": 1, "followersCount": 0, "website": null}, {"id": "245253.eth", "name": "ghn", "twitter": null, "proposalsCount": 1, "votesCount": 1, "followersCount": 0, "website": null}, {"id": "288754.eth", "name": "new domain ", "twitter": null, "proposalsCount": 1, "votesCount": 1, "followersCount": 0, "website": null}, {"id": "289756.eth", "name": "tg", "twitter": null, "proposalsCount": 1, "votesCount": 1, "followersCount": 0, "website": null}, {"id": "33883388338833.eth", "name": "338833", "twitter": null, "proposalsCount": 1, "votesCount": 1, "followersCount": 0, "website": null}]