[{"id": "crypt0xmedia.eth", "name": "Crypt0xMedia", "twitter": "Crypt0xMedia", "proposalsCount": 1, "votesCount": 4, "followersCount": 1, "website": "https://lenster.xyz/u/0x1x0"}, {"id": "cryptoarttothemoon.eth", "name": "Art Punk DAO", "twitter": null, "proposalsCount": 2, "votesCount": 3, "followersCount": 1, "website": null}, {"id": "daocoin500eth.eth", "name": "DAO-maker", "twitter": "Canril", "proposalsCount": 1, "votesCount": 0, "followersCount": 5, "website": null}, {"id": "daontown.eth", "name": "Mighty Meerkats", "twitter": null, "proposalsCount": 1, "votesCount": 5, "followersCount": 0, "website": null}, {"id": "daowah.eth", "name": "DAOwah ", "twitter": "daowah_", "proposalsCount": 1, "votesCount": 4, "followersCount": 1, "website": "https://www.daowah.com"}, {"id": "dimbel.eth", "name": "dimbel", "twitter": null, "proposalsCount": 2, "votesCount": 3, "followersCount": 1, "website": null}, {"id": "drinkmorebear.eth", "name": "chinadao", "twitter": null, "proposalsCount": 2, "votesCount": 3, "followersCount": 1, "website": null}, {"id": "earthcoineth.eth", "name": "Earth Coin", "twitter": "EarthCoinEth", "proposalsCount": 1, "votesCount": 4, "followersCount": 1, "website": "http://earthcoin.gg/"}, {"id": "flushlol.eth", "name": "FLUSH", "twitter": null, "proposalsCount": 1, "votesCount": 5, "followersCount": 0, "website": null}, {"id": "freeapeyachtclub.eth", "name": "Free Ape Yacht Club", "twitter": null, "proposalsCount": 1, "votesCount": 0, "followersCount": 5, "website": null}, {"id": "galaxy", "name": "Galaxy Credit", "twitter": null, "proposalsCount": 1, "votesCount": 4, "followersCount": 1, "website": null}, {"id": "hantoshi.eth", "name": "hantoshi", "twitter": null, "proposalsCount": 2, "votesCount": 3, "followersCount": 1, "website": null}, {"id": "havesexwithme.eth", "name": "oneseven3", "twitter": null, "proposalsCount": 1, "votesCount": 4, "followersCount": 1, "website": null}, {"id": "holdr-dao.eth", "name": "Holdr", "twitter": "HoldrFi", "proposalsCount": 1, "votesCount": 4, "followersCount": 1, "website": "https://www.holdr.fi/"}, {"id": "homiezdao.eth", "name": "Homiez DAO", "twitter": "clientele_coin", "proposalsCount": 1, "votesCount": 4, "followersCount": 1, "website": null}, {"id": "imaginationrabbit.eth", "name": "Imagination Rabbit", "twitter": null, "proposalsCount": 1, "votesCount": 0, "followersCount": 5, "website": null}, {"id": "irowan.eth", "name": "Ian Space", "twitter": null, "proposalsCount": 5, "votesCount": 0, "followersCount": 1, "website": null}, {"id": "ishang.eth", "name": "miracle", "twitter": null, "proposalsCount": 1, "votesCount": 4, "followersCount": 1, "website": null}, {"id": "jack666.eth", "name": "Butterfly", "twitter": null, "proposalsCount": 1, "votesCount": 4, "followersCount": 1, "website": null}, {"id": "jia7988.eth", "name": "jia7988", "twitter": null, "proposalsCount": 1, "votesCount": 4, "followersCount": 1, "website": null}]