[{"id": "404-error.eth", "name": "404-Error", "twitter": null, "proposalsCount": 1, "votesCount": 1, "followersCount": 1, "website": null}, {"id": "404033.eth", "name": "040", "twitter": null, "proposalsCount": 1, "votesCount": 1, "followersCount": 1, "website": null}, {"id": "430440.eth", "name": "rezaderakhshan", "twitter": null, "proposalsCount": 1, "votesCount": 1, "followersCount": 1, "website": null}, {"id": "4christ.eth", "name": "4ChristDAO", "twitter": "4ChristDAO", "proposalsCount": 0, "votesCount": 0, "followersCount": 3, "website": null}, {"id": "4thwalldao.eth", "name": "cineDAO", "twitter": "cineda0", "proposalsCount": 0, "votesCount": 0, "followersCount": 3, "website": "https://www.cinedao.io"}, {"id": "5234555555.eth", "name": "zahureisara880", "twitter": null, "proposalsCount": 1, "votesCount": 1, "followersCount": 1, "website": null}, {"id": "534768.eth", "name": "534768", "twitter": null, "proposalsCount": 1, "votesCount": 1, "followersCount": 1, "website": null}, {"id": "53r26.eth", "name": "TT\u7231\u7f8e\u4e3d", "twitter": null, "proposalsCount": 1, "votesCount": 1, "followersCount": 1, "website": null}, {"id": "54455.eth", "name": "chatGPT dao", "twitter": null, "proposalsCount": 1, "votesCount": 1, "followersCount": 1, "website": null}, {"id": "555-5.eth", "name": "555", "twitter": null, "proposalsCount": 1, "votesCount": 1, "followersCount": 1, "website": null}, {"id": "555go.eth", "name": "can club", "twitter": null, "proposalsCount": 1, "votesCount": 1, "followersCount": 1, "website": null}, {"id": "564533.eth", "name": "564533", "twitter": null, "proposalsCount": 1, "votesCount": 1, "followersCount": 1, "website": null}, {"id": "5677c.eth", "name": "777da0", "twitter": null, "proposalsCount": 1, "votesCount": 1, "followersCount": 1, "website": null}, {"id": "585464511.eth", "name": "addvvadvda", "twitter": null, "proposalsCount": 1, "votesCount": 1, "followersCount": 1, "website": null}, {"id": "585464555.eth", "name": "raninshah18", "twitter": null, "proposalsCount": 1, "votesCount": 1, "followersCount": 1, "website": null}, {"id": "5thmarch.eth", "name": "\uba54\ud0c0\ucf69\uc988 \ud640\ub354\ub4e4\uc758 \uac70\ubc84\ub10c\uc2a4 ", "twitter": null, "proposalsCount": 1, "votesCount": 1, "followersCount": 1, "website": "https://www.themetakongz.com/"}, {"id": "5video.eth", "name": "Videe", "twitter": null, "proposalsCount": 1, "votesCount": 1, "followersCount": 1, "website": null}, {"id": "600766.eth", "name": "New", "twitter": null, "proposalsCount": 1, "votesCount": 1, "followersCount": 1, "website": null}, {"id": "6108019.eth", "name": "SB", "twitter": null, "proposalsCount": 1, "votesCount": 1, "followersCount": 1, "website": null}, {"id": "614eth.eth", "name": "ggDao", "twitter": null, "proposalsCount": 1, "votesCount": 1, "followersCount": 1, "website": null}]