[{"id": "jj007.eth", "name": "jj007", "twitter": null, "proposalsCount": 4, "votesCount": 5, "followersCount": 4, "website": null}, {"id": "kmovr.eth", "name": "kmovr.eth", "twitter": null, "proposalsCount": 1, "votesCount": 0, "followersCount": 12, "website": null}, {"id": "kyogoku.eth", "name": "kyogoku", "twitter": null, "proposalsCount": 1, "votesCount": 5, "followersCount": 7, "website": null}, {"id": "laykadao.eth", "name": "Layka DAO", "twitter": "Layka_DAO", "proposalsCount": 1, "votesCount": 1, "followersCount": 11, "website": "https://laykadao.com/"}, {"id": "leodong.eth", "name": "leodong", "twitter": null, "proposalsCount": 9, "votesCount": 0, "followersCount": 4, "website": null}, {"id": "lifeitme.eth", "name": "Lifetime", "twitter": "LftCoin", "proposalsCount": 3, "votesCount": 9, "followersCount": 1, "website": "https://lft.finance/"}, {"id": "lovefuture.eth", "name": "Super Apes", "twitter": null, "proposalsCount": 1, "votesCount": 9, "followersCount": 3, "website": null}, {"id": "ly888.eth", "name": "ly888.eth", "twitter": null, "proposalsCount": 2, "votesCount": 3, "followersCount": 8, "website": null}, {"id": "marketing.ilv-gov.eth", "name": "Marketing Sub Council", "twitter": null, "proposalsCount": 2, "votesCount": 7, "followersCount": 4, "website": null}, {"id": "marketmakersdao.eth", "name": "Market Makers DAO", "twitter": null, "proposalsCount": 2, "votesCount": 1, "followersCount": 10, "website": null}, {"id": "mcacademy.eth", "name": "\u767e\u53d8\u541b\u5b66\u9662", "twitter": null, "proposalsCount": 1, "votesCount": 8, "followersCount": 4, "website": null}, {"id": "mcdclub.eth", "name": "MCD CLUB", "twitter": null, "proposalsCount": 1, "votesCount": 6, "followersCount": 6, "website": "https://www.partybid.app/buy/0xe21BA36CE66ec18156Af414231d98918C1cA9003"}, {"id": "mdobdao.eth", "name": "MDOB ", "twitter": null, "proposalsCount": 1, "votesCount": 2, "followersCount": 10, "website": null}, {"id": "metamess.eth", "name": "metamessdao", "twitter": null, "proposalsCount": 1, "votesCount": 11, "followersCount": 1, "website": null}, {"id": "moonblind.eth", "name": "citydo", "twitter": null, "proposalsCount": 1, "votesCount": 10, "followersCount": 2, "website": null}, {"id": "mrsigner.eth", "name": "Breed Testnet", "twitter": null, "proposalsCount": 9, "votesCount": 1, "followersCount": 3, "website": null}, {"id": "napoleonx.eth", "name": "NapoleonX", "twitter": "Napoleon_Group", "proposalsCount": 0, "votesCount": 0, "followersCount": 13, "website": null}, {"id": "nearpad.eth", "name": "NearPad | Pad.Fi", "twitter": "pad_finance", "proposalsCount": 1, "votesCount": 0, "followersCount": 12, "website": "https://pad.fi/"}, {"id": "nears.eth", "name": "nears.eth", "twitter": "zengjinbiao", "proposalsCount": 11, "votesCount": 0, "followersCount": 2, "website": null}, {"id": "noncecommunity.eth", "name": "nonce community", "twitter": "nonce_community", "proposalsCount": 6, "votesCount": 0, "followersCount": 7, "website": "http://nonce.community/"}]