[{"id": "krazykrazy.eth", "name": "12scoop", "twitter": null, "proposalsCount": 2, "votesCount": 2, "followersCount": 2, "website": null}, {"id": "krepetkom.eth", "name": "cakedos", "twitter": null, "proposalsCount": 0, "votesCount": 0, "followersCount": 1, "website": null}, {"id": "krishaamer.eth", "name": "What should I eat for breakfast", "twitter": "krishaamer", "proposalsCount": 2, "votesCount": 2, "followersCount": 1, "website": "https://www.krishaamer.com/"}, {"id": "krishnand.eth", "name": "Pepe ", "twitter": null, "proposalsCount": 2, "votesCount": 2, "followersCount": 1, "website": null}, {"id": "krlosnft.eth", "name": "Grupo espa\u00f1ol", "twitter": null, "proposalsCount": 1, "votesCount": 0, "followersCount": 0, "website": null}, {"id": "krsnaslove.eth", "name": "krsnaslove", "twitter": "lahaabishek", "proposalsCount": 0, "votesCount": 0, "followersCount": 1, "website": null}, {"id": "krukia.eth", "name": "krukia.eth", "twitter": "RukiaKuchki9", "proposalsCount": 0, "votesCount": 0, "followersCount": 0, "website": null}, {"id": "krupin.eth", "name": "Max family voting", "twitter": null, "proposalsCount": 2, "votesCount": 11, "followersCount": 10, "website": null}, {"id": "kryptoin.eth", "name": "ledns", "twitter": null, "proposalsCount": 1, "votesCount": 7, "followersCount": 0, "website": null}, {"id": "kshou.eth", "name": "Dao", "twitter": null, "proposalsCount": 1, "votesCount": 154, "followersCount": 0, "website": null}, {"id": "ksztj.eth", "name": "ksztj DAO", "twitter": null, "proposalsCount": 2, "votesCount": 3, "followersCount": 1, "website": null}, {"id": "kubaobao.eth", "name": "KU Bbao CLUB", "twitter": "kuibaobao199", "proposalsCount": 2, "votesCount": 6, "followersCount": 5, "website": null}, {"id": "kuimama.eth", "name": " Blockchain Talk", "twitter": null, "proposalsCount": 8, "votesCount": 13, "followersCount": 10, "website": null}, {"id": "kundann.eth", "name": "kundan", "twitter": null, "proposalsCount": 0, "votesCount": 0, "followersCount": 0, "website": null}, {"id": "kundog.eth", "name": "Sequoia DAO main", "twitter": null, "proposalsCount": 1, "votesCount": 12, "followersCount": 0, "website": "https://sequoiadao.io/"}, {"id": "kungfuverse.eth", "name": "Kungfuverse", "twitter": "kungfuverse", "proposalsCount": 2, "votesCount": 120, "followersCount": 62, "website": "https://beasts.kungfuverse.io/"}, {"id": "kx888.eth", "name": "KX888", "twitter": "jiaju8881", "proposalsCount": 1, "votesCount": 262, "followersCount": 112, "website": null}, {"id": "kxdog.eth", "name": "KXDOG", "twitter": "kxcv1238", "proposalsCount": 2, "votesCount": 116, "followersCount": 112, "website": null}, {"id": "kyiak.eth", "name": "bobo", "twitter": null, "proposalsCount": 1, "votesCount": 1, "followersCount": 1, "website": null}, {"id": "kyiv.nukraine.eth", "name": "kyiv_dao", "twitter": null, "proposalsCount": 0, "votesCount": 0, "followersCount": 0, "website": null}]