[{"id": "easylaunchnft.eth", "name": "EasyLaunchNFT", "twitter": null, "proposalsCount": 3, "votesCount": 3, "followersCount": 2, "website": null}, {"id": "ebt.eth", "name": "EBT DAO", "twitter": null, "proposalsCount": 0, "votesCount": 0, "followersCount": 1, "website": null}, {"id": "ecanvas.eth", "name": "ENS Canvas", "twitter": null, "proposalsCount": 0, "votesCount": 0, "followersCount": 0, "website": null}, {"id": "eckemon.eth", "name": "eckemon", "twitter": "eckemon", "proposalsCount": 0, "votesCount": 0, "followersCount": 0, "website": null}, {"id": "econia.eth", "name": "Econia", "twitter": "econialabs", "proposalsCount": 1, "votesCount": 1, "followersCount": 1, "website": "https://www.econia.dev/"}, {"id": "ecosystemx.eth", "name": "ecosystemx", "twitter": null, "proposalsCount": 0, "votesCount": 0, "followersCount": 1, "website": null}, {"id": "edesza.eth", "name": "Yantastica", "twitter": null, "proposalsCount": 0, "votesCount": 0, "followersCount": 1, "website": null}, {"id": "eduardosg.eth", "name": "0xCrypto", "twitter": null, "proposalsCount": 1, "votesCount": 10, "followersCount": 5, "website": "https://zero-x-crypto.notion.site/"}, {"id": "educadao.eth", "name": "EducaDAO", "twitter": "EducadaoOrg", "proposalsCount": 0, "votesCount": 0, "followersCount": 1, "website": "https://educadao.org"}, {"id": "educationgpt.eth", "name": "3pillars", "twitter": null, "proposalsCount": 0, "votesCount": 0, "followersCount": 1, "website": null}, {"id": "edwardca.eth", "name": "Edward", "twitter": "tiranicida", "proposalsCount": 2, "votesCount": 3, "followersCount": 2, "website": "https://edwardca.dev"}, {"id": "edwardholdboy.eth", "name": "Zapi Zapi", "twitter": null, "proposalsCount": 5, "votesCount": 12, "followersCount": 2, "website": null}, {"id": "eeeep.eth", "name": "13", "twitter": null, "proposalsCount": 2, "votesCount": 2, "followersCount": 2, "website": null}, {"id": "eefee.eth", "name": "test vote", "twitter": null, "proposalsCount": 1, "votesCount": 1, "followersCount": 1, "website": null}, {"id": "eehee.eth", "name": "test vote", "twitter": null, "proposalsCount": 1, "votesCount": 2, "followersCount": 2, "website": null}, {"id": "eejee.eth", "name": "test", "twitter": null, "proposalsCount": 1, "votesCount": 1, "followersCount": 1, "website": null}, {"id": "effish.eth", "name": "effish", "twitter": null, "proposalsCount": 0, "votesCount": 0, "followersCount": 1, "website": null}, {"id": "efmione.eth", "name": "efm", "twitter": null, "proposalsCount": 1, "votesCount": 1, "followersCount": 1, "website": null}, {"id": "egamanik.eth", "name": "eganabuj", "twitter": null, "proposalsCount": 1, "votesCount": 1, "followersCount": 1, "website": null}, {"id": "eggdao.eth", "name": "EGG DAO", "twitter": "egg_dao", "proposalsCount": 5, "votesCount": 30, "followersCount": 15, "website": null}]