[{"id": "sinfinite.eth", "name": "kkk", "twitter": null, "proposalsCount": 0, "votesCount": 0, "followersCount": 214, "website": null}, {"id": "moontools", "name": "MoonTools.io", "twitter": null, "proposalsCount": 5, "votesCount": 209, "followersCount": 0, "website": null}, {"id": "compusophy.eth", "name": "compusophy", "twitter": "compusophy", "proposalsCount": 7, "votesCount": 195, "followersCount": 11, "website": null}, {"id": "houseofspoons.eth", "name": "House of Spoons", "twitter": "houseofspoons", "proposalsCount": 1, "votesCount": 198, "followersCount": 14, "website": null}, {"id": "steakhut.eth", "name": "SteakHut", "twitter": "steakhut_fi", "proposalsCount": 1, "votesCount": 33, "followersCount": 29, "website": "https://www.steakhut.finance/"}, {"id": "superu.eth", "name": "Superdive", "twitter": null, "proposalsCount": 12, "votesCount": 177, "followersCount": 24, "website": null}, {"id": "trtlcoin.eth", "name": "TurtleCoin", "twitter": null, "proposalsCount": 10, "votesCount": 175, "followersCount": 28, "website": null}, {"id": "ycsdao.eth", "name": "YCS DAO", "twitter": "ycsdao", "proposalsCount": 3, "votesCount": 110, "followersCount": 100, "website": null}, {"id": "padclubdao.eth", "name": "Pad Club DAO", "twitter": null, "proposalsCount": 1, "votesCount": 138, "followersCount": 73, "website": null}, {"id": "zoe0227.eth", "name": "The Merge DAO", "twitter": "ConsenSys", "proposalsCount": 2, "votesCount": 132, "followersCount": 77, "website": "https://etherscan.io/address/0xe42cad6fc883877a76a26a16ed92444ab177e306"}, {"id": "eponym.eth", "name": "EpoLabs", "twitter": "EpoLabs", "proposalsCount": 7, "votesCount": 195, "followersCount": 9, "website": null}, {"id": "echelonprime.eth", "name": "Echelon PRIME Governance", "twitter": null, "proposalsCount": 1, "votesCount": 177, "followersCount": 32, "website": null}, {"id": "flocktreasury.eth", "name": "Flock Treasury", "twitter": "justmallards", "proposalsCount": 15, "votesCount": 175, "followersCount": 20, "website": "https://www.justmallards.com/"}, {"id": "huangyu.eth", "name": "BlockchainVotingSpace", "twitter": "huangyu_eth", "proposalsCount": 3, "votesCount": 106, "followersCount": 101, "website": null}, {"id": "kaimeta.eth", "name": "KAI METAVERSE", "twitter": "kaimetaverse", "proposalsCount": 8, "votesCount": 126, "followersCount": 76, "website": null}, {"id": "soongovernance.eth", "name": "SoonGovernance", "twitter": null, "proposalsCount": 2, "votesCount": 148, "followersCount": 60, "website": "https://t.me/SoonGovernanceDAO"}, {"id": "weirdoghost.eth", "name": "Weirdo Ghost Gang", "twitter": "WeirdoGhostGang", "proposalsCount": 1, "votesCount": 194, "followersCount": 15, "website": "https://www.weirdoghost.com/"}, {"id": "cutiesofficial.eth", "name": "Blockchain Cuties Universe", "twitter": "BlockchainCutie", "proposalsCount": 5, "votesCount": 147, "followersCount": 57, "website": "https://blockchaincuties.com/"}, {"id": "dao1.eth", "name": "DAO1", "twitter": "dao1official", "proposalsCount": 13, "votesCount": 187, "followersCount": 9, "website": null}, {"id": "dexe.network", "name": "DAO DeXe", "twitter": "DexeNetwork", "proposalsCount": 4, "votesCount": 63, "followersCount": 142, "website": "https://dexe.network"}]