[{"id": "wolfpig.eth", "name": "WolfPig", "twitter": "WolfPigOfficial", "proposalsCount": 1, "votesCount": 4, "followersCount": 10, "website": "https://twitter.com/wolfpigofficial"}, {"id": "xishoushou.eth", "name": "richangjiaohu", "twitter": "hanhan0232", "proposalsCount": 2, "votesCount": 7, "followersCount": 6, "website": null}, {"id": "ykhsu.eth", "name": "YK space", "twitter": null, "proposalsCount": 7, "votesCount": 5, "followersCount": 3, "website": null}, {"id": "zaogo.eth", "name": "zaogo", "twitter": null, "proposalsCount": 2, "votesCount": 8, "followersCount": 5, "website": null}, {"id": "zerofi.eth", "name": "ZeroFi", "twitter": null, "proposalsCount": 1, "votesCount": 13, "followersCount": 1, "website": null}, {"id": "\u5929\u4e0b\u7b2c\u4e00\u5927\u597d\u4eba.eth", "name": "USDT DAO", "twitter": null, "proposalsCount": 1, "votesCount": 4, "followersCount": 10, "website": null}, {"id": "0xzhu.eth", "name": "OFO", "twitter": null, "proposalsCount": 1, "votesCount": 8, "followersCount": 6, "website": "https://opensea.io/assets/ethereum/0x34d85c9cdeb23fa97cb08333b511ac86e1c4e258/46093"}, {"id": "1234m.eth", "name": "MMFund", "twitter": null, "proposalsCount": 2, "votesCount": 12, "followersCount": 1, "website": null}, {"id": "1party.eth", "name": "PartyBird\u73a9\u5bb6", "twitter": null, "proposalsCount": 1, "votesCount": 5, "followersCount": 9, "website": null}, {"id": "7799977.eth", "name": "copydac", "twitter": null, "proposalsCount": 0, "votesCount": 0, "followersCount": 15, "website": null}, {"id": "aishine313.eth", "name": "apedao", "twitter": null, "proposalsCount": 1, "votesCount": 11, "followersCount": 3, "website": null}, {"id": "antidotedao.eth", "name": "AntidoteDAO", "twitter": "antidotedao", "proposalsCount": 1, "votesCount": 1, "followersCount": 13, "website": "https://www.antidotedao.org"}, {"id": "autofactory.eth", "name": "AUTOFACTORY DAO", "twitter": null, "proposalsCount": 1, "votesCount": 10, "followersCount": 4, "website": null}, {"id": "bimex.eth", "name": "MetaVerse-M", "twitter": "dex_universe", "proposalsCount": 2, "votesCount": 4, "followersCount": 9, "website": "https://meta-dex.live"}, {"id": "bitpixi.eth", "name": "Scarcity Island", "twitter": "cryptovoxels", "proposalsCount": 1, "votesCount": 6, "followersCount": 8, "website": null}, {"id": "brummer.eth", "name": "brummer", "twitter": null, "proposalsCount": 3, "votesCount": 9, "followersCount": 3, "website": null}, {"id": "chimein.eth", "name": "Chime In", "twitter": "chimeinxyz", "proposalsCount": 1, "votesCount": 11, "followersCount": 3, "website": "https://www.chime-in.xyz"}, {"id": "cvadao.eth", "name": "CVA ", "twitter": null, "proposalsCount": 1, "votesCount": 1, "followersCount": 13, "website": "https://cryptovalley.swiss/"}, {"id": "dennisgan.eth", "name": "LETUSDAO", "twitter": null, "proposalsCount": 1, "votesCount": 2, "followersCount": 12, "website": null}, {"id": "dogemusk.eth", "name": "dogemuskDao", "twitter": null, "proposalsCount": 3, "votesCount": 9, "followersCount": 3, "website": null}]