[{"id": "oxoxt.eth", "name": "web3", "twitter": null, "proposalsCount": 1, "votesCount": 0, "followersCount": 1, "website": null}, {"id": "ox\ud83d\udc15\u200d\ud83e\uddba.eth", "name": "0X1199", "twitter": null, "proposalsCount": 0, "votesCount": 0, "followersCount": 1, "website": null}, {"id": "pacy.eth", "name": "pacy", "twitter": null, "proposalsCount": 0, "votesCount": 0, "followersCount": 0, "website": null}, {"id": "page404.eth", "name": "layer2 price", "twitter": "page4043", "proposalsCount": 1, "votesCount": 1, "followersCount": 1, "website": null}, {"id": "palwinderkaushik.eth", "name": "Krypto Kaushik", "twitter": "palwindersharma", "proposalsCount": 2, "votesCount": 4, "followersCount": 7, "website": "https://www.kaushikinfotech.com"}, {"id": "panda0x.eth", "name": "Airdrop Delegate", "twitter": null, "proposalsCount": 8, "votesCount": 27, "followersCount": 7, "website": null}, {"id": "pandafinance.eth", "name": "Panda Finance", "twitter": "pandafinance_", "proposalsCount": 0, "votesCount": 0, "followersCount": 1, "website": "https://www.pandafinance.info/"}, {"id": "pankdao.eth", "name": "PankDAO", "twitter": "pank_dao", "proposalsCount": 1, "votesCount": 365, "followersCount": 4, "website": null}, {"id": "panky.eth", "name": "IDK", "twitter": null, "proposalsCount": 0, "votesCount": 0, "followersCount": 0, "website": null}, {"id": "panya.eth", "name": "Daito", "twitter": "PanyaEth", "proposalsCount": 0, "votesCount": 0, "followersCount": 0, "website": null}, {"id": "paoap.eth", "name": "metaverses ", "twitter": null, "proposalsCount": 1, "votesCount": 11, "followersCount": 0, "website": null}, {"id": "papa3.eth", "name": "dad network", "twitter": null, "proposalsCount": 1, "votesCount": 10, "followersCount": 1, "website": null}, {"id": "papernecklace.eth", "name": "Metahero", "twitter": "metahero_io", "proposalsCount": 0, "votesCount": 0, "followersCount": 3, "website": "https://metahero.io"}, {"id": "paradigm420.eth", "name": "OSMOSIS LABS", "twitter": "osmosiszone", "proposalsCount": 16, "votesCount": 21, "followersCount": 9, "website": "https://osmosis.zone/"}, {"id": "parteydetalles.eth", "name": "TEST", "twitter": null, "proposalsCount": 1, "votesCount": 1, "followersCount": 0, "website": null}, {"id": "partymansion.eth", "name": "PARTY MANSION", "twitter": "apa_nft", "proposalsCount": 0, "votesCount": 0, "followersCount": 0, "website": "https://oopa.io/"}, {"id": "patek-philippe-sa.eth", "name": "8848", "twitter": null, "proposalsCount": 1, "votesCount": 15, "followersCount": 11, "website": null}, {"id": "patex.eth", "name": "connext", "twitter": null, "proposalsCount": 4, "votesCount": 42, "followersCount": 12, "website": "https://snapshot.org/#/setup/profile/patex.eth"}, {"id": "patpwn.eth", "name": "Pat", "twitter": null, "proposalsCount": 0, "votesCount": 0, "followersCount": 0, "website": null}, {"id": "paulaul.eth", "name": "fractional", "twitter": null, "proposalsCount": 1, "votesCount": 1, "followersCount": 0, "website": null}]