[{"id": "tradersquare.eth", "name": "Trader Square", "twitter": null, "proposalsCount": 4, "votesCount": 62, "followersCount": 1, "website": null}, {"id": "tsukidao.eth", "name": "Tsuki Dao ", "twitter": null, "proposalsCount": 3, "votesCount": 63, "followersCount": 1, "website": null}, {"id": "valou.eth", "name": "Valou Club DAO", "twitter": null, "proposalsCount": 9, "votesCount": 33, "followersCount": 25, "website": null}, {"id": "yffs", "name": "YFFS.FINANCE", "twitter": null, "proposalsCount": 10, "votesCount": 55, "followersCount": 2, "website": null}, {"id": "bridgesronald.eth", "name": "admit", "twitter": null, "proposalsCount": 5, "votesCount": 6, "followersCount": 6, "website": null}, {"id": "chinacrt.eth", "name": "fg", "twitter": "GuangYiQin", "proposalsCount": 1, "votesCount": 37, "followersCount": 29, "website": "http://link3.to/chinacrt"}, {"id": "jigstackdao.eth", "name": "Jigstack DAO", "twitter": "jigstack", "proposalsCount": 3, "votesCount": 42, "followersCount": 22, "website": "https://jigstack.org/"}, {"id": "loveeth520.eth", "name": "opendao", "twitter": null, "proposalsCount": 4, "votesCount": 31, "followersCount": 32, "website": null}, {"id": "mangrovedao.eth", "name": "Mangrove DAO", "twitter": null, "proposalsCount": 4, "votesCount": 31, "followersCount": 32, "website": null}, {"id": "xinghuoliaoyuan.eth", "name": "CAKE DAO", "twitter": null, "proposalsCount": 2, "votesCount": 3, "followersCount": 12, "website": null}, {"id": "kanari.eth", "name": "KanariDAO", "twitter": "kanariDAO", "proposalsCount": 34, "votesCount": 26, "followersCount": 6, "website": null}, {"id": "ape6743.eth", "name": "BBA", "twitter": null, "proposalsCount": 12, "votesCount": 2, "followersCount": 2, "website": null}, {"id": "apoyield.eth", "name": "APOyield", "twitter": null, "proposalsCount": 3, "votesCount": 48, "followersCount": 15, "website": null}, {"id": "eli5\ud83d\udca1dao.eth", "name": "ELI5 DAO", "twitter": "ELI5DAO", "proposalsCount": 9, "votesCount": 40, "followersCount": 17, "website": "https://eli5dao.com/"}, {"id": "eltacofinance.eth", "name": "ElTacoFinance", "twitter": "eltacofinance", "proposalsCount": 3, "votesCount": 58, "followersCount": 5, "website": "https://www.eltacofinance.com/"}, {"id": "eyeverse.eth", "name": "Eyeverse DAO", "twitter": "eyeversed", "proposalsCount": 1, "votesCount": 37, "followersCount": 28, "website": "https://eyeverse.world"}, {"id": "imfers.eth", "name": "footDAO", "twitter": "footDAO_", "proposalsCount": 1, "votesCount": 48, "followersCount": 17, "website": "https://linktr.ee/footDAO"}, {"id": "methodfinance.eth", "name": "Method Finance", "twitter": null, "proposalsCount": 2, "votesCount": 60, "followersCount": 4, "website": null}, {"id": "monstersuit.eth", "name": "Monster Suit ", "twitter": "monstersuitnft", "proposalsCount": 0, "votesCount": 0, "followersCount": 66, "website": "https://monstersuit.io"}, {"id": "plebbit.eth", "name": "plebbit", "twitter": "getplebbit", "proposalsCount": 3, "votesCount": 47, "followersCount": 16, "website": "https://plebbit.com"}]