[{"id": "chris516.eth", "name": "9527Community", "twitter": null, "proposalsCount": 3, "votesCount": 10, "followersCount": 3, "website": null}, {"id": "chwi4.eth", "name": "Today's Menu", "twitter": null, "proposalsCount": 3, "votesCount": 11, "followersCount": 2, "website": null}, {"id": "coinclicker.eth", "name": "CoinClickerDao", "twitter": "dgf", "proposalsCount": 5, "votesCount": 9, "followersCount": 2, "website": null}, {"id": "cryptorontonians.eth", "name": "Cryptorontonians", "twitter": "0xtorontonians", "proposalsCount": 1, "votesCount": 4, "followersCount": 11, "website": null}, {"id": "dao.swapbot.eth", "name": "SwapBot \ud83e\udd16", "twitter": "swapbot_eth", "proposalsCount": 0, "votesCount": 0, "followersCount": 16, "website": null}, {"id": "dendragon.eth", "name": "Den Signing Snapshot Votes", "twitter": null, "proposalsCount": 8, "votesCount": 6, "followersCount": 2, "website": null}, {"id": "eip100.eth", "name": "ccpartybid", "twitter": null, "proposalsCount": 2, "votesCount": 13, "followersCount": 1, "website": null}, {"id": "eternalcrowns-test.eth", "name": "Eternal Crown Collective - Test", "twitter": null, "proposalsCount": 1, "votesCount": 7, "followersCount": 8, "website": null}, {"id": "eth8888888.eth", "name": "Mintable", "twitter": null, "proposalsCount": 1, "votesCount": 5, "followersCount": 10, "website": null}, {"id": "ethyan.eth", "name": "ethyan", "twitter": null, "proposalsCount": 2, "votesCount": 5, "followersCount": 9, "website": null}, {"id": "excursion.eth", "name": "\u66b4\u5bcc\u7684Loki", "twitter": "", "proposalsCount": 2, "votesCount": 1, "followersCount": 13, "website": null}, {"id": "flydao.eth", "name": "flyDAO", "twitter": null, "proposalsCount": 1, "votesCount": 15, "followersCount": 0, "website": null}, {"id": "ftmmooncats.eth", "name": "MoonMastersDao", "twitter": "FantomMoonCats", "proposalsCount": 8, "votesCount": 6, "followersCount": 2, "website": null}, {"id": "fundao1.eth", "name": "TestDAO", "twitter": null, "proposalsCount": 7, "votesCount": 6, "followersCount": 3, "website": null}, {"id": "funlabsnft.eth", "name": "Fun Labs NFT", "twitter": "FunLabsNFT", "proposalsCount": 1, "votesCount": 13, "followersCount": 2, "website": "https://funlabs.lol/"}, {"id": "gorilla-inu.eth", "name": "Gorilla Inu DAO", "twitter": "gorilla_inu", "proposalsCount": 3, "votesCount": 3, "followersCount": 10, "website": "https://gorilla.financial"}, {"id": "harems.eth", "name": "HaremsAlphaOG", "twitter": "haremsnft", "proposalsCount": 3, "votesCount": 13, "followersCount": 0, "website": null}, {"id": "harmonylauncher.eth", "name": "ZORA", "twitter": null, "proposalsCount": 5, "votesCount": 6, "followersCount": 5, "website": "https://twitter.com/ourZORA"}, {"id": "harvardblockchain.eth", "name": "Harvard Blockchain", "twitter": "harvard_crypto", "proposalsCount": 1, "votesCount": 11, "followersCount": 4, "website": null}, {"id": "haut-brion.eth", "name": "AqiaoART", "twitter": null, "proposalsCount": 3, "votesCount": 5, "followersCount": 8, "website": null}]