[{"id": "playsation.eth", "name": "flyingpig", "twitter": "zhuliang1982", "proposalsCount": 0, "votesCount": 0, "followersCount": 0, "website": null}, {"id": "please-donate-0xf1caea27ea10ecae48fce7428476a592a5569be5.eth", "name": "shin network", "twitter": null, "proposalsCount": 0, "votesCount": 0, "followersCount": 2, "website": null}, {"id": "ploskov.eth", "name": "PloskovDAO", "twitter": null, "proposalsCount": 5, "votesCount": 5, "followersCount": 1, "website": null}, {"id": "pltlotto.eth", "name": "pltlotto", "twitter": "pltfinance", "proposalsCount": 2, "votesCount": 3, "followersCount": 4, "website": "https://pltlotto.com/"}, {"id": "plusdao.eth", "name": "NFThing DAO", "twitter": null, "proposalsCount": 1, "votesCount": 1, "followersCount": 1, "website": null}, {"id": "plutolabs.eth", "name": "PlutoDAO", "twitter": null, "proposalsCount": 0, "votesCount": 0, "followersCount": 6, "website": null}, {"id": "plutus-dao.eth", "name": "PlutusDAO", "twitter": "PlutusDAO_io", "proposalsCount": 0, "votesCount": 0, "followersCount": 282, "website": "https://plutusdao.io/"}, {"id": "plutusclub.eth", "name": "\u5154\u5b50\u6d1e\u6295\u7968-\u8d85\u957f\u671f", "twitter": null, "proposalsCount": 30, "votesCount": 859, "followersCount": 193, "website": null}, {"id": "pm030680.eth", "name": "PM030680.eth", "twitter": "praveenmarati80", "proposalsCount": 0, "votesCount": 0, "followersCount": 1, "website": null}, {"id": "poapin.eth", "name": "poapin", "twitter": null, "proposalsCount": 1, "votesCount": 0, "followersCount": 2, "website": null}, {"id": "poaplace.eth", "name": "POAPlace", "twitter": "poaplacexyz", "proposalsCount": 0, "votesCount": 0, "followersCount": 3, "website": "https://poaplace.xyz"}, {"id": "poapr.eth", "name": "poapr", "twitter": null, "proposalsCount": 1, "votesCount": 5, "followersCount": 0, "website": null}, {"id": "poemwiki.eth", "name": "PoemWiki", "twitter": null, "proposalsCount": 3, "votesCount": 2, "followersCount": 1, "website": "https://poemwiki.com"}, {"id": "pofigist.eth", "name": "pofigist", "twitter": null, "proposalsCount": 0, "votesCount": 0, "followersCount": 0, "website": null}, {"id": "pokerkingsclub.eth", "name": "Poker Kings Club", "twitter": "PokerKingsClub", "proposalsCount": 0, "votesCount": 0, "followersCount": 7, "website": "https://pokerkingsclub.com/"}, {"id": "polar-bear.eth", "name": "Will ETH reach $100000 in 2023", "twitter": null, "proposalsCount": 0, "votesCount": 0, "followersCount": 6, "website": null}, {"id": "policeofficer911.eth", "name": "Copman", "twitter": null, "proposalsCount": 1, "votesCount": 1, "followersCount": 0, "website": null}, {"id": "polyaris.eth", "name": "polyaris", "twitter": null, "proposalsCount": 0, "votesCount": 0, "followersCount": 1, "website": null}, {"id": "polygon.dao-dvision.eth", "name": "Dvision Polygon Test", "twitter": null, "proposalsCount": 87, "votesCount": 369, "followersCount": 7, "website": null}, {"id": "polygonisfuture.eth", "name": "SP Dao", "twitter": "Sujit_eth", "proposalsCount": 2, "votesCount": 26, "followersCount": 38, "website": null}]