[{"id": "taiyiyi.eth", "name": "taiyiyiDAO", "twitter": null, "proposalsCount": 2, "votesCount": 5, "followersCount": 6, "website": null}, {"id": "tap.eth", "name": "Dollar Save Club", "twitter": null, "proposalsCount": 3, "votesCount": 9, "followersCount": 1, "website": null}, {"id": "tart.eth", "name": "ZEENUS DUMMY", "twitter": null, "proposalsCount": 7, "votesCount": 5, "followersCount": 1, "website": null}, {"id": "testsnapshot.eth", "name": "TestSnapshot", "twitter": null, "proposalsCount": 5, "votesCount": 2, "followersCount": 6, "website": null}, {"id": "theburrownft.eth", "name": "The Burrow", "twitter": "theburrownft", "proposalsCount": 1, "votesCount": 9, "followersCount": 3, "website": "https://theburrownft.xyz"}, {"id": "theclaw.eth", "name": "The Claw", "twitter": "JonasSFT", "proposalsCount": 7, "votesCount": 2, "followersCount": 4, "website": null}, {"id": "tnnd.eth", "name": "tnnd", "twitter": null, "proposalsCount": 5, "votesCount": 6, "followersCount": 2, "website": null}, {"id": "tomyu.eth", "name": "Crypto Point Nemo", "twitter": null, "proposalsCount": 1, "votesCount": 6, "followersCount": 6, "website": null}, {"id": "tomyumswap.eth", "name": "GDEX", "twitter": null, "proposalsCount": 7, "votesCount": 6, "followersCount": 0, "website": null}, {"id": "torbjorneriksson.eth", "name": "dwsd", "twitter": null, "proposalsCount": 5, "votesCount": 7, "followersCount": 1, "website": null}, {"id": "u2222.eth", "name": "Voltz Genesis NFT", "twitter": null, "proposalsCount": 1, "votesCount": 5, "followersCount": 7, "website": null}, {"id": "vagge.eth", "name": "vagge", "twitter": null, "proposalsCount": 6, "votesCount": 6, "followersCount": 1, "website": null}, {"id": "vdsg.eth", "name": "Dinosaur Eggs Metaverse", "twitter": null, "proposalsCount": 2, "votesCount": 1, "followersCount": 10, "website": null}, {"id": "vote.asudao.eth", "name": "ASU DAO", "twitter": null, "proposalsCount": 2, "votesCount": 5, "followersCount": 6, "website": null}, {"id": "vvdao.eth", "name": "CryptoMr.Q", "twitter": "", "proposalsCount": 2, "votesCount": 0, "followersCount": 11, "website": null}, {"id": "webridge.eth", "name": "webrige", "twitter": null, "proposalsCount": 4, "votesCount": 6, "followersCount": 3, "website": null}, {"id": "wenyingqin.eth", "name": "ask yourself", "twitter": null, "proposalsCount": 2, "votesCount": 9, "followersCount": 2, "website": null}, {"id": "wetube.eth", "name": "WeTube", "twitter": "wetube_eth", "proposalsCount": 2, "votesCount": 7, "followersCount": 4, "website": null}, {"id": "windows2000.eth", "name": "MDX DAO", "twitter": null, "proposalsCount": 3, "votesCount": 7, "followersCount": 3, "website": null}, {"id": "wujianli.eth", "name": "wujianli", "twitter": null, "proposalsCount": 1, "votesCount": 12, "followersCount": 0, "website": null}]