[{"id": "techpenny.eth", "name": "Ganesh", "twitter": "yadavakash45652", "proposalsCount": 0, "votesCount": 0, "followersCount": 0, "website": null}, {"id": "teddybearsquad.eth", "name": "TBS-DAO", "twitter": null, "proposalsCount": 1, "votesCount": 261, "followersCount": 2, "website": null}, {"id": "teddymilo.eth", "name": "teddymilo", "twitter": null, "proposalsCount": 1, "votesCount": 1, "followersCount": 1, "website": null}, {"id": "tejaz.eth", "name": "Tejaz", "twitter": null, "proposalsCount": 1, "votesCount": 1, "followersCount": 1, "website": null}, {"id": "telsla.dcl.eth", "name": "marry or not", "twitter": null, "proposalsCount": 1, "votesCount": 1, "followersCount": 1, "website": null}, {"id": "temmyz.eth", "name": "Aanu", "twitter": "temmyz_1", "proposalsCount": 0, "votesCount": 0, "followersCount": 1, "website": null}, {"id": "temuuji.eth", "name": "Temuuji", "twitter": null, "proposalsCount": 0, "votesCount": 0, "followersCount": 0, "website": null}, {"id": "tenooo91.eth", "name": "Teno", "twitter": "Tenooo91", "proposalsCount": 0, "votesCount": 0, "followersCount": 0, "website": null}, {"id": "tenset10.eth", "name": "Tenset", "twitter": "Tenset10", "proposalsCount": 1, "votesCount": 1, "followersCount": 2, "website": "https://twitter.com/Tenset10"}, {"id": "teresitachu.eth", "name": "TEST", "twitter": null, "proposalsCount": 1, "votesCount": 1, "followersCount": 0, "website": null}, {"id": "tericosa.eth", "name": "teri", "twitter": null, "proposalsCount": 1, "votesCount": 1, "followersCount": 1, "website": null}, {"id": "terrainu.eth", "name": "Terra Inu", "twitter": "terrainubsc", "proposalsCount": 0, "votesCount": 0, "followersCount": 1, "website": "https://terrainu.io/"}, {"id": "test-my-ass.eth", "name": "Test My Ass", "twitter": null, "proposalsCount": 2, "votesCount": 0, "followersCount": 3, "website": null}, {"id": "test.cardfi.eth", "name": "CardFi DAO Testnet", "twitter": "card_fi", "proposalsCount": 2, "votesCount": 2, "followersCount": 30, "website": "https://cardfi.co/?tesnet"}, {"id": "test.foundance.eth", "name": "Foundance-Test", "twitter": null, "proposalsCount": 1, "votesCount": 8, "followersCount": 2, "website": null}, {"id": "test.metrox.eth", "name": "Test", "twitter": "elonmusk", "proposalsCount": 6, "votesCount": 5, "followersCount": 5, "website": "https://treasuredrop.xyz/"}, {"id": "test.pistachioman.eth", "name": "test", "twitter": null, "proposalsCount": 0, "votesCount": 0, "followersCount": 0, "website": null}, {"id": "test.solpath.eth", "name": "Solpath Test Subdomains", "twitter": null, "proposalsCount": 1, "votesCount": 0, "followersCount": 3, "website": null}, {"id": "test007.eth", "name": "test007", "twitter": null, "proposalsCount": 1, "votesCount": 1, "followersCount": 1, "website": null}, {"id": "test1.metrox.eth", "name": "Test", "twitter": null, "proposalsCount": 4, "votesCount": 3, "followersCount": 3, "website": null}]