[{"id": "chainhead.eth", "name": "chainhead_dao", "twitter": null, "proposalsCount": 1, "votesCount": 1, "followersCount": 1, "website": null}, {"id": "chaintool.eth", "name": "RabbitHole", "twitter": null, "proposalsCount": 1, "votesCount": 11, "followersCount": 6, "website": null}, {"id": "chainvalley.eth", "name": "chainvalley", "twitter": null, "proposalsCount": 0, "votesCount": 0, "followersCount": 1, "website": null}, {"id": "chanel99.eth", "name": "ARB", "twitter": "zxx887141", "proposalsCount": 6, "votesCount": 31, "followersCount": 8, "website": "https://twitter.com/zxx887141"}, {"id": "changandao.eth", "name": "changandao", "twitter": null, "proposalsCount": 3, "votesCount": 3, "followersCount": 1, "website": null}, {"id": "channe.eth", "name": "yonghu", "twitter": null, "proposalsCount": 1, "votesCount": 1, "followersCount": 1, "website": null}, {"id": "chaoslabs.alchemistcoin.eth", "name": "Chaos Labs", "twitter": "_alchemistcoin", "proposalsCount": 32, "votesCount": 10, "followersCount": 8, "website": null}, {"id": "charism.eth", "name": "Right", "twitter": "charismartdao", "proposalsCount": 1, "votesCount": 3, "followersCount": 0, "website": "https://opensea.io/collection/right-click-share"}, {"id": "charles00395672.eth", "name": "Charles00395672.eth", "twitter": null, "proposalsCount": 1, "votesCount": 7, "followersCount": 7, "website": null}, {"id": "charliecrown.eth", "name": "Charlie Crown", "twitter": "itscharliecrown", "proposalsCount": 1, "votesCount": 2, "followersCount": 0, "website": "https://charliecrown.xyz"}, {"id": "charlierex.eth", "name": "charlierex", "twitter": null, "proposalsCount": 2, "votesCount": 3, "followersCount": 1, "website": null}, {"id": "chasuqi.eth", "name": "chasuqi", "twitter": null, "proposalsCount": 1, "votesCount": 1, "followersCount": 0, "website": null}, {"id": "chat365.eth", "name": "CHAT365", "twitter": null, "proposalsCount": 7, "votesCount": 59, "followersCount": 2, "website": null}, {"id": "chatgptmax.eth", "name": "chatgptmax", "twitter": null, "proposalsCount": 1, "votesCount": 4, "followersCount": 1, "website": null}, {"id": "chawn.eth", "name": "SCAI", "twitter": null, "proposalsCount": 0, "votesCount": 0, "followersCount": 1, "website": null}, {"id": "cheeky-gorilla.eth", "name": "Gorillatest3", "twitter": null, "proposalsCount": 0, "votesCount": 0, "followersCount": 0, "website": null}, {"id": "cheks.eth", "name": "GAY DAO", "twitter": null, "proposalsCount": 1, "votesCount": 1, "followersCount": 1, "website": null}, {"id": "chelsea2024.eth", "name": "Chelsea", "twitter": null, "proposalsCount": 1, "votesCount": 1, "followersCount": 0, "website": null}, {"id": "chenjiaxin.eth", "name": "\u5237\u7968\u5f97\u6765\u628a", "twitter": null, "proposalsCount": 1, "votesCount": 4, "followersCount": 1, "website": null}, {"id": "chenliang.eth", "name": "chenliang", "twitter": null, "proposalsCount": 4, "votesCount": 11, "followersCount": 1, "website": null}]