[{"id": "beanstalkbugbounty.eth", "name": "Beanstalk Bug Bounty", "twitter": "BeanstalkFarms", "proposalsCount": 4, "votesCount": 16, "followersCount": 41, "website": "https://bean.money"}, {"id": "basenamedao.eth", "name": "Base Name Service", "twitter": "basenameapp", "proposalsCount": 6, "votesCount": 178043, "followersCount": 36396, "website": "https://basename.app"}, {"id": "lenster.xyz", "name": "Lenster", "twitter": "lensterxyz", "proposalsCount": 0, "votesCount": 0, "followersCount": 16985, "website": "https://lenster.xyz"}, {"id": "linea-build.eth", "name": "Linea", "twitter": "LineaBuild", "proposalsCount": 1, "votesCount": 2764428, "followersCount": 883803, "website": "https://linea.build/"}, {"id": "gmx.eth", "name": "GMX", "twitter": "GMX_IO", "proposalsCount": 19, "votesCount": 234605, "followersCount": 69269, "website": null}, {"id": "syncswapxyz.eth", "name": "SyncSwap", "twitter": "syncswap", "proposalsCount": 1, "votesCount": 220917, "followersCount": 41902, "website": "https://syncswap.xyz"}, {"id": "vestafinance.eth", "name": "Vesta", "twitter": "vestafinance", "proposalsCount": 11, "votesCount": 57200, "followersCount": 30111, "website": "https://vestafinance.xyz/"}, {"id": "speraxdao.eth", "name": "Sperax DAO", "twitter": "SperaxUSD", "proposalsCount": 51, "votesCount": 188662, "followersCount": 25614, "website": "https://www.sperax.io/"}, {"id": "49911.eth", "name": "study", "twitter": null, "proposalsCount": 5, "votesCount": 9172, "followersCount": 13, "website": null}, {"id": "mbxvote.eth", "name": "MARBLEX", "twitter": "MARBLEXofficial", "proposalsCount": 0, "votesCount": 0, "followersCount": 2532, "website": "https://www.marblex.io/"}, {"id": "reunitdao.eth", "name": "Reunit DAO", "twitter": "EverywhereFI", "proposalsCount": 5, "votesCount": 89040, "followersCount": 37408, "website": "https://everywhere.finance"}, {"id": "\u20228099.eth", "name": "MaticDAO", "twitter": null, "proposalsCount": 323, "votesCount": 1966, "followersCount": 801, "website": null}, {"id": "mail3.eth", "name": "Mail3", "twitter": "mail3dao", "proposalsCount": 8, "votesCount": 89069, "followersCount": 23210, "website": "https://app.mail3.me/"}, {"id": "treasuredao.eth", "name": "Treasure (Inactive Space)", "twitter": "Treasure_DAO", "proposalsCount": 28, "votesCount": 65828, "followersCount": 34824, "website": "https://treasure.lol"}, {"id": "ipistr.eth", "name": "Shorter Finance", "twitter": "shorter_finance", "proposalsCount": 7, "votesCount": 76, "followersCount": 36266, "website": "https://shorter.finance"}, {"id": "matic.joints.eth", "name": "MATICDAO", "twitter": null, "proposalsCount": 217, "votesCount": 1224, "followersCount": 485, "website": null}, {"id": "yequ.eth", "name": "\u591c\u66f2", "twitter": null, "proposalsCount": 321, "votesCount": 5308, "followersCount": 754, "website": null}, {"id": "nibajie.eth", "name": "nibajie", "twitter": null, "proposalsCount": 275, "votesCount": 1148, "followersCount": 519, "website": null}, {"id": "abcdcba.eth", "name": "matic", "twitter": "_buildspace", "proposalsCount": 342, "votesCount": 2662, "followersCount": 1227, "website": "https://buildspace.so/"}, {"id": "swpr.eth", "name": "Swapr", "twitter": "SwaprEth", "proposalsCount": 6, "votesCount": 30959, "followersCount": 17587, "website": "https://swapr.eth.limo/"}]