[{"id": "beautykiss.eth", "name": "do you like beauty or kiss?", "twitter": null, "proposalsCount": 1, "votesCount": 1, "followersCount": 1, "website": null}, {"id": "beaver-dao.eth", "name": "BEAVER BUILDERS CLUB", "twitter": null, "proposalsCount": 0, "votesCount": 0, "followersCount": 0, "website": null}, {"id": "bebep.eth", "name": "1212", "twitter": null, "proposalsCount": 1, "votesCount": 1, "followersCount": 1, "website": null}, {"id": "beck2.eth", "name": "Beck2", "twitter": null, "proposalsCount": 0, "votesCount": 0, "followersCount": 1, "website": null}, {"id": "beecapitol.eth", "name": "beecapitol", "twitter": null, "proposalsCount": 0, "votesCount": 0, "followersCount": 0, "website": null}, {"id": "beestrong.eth", "name": "Bee", "twitter": null, "proposalsCount": 1, "votesCount": 33, "followersCount": 3, "website": null}, {"id": "beeteegee.eth", "name": "Zone 6", "twitter": null, "proposalsCount": 10, "votesCount": 68, "followersCount": 12, "website": null}, {"id": "beewallet.eth", "name": "BEECAPITAL", "twitter": "BeecapitalDAO", "proposalsCount": 12, "votesCount": 101, "followersCount": 118, "website": "https://www.beecapital.org/"}, {"id": "beingrich.eth", "name": "Test Votes", "twitter": null, "proposalsCount": 12, "votesCount": 47, "followersCount": 81, "website": null}, {"id": "beizi.eth", "name": "moka", "twitter": null, "proposalsCount": 2, "votesCount": 11, "followersCount": 2, "website": null}, {"id": "belarusianin.eth", "name": "Yondu", "twitter": null, "proposalsCount": 0, "votesCount": 0, "followersCount": 1, "website": null}, {"id": "belifi.eth", "name": "Beli Finance", "twitter": null, "proposalsCount": 0, "votesCount": 0, "followersCount": 1, "website": null}, {"id": "belshazzardao.eth", "name": "Belshazzar DAO", "twitter": null, "proposalsCount": 1, "votesCount": 10, "followersCount": 1, "website": "https://belteshazzar.info"}, {"id": "belux.eth", "name": "BE LUX DAO", "twitter": "beluxllc", "proposalsCount": 0, "votesCount": 0, "followersCount": 0, "website": "https://www.beluxllc.com/"}, {"id": "ben1044.eth", "name": "ben", "twitter": null, "proposalsCount": 1, "votesCount": 1, "followersCount": 1, "website": null}, {"id": "bennyy.eth", "name": "portalbridge", "twitter": null, "proposalsCount": 1, "votesCount": 1, "followersCount": 1, "website": null}, {"id": "benrochester.eth", "name": "Chesterson", "twitter": null, "proposalsCount": 1, "votesCount": 2, "followersCount": 3, "website": null}, {"id": "bento3.eth", "name": "Bento", "twitter": "makebento", "proposalsCount": 1, "votesCount": 1, "followersCount": 2, "website": "https://www.makebento.com"}, {"id": "bergerak.eth", "name": "Bergerak", "twitter": "aikonia", "proposalsCount": 3, "votesCount": 2, "followersCount": 6, "website": "https://bergerak.aikon.org/"}, {"id": "berkshier.eth", "name": "berkshier finance", "twitter": "andyyan3953693", "proposalsCount": 0, "votesCount": 0, "followersCount": 1, "website": null}]