[{"id": "theanimalfarm.eth", "name": "The Animal Farm", "twitter": null, "proposalsCount": 0, "votesCount": 0, "followersCount": 78, "website": null}, {"id": "thirm", "name": "Thirm", "twitter": null, "proposalsCount": 4, "votesCount": 73, "followersCount": 1, "website": null}, {"id": "the50.eth", "name": "DAO The50", "twitter": "DaoThe50", "proposalsCount": 7, "votesCount": 62, "followersCount": 9, "website": null}, {"id": "cultistclub.eth", "name": "CultDAO", "twitter": "thecultistclub", "proposalsCount": 7, "votesCount": 55, "followersCount": 15, "website": "https://www.cultistclub.com"}, {"id": "adolyb.eth", "name": "vote for future", "twitter": "adolyb2", "proposalsCount": 22, "votesCount": 32, "followersCount": 23, "website": null}, {"id": "bankofnowhere.eth", "name": "Bank of Nowhere", "twitter": "BankOfNowhere", "proposalsCount": 3, "votesCount": 58, "followersCount": 16, "website": "https://bankofnowhere.eth.limo/"}, {"id": "benchwork.eth", "name": "Cake Rocker", "twitter": null, "proposalsCount": 1, "votesCount": 2, "followersCount": 24, "website": null}, {"id": "bgldao.eth", "name": "Bitgesell", "twitter": null, "proposalsCount": 21, "votesCount": 37, "followersCount": 19, "website": "https://bitgesell.ca"}, {"id": "blockseedmunks.eth", "name": "BlockSeed Munks", "twitter": "blockseedmunks", "proposalsCount": 4, "votesCount": 71, "followersCount": 2, "website": "https://www.blockseedmunks.com"}, {"id": "carcross.eth", "name": "Testing space", "twitter": null, "proposalsCount": 75, "votesCount": 0, "followersCount": 2, "website": null}, {"id": "eggcollective.eth", "name": "EGG Collective", "twitter": "eggconft", "proposalsCount": 2, "votesCount": 71, "followersCount": 4, "website": "https://eggcollective.io/"}, {"id": "gthcommunity.eth", "name": "Chapter Two", "twitter": null, "proposalsCount": 1, "votesCount": 70, "followersCount": 6, "website": "https://discord.gg/FKnbhYnACB"}, {"id": "lototo.eth", "name": "LOTOTO", "twitter": null, "proposalsCount": 10, "votesCount": 51, "followersCount": 16, "website": null}, {"id": "okaybearsyc.eth", "name": "Okay Bears Yacht Club Voting", "twitter": "OkayBearsYC", "proposalsCount": 1, "votesCount": 67, "followersCount": 9, "website": "https://obyclabs.com"}, {"id": "pokpokprotocol.eth", "name": "PokPok Protocol", "twitter": "pokpok_io", "proposalsCount": 1, "votesCount": 75, "followersCount": 1, "website": "https://pokpok.io"}, {"id": "sdapw.eth", "name": "Stake DAO APW", "twitter": null, "proposalsCount": 21, "votesCount": 53, "followersCount": 3, "website": "https://lockers.stakedao.org/"}, {"id": "taylor.wtf", "name": "WTF Community", "twitter": "tayl0rwtf", "proposalsCount": 2, "votesCount": 54, "followersCount": 21, "website": "https://www.taylor.wtf"}, {"id": "traxadao.eth", "name": "Traxa DAO Council", "twitter": "traxaio", "proposalsCount": 15, "votesCount": 54, "followersCount": 8, "website": "https://www.traxa.io"}, {"id": "uncannybreezy.eth", "name": "Uncanny Trust", "twitter": "Theuncannyclub", "proposalsCount": 3, "votesCount": 60, "followersCount": 14, "website": "https://www.Theuncanny.io"}, {"id": "validator-dao.eth", "name": "Harmony Validator DAO", "twitter": "DaoHarmony", "proposalsCount": 1, "votesCount": 27, "followersCount": 49, "website": "https://www.vdao.one"}]