[{"id": "elysia.eth", "name": "ELYSIA", "twitter": "ELYSIA_HQ", "proposalsCount": 36, "votesCount": 327, "followersCount": 76, "website": "https://www.elysia.land/"}, {"id": "askcz.eth", "name": "AMADAO", "twitter": null, "proposalsCount": 6, "votesCount": 20, "followersCount": 10, "website": null}, {"id": "kudoedao.eth", "name": "Kudoe Governance", "twitter": "kudoeofficial", "proposalsCount": 4, "votesCount": 128, "followersCount": 50, "website": "https://kudoe.io"}, {"id": "zyoma.eth", "name": "ayo", "twitter": null, "proposalsCount": 16, "votesCount": 12, "followersCount": 3, "website": null}, {"id": "ricochet.eth", "name": "Ricochet Exchange", "twitter": "ricochetxchange", "proposalsCount": 72, "votesCount": 931, "followersCount": 127, "website": null}, {"id": "bilibilizz.eth", "name": "test", "twitter": null, "proposalsCount": 5, "votesCount": 339, "followersCount": 35, "website": null}, {"id": "diamond\ud83d\udc8e\ud83d\udc8e\ud83d\udc8ehand.eth", "name": "Diamond Hands Community", "twitter": null, "proposalsCount": 110, "votesCount": 210, "followersCount": 109, "website": "https://gov.curve.fi"}, {"id": "goodbadugly.eth", "name": "lifematician", "twitter": "lifematician", "proposalsCount": 1, "votesCount": 0, "followersCount": 25, "website": null}, {"id": "nsfwgov.eth", "name": "Not Safe For Work (NSFW+)", "twitter": "OfficialNSFWApp", "proposalsCount": 23, "votesCount": 1026, "followersCount": 77, "website": "https://www.nsfw.app"}, {"id": "nyolings.eth", "name": "Nyolings", "twitter": "nyolings", "proposalsCount": 22, "votesCount": 1050, "followersCount": 50, "website": "https://www.nyolings.io/"}, {"id": "waweswaps.eth", "name": "WaweSwaps DAO", "twitter": "waweswaps", "proposalsCount": 1, "votesCount": 1, "followersCount": 20, "website": "https://waweswaps.global"}, {"id": "bryadms.eth", "name": "Bryan Space", "twitter": null, "proposalsCount": 6, "votesCount": 12, "followersCount": 4, "website": null}, {"id": "rei-network.eth", "name": "REI  Network", "twitter": "GXChainGlobal", "proposalsCount": 11, "votesCount": 912, "followersCount": 149, "website": "https://rei.network"}, {"id": "governancevotes.eth", "name": "The Governance", "twitter": "apeprojectnft", "proposalsCount": 33, "votesCount": 1029, "followersCount": 57, "website": "https://www.apeproject.io"}, {"id": "singularityblockchain.eth", "name": "SophonDAO", "twitter": "theforeverwar", "proposalsCount": 7, "votesCount": 919, "followersCount": 141, "website": "https://discord.gg/TheForeverWar"}, {"id": "luckymaneki.eth", "name": "Lucky Maneki", "twitter": "LuckyManekiNFT", "proposalsCount": 11, "votesCount": 1102, "followersCount": 4, "website": null}, {"id": "sdbal.eth", "name": "Stake DAO BAL", "twitter": null, "proposalsCount": 426, "votesCount": 174, "followersCount": 115, "website": null}, {"id": "zalypa.eth", "name": "Zalypa DAO", "twitter": null, "proposalsCount": 17, "votesCount": 33, "followersCount": 14, "website": null}, {"id": "wenvote.eth", "name": "WEN DAO", "twitter": "wentokenorg", "proposalsCount": 12, "votesCount": 932, "followersCount": 167, "website": "https://wentoken.org"}, {"id": "cryptochasers.eth", "name": "CryptoChasers", "twitter": "cryptochasersco", "proposalsCount": 10, "votesCount": 934, "followersCount": 165, "website": null}]