[{"id": "voicedeep.eth", "name": "voiceover", "twitter": null, "proposalsCount": 6, "votesCount": 67, "followersCount": 18, "website": null}, {"id": "bitconusi.eth", "name": "CONUSIVERSE", "twitter": null, "proposalsCount": 5, "votesCount": 80, "followersCount": 5, "website": null}, {"id": "0xswan.eth", "name": "Msky DAO", "twitter": null, "proposalsCount": 4, "votesCount": 40, "followersCount": 46, "website": null}, {"id": "bsnapshot.eth", "name": "cBProtocol", "twitter": "", "proposalsCount": 3, "votesCount": 82, "followersCount": 5, "website": null}, {"id": "deathwishmeta.eth", "name": "DEATHWISH NFT", "twitter": "deathwishnft", "proposalsCount": 5, "votesCount": 77, "followersCount": 8, "website": "http://deathwishnft.io"}, {"id": "degen.228829.eth", "name": "Hurry up", "twitter": null, "proposalsCount": 26, "votesCount": 61, "followersCount": 3, "website": "https://snapshot.org"}, {"id": "handao.eth", "name": "HanDAO", "twitter": "HanDAO_org", "proposalsCount": 13, "votesCount": 53, "followersCount": 24, "website": null}, {"id": "iyffinance", "name": "iyf.finance", "twitter": null, "proposalsCount": 2, "votesCount": 88, "followersCount": 0, "website": null}, {"id": "masa-nft.eth", "name": "BQN!", "twitter": null, "proposalsCount": 4, "votesCount": 75, "followersCount": 11, "website": null}, {"id": "mcversegaming.eth", "name": "MCVERSE Gaming", "twitter": "themcverse", "proposalsCount": 1, "votesCount": 66, "followersCount": 23, "website": "https://mcverse.app"}, {"id": "otoex.eth", "name": "OTO Dao", "twitter": "oto_protocol", "proposalsCount": 2, "votesCount": 76, "followersCount": 12, "website": null}, {"id": "posichaindao.eth", "name": "Posichain", "twitter": "POSIChain_org", "proposalsCount": 4, "votesCount": 78, "followersCount": 8, "website": "https://posichain.org"}, {"id": "rouldao.eth", "name": "The Roul DAO", "twitter": "ArbiRoul", "proposalsCount": 3, "votesCount": 62, "followersCount": 25, "website": "https://arbiroul.xyz/"}, {"id": "totemfinance.eth", "name": "Totem Finance", "twitter": "TotemFantom", "proposalsCount": 10, "votesCount": 75, "followersCount": 5, "website": null}, {"id": "vv-dao.eth", "name": "Vision Ventures Dao", "twitter": null, "proposalsCount": 3, "votesCount": 57, "followersCount": 30, "website": null}, {"id": "astarlabs.eth", "name": "Astar Labs", "twitter": "Astarlabs_io", "proposalsCount": 2, "votesCount": 68, "followersCount": 19, "website": "https://astarlabs.io/"}, {"id": "fantomon.eth", "name": "Fantomon", "twitter": "fantomonftm", "proposalsCount": 3, "votesCount": 68, "followersCount": 18, "website": null}, {"id": "liquifrens.eth", "name": "LiquiFrens", "twitter": "LiquityProtocol", "proposalsCount": 4, "votesCount": 55, "followersCount": 30, "website": "https://www.liquity.org/"}, {"id": "youswap-dao.eth", "name": "YouSwap", "twitter": "YouSwap_Global", "proposalsCount": 3, "votesCount": 68, "followersCount": 18, "website": null}, {"id": "archerdao.eth", "name": "Archer DAO", "twitter": null, "proposalsCount": 4, "votesCount": 62, "followersCount": 23, "website": null}]