[{"id": "harveyoccam.eth", "name": "yukof", "twitter": null, "proposalsCount": 35, "votesCount": 45, "followersCount": 42, "website": null}, {"id": "sekr\u00e8nft.eth", "name": "\u52373", "twitter": null, "proposalsCount": 30, "votesCount": 60, "followersCount": 31, "website": null}, {"id": "givestation.eth", "name": "GiveStation", "twitter": "givestation", "proposalsCount": 3, "votesCount": 3475, "followersCount": 2654, "website": "https://givestation.org/"}, {"id": "astra10m.eth", "name": "similier?", "twitter": null, "proposalsCount": 27, "votesCount": 71, "followersCount": 22, "website": null}, {"id": "lens.chenxiaoxi.eth", "name": "sky", "twitter": null, "proposalsCount": 39, "votesCount": 80, "followersCount": 1, "website": null}, {"id": "ghoststreasury.eth", "name": "GhostsProject", "twitter": "ghosts_project", "proposalsCount": 25, "votesCount": 1768, "followersCount": 78, "website": "https://ghostsproject.com/"}, {"id": "swapprotocol.eth", "name": "\u4f60\u597d", "twitter": null, "proposalsCount": 30, "votesCount": 58, "followersCount": 31, "website": null}, {"id": "ethereum.freesubs.eth", "name": "ETHERDAO", "twitter": null, "proposalsCount": 33, "votesCount": 61, "followersCount": 32, "website": null}, {"id": "petran.eth", "name": "gjsdajf", "twitter": null, "proposalsCount": 20, "votesCount": 57, "followersCount": 41, "website": null}, {"id": "ccioz.eth", "name": "ccioz", "twitter": "ccioz77", "proposalsCount": 47, "votesCount": 72, "followersCount": 4, "website": "https://snapshot.org/"}, {"id": "infinity-matrix.eth", "name": "Infinity Space", "twitter": "debourbscx", "proposalsCount": 76, "votesCount": 121, "followersCount": 12, "website": null}, {"id": "nabilar.eth", "name": "ghasfda", "twitter": null, "proposalsCount": 23, "votesCount": 69, "followersCount": 24, "website": null}, {"id": "sonnefi.eth", "name": "Sonne Finance", "twitter": "SonneFinance", "proposalsCount": 12, "votesCount": 732, "followersCount": 214, "website": "https://sonne.finance"}, {"id": "subscapesbymattdeslauriers.eth", "name": "easrgragrs", "twitter": null, "proposalsCount": 32, "votesCount": 64, "followersCount": 19, "website": null}, {"id": "\u5343\u519b\u4e07\u9a6c\u6765\u76f8\u89c1.eth", "name": "bazhu", "twitter": null, "proposalsCount": 39, "votesCount": 39, "followersCount": 37, "website": null}, {"id": "\ud83d\udcb2ethcrypto.eth", "name": "\u52371", "twitter": null, "proposalsCount": 34, "votesCount": 38, "followersCount": 43, "website": null}, {"id": "chenliang14578520.eth", "name": "freedom", "twitter": null, "proposalsCount": 49, "votesCount": 338, "followersCount": 6, "website": null}, {"id": "show.ensmaxisfam.eth", "name": "showDAO", "twitter": null, "proposalsCount": 85, "votesCount": 88, "followersCount": 65, "website": null}, {"id": "nexusworld-genzerobuddies.eth", "name": "yixing3", "twitter": null, "proposalsCount": 32, "votesCount": 81, "followersCount": 1, "website": null}, {"id": "planetfinance.eth", "name": "Planet", "twitter": "planet_finance", "proposalsCount": 90, "votesCount": 4259, "followersCount": 476, "website": "https://planet.finance/"}]