[{"id": "btcfly.eth", "name": "btcfly", "twitter": null, "proposalsCount": 15, "votesCount": 26, "followersCount": 9, "website": null}, {"id": "btcjo.eth", "name": "Daowork", "twitter": null, "proposalsCount": 1, "votesCount": 1, "followersCount": 0, "website": null}, {"id": "btcken.eth", "name": "BNBking", "twitter": null, "proposalsCount": 95, "votesCount": 271, "followersCount": 34, "website": null}, {"id": "btcmeme.eth", "name": "aoteman", "twitter": null, "proposalsCount": 0, "votesCount": 0, "followersCount": 0, "website": null}, {"id": "btcmore.eth", "name": "dao", "twitter": null, "proposalsCount": 2, "votesCount": 219, "followersCount": 1, "website": null}, {"id": "btcv5.eth", "name": "utgdao", "twitter": null, "proposalsCount": 3, "votesCount": 5, "followersCount": 1, "website": null}, {"id": "btspro.eth", "name": "RAFIQUL ISLAM ", "twitter": "rofikvai10", "proposalsCount": 0, "votesCount": 0, "followersCount": 1, "website": null}, {"id": "bubblebuddies.eth", "name": "Bubble Buddies", "twitter": null, "proposalsCount": 0, "votesCount": 0, "followersCount": 1, "website": null}, {"id": "bubbleswap.eth", "name": "Bubbleswap", "twitter": "bubbleswapdao", "proposalsCount": 3, "votesCount": 12, "followersCount": 14, "website": "https://bubbleswap.co/"}, {"id": "bubibu.eth", "name": "Bubi friends", "twitter": null, "proposalsCount": 2, "votesCount": 4, "followersCount": 3, "website": null}, {"id": "bucuo.eth", "name": "N/A DAO", "twitter": null, "proposalsCount": 6, "votesCount": 37, "followersCount": 7, "website": null}, {"id": "bug404.eth", "name": "Just vote!", "twitter": null, "proposalsCount": 14, "votesCount": 14, "followersCount": 4, "website": null}, {"id": "bug4what.eth", "name": "test bc", "twitter": null, "proposalsCount": 0, "votesCount": 0, "followersCount": 0, "website": null}, {"id": "bundemshake.eth", "name": "Degen4iki DAO", "twitter": null, "proposalsCount": 102, "votesCount": 135, "followersCount": 25, "website": null}, {"id": "bundeskunsthalle.eth", "name": "hito", "twitter": null, "proposalsCount": 2, "votesCount": 37, "followersCount": 5, "website": null}, {"id": "bungee-exchange.eth", "name": "bungee-exchange", "twitter": null, "proposalsCount": 1, "votesCount": 2, "followersCount": 17, "website": null}, {"id": "burooov.eth", "name": "buron", "twitter": null, "proposalsCount": 1, "votesCount": 1, "followersCount": 0, "website": null}, {"id": "burtonon.eth", "name": "Talisman", "twitter": null, "proposalsCount": 1, "votesCount": 1, "followersCount": 0, "website": null}, {"id": "busdc.eth", "name": "\u519c\u592b", "twitter": null, "proposalsCount": 1, "votesCount": 63, "followersCount": 7, "website": null}, {"id": "busdholder.eth", "name": "Busdholder", "twitter": null, "proposalsCount": 2, "votesCount": 3, "followersCount": 1, "website": null}]