[{"id": "0xmedlar.eth", "name": "coolsapce", "twitter": null, "proposalsCount": 1, "votesCount": 2, "followersCount": 0, "website": null}, {"id": "0xminicooper.eth", "name": "Mini Investment DAO", "twitter": null, "proposalsCount": 1, "votesCount": 1, "followersCount": 1, "website": null}, {"id": "0xnian.eth", "name": "01", "twitter": null, "proposalsCount": 1, "votesCount": 1, "followersCount": 1, "website": null}, {"id": "0xparadigm0x.eth", "name": "paradigm", "twitter": null, "proposalsCount": 1, "votesCount": 1, "followersCount": 1, "website": null}, {"id": "0xsei.eth", "name": "sei", "twitter": null, "proposalsCount": 1, "votesCount": 1, "followersCount": 1, "website": null}, {"id": "0xtonga.eth", "name": "Phoenix", "twitter": null, "proposalsCount": 0, "votesCount": 0, "followersCount": 3, "website": null}, {"id": "0xvivi.eth", "name": "oxvividao", "twitter": null, "proposalsCount": 1, "votesCount": 1, "followersCount": 1, "website": null}, {"id": "0xwhiterabbit.dcl.eth", "name": "White Rabbit ", "twitter": "0xwhiterabbit", "proposalsCount": 1, "votesCount": 0, "followersCount": 2, "website": "https://www.whiterabbitmovie.com"}, {"id": "0xworldcoin.eth", "name": "nxyz", "twitter": null, "proposalsCount": 1, "votesCount": 1, "followersCount": 1, "website": null}, {"id": "0xxrc.eth", "name": "xrc", "twitter": null, "proposalsCount": 1, "votesCount": 1, "followersCount": 1, "website": null}, {"id": "0xyuji.eth", "name": "rldm", "twitter": null, "proposalsCount": 1, "votesCount": 1, "followersCount": 1, "website": null}, {"id": "1000099.eth", "name": "Cris Dao", "twitter": null, "proposalsCount": 1, "votesCount": 1, "followersCount": 1, "website": null}, {"id": "100long.eth", "name": "ufor", "twitter": "Gygroom1", "proposalsCount": 1, "votesCount": 2, "followersCount": 0, "website": "https://messari.io/governor/daos"}, {"id": "107299.eth", "name": "107299 Dao", "twitter": null, "proposalsCount": 1, "votesCount": 1, "followersCount": 1, "website": null}, {"id": "111333444144.eth", "name": "rahifasahuter58", "twitter": null, "proposalsCount": 1, "votesCount": 1, "followersCount": 1, "website": null}, {"id": "112286.eth", "name": "BEEF", "twitter": null, "proposalsCount": 1, "votesCount": 1, "followersCount": 1, "website": null}, {"id": "112478.eth", "name": "COMP11", "twitter": null, "proposalsCount": 1, "votesCount": 1, "followersCount": 1, "website": null}, {"id": "113350.eth", "name": "DAO", "twitter": null, "proposalsCount": 1, "votesCount": 1, "followersCount": 1, "website": null}, {"id": "121.persichek.eth", "name": "bbbbw", "twitter": null, "proposalsCount": 1, "votesCount": 1, "followersCount": 1, "website": null}, {"id": "125166.eth", "name": "ens.club", "twitter": null, "proposalsCount": 1, "votesCount": 1, "followersCount": 1, "website": null}]