[{"id": "eth008.eth", "name": "snapshot", "twitter": null, "proposalsCount": 2, "votesCount": 0, "followersCount": 2, "website": null}, {"id": "eth2beaconchain.eth", "name": "ETH2 Beacon Chain", "twitter": null, "proposalsCount": 1, "votesCount": 1, "followersCount": 2, "website": null}, {"id": "eth6688.eth", "name": "web3\u5927\u822a\u6d77", "twitter": null, "proposalsCount": 1, "votesCount": 1, "followersCount": 2, "website": null}, {"id": "eth9999.eth", "name": "swsy", "twitter": null, "proposalsCount": 1, "votesCount": 0, "followersCount": 3, "website": null}, {"id": "ethereumgastracker.eth", "name": "Ethereum Gas Tracker", "twitter": null, "proposalsCount": 1, "votesCount": 1, "followersCount": 2, "website": null}, {"id": "ethergals.eth", "name": "EtherGals", "twitter": "ethergals", "proposalsCount": 0, "votesCount": 0, "followersCount": 4, "website": null}, {"id": "etherturtles.eth", "name": "Ether Turtles", "twitter": null, "proposalsCount": 2, "votesCount": 0, "followersCount": 2, "website": null}, {"id": "ething.eth", "name": "ething", "twitter": null, "proposalsCount": 2, "votesCount": 2, "followersCount": 0, "website": null}, {"id": "ethparaguay.eth", "name": "ethparaguay", "twitter": "ethparaguay", "proposalsCount": 0, "votesCount": 0, "followersCount": 4, "website": null}, {"id": "ethpiggie.eth", "name": "ethpiggie", "twitter": "andypiggie", "proposalsCount": 2, "votesCount": 0, "followersCount": 2, "website": null}, {"id": "ethstakerincentives.eth", "name": "Eth Staker Incentives", "twitter": null, "proposalsCount": 1, "votesCount": 2, "followersCount": 1, "website": "https://www.ethstakerincentives.org/"}, {"id": "ethxbnb.eth", "name": "sunny", "twitter": "accessdenied09", "proposalsCount": 1, "votesCount": 0, "followersCount": 3, "website": null}, {"id": "excuseme.eth", "name": "guangdao", "twitter": null, "proposalsCount": 1, "votesCount": 2, "followersCount": 1, "website": null}, {"id": "f40dao.eth", "name": "F40", "twitter": null, "proposalsCount": 2, "votesCount": 2, "followersCount": 0, "website": null}, {"id": "farcasterdao.eth", "name": "FarcasterDAO", "twitter": null, "proposalsCount": 1, "votesCount": 0, "followersCount": 3, "website": "https://www.farcaster.xyz/"}, {"id": "fatbull.eth", "name": "FATBULL PARTY \u62cd\u5356\u4ef7\u683c", "twitter": null, "proposalsCount": 1, "votesCount": 2, "followersCount": 1, "website": null}, {"id": "fffolio.eth", "name": "Folio", "twitter": "folionft", "proposalsCount": 0, "votesCount": 0, "followersCount": 4, "website": null}, {"id": "fhyjtw.eth", "name": "dj", "twitter": null, "proposalsCount": 1, "votesCount": 2, "followersCount": 1, "website": null}, {"id": "finding.eth", "name": "finding.eth", "twitter": null, "proposalsCount": 2, "votesCount": 0, "followersCount": 2, "website": null}, {"id": "firstone4.eth", "name": "firstone4", "twitter": null, "proposalsCount": 1, "votesCount": 0, "followersCount": 3, "website": null}]