[{"id": "kazumiprotocol.eth", "name": "Kazumi DAO", "twitter": "kazumierc", "proposalsCount": 2, "votesCount": 11, "followersCount": 16, "website": "https://kazumierc.xyz/"}, {"id": "kolodao.eth", "name": "KoloDAO", "twitter": null, "proposalsCount": 9, "votesCount": 18, "followersCount": 2, "website": null}, {"id": "m00nbags.eth", "name": "KRUNDAO", "twitter": null, "proposalsCount": 4, "votesCount": 20, "followersCount": 5, "website": null}, {"id": "magiceden.eth", "name": "Magic", "twitter": null, "proposalsCount": 2, "votesCount": 4, "followersCount": 23, "website": null}, {"id": "offyuk.eth", "name": "OFFY.UK", "twitter": "ukoffy", "proposalsCount": 1, "votesCount": 22, "followersCount": 6, "website": "https://offy.uk/"}, {"id": "peanutdao.eth", "name": "Peanut.Trade ", "twitter": null, "proposalsCount": 1, "votesCount": 25, "followersCount": 3, "website": null}, {"id": "phetta.eth", "name": "NULL", "twitter": "em0tionull", "proposalsCount": 14, "votesCount": 14, "followersCount": 1, "website": null}, {"id": "stagetech.eth", "name": "Stage", "twitter": null, "proposalsCount": 2, "votesCount": 0, "followersCount": 27, "website": null}, {"id": "thismeta.eth", "name": "infiNIGHT DAO", "twitter": null, "proposalsCount": 3, "votesCount": 20, "followersCount": 6, "website": null}, {"id": "tycoonpunks.eth", "name": "TycoonPunks DAO", "twitter": "TycoonPunks", "proposalsCount": 4, "votesCount": 16, "followersCount": 9, "website": "https://opensea.io/collection/tycoonpunksofficial"}, {"id": "valkyrie0x.eth", "name": "valkyrie", "twitter": null, "proposalsCount": 9, "votesCount": 14, "followersCount": 6, "website": null}, {"id": "viewsdao.eth", "name": "ViewsDAO", "twitter": "RealHappyBlock", "proposalsCount": 4, "votesCount": 16, "followersCount": 9, "website": "https://happyblocklabs.com/"}, {"id": "xiaoyouzi.eth", "name": "youziDAO", "twitter": null, "proposalsCount": 4, "votesCount": 22, "followersCount": 3, "website": null}, {"id": "yamp.eth", "name": "Yamp Finance", "twitter": "yampfinance", "proposalsCount": 6, "votesCount": 6, "followersCount": 17, "website": null}, {"id": "yuxishi.eth", "name": "\u5341\u4e8c111", "twitter": "GuyEva3", "proposalsCount": 3, "votesCount": 24, "followersCount": 2, "website": null}, {"id": "zeta", "name": "ZETA", "twitter": null, "proposalsCount": 4, "votesCount": 13, "followersCount": 12, "website": null}, {"id": "alipizra.eth", "name": "Fomo School", "twitter": "fomolabsxyz", "proposalsCount": 2, "votesCount": 22, "followersCount": 5, "website": "https://www.fomolabs.xyz/fomoschool"}, {"id": "chinakungfu.eth", "name": "chinakungfu", "twitter": null, "proposalsCount": 6, "votesCount": 18, "followersCount": 5, "website": null}, {"id": "daydayup.eth", "name": "\u7b80\u7231", "twitter": "yhx628", "proposalsCount": 11, "votesCount": 12, "followersCount": 6, "website": null}, {"id": "earlymajority.eth", "name": "Early Majority", "twitter": "earlymajority", "proposalsCount": 1, "votesCount": 24, "followersCount": 4, "website": "https://www.earlymajority.com"}]