[{"id": "078087.eth", "name": "OK", "twitter": null, "proposalsCount": 44, "votesCount": 219, "followersCount": 30, "website": null}, {"id": "07983.eth", "name": "07983", "twitter": null, "proposalsCount": 1, "votesCount": 1, "followersCount": 0, "website": null}, {"id": "08177.eth", "name": "08177", "twitter": null, "proposalsCount": 1, "votesCount": 1, "followersCount": 0, "website": null}, {"id": "08211973.eth", "name": "freelife", "twitter": null, "proposalsCount": 2, "votesCount": 251, "followersCount": 242, "website": null}, {"id": "0871780.eth", "name": "^^ dao", "twitter": null, "proposalsCount": 1, "votesCount": 1, "followersCount": 0, "website": null}, {"id": "08746.eth", "name": "08746", "twitter": null, "proposalsCount": 1, "votesCount": 1, "followersCount": 0, "website": null}, {"id": "088017.eth", "name": "088017.eth", "twitter": null, "proposalsCount": 11, "votesCount": 9, "followersCount": 9, "website": null}, {"id": "088058.eth", "name": "0x1ae7", "twitter": null, "proposalsCount": 2, "votesCount": 8, "followersCount": 6, "website": null}, {"id": "08916.eth", "name": "08916", "twitter": null, "proposalsCount": 1, "votesCount": 1, "followersCount": 0, "website": null}, {"id": "09023.eth", "name": "09023", "twitter": null, "proposalsCount": 1, "votesCount": 6, "followersCount": 0, "website": null}, {"id": "09122.eth", "name": "09122", "twitter": null, "proposalsCount": 1, "votesCount": 1, "followersCount": 0, "website": null}, {"id": "09270.eth", "name": "09270 DAO", "twitter": null, "proposalsCount": 4, "votesCount": 12, "followersCount": 4, "website": null}, {"id": "09520.eth", "name": "GAGA", "twitter": null, "proposalsCount": 1, "votesCount": 1, "followersCount": 1, "website": null}, {"id": "0ioox.eth", "name": "A2", "twitter": null, "proposalsCount": 1, "votesCount": 1, "followersCount": 1, "website": null}, {"id": "0ll0ll.eth", "name": "HoangKaio", "twitter": "kaiohoang", "proposalsCount": 0, "votesCount": 0, "followersCount": 0, "website": null}, {"id": "0ooby.eth", "name": "007", "twitter": null, "proposalsCount": 1, "votesCount": 1, "followersCount": 1, "website": null}, {"id": "0rigyn.eth", "name": "0rigyn", "twitter": "0rigynWorld", "proposalsCount": 0, "votesCount": 0, "followersCount": 1, "website": "https://0rigyn.world"}, {"id": "0rrrr.eth", "name": "0rrrr", "twitter": null, "proposalsCount": 1, "votesCount": 1, "followersCount": 2, "website": null}, {"id": "0usdt.eth", "name": "12121", "twitter": null, "proposalsCount": 40, "votesCount": 49, "followersCount": 54, "website": null}, {"id": "0v00x.eth", "name": "M2", "twitter": null, "proposalsCount": 1, "votesCount": 1, "followersCount": 1, "website": null}]