[{"id": "heroesmetaverse.eth", "name": "Heroes of the Metaverse", "twitter": "heroesmetaverse", "proposalsCount": 1, "votesCount": 10, "followersCount": 5, "website": null}, {"id": "honeypot-dao.eth", "name": "Honeypot DAO", "twitter": "BOBBOB15047599", "proposalsCount": 0, "votesCount": 0, "followersCount": 16, "website": "https://honeypot-dao.gitbook.io/honeypot-dao/"}, {"id": "huntingcoin.eth", "name": "HuntingCoin", "twitter": null, "proposalsCount": 0, "votesCount": 0, "followersCount": 16, "website": null}, {"id": "hustech.eth", "name": "MiniDao", "twitter": null, "proposalsCount": 1, "votesCount": 12, "followersCount": 3, "website": null}, {"id": "ianhiggins.eth", "name": "Higgins Network", "twitter": null, "proposalsCount": 7, "votesCount": 7, "followersCount": 2, "website": null}, {"id": "idmeta.eth", "name": "idmeta", "twitter": null, "proposalsCount": 2, "votesCount": 9, "followersCount": 5, "website": null}, {"id": "jitime.eth", "name": "Just In Time", "twitter": null, "proposalsCount": 14, "votesCount": 2, "followersCount": 0, "website": null}, {"id": "koumakan.eth", "name": "ICETOUHOU DAO", "twitter": null, "proposalsCount": 2, "votesCount": 4, "followersCount": 10, "website": null}, {"id": "lasilla.eth", "name": "La Barberia Web3 DAO", "twitter": "LaBarberiaWeb3", "proposalsCount": 7, "votesCount": 6, "followersCount": 3, "website": "https://labarberia.eth.limo/"}, {"id": "lepageromain.eth", "name": "aspect", "twitter": null, "proposalsCount": 5, "votesCount": 7, "followersCount": 4, "website": null}, {"id": "lodacicero.eth", "name": "lodacicerodao", "twitter": null, "proposalsCount": 7, "votesCount": 6, "followersCount": 3, "website": null}, {"id": "loyalfinance.eth", "name": "loyal.finance", "twitter": null, "proposalsCount": 2, "votesCount": 14, "followersCount": 0, "website": null}, {"id": "m23jordan.eth", "name": "NBA All STAR", "twitter": null, "proposalsCount": 2, "votesCount": 10, "followersCount": 4, "website": null}, {"id": "manestest.eth", "name": "Manes Test", "twitter": null, "proposalsCount": 3, "votesCount": 9, "followersCount": 4, "website": null}, {"id": "marbleclash.eth", "name": "MarbleClash", "twitter": "MarbleCardsInfo", "proposalsCount": 3, "votesCount": 13, "followersCount": 0, "website": null}, {"id": "mate40pro.eth", "name": "mate40pro", "twitter": null, "proposalsCount": 0, "votesCount": 0, "followersCount": 16, "website": null}, {"id": "modeplc.eth", "name": "modeplc", "twitter": null, "proposalsCount": 3, "votesCount": 10, "followersCount": 3, "website": null}, {"id": "morenwang.eth", "name": "moren", "twitter": null, "proposalsCount": 4, "votesCount": 8, "followersCount": 4, "website": null}, {"id": "mountainsea.eth", "name": "Mountainsea", "twitter": "Mountainsea", "proposalsCount": 3, "votesCount": 2, "followersCount": 11, "website": null}, {"id": "myapi.eth", "name": "EarnDAO", "twitter": null, "proposalsCount": 2, "votesCount": 6, "followersCount": 8, "website": null}]