[{"id": "artofpunks.eth", "name": "09", "twitter": null, "proposalsCount": 1, "votesCount": 1, "followersCount": 1, "website": null}, {"id": "arts.ethtag.eth", "name": "ARTSDAO", "twitter": null, "proposalsCount": 1, "votesCount": 1, "followersCount": 1, "website": null}, {"id": "arts.joints.eth", "name": "ARTSDAO", "twitter": null, "proposalsCount": 1, "votesCount": 1, "followersCount": 1, "website": null}, {"id": "asa88.eth", "name": "nsdr dao", "twitter": null, "proposalsCount": 1, "votesCount": 1, "followersCount": 1, "website": null}, {"id": "aseni.eth", "name": "asen", "twitter": null, "proposalsCount": 1, "votesCount": 1, "followersCount": 1, "website": null}, {"id": "ashford.eth", "name": "ashford", "twitter": null, "proposalsCount": 1, "votesCount": 0, "followersCount": 2, "website": null}, {"id": "asia.freesubs.eth", "name": "ASIADAO", "twitter": null, "proposalsCount": 1, "votesCount": 1, "followersCount": 1, "website": null}, {"id": "asia.joints.eth", "name": "asiaDAO", "twitter": null, "proposalsCount": 1, "votesCount": 1, "followersCount": 1, "website": null}, {"id": "asian.joints.eth", "name": "ASIANDAO", "twitter": null, "proposalsCount": 1, "votesCount": 1, "followersCount": 1, "website": null}, {"id": "asianndragon.eth", "name": "67", "twitter": null, "proposalsCount": 1, "votesCount": 1, "followersCount": 1, "website": null}, {"id": "assept.eth", "name": "ewew", "twitter": null, "proposalsCount": 1, "votesCount": 1, "followersCount": 1, "website": null}, {"id": "asshitasu.eth", "name": "shit", "twitter": null, "proposalsCount": 1, "votesCount": 1, "followersCount": 1, "website": null}, {"id": "ast86.eth", "name": "ast", "twitter": null, "proposalsCount": 1, "votesCount": 1, "followersCount": 1, "website": null}, {"id": "astridgiselle.eth", "name": "04", "twitter": null, "proposalsCount": 1, "votesCount": 1, "followersCount": 1, "website": null}, {"id": "atass.eth", "name": "atass", "twitter": null, "proposalsCount": 1, "votesCount": 1, "followersCount": 1, "website": null}, {"id": "athamefinance.eth", "name": "Athame Finance", "twitter": "athamefinance", "proposalsCount": 1, "votesCount": 1, "followersCount": 1, "website": "https://athame.finance/"}, {"id": "athikhasan.eth", "name": "Md Athikul Islam ", "twitter": "Athik02", "proposalsCount": 1, "votesCount": 0, "followersCount": 2, "website": null}, {"id": "atom.freesubs.eth", "name": "ATOMDAO", "twitter": null, "proposalsCount": 1, "votesCount": 1, "followersCount": 1, "website": null}, {"id": "atom.joints.eth", "name": "ATOMDAO", "twitter": null, "proposalsCount": 1, "votesCount": 1, "followersCount": 1, "website": null}, {"id": "auction.criptotwitter.eth", "name": "auctionDAO", "twitter": null, "proposalsCount": 1, "votesCount": 1, "followersCount": 1, "website": null}]