[{"id": "eth168.eth", "name": "alan", "twitter": null, "proposalsCount": 1, "votesCount": 0, "followersCount": 4, "website": null}, {"id": "ethisfuture.eth", "name": "rookiedao", "twitter": null, "proposalsCount": 2, "votesCount": 3, "followersCount": 0, "website": null}, {"id": "ethrunner.eth", "name": "Eponym DAO", "twitter": "", "proposalsCount": 1, "votesCount": 2, "followersCount": 2, "website": null}, {"id": "eunidao.eth", "name": "EuniDAO", "twitter": null, "proposalsCount": 1, "votesCount": 2, "followersCount": 2, "website": null}, {"id": "extramoneybd.eth", "name": "extramoney", "twitter": null, "proposalsCount": 1, "votesCount": 2, "followersCount": 2, "website": null}, {"id": "fccrypto.eth", "name": "metaverse", "twitter": null, "proposalsCount": 1, "votesCount": 2, "followersCount": 2, "website": null}, {"id": "febtest.earthfund.eth", "name": "februarytesting", "twitter": null, "proposalsCount": 2, "votesCount": 2, "followersCount": 1, "website": null}, {"id": "fefuar.eth", "name": "FiLAO ", "twitter": null, "proposalsCount": 1, "votesCount": 3, "followersCount": 1, "website": null}, {"id": "firestack.eth", "name": "Firestack", "twitter": null, "proposalsCount": 3, "votesCount": 0, "followersCount": 2, "website": null}, {"id": "firstbtc.eth", "name": "ethereumdao", "twitter": null, "proposalsCount": 1, "votesCount": 1, "followersCount": 3, "website": null}, {"id": "fluffycoin.eth", "name": "Fluffy Coin", "twitter": "flufcoin", "proposalsCount": 0, "votesCount": 0, "followersCount": 5, "website": null}, {"id": "fork-finance.eth", "name": "Fork Finance", "twitter": "ForkFinance", "proposalsCount": 1, "votesCount": 4, "followersCount": 0, "website": null}, {"id": "free1984.eth", "name": "Freedom1984", "twitter": null, "proposalsCount": 2, "votesCount": 2, "followersCount": 1, "website": null}, {"id": "frogdaogov.eth", "name": "FrogDAO Governance", "twitter": "frogdao", "proposalsCount": 1, "votesCount": 4, "followersCount": 0, "website": null}, {"id": "ftmscan.eth", "name": "ftmscandao", "twitter": null, "proposalsCount": 1, "votesCount": 1, "followersCount": 3, "website": null}, {"id": "fulldaoavax.eth", "name": "FullDAO", "twitter": null, "proposalsCount": 2, "votesCount": 3, "followersCount": 0, "website": null}, {"id": "funfun.eth", "name": "funfunDAO", "twitter": "chsss3", "proposalsCount": 2, "votesCount": 2, "followersCount": 1, "website": null}, {"id": "gaming-stars.eth", "name": "Gaming Stars", "twitter": null, "proposalsCount": 1, "votesCount": 2, "followersCount": 2, "website": null}, {"id": "garbirel.eth", "name": "ZCoin", "twitter": null, "proposalsCount": 1, "votesCount": 2, "followersCount": 2, "website": null}, {"id": "gayago.eth", "name": "gaya space", "twitter": "DyduShud", "proposalsCount": 3, "votesCount": 1, "followersCount": 1, "website": null}]