[{"id": "shikidao.eth", "name": "Shiki DAO", "twitter": null, "proposalsCount": 1, "votesCount": 11, "followersCount": 16, "website": null}, {"id": "thangleo.eth", "name": "Leo DAO", "twitter": null, "proposalsCount": 9, "votesCount": 11, "followersCount": 8, "website": null}, {"id": "theheirgame.eth", "name": "Heir: A Game of Inheritance", "twitter": "heir_game", "proposalsCount": 1, "votesCount": 24, "followersCount": 3, "website": null}, {"id": "thousandfacesdao.eth", "name": "Thousand Faces", "twitter": "1000FacesNFT", "proposalsCount": 1, "votesCount": 25, "followersCount": 2, "website": "https://thousandfaces.art"}, {"id": "wejusticedao.eth", "name": "JusticeDAO", "twitter": "WeJusticeDAO", "proposalsCount": 1, "votesCount": 19, "followersCount": 8, "website": null}, {"id": "wirtualapp.eth", "name": "WIRTUAL", "twitter": "WIRTUALapp", "proposalsCount": 1, "votesCount": 10, "followersCount": 17, "website": "https://wirtual.co/"}, {"id": "yaxisdao.eth", "name": "yAxis DAO", "twitter": null, "proposalsCount": 1, "votesCount": 27, "followersCount": 0, "website": null}, {"id": "crypto-gaming-united.eth", "name": "Crypto Gaming United (CGU)", "twitter": "cryptogamingutd", "proposalsCount": 2, "votesCount": 15, "followersCount": 11, "website": "https://www.cgu.io"}, {"id": "entest.eth", "name": "entest.eth", "twitter": null, "proposalsCount": 12, "votesCount": 12, "followersCount": 4, "website": null}, {"id": "giegie.eth", "name": "giegie", "twitter": null, "proposalsCount": 2, "votesCount": 21, "followersCount": 5, "website": null}, {"id": "holand.eth", "name": "holand", "twitter": "", "proposalsCount": 1, "votesCount": 3, "followersCount": 24, "website": null}, {"id": "longdrinkfinance.eth", "name": "Longdrink Finance", "twitter": "LongdrinkDefi", "proposalsCount": 4, "votesCount": 24, "followersCount": 0, "website": null}, {"id": "0xgravity.eth", "name": "Gravity DAO", "twitter": null, "proposalsCount": 5, "votesCount": 17, "followersCount": 5, "website": null}, {"id": "360cn.eth", "name": "360cn", "twitter": null, "proposalsCount": 16, "votesCount": 1, "followersCount": 10, "website": null}, {"id": "371234.eth", "name": "stg vote", "twitter": null, "proposalsCount": 10, "votesCount": 9, "followersCount": 8, "website": null}, {"id": "b-money.eth", "name": "B-MONEY", "twitter": "B_MONEY_DAO", "proposalsCount": 3, "votesCount": 13, "followersCount": 11, "website": null}, {"id": "beipiao.eth", "name": "fecococo", "twitter": "tyoung11d", "proposalsCount": 3, "votesCount": 13, "followersCount": 11, "website": null}, {"id": "btcool.eth", "name": "web3.0", "twitter": "", "proposalsCount": 7, "votesCount": 9, "followersCount": 11, "website": null}, {"id": "calamansi.eth", "name": "calamansiDao", "twitter": null, "proposalsCount": 4, "votesCount": 2, "followersCount": 21, "website": null}, {"id": "cargo", "name": "Cargo", "twitter": null, "proposalsCount": 0, "votesCount": 0, "followersCount": 27, "website": null}]