[{"id": "jokedao.eth", "name": "jokedao", "twitter": "jokedao_", "proposalsCount": 1, "votesCount": 0, "followersCount": 5, "website": null}, {"id": "justcreate.eth", "name": "Just Create", "twitter": null, "proposalsCount": 1, "votesCount": 0, "followersCount": 5, "website": null}, {"id": "leosayous21.sismo.eth", "name": "test", "twitter": null, "proposalsCount": 1, "votesCount": 0, "followersCount": 5, "website": null}, {"id": "linxiapioneer.eth", "name": "Altcoin discord", "twitter": null, "proposalsCount": 2, "votesCount": 3, "followersCount": 1, "website": null}, {"id": "madlord.eth", "name": "Spoodee DAO", "twitter": "spoodeemoon", "proposalsCount": 1, "votesCount": 0, "followersCount": 5, "website": null}, {"id": "magiclandfi.eth", "name": "(inactive) refer to MAGIC DAO", "twitter": "0xMagicland", "proposalsCount": 1, "votesCount": 0, "followersCount": 5, "website": null}, {"id": "maik2hello.eth", "name": "MAIK PARTYBID", "twitter": null, "proposalsCount": 1, "votesCount": 0, "followersCount": 5, "website": "https://www.partybid.app/buy/0xD55304fB4Ca01F40d0fA87b1C28Dda3f16a17A08"}, {"id": "masim.eth", "name": "satoshi space", "twitter": "Balleb2", "proposalsCount": 1, "votesCount": 5, "followersCount": 0, "website": null}, {"id": "meta-000.eth", "name": "richdao", "twitter": "big_rango", "proposalsCount": 2, "votesCount": 3, "followersCount": 1, "website": null}, {"id": "metainfinite.eth", "name": "0xHelloWorld", "twitter": null, "proposalsCount": 3, "votesCount": 2, "followersCount": 1, "website": null}, {"id": "musky.eth", "name": "Musky.ETH", "twitter": "musky_ai", "proposalsCount": 1, "votesCount": 4, "followersCount": 1, "website": null}, {"id": "my8848.eth", "name": "8848 DAO", "twitter": null, "proposalsCount": 1, "votesCount": 0, "followersCount": 5, "website": null}, {"id": "nebeus.eth", "name": "nebeus", "twitter": null, "proposalsCount": 2, "votesCount": 3, "followersCount": 1, "website": null}, {"id": "netmocracy.eth", "name": "Netmocracy", "twitter": "redmocraciaorg", "proposalsCount": 2, "votesCount": 3, "followersCount": 1, "website": "https://www.redmocracia.org"}, {"id": "newblock.eth", "name": "Newblock Dao", "twitter": null, "proposalsCount": 1, "votesCount": 4, "followersCount": 1, "website": null}, {"id": "nftlfg.eth", "name": "nftlfgdao", "twitter": null, "proposalsCount": 1, "votesCount": 4, "followersCount": 1, "website": null}, {"id": "nuketoken.eth", "name": "Nuke Token", "twitter": "NukeToken", "proposalsCount": 1, "votesCount": 4, "followersCount": 1, "website": "https://docs.nuketoken.xyz/"}, {"id": "nuridao.eth", "name": "NuriDAO", "twitter": null, "proposalsCount": 1, "votesCount": 0, "followersCount": 5, "website": null}, {"id": "oggata.eth", "name": "oggata", "twitter": null, "proposalsCount": 3, "votesCount": 2, "followersCount": 1, "website": null}, {"id": "punkprotocol.eth", "name": "Punk Protocol", "twitter": "PunkProtocol", "proposalsCount": 5, "votesCount": 0, "followersCount": 1, "website": null}]