[{"id": "protey.eth", "name": "Sheospace", "twitter": null, "proposalsCount": 2, "votesCount": 13, "followersCount": 5, "website": null}, {"id": "proumb.eth", "name": "ZXQ", "twitter": null, "proposalsCount": 1, "votesCount": 2, "followersCount": 1, "website": null}, {"id": "proxychat.xyz", "name": "Proxy", "twitter": "proxychatxyz", "proposalsCount": 1, "votesCount": 8, "followersCount": 1, "website": "https://www.proxychat.xyz"}, {"id": "psjourneys.eth", "name": "PowerShift Journeys", "twitter": null, "proposalsCount": 1, "votesCount": 0, "followersCount": 1, "website": null}, {"id": "ptalk.eth", "name": "ptalk", "twitter": null, "proposalsCount": 1, "votesCount": 1, "followersCount": 1, "website": null}, {"id": "publicschool.eth", "name": "Testing", "twitter": null, "proposalsCount": 0, "votesCount": 0, "followersCount": 0, "website": null}, {"id": "publme.eth", "name": "Musicverse DAO", "twitter": null, "proposalsCount": 0, "votesCount": 0, "followersCount": 7, "website": "https://publme.eth.link"}, {"id": "pukhraj.eth", "name": "pukhraj.eth", "twitter": null, "proposalsCount": 1, "votesCount": 1, "followersCount": 1, "website": null}, {"id": "pulsarswap.eth", "name": "Pulsar Protocol", "twitter": "PulsarSwap", "proposalsCount": 0, "votesCount": 0, "followersCount": 11, "website": "https://pulsarswap.com"}, {"id": "puml.eth", "name": "PUML Better Health", "twitter": "pumlhealthio", "proposalsCount": 0, "votesCount": 0, "followersCount": 3, "website": "https://pumlx.com"}, {"id": "punctual1.eth", "name": "avtabaord", "twitter": null, "proposalsCount": 0, "votesCount": 0, "followersCount": 1, "website": null}, {"id": "punk3106.eth", "name": "NFT DAO", "twitter": null, "proposalsCount": 0, "votesCount": 0, "followersCount": 0, "website": null}, {"id": "punk5734.eth", "name": "Tutaitam", "twitter": null, "proposalsCount": 3, "votesCount": 231, "followersCount": 215, "website": null}, {"id": "punksoul.eth", "name": "Mutant Punk", "twitter": null, "proposalsCount": 3, "votesCount": 6, "followersCount": 2, "website": null}, {"id": "purplestorm.eth", "name": "Purplestorm", "twitter": null, "proposalsCount": 2, "votesCount": 1, "followersCount": 1, "website": null}, {"id": "puskasgyorgy.eth", "name": "Puskas net", "twitter": null, "proposalsCount": 0, "votesCount": 0, "followersCount": 1, "website": null}, {"id": "puzlworld.eth", "name": "PuzlWorld", "twitter": null, "proposalsCount": 2, "votesCount": 36, "followersCount": 12, "website": null}, {"id": "pwrfwd.eth", "name": "PWRFWD", "twitter": null, "proposalsCount": 0, "votesCount": 0, "followersCount": 0, "website": null}, {"id": "pytanie.eth", "name": "question", "twitter": null, "proposalsCount": 1, "votesCount": 1, "followersCount": 0, "website": null}, {"id": "qatardev.eth", "name": "Qatarcoin", "twitter": "qatarcoinapp", "proposalsCount": 9, "votesCount": 50, "followersCount": 13, "website": "https://qatarcoin.app/"}]