[{"id": "basketdao.eth", "name": "BasketDAO", "twitter": "basketdaoorg", "proposalsCount": 19, "votesCount": 1001, "followersCount": 8, "website": null}, {"id": "gokumarketdao.eth", "name": "GokuMarket DAO", "twitter": "GokuMarket", "proposalsCount": 1, "votesCount": 1016, "followersCount": 9, "website": "https://betadex.gokumarket.com/"}, {"id": "jjjjjaxdeng.eth", "name": "SkillDAO", "twitter": "jaxdeng2", "proposalsCount": 7, "votesCount": 995, "followersCount": 23, "website": null}, {"id": "tomfinance.eth", "name": "Tom Finance", "twitter": "TOMSwapGroup", "proposalsCount": 1, "votesCount": 20, "followersCount": 1004, "website": "https://tom.finance/"}, {"id": "hifi-finance.eth", "name": "Hifi Finance", "twitter": "HifiFinance", "proposalsCount": 2, "votesCount": 643, "followersCount": 379, "website": "https://hifi.finance"}, {"id": "polydoge.eth", "name": "PolyDoge", "twitter": "PolyDoge", "proposalsCount": 46, "votesCount": 690, "followersCount": 286, "website": null}, {"id": "rawdao.eth", "name": "RAW DAO", "twitter": "theRAWdao", "proposalsCount": 26, "votesCount": 930, "followersCount": 66, "website": "https://www.rawdao.xyz"}, {"id": "bobiccat.eth", "name": "matic jiojio", "twitter": null, "proposalsCount": 9, "votesCount": 2, "followersCount": 9, "website": null}, {"id": "riskharbor.eth", "name": "Risk Harbor", "twitter": "riskharbor", "proposalsCount": 6, "votesCount": 442, "followersCount": 572, "website": null}, {"id": "cronachef.eth", "name": "CronaSwap", "twitter": "cronaswap", "proposalsCount": 4, "votesCount": 898, "followersCount": 116, "website": null}, {"id": "web3campio.eth", "name": "Web3Camp", "twitter": "Web3camp_io", "proposalsCount": 6, "votesCount": 348, "followersCount": 563, "website": "https://www.web3camp.io/"}, {"id": "coolcookiesnft.eth", "name": "Cool Cookies", "twitter": "coolcookies_nft", "proposalsCount": 15, "votesCount": 684, "followersCount": 17, "website": "https://www.coolcookiesnft.com/"}, {"id": "rhttoken.eth", "name": "Royalty Holding Token", "twitter": null, "proposalsCount": 3, "votesCount": 36, "followersCount": 26, "website": "https://royaltyholdingtoken.com/"}, {"id": "spaceidprotocol.eth", "name": "SPACE ID", "twitter": "SpaceIDProtocol", "proposalsCount": 1, "votesCount": 19, "followersCount": 494, "website": "https://space.id/"}, {"id": "cashcowprotocol.eth", "name": "CashCow Protocol", "twitter": "CashCowProtocol", "proposalsCount": 12, "votesCount": 267, "followersCount": 83, "website": null}, {"id": "poodealz.eth", "name": "PooDealzDAO", "twitter": "poodealzof", "proposalsCount": 9, "votesCount": 90, "followersCount": 7, "website": "https://poodealz.app/"}, {"id": "shroomz.eth", "name": "shroomDAO", "twitter": "shroomzNFT", "proposalsCount": 11, "votesCount": 930, "followersCount": 65, "website": null}, {"id": "kia-gov.eth", "name": "Koala Intelligence Agency", "twitter": "KoalaAgencyNFT", "proposalsCount": 7, "votesCount": 925, "followersCount": 72, "website": null}, {"id": "threshold.eth", "name": "Threshold Network", "twitter": "TheTNetwork", "proposalsCount": 49, "votesCount": 835, "followersCount": 117, "website": "https://threshold.network"}, {"id": "yunyu001.eth", "name": "yunyu DAO", "twitter": null, "proposalsCount": 57, "votesCount": 142, "followersCount": 50, "website": null}]