[{"id": "swen.eth", "name": "utopia", "twitter": null, "proposalsCount": 4, "votesCount": 0, "followersCount": 1, "website": null}, {"id": "syhong.eth", "name": " Mocaspace", "twitter": null, "proposalsCount": 1, "votesCount": 0, "followersCount": 4, "website": "http://www.mocaspace.xyz"}, {"id": "syou-nft.eth", "name": "Test", "twitter": null, "proposalsCount": 2, "votesCount": 2, "followersCount": 1, "website": null}, {"id": "tehseen.eth", "name": "Tehseen", "twitter": "tehseen1891", "proposalsCount": 1, "votesCount": 1, "followersCount": 3, "website": "https://www.twitter.com/tehseen1891"}, {"id": "temmuz.eth", "name": "Wen?", "twitter": null, "proposalsCount": 1, "votesCount": 2, "followersCount": 2, "website": null}, {"id": "testtesttest.eth", "name": "TEST", "twitter": null, "proposalsCount": 2, "votesCount": 2, "followersCount": 1, "website": null}, {"id": "the-great-barrier-reef.eth", "name": "the-great-barrier-reef", "twitter": null, "proposalsCount": 1, "votesCount": 2, "followersCount": 2, "website": null}, {"id": "the3rdcontinent.eth", "name": "Nervape", "twitter": "nervapes", "proposalsCount": 1, "votesCount": 2, "followersCount": 2, "website": "https://www.nervape.com/"}, {"id": "theblockepic.eth", "name": "BlockEpic", "twitter": "CryptoBlockEpic", "proposalsCount": 1, "votesCount": 1, "followersCount": 3, "website": "https://www.blockepic.xyz"}, {"id": "theglitchesdao.eth", "name": "The Glitches", "twitter": "theglitches_", "proposalsCount": 1, "votesCount": 1, "followersCount": 3, "website": null}, {"id": "thekungfu.eth", "name": "MAODAO", "twitter": null, "proposalsCount": 3, "votesCount": 1, "followersCount": 1, "website": null}, {"id": "thepark.eth", "name": "the park ", "twitter": "thepark", "proposalsCount": 0, "votesCount": 0, "followersCount": 5, "website": "https://thepark.wtf/"}, {"id": "thescientificblock.eth", "name": "thescientificblock", "twitter": null, "proposalsCount": 3, "votesCount": 0, "followersCount": 2, "website": null}, {"id": "thunderlizard.eth", "name": "Outliers", "twitter": "outlierdao", "proposalsCount": 1, "votesCount": 3, "followersCount": 1, "website": "https://outliers.build"}, {"id": "todosomething.eth", "name": "comptt", "twitter": null, "proposalsCount": 2, "votesCount": 2, "followersCount": 1, "website": null}, {"id": "tomita.eth", "name": "people  yyds", "twitter": null, "proposalsCount": 2, "votesCount": 0, "followersCount": 3, "website": null}, {"id": "toshidao.eth", "name": "TOSHI DAO", "twitter": "ToshiMon_", "proposalsCount": 4, "votesCount": 0, "followersCount": 1, "website": null}, {"id": "tptdao.eth", "name": "TPT DAO", "twitter": "TokenPocket_TP", "proposalsCount": 0, "votesCount": 0, "followersCount": 5, "website": null}, {"id": "travelinho.eth", "name": "MySpace", "twitter": null, "proposalsCount": 1, "votesCount": 2, "followersCount": 2, "website": null}, {"id": "treefinance.eth", "name": "Tree Finance ", "twitter": null, "proposalsCount": 2, "votesCount": 1, "followersCount": 2, "website": null}]