[{"id": "dapplearning.eth", "name": "Dapp-Learning DAO", "twitter": "Dapp_Learning", "proposalsCount": 1, "votesCount": 14, "followersCount": 64, "website": "https://www.youtube.com/c/DappLearning"}, {"id": "dmex.eth", "name": "DMEX", "twitter": "DMEX_finance", "proposalsCount": 3, "votesCount": 43, "followersCount": 33, "website": null}, {"id": "femboydao.eth", "name": "FemboyDAO", "twitter": "FemboyDAO", "proposalsCount": 5, "votesCount": 68, "followersCount": 6, "website": "https://femboys.io"}, {"id": "lesanft.eth", "name": "Lesa4nft", "twitter": "lesa4nft", "proposalsCount": 32, "votesCount": 32, "followersCount": 15, "website": null}, {"id": "niebin.eth", "name": "August Sander 10K collection", "twitter": null, "proposalsCount": 1, "votesCount": 77, "followersCount": 1, "website": "https://fellowship.xyz/"}, {"id": "pansheng777.eth", "name": "pansheng", "twitter": null, "proposalsCount": 34, "votesCount": 34, "followersCount": 11, "website": null}, {"id": "s-cats.eth", "name": "Supercats", "twitter": "Super__Cats", "proposalsCount": 3, "votesCount": 60, "followersCount": 16, "website": "http://Supercats.io"}, {"id": "shibusociety.eth", "name": "SHIBU Society DAO", "twitter": "ShibuSocietyNFT", "proposalsCount": 13, "votesCount": 62, "followersCount": 4, "website": "https://www.shibusociety.com"}, {"id": "space-dex.eth", "name": "Space Dex", "twitter": "spacedexF", "proposalsCount": 2, "votesCount": 77, "followersCount": 0, "website": "https://space-dex.io"}, {"id": "sunblocks.eth", "name": "Sun Blocks", "twitter": "sunblocks_nft", "proposalsCount": 6, "votesCount": 67, "followersCount": 6, "website": null}, {"id": "univmoney.eth", "name": "Universe", "twitter": "univmoney", "proposalsCount": 5, "votesCount": 58, "followersCount": 16, "website": null}, {"id": "wolfguildvote.eth", "name": "The Wolf Guild Votes", "twitter": "wolfguild_", "proposalsCount": 3, "votesCount": 60, "followersCount": 16, "website": "https://wolfguild.io/"}, {"id": "yb1994.eth", "name": "Coinbase", "twitter": null, "proposalsCount": 2, "votesCount": 0, "followersCount": 27, "website": null}, {"id": "kopidao.eth", "name": "KopiDAO", "twitter": "thekopidao", "proposalsCount": 5, "votesCount": 66, "followersCount": 7, "website": "https://kopidao.com"}, {"id": "onemoon.eth", "name": "OneMoon", "twitter": "ONEMOONMOCHI", "proposalsCount": 4, "votesCount": 56, "followersCount": 18, "website": "https://onemoon.io/"}, {"id": "primenumbers.xyz", "name": "Prime Numbers Ecosytem", "twitter": "PrimeNumbersFi", "proposalsCount": 1, "votesCount": 65, "followersCount": 12, "website": "https://www.primenumbers.xyz/"}, {"id": "rndnetwork.eth", "name": "RND Network", "twitter": null, "proposalsCount": 30, "votesCount": 47, "followersCount": 1, "website": null}, {"id": "sanitrader.eth", "name": "cyber atticc", "twitter": null, "proposalsCount": 16, "votesCount": 54, "followersCount": 8, "website": null}, {"id": "shinigami666.eth", "name": "Shinigami Dao", "twitter": "TokenShinigami", "proposalsCount": 4, "votesCount": 57, "followersCount": 17, "website": "https://www.shinigamidao.com/"}, {"id": "subx.eth", "name": "SUBX FINANCE LAB", "twitter": "officialsubx", "proposalsCount": 1, "votesCount": 61, "followersCount": 16, "website": null}]