[{"id": "tahiyah.eth", "name": "Defi", "twitter": "rakibabid1", "proposalsCount": 0, "votesCount": 0, "followersCount": 0, "website": null}, {"id": "tahodao.eth", "name": "Taho", "twitter": "taho_xyz", "proposalsCount": 1, "votesCount": 20789, "followersCount": 23127, "website": null}, {"id": "taihang.eth", "name": "taihang.dao", "twitter": null, "proposalsCount": 1, "votesCount": 6, "followersCount": 2, "website": null}, {"id": "taikoxyz.eth", "name": "nikenike", "twitter": null, "proposalsCount": 0, "votesCount": 0, "followersCount": 1, "website": null}, {"id": "tailwaggersclub.eth", "name": "Tail Waggers Club", "twitter": "TailWaggersNFT", "proposalsCount": 0, "votesCount": 0, "followersCount": 0, "website": "http://tailwaggersclub.io"}, {"id": "taiyuanchina.eth", "name": "jiayuok", "twitter": null, "proposalsCount": 1, "votesCount": 2, "followersCount": 2, "website": null}, {"id": "tajnft.eth", "name": "arman", "twitter": null, "proposalsCount": 0, "votesCount": 0, "followersCount": 0, "website": null}, {"id": "takoyaki8.eth", "name": "takoyaki", "twitter": null, "proposalsCount": 2, "votesCount": 1, "followersCount": 2, "website": null}, {"id": "takoyakki.eth", "name": "Chi", "twitter": null, "proposalsCount": 0, "votesCount": 0, "followersCount": 0, "website": null}, {"id": "tanawat.eth", "name": "MainDaO", "twitter": null, "proposalsCount": 0, "votesCount": 0, "followersCount": 0, "website": null}, {"id": "tangerineglobal.eth", "name": "Tangerine Global", "twitter": "tangerinenft", "proposalsCount": 2, "votesCount": 23, "followersCount": 2, "website": null}, {"id": "tangjieyue.eth", "name": "tang", "twitter": null, "proposalsCount": 0, "votesCount": 0, "followersCount": 0, "website": null}, {"id": "tangshen.eth", "name": "pifa", "twitter": null, "proposalsCount": 0, "votesCount": 0, "followersCount": 0, "website": null}, {"id": "tangwenjing.eth", "name": "summer", "twitter": null, "proposalsCount": 1, "votesCount": 2, "followersCount": 0, "website": null}, {"id": "tanishq4826.eth", "name": "Tarun", "twitter": "Tarun4507", "proposalsCount": 0, "votesCount": 0, "followersCount": 1, "website": null}, {"id": "tanjiaoyun.eth", "name": "\u51c9\u6c34dao", "twitter": null, "proposalsCount": 1, "votesCount": 2, "followersCount": 2, "website": null}, {"id": "tank555.eth", "name": "eig18", "twitter": null, "proposalsCount": 1, "votesCount": 4, "followersCount": 4, "website": null}, {"id": "tao1518015180.eth", "name": "   tao1518015180.eth", "twitter": null, "proposalsCount": 1, "votesCount": 10, "followersCount": 7, "website": null}, {"id": "taobao888.eth", "name": "dududu", "twitter": null, "proposalsCount": 1, "votesCount": 1, "followersCount": 1, "website": null}, {"id": "taobaow.eth", "name": "\u840c\u840c\u54d2", "twitter": "tty70763", "proposalsCount": 28, "votesCount": 460, "followersCount": 67, "website": "https://twitter.com/tty70763"}]