[{"id": "winwinclub.eth", "name": "Win-Win Club", "twitter": null, "proposalsCount": 1, "votesCount": 2, "followersCount": 9, "website": "https://t.me/BitEsq"}, {"id": "workbarsauna.eth", "name": "NAGONO WORK BAR \uff06SAUNA", "twitter": null, "proposalsCount": 1, "votesCount": 0, "followersCount": 11, "website": "https://leopards.co.jp/service/workbarsauna"}, {"id": "wormchurch.eth", "name": "The Church of the Worm", "twitter": "TheWormNFT", "proposalsCount": 1, "votesCount": 5, "followersCount": 6, "website": "https://theworm.wtf/"}, {"id": "wuislet.eth", "name": "wuislet", "twitter": "isletwu", "proposalsCount": 2, "votesCount": 6, "followersCount": 4, "website": null}, {"id": "wujianliwu.eth", "name": "wuwu", "twitter": null, "proposalsCount": 1, "votesCount": 11, "followersCount": 0, "website": null}, {"id": "xgzszdfs.eth", "name": "\u5f90\u516c\u5b50\u80dc\u6cbb\u7684Fans", "twitter": null, "proposalsCount": 2, "votesCount": 2, "followersCount": 8, "website": null}, {"id": "zedhorses.eth", "name": "Zed Horse Owners", "twitter": null, "proposalsCount": 1, "votesCount": 5, "followersCount": 6, "website": null}, {"id": "\u73e0\u7a46\u6717\u739b\u5cf0.eth", "name": "Vote Eth Dao", "twitter": null, "proposalsCount": 3, "votesCount": 6, "followersCount": 3, "website": null}, {"id": "0x0318.eth", "name": "0x0318 house", "twitter": null, "proposalsCount": 2, "votesCount": 2, "followersCount": 7, "website": null}, {"id": "0xrev.eth", "name": "REV", "twitter": null, "proposalsCount": 7, "votesCount": 2, "followersCount": 2, "website": null}, {"id": "680989.eth", "name": "680988", "twitter": null, "proposalsCount": 1, "votesCount": 5, "followersCount": 5, "website": null}, {"id": "886161.eth", "name": "NIU zi CLUB", "twitter": null, "proposalsCount": 2, "votesCount": 7, "followersCount": 2, "website": null}, {"id": "agoge.eth", "name": "Agoge", "twitter": null, "proposalsCount": 2, "votesCount": 5, "followersCount": 4, "website": null}, {"id": "aipunk.eth", "name": "aipunk", "twitter": "", "proposalsCount": 3, "votesCount": 4, "followersCount": 4, "website": null}, {"id": "anhpham.eth", "name": "sad", "twitter": null, "proposalsCount": 7, "votesCount": 0, "followersCount": 4, "website": null}, {"id": "artjt.eth", "name": "cbotDAO", "twitter": "cbot_dao", "proposalsCount": 3, "votesCount": 4, "followersCount": 4, "website": null}, {"id": "axdao.eth", "name": "AxDAO", "twitter": null, "proposalsCount": 1, "votesCount": 3, "followersCount": 7, "website": null}, {"id": "bamfunds.eth", "name": "bamfunds", "twitter": null, "proposalsCount": 2, "votesCount": 5, "followersCount": 4, "website": null}, {"id": "bg129.eth", "name": "bg129", "twitter": "Crypto_Skulls", "proposalsCount": 2, "votesCount": 5, "followersCount": 4, "website": null}, {"id": "bnbbnb.eth", "name": "bnbbnb.eth", "twitter": null, "proposalsCount": 1, "votesCount": 3, "followersCount": 7, "website": null}]