[{"id": "kiole.eth", "name": "AntiDao", "twitter": null, "proposalsCount": 2, "votesCount": 2, "followersCount": 2, "website": null}, {"id": "kiraduuu.eth", "name": "Kira Club", "twitter": "dweechee", "proposalsCount": 1, "votesCount": 2, "followersCount": 0, "website": null}, {"id": "kirax.eth", "name": "test", "twitter": null, "proposalsCount": 1, "votesCount": 1, "followersCount": 1, "website": null}, {"id": "kirillbtc.eth", "name": "kirillbtc", "twitter": null, "proposalsCount": 0, "votesCount": 0, "followersCount": 1, "website": null}, {"id": "kirillevans.eth", "name": "kirillevans", "twitter": null, "proposalsCount": 5, "votesCount": 1085, "followersCount": 4, "website": null}, {"id": "kirlia.eth", "name": "Biscuits [Testnet - Mumbai]", "twitter": null, "proposalsCount": 4, "votesCount": 1, "followersCount": 1, "website": null}, {"id": "kirnil.eth", "name": "kirnil", "twitter": null, "proposalsCount": 1, "votesCount": 1, "followersCount": 1, "website": null}, {"id": "kishannazre.eth", "name": "Kishan Nazre", "twitter": "kishannazre", "proposalsCount": 0, "votesCount": 0, "followersCount": 1, "website": null}, {"id": "kiss.me.eth.id", "name": "So Bad", "twitter": null, "proposalsCount": 1, "votesCount": 14, "followersCount": 0, "website": null}, {"id": "kissa999.eth", "name": "ya", "twitter": null, "proposalsCount": 1, "votesCount": 1, "followersCount": 1, "website": null}, {"id": "kissfish.eth", "name": "kissfish", "twitter": null, "proposalsCount": 1, "votesCount": 1, "followersCount": 1, "website": null}, {"id": "kitedao.eth", "name": "kitedao", "twitter": null, "proposalsCount": 0, "votesCount": 0, "followersCount": 1, "website": null}, {"id": "kittymeu.eth", "name": "Airdrop Update ", "twitter": null, "proposalsCount": 1, "votesCount": 13, "followersCount": 6, "website": null}, {"id": "kitvit.eth", "name": "KITVIT", "twitter": null, "proposalsCount": 0, "votesCount": 0, "followersCount": 0, "website": null}, {"id": "kkatia.eth", "name": "internDAO", "twitter": null, "proposalsCount": 0, "votesCount": 0, "followersCount": 0, "website": null}, {"id": "kkkk0.eth", "name": "ygh", "twitter": null, "proposalsCount": 0, "votesCount": 0, "followersCount": 1, "website": null}, {"id": "kl520.eth", "name": "KL520", "twitter": "kuaiba1", "proposalsCount": 1, "votesCount": 267, "followersCount": 112, "website": null}, {"id": "kleinfinance.eth", "name": "Klein Finance", "twitter": "KleinSwap", "proposalsCount": 0, "votesCount": 0, "followersCount": 8, "website": "https://klein.finance/"}, {"id": "kleros-test.eth", "name": "Test", "twitter": null, "proposalsCount": 0, "votesCount": 0, "followersCount": 1, "website": null}, {"id": "kllll.eth", "name": "free", "twitter": null, "proposalsCount": 1, "votesCount": 14, "followersCount": 3, "website": null}]