[{"id": "gene-finance", "name": "Gene Finance", "twitter": null, "proposalsCount": 1, "votesCount": 138, "followersCount": 2, "website": null}, {"id": "kingslimitedx.eth", "name": "Kings Limited X", "twitter": "kingslimitedx", "proposalsCount": 3, "votesCount": 123, "followersCount": 15, "website": null}, {"id": "playposeidon.io", "name": "PlayPoseidon NFT", "twitter": "PlayPoseidon_io", "proposalsCount": 7, "votesCount": 117, "followersCount": 17, "website": "https://playposeidon.io/"}, {"id": "butterflycash.eth", "name": "Butterfly Cash - bCASH", "twitter": "bCASH_AVAX", "proposalsCount": 14, "votesCount": 102, "followersCount": 24, "website": "https://butterflycash.io"}, {"id": "futuristsocialclub.eth", "name": "FUTURIST SOCIAL CLUB", "twitter": "", "proposalsCount": 6, "votesCount": 128, "followersCount": 6, "website": null}, {"id": "kian.eth", "name": "kiancoin", "twitter": null, "proposalsCount": 9, "votesCount": 131, "followersCount": 0, "website": null}, {"id": "metric", "name": "Metric.Exchange", "twitter": null, "proposalsCount": 6, "votesCount": 129, "followersCount": 5, "website": null}, {"id": "moonforcedao.eth", "name": "MoonFORCE", "twitter": "moonforcetoken", "proposalsCount": 1, "votesCount": 136, "followersCount": 3, "website": "https://www.moonforce.com/"}, {"id": "pasta.eth", "name": "PastaDAO v0", "twitter": "Pasta_DAO", "proposalsCount": 10, "votesCount": 129, "followersCount": 1, "website": null}, {"id": "waifusiongov.eth", "name": "Waifusion", "twitter": "waifusion", "proposalsCount": 5, "votesCount": 129, "followersCount": 6, "website": null}, {"id": "minetopia.eth", "name": "Minetopia", "twitter": "MinetopiaNFT", "proposalsCount": 15, "votesCount": 115, "followersCount": 10, "website": "https://www.minetopia.io/"}, {"id": "nieuxsociety.eth", "name": "Nieux Society", "twitter": "nieuxsociety", "proposalsCount": 3, "votesCount": 124, "followersCount": 13, "website": "https://www.nieux.xyz"}, {"id": "polygon.dvision-network.eth", "name": "Dvision Polygon", "twitter": null, "proposalsCount": 36, "votesCount": 47, "followersCount": 7, "website": null}, {"id": "wildcredit.eth", "name": "Wild Credit", "twitter": "WildCredit", "proposalsCount": 7, "votesCount": 121, "followersCount": 12, "website": null}, {"id": "goblinscash.eth", "name": "Goblins Cash", "twitter": "GoblinsCash", "proposalsCount": 12, "votesCount": 106, "followersCount": 21, "website": "https://goblins.cash"}, {"id": "guyanefran\u00e7aise.eth", "name": "CourtneyHautan", "twitter": null, "proposalsCount": 10, "votesCount": 107, "followersCount": 22, "website": null}, {"id": "hungrypandas.eth", "name": "Hungry Pandas", "twitter": "HungryPandaNFT", "proposalsCount": 1, "votesCount": 74, "followersCount": 64, "website": null}, {"id": "hunny.eth", "name": "Hunny Finance", "twitter": "hunnyfinance", "proposalsCount": 3, "votesCount": 78, "followersCount": 58, "website": null}, {"id": "pwnfinance.eth", "name": "PWN", "twitter": "PWNFinance", "proposalsCount": 1, "votesCount": 22, "followersCount": 16, "website": null}, {"id": "xdotxyz.eth", "name": "X Marketplace", "twitter": "Xdotxyz", "proposalsCount": 6, "votesCount": 109, "followersCount": 24, "website": null}]