[{"id": "0x6320.eth", "name": "liunesu", "twitter": null, "proposalsCount": 1, "votesCount": 4, "followersCount": 1, "website": null}, {"id": "0x7235.eth", "name": "yemyes", "twitter": null, "proposalsCount": 1, "votesCount": 5, "followersCount": 0, "website": null}, {"id": "eth244.eth", "name": "Wright", "twitter": null, "proposalsCount": 2, "votesCount": 3, "followersCount": 1, "website": null}, {"id": "formy.eth", "name": "formy", "twitter": null, "proposalsCount": 1, "votesCount": 5, "followersCount": 0, "website": null}, {"id": "lmaoevd.eth", "name": "Love", "twitter": null, "proposalsCount": 1, "votesCount": 4, "followersCount": 1, "website": null}, {"id": "merehead.eth", "name": "merehead", "twitter": null, "proposalsCount": 1, "votesCount": 253, "followersCount": 2, "website": null}, {"id": "momoca.eth", "name": "yama", "twitter": null, "proposalsCount": 3, "votesCount": 2, "followersCount": 1, "website": "https://pancakeswap.finance"}, {"id": "rfnihao.eth", "name": "zksync\u548cstarknet\u8c01\u5148\u53d1\u7a7a\u6295", "twitter": null, "proposalsCount": 2, "votesCount": 3, "followersCount": 1, "website": null}, {"id": "gvvalue.eth", "name": "gvVALUE", "twitter": null, "proposalsCount": 9, "votesCount": 291, "followersCount": 5, "website": null}, {"id": "behodler.eth", "name": "Morgoth", "twitter": "behodlerDEX", "proposalsCount": 5, "votesCount": 274, "followersCount": 25, "website": null}, {"id": "coinflexvote.eth", "name": "CoinFLEX Vote", "twitter": "CoinFLEXdotcom", "proposalsCount": 1, "votesCount": 168, "followersCount": 135, "website": "https://coinflex.com/"}, {"id": "helenafinancial.eth", "name": "Helena Financial", "twitter": "helenafinancial", "proposalsCount": 4, "votesCount": 280, "followersCount": 20, "website": "https://helena.financial/"}, {"id": "accelone.eth", "name": "accelone", "twitter": null, "proposalsCount": 1, "votesCount": 250, "followersCount": 3, "website": null}, {"id": "marginswap.eth", "name": "Marginswap", "twitter": "marginswap", "proposalsCount": 16, "votesCount": 264, "followersCount": 23, "website": null}, {"id": "wearedorkis.eth", "name": "We Are Dorkis", "twitter": "wearedorkis", "proposalsCount": 18, "votesCount": 248, "followersCount": 37, "website": null}, {"id": "v03.hopr-dao.eth", "name": "HOPR DAO v0.3", "twitter": "hoprnet", "proposalsCount": 1, "votesCount": 265, "followersCount": 37, "website": "https://www.hoprnet.org"}, {"id": "bscwinbulls.eth", "name": "BSCWIN Bulls", "twitter": "BSCWIN_Bulls", "proposalsCount": 17, "votesCount": 275, "followersCount": 10, "website": "http://bscwin.app/"}, {"id": "1doge.eth", "name": "CBM\u793e\u533a\u5171\u5efa\u6316\u77ff\u7ec4", "twitter": null, "proposalsCount": 37, "votesCount": 223, "followersCount": 41, "website": null}, {"id": "purpdao.eth", "name": "Purple", "twitter": null, "proposalsCount": 19, "votesCount": 66, "followersCount": 16, "website": "http://purple.construction/"}, {"id": "004711.eth", "name": "\u9676\u5586\u7c89\u4e1d\u7fa4", "twitter": "AoQo59145049", "proposalsCount": 26, "votesCount": 50, "followersCount": 25, "website": null}]