[{"id": "bestfork.eth", "name": "Wonderland ", "twitter": "wonderland_fi", "proposalsCount": 84, "votesCount": 85759, "followersCount": 9965, "website": null}, {"id": "poh.eth", "name": "Proof Of Humanity", "twitter": "pohdao", "proposalsCount": 112, "votesCount": 18269, "followersCount": 36126, "website": "https://proofofhumanity.org"}, {"id": "olympusdao.eth", "name": "OlympusDAO", "twitter": null, "proposalsCount": 263, "votesCount": 50503, "followersCount": 30837, "website": null}, {"id": "badgerdao.eth", "name": "BadgerDAO", "twitter": "badgerDAO", "proposalsCount": 101, "votesCount": 71485, "followersCount": 13386, "website": "https://badger.com/"}, {"id": "qidao.eth", "name": "Qi Dao | Mai.Finance", "twitter": "QiDaoProtocol", "proposalsCount": 198, "votesCount": 70731, "followersCount": 10876, "website": null}, {"id": "trustwallet", "name": "Trust Wallet", "twitter": null, "proposalsCount": 18, "votesCount": 19259, "followersCount": 32164, "website": null}, {"id": "gnosis.eth", "name": "GnosisDAO", "twitter": "gnosisdao", "proposalsCount": 88, "votesCount": 39751, "followersCount": 12875, "website": "https://gnosis.io"}, {"id": "joegovernance.eth", "name": "Trader Joe", "twitter": "traderjoe_xyz", "proposalsCount": 27, "votesCount": 42310, "followersCount": 18677, "website": "https://traderjoexyz.com/home"}, {"id": "cow.eth", "name": "CoW DAO", "twitter": "CoWSwap", "proposalsCount": 27, "votesCount": 55357, "followersCount": 8649, "website": "https://cow.fi/"}, {"id": "starknet.eth", "name": " Starknet", "twitter": "StarknetFndn", "proposalsCount": 2, "votesCount": 142, "followersCount": 33837, "website": "https://starknet.io/"}, {"id": "banklessvault.eth", "name": "Bankless DAO", "twitter": "banklessDAO", "proposalsCount": 68, "votesCount": 21959, "followersCount": 31413, "website": null}, {"id": "gearbox.eth", "name": "Gearbox", "twitter": "GearboxProtocol", "proposalsCount": 65, "votesCount": 54215, "followersCount": 8596, "website": null}, {"id": "beets.eth", "name": "BeethovenX", "twitter": "beethoven_x", "proposalsCount": 96, "votesCount": 49888, "followersCount": 6788, "website": null}, {"id": "klimadao.eth", "name": "Klima DAO", "twitter": "KlimaDAO", "proposalsCount": 40, "votesCount": 21728, "followersCount": 7303, "website": "https://klimadao.finance"}, {"id": "hop.eth", "name": "Hop", "twitter": "HopProtocol", "proposalsCount": 41, "votesCount": 19281, "followersCount": 23494, "website": "https://hop.exchange/"}, {"id": "sismo.eth", "name": "Sismo", "twitter": "Sismo_eth", "proposalsCount": 12, "votesCount": 26185, "followersCount": 23041, "website": "https://www.sismo.io/"}, {"id": "cultivatordao.eth", "name": "Cultivator DAO", "twitter": "lensprotocol", "proposalsCount": 1, "votesCount": 21086, "followersCount": 19069, "website": "https://lens.xyz"}, {"id": "bancornetwork.eth", "name": "Bancor", "twitter": "bancor", "proposalsCount": 498, "votesCount": 30959, "followersCount": 6184, "website": "https://bancor.network"}, {"id": "dydxgov.eth", "name": "dYdX", "twitter": "dydxfoundation", "proposalsCount": 29, "votesCount": 16160, "followersCount": 24669, "website": null}, {"id": "theopendao.eth", "name": "OpenDAO", "twitter": "The_OpenDAO", "proposalsCount": 27, "votesCount": 29914, "followersCount": 11304, "website": null}]