[{"id": "long4321zhe.eth", "name": "longZHE  CLUB", "twitter": "long4312zhe", "proposalsCount": 2, "votesCount": 2, "followersCount": 1, "website": null}, {"id": "longbnb2017.eth", "name": "BTC & BNB", "twitter": null, "proposalsCount": 210, "votesCount": 557, "followersCount": 197, "website": null}, {"id": "longeth02.eth", "name": "ETHHolder", "twitter": null, "proposalsCount": 1, "votesCount": 2, "followersCount": 1, "website": null}, {"id": "longgeek.eth", "name": "Longgeek", "twitter": null, "proposalsCount": 0, "votesCount": 0, "followersCount": 0, "website": null}, {"id": "longlongago.eth", "name": "longlong", "twitter": null, "proposalsCount": 1, "votesCount": 10, "followersCount": 7, "website": null}, {"id": "longuni.eth", "name": "Longuni", "twitter": null, "proposalsCount": 1, "votesCount": 2, "followersCount": 0, "website": null}, {"id": "longweiwei.eth", "name": "V", "twitter": null, "proposalsCount": 0, "votesCount": 0, "followersCount": 0, "website": null}, {"id": "longying.eth", "name": "longying", "twitter": null, "proposalsCount": 5, "votesCount": 7, "followersCount": 1, "website": null}, {"id": "lookii.eth", "name": "lokooDAo", "twitter": null, "proposalsCount": 1, "votesCount": 1, "followersCount": 0, "website": null}, {"id": "lookxing.eth", "name": "lookxing", "twitter": null, "proposalsCount": 1, "votesCount": 1, "followersCount": 1, "website": null}, {"id": "loopdao.eth", "name": "Loop \u270c\ufe0f ", "twitter": null, "proposalsCount": 0, "votesCount": 0, "followersCount": 1, "website": "https://www.looop.cool/governance"}, {"id": "loopringlabs.eth", "name": "sapceid", "twitter": null, "proposalsCount": 2, "votesCount": 3, "followersCount": 5, "website": null}, {"id": "loowb.eth", "name": "Govern", "twitter": null, "proposalsCount": 1, "votesCount": 2, "followersCount": 0, "website": null}, {"id": "lopondran.eth", "name": "Freelander", "twitter": null, "proposalsCount": 0, "votesCount": 0, "followersCount": 2, "website": null}, {"id": "lordlike.dcl.eth", "name": "LordLike", "twitter": null, "proposalsCount": 0, "votesCount": 0, "followersCount": 1, "website": null}, {"id": "lostspacedao.eth", "name": "LostSpaceDAO", "twitter": "LostSpaceDAO", "proposalsCount": 2, "votesCount": 92, "followersCount": 6, "website": "https://mirror.xyz/lostspacedao.eth"}, {"id": "louisis.eth", "name": "Mina Snapps", "twitter": null, "proposalsCount": 1, "votesCount": 1, "followersCount": 0, "website": null}, {"id": "louislee.eth", "name": "louislee's space", "twitter": null, "proposalsCount": 1, "votesCount": 1, "followersCount": 1, "website": null}, {"id": "lourens.eth", "name": "Lourens Tests Things", "twitter": null, "proposalsCount": 1, "votesCount": 1, "followersCount": 1, "website": null}, {"id": "love4crypto.eth", "name": "Yousuf", "twitter": null, "proposalsCount": 0, "votesCount": 0, "followersCount": 1, "website": null}]