[{"id": "digipedia.eth", "name": "Colours of India DAO", "twitter": "coi_nft", "proposalsCount": 0, "votesCount": 0, "followersCount": 5, "website": null}, {"id": "dimuto.eth", "name": "dimuto", "twitter": null, "proposalsCount": 1, "votesCount": 3, "followersCount": 1, "website": null}, {"id": "dinfo.eth", "name": "dinfo-test", "twitter": null, "proposalsCount": 3, "votesCount": 2, "followersCount": 0, "website": null}, {"id": "discoversoneva.eth", "name": "Soneva", "twitter": "soneva", "proposalsCount": 0, "votesCount": 0, "followersCount": 5, "website": "https://soneva.com/"}, {"id": "dogeman.eth", "name": "dogeman", "twitter": null, "proposalsCount": 3, "votesCount": 0, "followersCount": 2, "website": null}, {"id": "doitcoin.eth", "name": "$DOIT", "twitter": "doitcoin", "proposalsCount": 0, "votesCount": 0, "followersCount": 5, "website": "https://www.doitcoin.xyz/"}, {"id": "donateesg.eth", "name": "DonateESG", "twitter": null, "proposalsCount": 2, "votesCount": 1, "followersCount": 2, "website": null}, {"id": "doomhero.io", "name": "Doom Hero", "twitter": "DoomHero3", "proposalsCount": 2, "votesCount": 0, "followersCount": 3, "website": null}, {"id": "dreamrlabs.eth", "name": "Dreamr", "twitter": "dreamr_app", "proposalsCount": 0, "votesCount": 0, "followersCount": 5, "website": null}, {"id": "dreamword.eth", "name": "MetaHunter", "twitter": null, "proposalsCount": 2, "votesCount": 2, "followersCount": 1, "website": null}, {"id": "dumbcryptoape.eth", "name": "EtherTulip", "twitter": "ether_tulip", "proposalsCount": 1, "votesCount": 3, "followersCount": 1, "website": null}, {"id": "dynofriends.eth", "name": "Dyno Friends", "twitter": "dynofriends", "proposalsCount": 1, "votesCount": 2, "followersCount": 2, "website": null}, {"id": "dzips.eth", "name": "DZIPS", "twitter": null, "proposalsCount": 1, "votesCount": 1, "followersCount": 3, "website": null}, {"id": "earnusdt.eth", "name": "EarnUSDT", "twitter": "Earn_Usdt", "proposalsCount": 0, "votesCount": 0, "followersCount": 5, "website": "https://earnusdt.io/"}, {"id": "ebdaotest.eth", "name": "ebdaotest", "twitter": null, "proposalsCount": 2, "votesCount": 2, "followersCount": 1, "website": null}, {"id": "efraimnft.eth", "name": "Joe DAO", "twitter": null, "proposalsCount": 2, "votesCount": 2, "followersCount": 1, "website": null}, {"id": "efron.eth", "name": "efron", "twitter": null, "proposalsCount": 2, "votesCount": 2, "followersCount": 1, "website": null}, {"id": "ellyhelena.eth", "name": "Helena Dao", "twitter": "EllyHelene5749", "proposalsCount": 1, "votesCount": 2, "followersCount": 2, "website": null}, {"id": "enzofuck.eth", "name": "big guy", "twitter": null, "proposalsCount": 2, "votesCount": 1, "followersCount": 2, "website": null}, {"id": "etcgrantsdao.eth", "name": "ETC Grants DAO", "twitter": "EtcGrantsDao", "proposalsCount": 1, "votesCount": 0, "followersCount": 4, "website": "https://etcgrantsdao.com/"}]