[{"id": "nilgov.eth", "name": "Nil DAO", "twitter": "Nil__dao", "proposalsCount": 10, "votesCount": 535, "followersCount": 115, "website": null}, {"id": "synfuturesdao.eth", "name": "SynFutures DAO (Alpha Test)", "twitter": "SynFuturesDeFi", "proposalsCount": 3, "votesCount": 412, "followersCount": 243, "website": "https://www.synfutures.com/"}, {"id": "unersdl.eth", "name": "ReserveLending", "twitter": "Unfederalreser1", "proposalsCount": 14, "votesCount": 633, "followersCount": 11, "website": null}, {"id": "wsbdapp.eth", "name": "WSBDapp", "twitter": "WSBDapp", "proposalsCount": 3, "votesCount": 647, "followersCount": 8, "website": null}, {"id": "881234.eth", "name": "disonsad547", "twitter": null, "proposalsCount": 4, "votesCount": 422, "followersCount": 181, "website": null}, {"id": "headlesschaos.eth", "name": "CHAOS", "twitter": "headless_chaos", "proposalsCount": 15, "votesCount": 620, "followersCount": 22, "website": "https://www.chaos.build/"}, {"id": "cratos.eth", "name": "Cratos", "twitter": "cratostoken", "proposalsCount": 7, "votesCount": 367, "followersCount": 282, "website": "https://cratostoken.com"}, {"id": "phi-voting.eth", "name": "PHI", "twitter": "phi_xyz", "proposalsCount": 9, "votesCount": 202, "followersCount": 95, "website": "https://quest.philand.xyz/"}, {"id": "remix-dao.eth", "name": "REMIX! DAO", "twitter": null, "proposalsCount": 23, "votesCount": 477, "followersCount": 55, "website": "https://www.remixclub.io"}, {"id": "sdangle.eth", "name": "Stake DAO ANGLE", "twitter": null, "proposalsCount": 101, "votesCount": 484, "followersCount": 19, "website": null}, {"id": "hairdao.eth", "name": "HairDAO", "twitter": "HairDAO_", "proposalsCount": 8, "votesCount": 73, "followersCount": 22, "website": "http://www.hairdao.xyz"}, {"id": "futuredigital.eth", "name": "Futureland DAO", "twitter": null, "proposalsCount": 30, "votesCount": 539, "followersCount": 32, "website": null}, {"id": "bulldogtalkclub.eth", "name": "Bulldog DAO", "twitter": "BULLDOGTALKCLUB", "proposalsCount": 11, "votesCount": 104, "followersCount": 85, "website": "https://bulldog.club/#/"}, {"id": "community.mecharcade.eth", "name": "MechArcade Community Wallet", "twitter": "mecharcade", "proposalsCount": 21, "votesCount": 557, "followersCount": 71, "website": null}, {"id": "wagame.eth", "name": "WagameDAO", "twitter": "WagameEth", "proposalsCount": 18, "votesCount": 562, "followersCount": 66, "website": null}, {"id": "nobrainersdao.eth", "name": "No Brainers DAO", "twitter": "nobrainersnft", "proposalsCount": 10, "votesCount": 484, "followersCount": 102, "website": null}, {"id": "arbibots.eth", "name": "BOTDAO", "twitter": "arbibotsNFT", "proposalsCount": 5, "votesCount": 152, "followersCount": 487, "website": null}, {"id": "degenyetis.eth", "name": "Degen Yeti Ski Club", "twitter": "OfficialDYSC", "proposalsCount": 36, "votesCount": 549, "followersCount": 59, "website": null}, {"id": "departedapes.eth", "name": "Departed Apes", "twitter": "departedapes", "proposalsCount": 2, "votesCount": 629, "followersCount": 12, "website": "https://departedapes.io"}, {"id": "monsterslayer.eth", "name": "Monster Slayer Finance", "twitter": null, "proposalsCount": 13, "votesCount": 625, "followersCount": 5, "website": null}]