[{"id": "unifriendsdao.eth", "name": "Unifriends", "twitter": "UnifriendsNFT", "proposalsCount": 3, "votesCount": 69, "followersCount": 21, "website": null}, {"id": "pandaswapbsc.eth", "name": "PandaSwap", "twitter": null, "proposalsCount": 3, "votesCount": 56, "followersCount": 33, "website": null}, {"id": "babyapedaycare.eth", "name": "Baby Ape Daycare", "twitter": "bapedaycare", "proposalsCount": 1, "votesCount": 35, "followersCount": 56, "website": null}, {"id": "daomarketing.eth", "name": "Rarible DAO Marketing", "twitter": null, "proposalsCount": 14, "votesCount": 16, "followersCount": 12, "website": null}, {"id": "qrobot.eth", "name": "Polkadot", "twitter": null, "proposalsCount": 5, "votesCount": 11, "followersCount": 76, "website": null}, {"id": "stoboxweb3.eth", "name": "Stobox DAO", "twitter": "StoboxCompany", "proposalsCount": 6, "votesCount": 51, "followersCount": 35, "website": "https://www.stobox.io"}, {"id": "studiodao.eth", "name": "StudioDAO", "twitter": "studiodao", "proposalsCount": 27, "votesCount": 48, "followersCount": 17, "website": "https://studiodao.xyz"}, {"id": "antipfp.eth", "name": "ANTIDAO", "twitter": "antipfp", "proposalsCount": 8, "votesCount": 69, "followersCount": 15, "website": null}, {"id": "kalissa.eth", "name": "KALISSA", "twitter": "Kalissaparis", "proposalsCount": 7, "votesCount": 58, "followersCount": 27, "website": "https://kalissa.io"}, {"id": "neonbaron.eth", "name": "No one", "twitter": "NooneProphecy", "proposalsCount": 6, "votesCount": 62, "followersCount": 24, "website": "https://no-one.io"}, {"id": "xrpchain.eth", "name": "maskDAO", "twitter": null, "proposalsCount": 10, "votesCount": 38, "followersCount": 44, "website": null}, {"id": "legrenier.eth", "name": "DAO Les Collectionneurs NFT", "twitter": "Collections_NFT", "proposalsCount": 3, "votesCount": 55, "followersCount": 33, "website": null}, {"id": "bestfrienddao.eth", "name": "BestFriend DAO", "twitter": "BestFriend", "proposalsCount": 2, "votesCount": 86, "followersCount": 3, "website": "https://bestfriendnft.com"}, {"id": "impermax.eth", "name": "Impermax Finance", "twitter": "ImpermaxFinance", "proposalsCount": 3, "votesCount": 49, "followersCount": 39, "website": "https://www.impermax.finance/"}, {"id": "kangal.eth", "name": "Kangal", "twitter": null, "proposalsCount": 11, "votesCount": 79, "followersCount": 1, "website": null}, {"id": "soulofweb3.eth", "name": "soul of web3", "twitter": null, "proposalsCount": 4, "votesCount": 75, "followersCount": 12, "website": null}, {"id": "zeroaddress.eth", "name": "MetaVerseDAO", "twitter": null, "proposalsCount": 17, "votesCount": 0, "followersCount": 74, "website": null}, {"id": "0xtiger.eth", "name": "Mtian DAO", "twitter": null, "proposalsCount": 5, "votesCount": 35, "followersCount": 51, "website": null}, {"id": "astraguildventures.eth", "name": "Astra Guild Ventures", "twitter": "astraguild", "proposalsCount": 2, "votesCount": 7, "followersCount": 82, "website": null}, {"id": "goblank.eth", "name": "GoBlank", "twitter": "BlankWallet", "proposalsCount": 1, "votesCount": 57, "followersCount": 33, "website": null}]