[{"id": "acredaos.eth", "name": "ACRE DAOs", "twitter": "ACREDAOs", "proposalsCount": 1, "votesCount": 5, "followersCount": 3, "website": "https://www.acredaos.com/"}, {"id": "adaptdao.eth", "name": "Adapt DAO", "twitter": null, "proposalsCount": 0, "votesCount": 0, "followersCount": 9, "website": null}, {"id": "affiliatedao.eth", "name": "Affiliate DAO", "twitter": null, "proposalsCount": 0, "votesCount": 0, "followersCount": 9, "website": "https://www.affiliatedao.xyz/"}, {"id": "afridao.eth", "name": "ZAMBEZIDAO", "twitter": null, "proposalsCount": 3, "votesCount": 0, "followersCount": 6, "website": "https://www.afridao.finance"}, {"id": "aishang.eth", "name": "uuuDAO", "twitter": null, "proposalsCount": 3, "votesCount": 3, "followersCount": 3, "website": null}, {"id": "alexyz.eth", "name": "alexyz.eth", "twitter": null, "proposalsCount": 2, "votesCount": 4, "followersCount": 3, "website": null}, {"id": "alienrobot.eth", "name": "alienDao", "twitter": null, "proposalsCount": 2, "votesCount": 4, "followersCount": 3, "website": null}, {"id": "alitasusme.eth", "name": "Alitas Usme", "twitter": null, "proposalsCount": 1, "votesCount": 4, "followersCount": 4, "website": null}, {"id": "allsportsx.eth", "name": "AllSportsX SOC", "twitter": "", "proposalsCount": 0, "votesCount": 0, "followersCount": 9, "website": "https://allsportsx.io/"}, {"id": "altvoting.eth", "name": "ARCHLOOT", "twitter": "archlootOS", "proposalsCount": 0, "votesCount": 0, "followersCount": 9, "website": "https://www.archloot.com/"}, {"id": "amplex.eth", "name": "AmpleX", "twitter": null, "proposalsCount": 0, "votesCount": 0, "followersCount": 9, "website": null}, {"id": "anqel.eth", "name": "anqel.dao", "twitter": null, "proposalsCount": 1, "votesCount": 7, "followersCount": 1, "website": null}, {"id": "antgamefi.eth", "name": "antgamefi", "twitter": null, "proposalsCount": 2, "votesCount": 3, "followersCount": 4, "website": null}, {"id": "apeznthehood.eth", "name": "Apez N The Hood", "twitter": "anth_nft", "proposalsCount": 1, "votesCount": 3, "followersCount": 5, "website": null}, {"id": "arc-dao.eth", "name": "Arc DAO", "twitter": "arctoken", "proposalsCount": 0, "votesCount": 0, "followersCount": 9, "website": "https://arctoken.space/"}, {"id": "asssa.eth", "name": "sismo", "twitter": null, "proposalsCount": 3, "votesCount": 0, "followersCount": 6, "website": null}, {"id": "audreywen.eth", "name": "WHEN DAO", "twitter": null, "proposalsCount": 1, "votesCount": 3, "followersCount": 5, "website": null}, {"id": "authenteq.eth", "name": "authenteq", "twitter": null, "proposalsCount": 1, "votesCount": 6, "followersCount": 2, "website": null}, {"id": "baaba.eth", "name": "BAABA", "twitter": null, "proposalsCount": 1, "votesCount": 4, "followersCount": 4, "website": null}, {"id": "babyhatter.eth", "name": "Baby Hatter", "twitter": "BabyHatterHQ", "proposalsCount": 0, "votesCount": 0, "followersCount": 9, "website": null}]