[{"id": "deorgvarfaj.eth", "name": "Deorg test-network", "twitter": null, "proposalsCount": 2, "votesCount": 4, "followersCount": 2, "website": null}, {"id": "deruggedone.eth", "name": "Derugged One Dao", "twitter": "deruggedonehq", "proposalsCount": 0, "votesCount": 0, "followersCount": 0, "website": "https://www.deruggedone.com"}, {"id": "desa.eth", "name": "Desa.Earth", "twitter": null, "proposalsCount": 0, "votesCount": 0, "followersCount": 0, "website": null}, {"id": "desiertodao.eth", "name": "Desiertodao", "twitter": null, "proposalsCount": 1, "votesCount": 0, "followersCount": 2, "website": null}, {"id": "desmanct.eth", "name": "Jelly", "twitter": null, "proposalsCount": 2, "votesCount": 2, "followersCount": 1, "website": null}, {"id": "destroye.eth", "name": "des", "twitter": null, "proposalsCount": 36, "votesCount": 39, "followersCount": 5, "website": null}, {"id": "dev00000007.eth", "name": "Debopriyo", "twitter": null, "proposalsCount": 0, "votesCount": 0, "followersCount": 1, "website": null}, {"id": "devcarl.eth", "name": "BRAQ WL Mint", "twitter": null, "proposalsCount": 0, "votesCount": 0, "followersCount": 0, "website": null}, {"id": "devcode.eth", "name": "DevSpace", "twitter": null, "proposalsCount": 1, "votesCount": 0, "followersCount": 1, "website": null}, {"id": "devcondemo.eth", "name": "Devcon Bogota", "twitter": null, "proposalsCount": 1, "votesCount": 40, "followersCount": 0, "website": null}, {"id": "developerkitchen.eth", "name": "Developer Kitchen", "twitter": null, "proposalsCount": 0, "votesCount": 0, "followersCount": 1, "website": null}, {"id": "devicechain.eth", "name": "DeviceChain", "twitter": null, "proposalsCount": 0, "votesCount": 0, "followersCount": 1, "website": null}, {"id": "devisntyourfather.eth", "name": "SAMMY J", "twitter": "johnchukwua", "proposalsCount": 0, "votesCount": 0, "followersCount": 1, "website": null}, {"id": "devsfinance.eth", "name": "Devs", "twitter": null, "proposalsCount": 0, "votesCount": 0, "followersCount": 0, "website": null}, {"id": "devspleaserug.eth", "name": "Collective Test 2", "twitter": null, "proposalsCount": 0, "votesCount": 0, "followersCount": 2, "website": null}, {"id": "devwen\ud83e\udd37\ud83c\udfff\u200d\u2642.eth", "name": "SAMMY J", "twitter": "johnchukwua", "proposalsCount": 2, "votesCount": 14, "followersCount": 1, "website": null}, {"id": "dewo.eth", "name": "DecentraWorld", "twitter": "decentraworld_", "proposalsCount": 3, "votesCount": 7, "followersCount": 3, "website": "https://decentraworld.co"}, {"id": "dgtle.eth", "name": "domain", "twitter": null, "proposalsCount": 4, "votesCount": 8, "followersCount": 7, "website": null}, {"id": "dhdaollc.eth", "name": "DHDAO", "twitter": null, "proposalsCount": 5, "votesCount": 18, "followersCount": 2, "website": null}, {"id": "dhruvil79.eth", "name": "dhruvil79", "twitter": null, "proposalsCount": 1, "votesCount": 4, "followersCount": 4, "website": null}]