[{"id": "bamboofinance.eth", "name": "Bamboo Finance", "twitter": "bamboo_fi", "proposalsCount": 0, "votesCount": 0, "followersCount": 7, "website": "https://www.bamboofinance.info/"}, {"id": "banana-apple.eth", "name": "Monkey Party on SHanghai", "twitter": null, "proposalsCount": 1, "votesCount": 2, "followersCount": 1, "website": null}, {"id": "bananarepublique.eth", "name": "Banana R\u00e9publique", "twitter": null, "proposalsCount": 0, "votesCount": 0, "followersCount": 1, "website": null}, {"id": "banay.eth", "name": "dwd", "twitter": null, "proposalsCount": 1, "votesCount": 2, "followersCount": 0, "website": null}, {"id": "bancasella.eth", "name": "Stoned Nouns", "twitter": null, "proposalsCount": 1, "votesCount": 1, "followersCount": 3, "website": null}, {"id": "bandofwolves.eth", "name": "wolves network", "twitter": null, "proposalsCount": 1, "votesCount": 1, "followersCount": 0, "website": null}, {"id": "bangbangji.eth", "name": "xdcef", "twitter": null, "proposalsCount": 2, "votesCount": 2, "followersCount": 0, "website": null}, {"id": "bankizee.eth", "name": "Airdrop ", "twitter": "Bankizee_", "proposalsCount": 1, "votesCount": 3, "followersCount": 0, "website": null}, {"id": "banoi.eth", "name": "chotgiaunha", "twitter": null, "proposalsCount": 0, "votesCount": 0, "followersCount": 0, "website": null}, {"id": "baobab.jhkim.eth", "name": "Klaytn Governance", "twitter": null, "proposalsCount": 0, "votesCount": 0, "followersCount": 2, "website": null}, {"id": "baobaodeba.eth", "name": "token.bag", "twitter": null, "proposalsCount": 1, "votesCount": 3, "followersCount": 4, "website": null}, {"id": "baoer.eth", "name": "baoer", "twitter": null, "proposalsCount": 0, "votesCount": 0, "followersCount": 1, "website": null}, {"id": "baohu.eth", "name": "baohu", "twitter": null, "proposalsCount": 0, "votesCount": 0, "followersCount": 0, "website": null}, {"id": "baotousugarfc.eth", "name": "baotousugarfc", "twitter": null, "proposalsCount": 1, "votesCount": 1, "followersCount": 0, "website": null}, {"id": "bappu.eth", "name": "Bapput", "twitter": "solex_24", "proposalsCount": 0, "votesCount": 0, "followersCount": 0, "website": null}, {"id": "barrysternlicht.eth", "name": "Barrysternlicht", "twitter": null, "proposalsCount": 1, "votesCount": 8, "followersCount": 1, "website": null}, {"id": "basaltic.eth", "name": "Basaltic", "twitter": null, "proposalsCount": 1, "votesCount": 1, "followersCount": 3, "website": null}, {"id": "basaltw.eth", "name": "Basalt", "twitter": "", "proposalsCount": 1, "votesCount": 6, "followersCount": 3, "website": null}, {"id": "basedstudios.eth", "name": "Cream Collective", "twitter": "0xCreamTeam", "proposalsCount": 0, "votesCount": 0, "followersCount": 1, "website": null}, {"id": "baselend.eth", "name": "BaseLend", "twitter": "base_lend", "proposalsCount": 0, "votesCount": 0, "followersCount": 14, "website": "https://baselend.org"}]