[{"id": "rcrypp.eth", "name": "TrustFi Network DAO", "twitter": "trustfiorg", "proposalsCount": 1, "votesCount": 5, "followersCount": 5, "website": "https://www.trustfi.org/"}, {"id": "sablier1.eth", "name": "sablier1", "twitter": null, "proposalsCount": 1, "votesCount": 5, "followersCount": 5, "website": null}, {"id": "saver1.eth", "name": "saver1", "twitter": null, "proposalsCount": 1, "votesCount": 5, "followersCount": 5, "website": null}, {"id": "snapshot1.eth", "name": "snapshot1", "twitter": null, "proposalsCount": 1, "votesCount": 5, "followersCount": 5, "website": null}, {"id": "thecubedao.eth", "name": "CubeDAO", "twitter": "Cube_DAO", "proposalsCount": 1, "votesCount": 3, "followersCount": 7, "website": "https://cubedao.net"}, {"id": "theumbrella.eth", "name": "The Umbrella", "twitter": null, "proposalsCount": 5, "votesCount": 2, "followersCount": 4, "website": "https://flamesfunded.uic.edu/"}, {"id": "toramikuji.eth", "name": "\u3068\u3089\u307f\u304f\u3058", "twitter": "toramikuji", "proposalsCount": 2, "votesCount": 2, "followersCount": 7, "website": null}, {"id": "totzhekorob.eth", "name": "Incryptop", "twitter": null, "proposalsCount": 5, "votesCount": 1, "followersCount": 5, "website": "http://cr04673-wordpress-5wgaf.tw1.ru/shop/"}, {"id": "varunop.eth", "name": "PotDAO", "twitter": "6969ether", "proposalsCount": 1, "votesCount": 3, "followersCount": 7, "website": null}, {"id": "yfi3money.eth", "name": "yfi3money", "twitter": null, "proposalsCount": 7, "votesCount": 2, "followersCount": 2, "website": null}, {"id": "0o0zero.eth", "name": "F&A DAO", "twitter": null, "proposalsCount": 2, "votesCount": 3, "followersCount": 6, "website": null}, {"id": "0xin1.eth", "name": "xin1", "twitter": null, "proposalsCount": 4, "votesCount": 4, "followersCount": 3, "website": null}, {"id": "10086999.eth", "name": "10086999", "twitter": null, "proposalsCount": 0, "votesCount": 0, "followersCount": 11, "website": null}, {"id": "126126.eth", "name": "\u6709eth\u7684dao\u8d77\u6765", "twitter": "hefangsheng", "proposalsCount": 3, "votesCount": 0, "followersCount": 8, "website": null}, {"id": "13888888831.eth", "name": "88dao", "twitter": null, "proposalsCount": 2, "votesCount": 6, "followersCount": 3, "website": null}, {"id": "2023arb.eth", "name": "Thomas Space", "twitter": null, "proposalsCount": 1, "votesCount": 8, "followersCount": 2, "website": null}, {"id": "411211.eth", "name": "411211.eth", "twitter": null, "proposalsCount": 2, "votesCount": 6, "followersCount": 3, "website": null}, {"id": "720yun.eth", "name": "720yun", "twitter": null, "proposalsCount": 1, "votesCount": 7, "followersCount": 3, "website": null}, {"id": "academydao.eth", "name": "academyDAO", "twitter": null, "proposalsCount": 1, "votesCount": 0, "followersCount": 10, "website": null}, {"id": "acredao.eth", "name": "ACREDAO", "twitter": "acredao", "proposalsCount": 1, "votesCount": 0, "followersCount": 10, "website": null}]