[{"id": "8051fan.eth", "name": "bullshitDAO", "twitter": "kikawangqq", "proposalsCount": 1, "votesCount": 3, "followersCount": 1, "website": null}, {"id": "809012.eth", "name": "Yhio network ", "twitter": null, "proposalsCount": 3, "votesCount": 7, "followersCount": 3, "website": null}, {"id": "82223.eth", "name": "82223", "twitter": null, "proposalsCount": 3, "votesCount": 3, "followersCount": 1, "website": null}, {"id": "822822822.eth", "name": "\u64b8\u6bdb\u96c6\u4e2d\u8425", "twitter": null, "proposalsCount": 1, "votesCount": 94, "followersCount": 14, "website": null}, {"id": "82516.eth", "name": "\u7a7a\u6295", "twitter": null, "proposalsCount": 3, "votesCount": 37, "followersCount": 12, "website": null}, {"id": "8333333338.eth", "name": "833", "twitter": null, "proposalsCount": 4, "votesCount": 1, "followersCount": 3, "website": null}, {"id": "838282.eth", "name": "\u7a7a\u6295\u6295\u7968", "twitter": null, "proposalsCount": 1, "votesCount": 2, "followersCount": 0, "website": null}, {"id": "83837.eth", "name": "83837", "twitter": null, "proposalsCount": 1, "votesCount": 1, "followersCount": 1, "website": null}, {"id": "846330.eth", "name": "6330", "twitter": null, "proposalsCount": 1, "votesCount": 0, "followersCount": 1, "website": null}, {"id": "846545.eth", "name": "Defip", "twitter": null, "proposalsCount": 1, "votesCount": 3, "followersCount": 2, "website": null}, {"id": "849120.eth", "name": "payt!", "twitter": null, "proposalsCount": 2, "votesCount": 2, "followersCount": 2, "website": null}, {"id": "851221.eth", "name": "851221", "twitter": null, "proposalsCount": 1, "votesCount": 1, "followersCount": 2, "website": null}, {"id": "855889.eth", "name": "001", "twitter": null, "proposalsCount": 2, "votesCount": 3, "followersCount": 1, "website": null}, {"id": "86010.eth", "name": "AirdropDAO", "twitter": null, "proposalsCount": 0, "votesCount": 0, "followersCount": 1, "website": null}, {"id": "86867.eth", "name": "86867", "twitter": null, "proposalsCount": 3, "votesCount": 3, "followersCount": 1, "website": null}, {"id": "86878.eth", "name": "babiQ", "twitter": null, "proposalsCount": 1, "votesCount": 1, "followersCount": 0, "website": null}, {"id": "870210.eth", "name": "Jenine", "twitter": null, "proposalsCount": 1, "votesCount": 13, "followersCount": 13, "website": null}, {"id": "870615.eth", "name": "NewBlock DAO", "twitter": null, "proposalsCount": 2, "votesCount": 5, "followersCount": 2, "website": null}, {"id": "870890.eth", "name": "aigame time", "twitter": null, "proposalsCount": 1, "votesCount": 1, "followersCount": 0, "website": null}, {"id": "87539319.eth", "name": "87539319 DAO", "twitter": null, "proposalsCount": 1, "votesCount": 1, "followersCount": 0, "website": null}]