[{"id": "cloudion.eth", "name": "BPS Club", "twitter": "cloudcionsoft", "proposalsCount": 4, "votesCount": 16, "followersCount": 4, "website": null}, {"id": "daox2y2.eth", "name": "X2Y2", "twitter": "the_x2y2", "proposalsCount": 1, "votesCount": 3, "followersCount": 20, "website": null}, {"id": "esteroids.eth", "name": "Esteroids", "twitter": "e_steroids", "proposalsCount": 1, "votesCount": 17, "followersCount": 6, "website": "https://esteroids.eth.limo"}, {"id": "eth001.eth", "name": "ethereum", "twitter": null, "proposalsCount": 10, "votesCount": 4, "followersCount": 10, "website": null}, {"id": "fortprotocol.eth", "name": "FORT Protocol", "twitter": null, "proposalsCount": 1, "votesCount": 22, "followersCount": 1, "website": null}, {"id": "gmetoken.eth", "name": "GameToken", "twitter": "GameTokenFi", "proposalsCount": 1, "votesCount": 22, "followersCount": 1, "website": null}, {"id": "hkexchange.eth", "name": "Moon Funding DAO", "twitter": null, "proposalsCount": 4, "votesCount": 16, "followersCount": 4, "website": null}, {"id": "keytango.eth", "name": "keyTango", "twitter": "tangokey", "proposalsCount": 4, "votesCount": 17, "followersCount": 3, "website": null}, {"id": "pegscash.eth", "name": "pegscash", "twitter": null, "proposalsCount": 3, "votesCount": 20, "followersCount": 1, "website": null}, {"id": "wdashi.eth", "name": "MEME DAO", "twitter": null, "proposalsCount": 1, "votesCount": 17, "followersCount": 6, "website": null}, {"id": "you-been-nothing-guy.eth", "name": "YOU BEEN NOTHING GUY", "twitter": "mera_takeru", "proposalsCount": 1, "votesCount": 22, "followersCount": 1, "website": "https://www.mera-takeru.com/you-been-nothing-guy/"}, {"id": "\u6caa\u4e0a\u5218\u4ea6\u83f2.eth", "name": "\u5218\u4ea6\u83f2", "twitter": null, "proposalsCount": 1, "votesCount": 22, "followersCount": 1, "website": null}, {"id": "435343.eth", "name": "\u52a0\u5bc6", "twitter": null, "proposalsCount": 2, "votesCount": 21, "followersCount": 1, "website": null}, {"id": "91111k.eth", "name": "gooooo", "twitter": null, "proposalsCount": 8, "votesCount": 8, "followersCount": 8, "website": null}, {"id": "ark945.eth", "name": "KRA_Labs", "twitter": "kra_labs", "proposalsCount": 4, "votesCount": 9, "followersCount": 11, "website": "https://solo.to/ark945"}, {"id": "blackdavesharp.eth", "name": "Sharp", "twitter": "blackdave", "proposalsCount": 2, "votesCount": 16, "followersCount": 6, "website": null}, {"id": "blockmagesnft.eth", "name": "Block Mages High Council", "twitter": "BlockMagesNFT", "proposalsCount": 6, "votesCount": 16, "followersCount": 2, "website": "https://www.blockmages.com"}, {"id": "boosted-finance", "name": "Boosted Finance", "twitter": null, "proposalsCount": 2, "votesCount": 20, "followersCount": 2, "website": null}, {"id": "broderick.eth", "name": "Pixelmon", "twitter": "pixelmon", "proposalsCount": 1, "votesCount": 21, "followersCount": 2, "website": "https://www.pixelmon.ai"}, {"id": "businessbuilders.eth", "name": "BusinessBuilders DAO", "twitter": "nftbbuilders", "proposalsCount": 2, "votesCount": 19, "followersCount": 3, "website": "https://businessbuilders.city"}]