[{"id": "munkovote.eth", "name": "Munko Community Votes", "twitter": "munko", "proposalsCount": 1, "votesCount": 361, "followersCount": 8, "website": "https://www.munko.io"}, {"id": "sbudao.eth", "name": "SBU", "twitter": "Crypto_Swarm", "proposalsCount": 4, "votesCount": 359, "followersCount": 6, "website": null}, {"id": "vote.mcdex.eth", "name": "MCDEX", "twitter": "MonteCarloDEX", "proposalsCount": 12, "votesCount": 309, "followersCount": 47, "website": null}, {"id": "altava-bagc.eth", "name": "ALTAVA-BAGC", "twitter": "Bored_Golf", "proposalsCount": 2, "votesCount": 347, "followersCount": 18, "website": "https://bagc.altava.com"}, {"id": "vsheng.eth", "name": "eth dao", "twitter": null, "proposalsCount": 23, "votesCount": 61, "followersCount": 33, "website": null}, {"id": "wearyapeyc.eth", "name": "Weary Ape Yacht Club", "twitter": "wearyapeyc", "proposalsCount": 10, "votesCount": 302, "followersCount": 55, "website": "https://wearyapeyachtclub.com/"}, {"id": "d56k.eth", "name": "d56k", "twitter": "Dialup56k", "proposalsCount": 2, "votesCount": 321, "followersCount": 43, "website": "https://d56k.com/"}, {"id": "blackholedao.eth", "name": "BlackHoleDAO", "twitter": "BlackHoleDAO_", "proposalsCount": 17, "votesCount": 252, "followersCount": 96, "website": "https://blackholedao.finance/#/"}, {"id": "globaldesignernetwork.eth", "name": "GDN DAO", "twitter": "web3fashion", "proposalsCount": 29, "votesCount": 302, "followersCount": 34, "website": "https://designers.digitalax.xyz/"}, {"id": "genesisdaosafe.eth", "name": "Genesis DAO", "twitter": "genesisdao_", "proposalsCount": 27, "votesCount": 319, "followersCount": 18, "website": "https://genesisdao.com"}, {"id": "wonderfulday.eth", "name": "WonderfulDay", "twitter": "WonderfulDay_io", "proposalsCount": 3, "votesCount": 359, "followersCount": 2, "website": null}, {"id": "gmrcenter.eth", "name": "GAMER", "twitter": "GMRCenter", "proposalsCount": 3, "votesCount": 295, "followersCount": 65, "website": "https://gmr.center"}, {"id": "screamsh.eth", "name": "\ud83d\ude31 Scream", "twitter": "Screamdotsh", "proposalsCount": 4, "votesCount": 44, "followersCount": 15, "website": "https://scream.sh/"}, {"id": "societyofthehourglass.eth", "name": "The Society of the Hourglass", "twitter": "hourglass_nft", "proposalsCount": 11, "votesCount": 328, "followersCount": 24, "website": null}, {"id": "hypot.eth", "name": "hypt", "twitter": null, "proposalsCount": 5, "votesCount": 5, "followersCount": 2, "website": null}, {"id": "swaeio.eth", "name": "Swae", "twitter": "swae_io", "proposalsCount": 91, "votesCount": 233, "followersCount": 38, "website": "https://swae.io/"}, {"id": "samuraifi.eth", "name": "Samurai Governance", "twitter": "SamuraiNodes", "proposalsCount": 17, "votesCount": 205, "followersCount": 40, "website": "https://samurai.financial/"}, {"id": "kawaii-islands.eth", "name": "Kawaii Islands", "twitter": "kawaii_islands", "proposalsCount": 2, "votesCount": 181, "followersCount": 178, "website": null}, {"id": "doodledogsnft.eth", "name": "Doodle Dogs NFT", "twitter": "doodledogsnft", "proposalsCount": 8, "votesCount": 309, "followersCount": 44, "website": null}, {"id": "hinatadao.eth", "name": "Hinata Foundation", "twitter": "hinataio", "proposalsCount": 5, "votesCount": 139, "followersCount": 216, "website": "https://www.hinata.io"}]