[{"id": "866101.eth", "name": "YU", "twitter": null, "proposalsCount": 1, "votesCount": 3, "followersCount": 1, "website": null}, {"id": "886101.eth", "name": "yu club", "twitter": null, "proposalsCount": 1, "votesCount": 3, "followersCount": 1, "website": null}, {"id": "898191.eth", "name": "NANA", "twitter": null, "proposalsCount": 1, "votesCount": 3, "followersCount": 1, "website": null}, {"id": "909866.eth", "name": "Heavenly Way", "twitter": null, "proposalsCount": 2, "votesCount": 0, "followersCount": 3, "website": null}, {"id": "909896.eth", "name": "Pioneer of the times", "twitter": null, "proposalsCount": 2, "votesCount": 0, "followersCount": 3, "website": null}, {"id": "936396.eth", "name": "936396", "twitter": null, "proposalsCount": 2, "votesCount": 2, "followersCount": 1, "website": null}, {"id": "960908.eth", "name": "Earningdao", "twitter": null, "proposalsCount": 1, "votesCount": 0, "followersCount": 4, "website": "https://twitter.com/Coinman_01"}, {"id": "961022.eth", "name": "STAR ", "twitter": null, "proposalsCount": 1, "votesCount": 3, "followersCount": 1, "website": null}, {"id": "968900.eth", "name": "Top ranking", "twitter": null, "proposalsCount": 2, "votesCount": 0, "followersCount": 3, "website": null}, {"id": "969161.eth", "name": "Sheep club", "twitter": null, "proposalsCount": 1, "votesCount": 3, "followersCount": 1, "website": null}, {"id": "981120.eth", "name": "981120", "twitter": null, "proposalsCount": 2, "votesCount": 0, "followersCount": 3, "website": null}, {"id": "989101.eth", "name": "QIAN", "twitter": null, "proposalsCount": 1, "votesCount": 3, "followersCount": 1, "website": null}, {"id": "996dao.eth", "name": "996DAO", "twitter": "0xbitsun", "proposalsCount": 0, "votesCount": 0, "followersCount": 5, "website": "https://discord.gg/CMPZnggVYW"}, {"id": "999224.eth", "name": "999224.eth", "twitter": null, "proposalsCount": 2, "votesCount": 2, "followersCount": 1, "website": null}, {"id": "999888777111.eth", "name": "The Last of DAO", "twitter": "LastOfDAO", "proposalsCount": 1, "votesCount": 0, "followersCount": 4, "website": null}, {"id": "a.51nft.eth", "name": "gamefi", "twitter": null, "proposalsCount": 1, "votesCount": 3, "followersCount": 1, "website": null}, {"id": "abhatef.eth", "name": "peace", "twitter": null, "proposalsCount": 3, "votesCount": 1, "followersCount": 1, "website": null}, {"id": "abolishproject.eth", "name": "Abolish Project DAO", "twitter": "AbolishProject", "proposalsCount": 0, "votesCount": 0, "followersCount": 5, "website": null}, {"id": "aburakyavuz.eth", "name": "aburakyavuz", "twitter": "ahmts15", "proposalsCount": 1, "votesCount": 2, "followersCount": 2, "website": null}, {"id": "acorsica.eth", "name": "CORSICA", "twitter": null, "proposalsCount": 1, "votesCount": 0, "followersCount": 4, "website": null}]