[{"id": "jungle77.eth", "name": "jungle", "twitter": "jungle7777", "proposalsCount": 2, "votesCount": 0, "followersCount": 2, "website": null}, {"id": "justinbili.eth", "name": "JustinLabs", "twitter": null, "proposalsCount": 2, "votesCount": 0, "followersCount": 2, "website": null}, {"id": "kashiwachen.eth", "name": "kashiwachen", "twitter": null, "proposalsCount": 2, "votesCount": 2, "followersCount": 0, "website": null}, {"id": "kb824.eth", "name": "kb824", "twitter": null, "proposalsCount": 1, "votesCount": 1, "followersCount": 2, "website": null}, {"id": "khyzer.eth", "name": "cute dao", "twitter": null, "proposalsCount": 1, "votesCount": 2, "followersCount": 1, "website": null}, {"id": "kiavash.eth", "name": "Roar protocol", "twitter": null, "proposalsCount": 1, "votesCount": 1, "followersCount": 2, "website": null}, {"id": "kibaworldwide.eth", "name": "Kiba Inu", "twitter": "kibainukiba", "proposalsCount": 1, "votesCount": 1, "followersCount": 2, "website": null}, {"id": "kika2021.eth", "name": "Kika", "twitter": null, "proposalsCount": 0, "votesCount": 0, "followersCount": 4, "website": null}, {"id": "kingers.eth", "name": "KingersDAO", "twitter": "KingersDAO", "proposalsCount": 0, "votesCount": 0, "followersCount": 4, "website": "https://kingers.eth.limo/"}, {"id": "kingshaman.eth", "name": "MONEY DAO", "twitter": null, "proposalsCount": 1, "votesCount": 1, "followersCount": 2, "website": null}, {"id": "kitmang.eth", "name": "kitmang", "twitter": null, "proposalsCount": 2, "votesCount": 1, "followersCount": 1, "website": null}, {"id": "kodaf.eth", "name": "Kodaf", "twitter": "kodaf666", "proposalsCount": 2, "votesCount": 2, "followersCount": 0, "website": "https://kod.af/"}, {"id": "kolektivo.eth", "name": "Kolektivo", "twitter": null, "proposalsCount": 2, "votesCount": 1, "followersCount": 1, "website": null}, {"id": "kostik2608.eth", "name": "kos", "twitter": null, "proposalsCount": 1, "votesCount": 1, "followersCount": 2, "website": null}, {"id": "kovalent.eth", "name": "Netflix Fan DAO", "twitter": null, "proposalsCount": 1, "votesCount": 2, "followersCount": 1, "website": null}, {"id": "ks0289.eth", "name": "ks0289 dao", "twitter": null, "proposalsCount": 2, "votesCount": 1, "followersCount": 1, "website": null}, {"id": "kyivaid.eth", "name": "KyivAID DAO", "twitter": "kyivaid", "proposalsCount": 2, "votesCount": 2, "followersCount": 0, "website": "https://www.kyivaid.com"}, {"id": "kyndr.eth", "name": "Kyndr", "twitter": null, "proposalsCount": 0, "votesCount": 0, "followersCount": 4, "website": null}, {"id": "lafamiliadao.eth", "name": "La Familia DAO", "twitter": "lafamiliadao", "proposalsCount": 2, "votesCount": 0, "followersCount": 2, "website": "https://www.famdao.xyz"}, {"id": "laiboken.eth", "name": "Laiboken", "twitter": null, "proposalsCount": 1, "votesCount": 2, "followersCount": 1, "website": null}]