[{"id": "0x6b37.eth", "name": "baas", "twitter": null, "proposalsCount": 2, "votesCount": 5, "followersCount": 2, "website": null}, {"id": "0xlk3.eth", "name": "0xl.k", "twitter": "0xFFEE33", "proposalsCount": 2, "votesCount": 0, "followersCount": 7, "website": null}, {"id": "3333ff.eth", "name": "\u66b4\u5bcc", "twitter": "kain_999", "proposalsCount": 3, "votesCount": 4, "followersCount": 2, "website": null}, {"id": "androll.eth", "name": "AndRoll", "twitter": null, "proposalsCount": 4, "votesCount": 3, "followersCount": 2, "website": null}, {"id": "bitsv2.eth", "name": "Bits Finance ", "twitter": "Bitsfinance_io", "proposalsCount": 2, "votesCount": 5, "followersCount": 2, "website": "https://bitsfinance.io/"}, {"id": "chaorendashu.eth", "name": "usdc_english_dao", "twitter": null, "proposalsCount": 4, "votesCount": 3, "followersCount": 2, "website": null}, {"id": "cnxzcxy.eth", "name": "Terry", "twitter": null, "proposalsCount": 3, "votesCount": 4, "followersCount": 2, "website": null}, {"id": "coinwake.eth", "name": "coinwake", "twitter": "coinwake", "proposalsCount": 1, "votesCount": 1, "followersCount": 7, "website": null}, {"id": "crgov.eth", "name": "Crypto Raiders", "twitter": "crypto_raiders", "proposalsCount": 3, "votesCount": 4, "followersCount": 2, "website": "https://www.cryptoraiders.gg/"}, {"id": "enabel.eth", "name": "Enabel DAO", "twitter": "", "proposalsCount": 5, "votesCount": 2, "followersCount": 2, "website": null}, {"id": "frmocorp.eth", "name": "frmocorp", "twitter": null, "proposalsCount": 2, "votesCount": 5, "followersCount": 2, "website": null}, {"id": "hyn007.eth", "name": "hyn007", "twitter": null, "proposalsCount": 3, "votesCount": 4, "followersCount": 2, "website": null}, {"id": "kodokustudios.eth", "name": "Kodoku", "twitter": null, "proposalsCount": 3, "votesCount": 4, "followersCount": 2, "website": null}, {"id": "lens.411191.eth", "name": "link3.to.FanClub", "twitter": null, "proposalsCount": 1, "votesCount": 1, "followersCount": 7, "website": null}, {"id": "nakrmili.eth", "name": "Testing nakrmili", "twitter": null, "proposalsCount": 3, "votesCount": 4, "followersCount": 2, "website": null}, {"id": "niklabh.eth", "name": "niklabh", "twitter": null, "proposalsCount": 4, "votesCount": 3, "followersCount": 2, "website": null}, {"id": "piggyfinance.eth", "name": "PiggyFinance", "twitter": "Piggy_Fi", "proposalsCount": 3, "votesCount": 4, "followersCount": 2, "website": null}, {"id": "quarkclub.eth", "name": "Super Club Quark Snapshot", "twitter": null, "proposalsCount": 3, "votesCount": 4, "followersCount": 2, "website": null}, {"id": "spacejellyfish.eth", "name": "Spacejellyfishes", "twitter": "spacejellyfis10", "proposalsCount": 3, "votesCount": 4, "followersCount": 2, "website": "https://twitter.com/Spacejellyfis10"}, {"id": "synsation.eth", "name": "Testing DAO", "twitter": null, "proposalsCount": 3, "votesCount": 4, "followersCount": 2, "website": null}]