[{"id": "michaelshow.eth", "name": "Michael's space", "twitter": null, "proposalsCount": 1, "votesCount": 3, "followersCount": 1, "website": null}, {"id": "microsoftxyz.eth", "name": "microsoftxyz", "twitter": null, "proposalsCount": 1, "votesCount": 1, "followersCount": 1, "website": null}, {"id": "midasyielddao.eth", "name": "Midas Yield DAO", "twitter": null, "proposalsCount": 2, "votesCount": 0, "followersCount": 2, "website": null}, {"id": "midgerate.eth", "name": "midgerate.eth", "twitter": "midgerate", "proposalsCount": 23, "votesCount": 31, "followersCount": 3, "website": null}, {"id": "miemieley.eth", "name": "pavel's fam", "twitter": "miemie170920", "proposalsCount": 1, "votesCount": 0, "followersCount": 1, "website": null}, {"id": "migtam.eth", "name": "TEST DAO", "twitter": null, "proposalsCount": 1, "votesCount": 1, "followersCount": 0, "website": null}, {"id": "migueltam.eth", "name": "TEST", "twitter": null, "proposalsCount": 2, "votesCount": 2, "followersCount": 0, "website": null}, {"id": "mihakenig888.eth", "name": "Miha", "twitter": null, "proposalsCount": 0, "votesCount": 0, "followersCount": 0, "website": null}, {"id": "mikeltube.eth", "name": "TEST", "twitter": null, "proposalsCount": 2, "votesCount": 2, "followersCount": 0, "website": null}, {"id": "miknib.eth", "name": "BAE", "twitter": null, "proposalsCount": 1, "votesCount": 0, "followersCount": 0, "website": null}, {"id": "mikya.eth", "name": "1", "twitter": null, "proposalsCount": 1, "votesCount": 2, "followersCount": 1, "website": null}, {"id": "milfhunter.policemem228.eth", "name": "fgdfg", "twitter": null, "proposalsCount": 1, "votesCount": 2, "followersCount": 2, "website": null}, {"id": "milfhunter2023.eth", "name": "d", "twitter": null, "proposalsCount": 1, "votesCount": 1, "followersCount": 0, "website": null}, {"id": "milletsiu.eth", "name": "TEST", "twitter": null, "proposalsCount": 1, "votesCount": 1, "followersCount": 0, "website": null}, {"id": "millionwinner.eth", "name": "MillionWinner", "twitter": "Million__Winner", "proposalsCount": 4, "votesCount": 14986, "followersCount": 54, "website": "https://www.millionwinner.org/"}, {"id": "mimmohak.eth", "name": "mimmohak", "twitter": null, "proposalsCount": 0, "votesCount": 0, "followersCount": 2, "website": "https://twitter.com/WenukM"}, {"id": "mindblockchain.eth", "name": "Mind Blockchain", "twitter": "mind_blockchain", "proposalsCount": 0, "votesCount": 0, "followersCount": 0, "website": "https://mindblockchain.io"}, {"id": "mindblowoncommunity.eth", "name": "Mindblowon Community", "twitter": null, "proposalsCount": 2, "votesCount": 1, "followersCount": 0, "website": "https://www.mindblowon.io"}, {"id": "mindfuldegens.eth", "name": "Mindful Degens", "twitter": "mindfuldegens", "proposalsCount": 0, "votesCount": 0, "followersCount": 21, "website": "https://mindfuldegens.com"}, {"id": "mingyuezhaoyiren.eth", "name": "ouwener", "twitter": null, "proposalsCount": 0, "votesCount": 0, "followersCount": 0, "website": null}]