[{"id": "bondbuilder.eth", "name": "Bondbuilder", "twitter": "BBDinnovator", "proposalsCount": 1, "votesCount": 1, "followersCount": 1, "website": "https://bondbuilder.io/"}, {"id": "boomlabs.eth", "name": "Boom\ud83d\udca5Labs", "twitter": "boomlabs_web3", "proposalsCount": 1, "votesCount": 3, "followersCount": 3, "website": null}, {"id": "boonjue.eth", "name": "Recovery DAO", "twitter": null, "proposalsCount": 3, "votesCount": 0, "followersCount": 1, "website": null}, {"id": "booooom.eth", "name": "BBB", "twitter": null, "proposalsCount": 2, "votesCount": 3, "followersCount": 1, "website": null}, {"id": "boravoting.eth", "name": "Borabora DEX", "twitter": "Borabora_DAO", "proposalsCount": 0, "votesCount": 0, "followersCount": 2, "website": "https://borabora.ooo/"}, {"id": "boringjuice.eth", "name": "BoringJuice", "twitter": null, "proposalsCount": 0, "votesCount": 0, "followersCount": 0, "website": null}, {"id": "borisraw.eth", "name": "Modzverse", "twitter": null, "proposalsCount": 0, "votesCount": 0, "followersCount": 0, "website": null}, {"id": "borsh.eth", "name": "BORSH", "twitter": null, "proposalsCount": 0, "votesCount": 0, "followersCount": 1, "website": null}, {"id": "boryascammer.eth", "name": "Nihuya", "twitter": "wwwwwww", "proposalsCount": 119, "votesCount": 233, "followersCount": 3, "website": null}, {"id": "bossbabesnft.eth", "name": "BOSS BABES NFT", "twitter": null, "proposalsCount": 0, "votesCount": 0, "followersCount": 0, "website": null}, {"id": "bossdaovc.eth", "name": "POSS", "twitter": null, "proposalsCount": 4, "votesCount": 2, "followersCount": 2, "website": null}, {"id": "bossvote.eth", "name": "zzt", "twitter": null, "proposalsCount": 0, "votesCount": 0, "followersCount": 1, "website": null}, {"id": "bostonrob.eth", "name": "The Yellowstone DAO", "twitter": "Bostonrob__", "proposalsCount": 1, "votesCount": 1, "followersCount": 1, "website": null}, {"id": "botuver.eth", "name": "botuver", "twitter": null, "proposalsCount": 0, "votesCount": 0, "followersCount": 0, "website": null}, {"id": "boundsouls.eth", "name": "BoundSouls", "twitter": null, "proposalsCount": 0, "votesCount": 0, "followersCount": 0, "website": null}, {"id": "bouron6.eth", "name": "BOURON6.eth", "twitter": null, "proposalsCount": 1, "votesCount": 161, "followersCount": 7, "website": null}, {"id": "bpbpb.eth", "name": "love", "twitter": null, "proposalsCount": 1, "votesCount": 1, "followersCount": 1, "website": null}, {"id": "br1ght3.eth", "name": "br1ght3", "twitter": null, "proposalsCount": 2, "votesCount": 0, "followersCount": 2, "website": null}, {"id": "bratukhin.eth", "name": "AlexB", "twitter": null, "proposalsCount": 1, "votesCount": 0, "followersCount": 0, "website": null}, {"id": "bratukhinda.eth", "name": "BratukhinDA", "twitter": null, "proposalsCount": 0, "votesCount": 0, "followersCount": 0, "website": null}]