[{"id": "theredzonezoo.eth", "name": "The Red Zone Zoo", "twitter": "theredzonezoo", "proposalsCount": 0, "votesCount": 0, "followersCount": 1, "website": "https://www.theredzonezoo.com"}, {"id": "thescholardao\ud83e\udd9e\ud83e\udd9e\ud83e\udd9e.eth", "name": "thescholardao", "twitter": null, "proposalsCount": 11, "votesCount": 59, "followersCount": 5, "website": null}, {"id": "thesky.eth", "name": "SDB", "twitter": null, "proposalsCount": 0, "votesCount": 0, "followersCount": 0, "website": null}, {"id": "thesouldao.eth", "name": "Soul DAO", "twitter": "souldao_xyz", "proposalsCount": 0, "votesCount": 0, "followersCount": 0, "website": "http://souldao.xyz/"}, {"id": "thesportsnft.eth", "name": "The Sports NFT", "twitter": null, "proposalsCount": 2, "votesCount": 73, "followersCount": 24, "website": null}, {"id": "thesurrealdao.eth", "name": "The Surreal DAO", "twitter": "SurrealDAO", "proposalsCount": 0, "votesCount": 0, "followersCount": 1, "website": "https://www.SurrealDAO.xyz"}, {"id": "thesync.eth", "name": "SyncDAO", "twitter": null, "proposalsCount": 0, "votesCount": 0, "followersCount": 1, "website": null}, {"id": "thetechguy.eth", "name": "TheTechGuy", "twitter": null, "proposalsCount": 2, "votesCount": 1, "followersCount": 1, "website": null}, {"id": "thetellies.eth", "name": "The Tellies", "twitter": null, "proposalsCount": 0, "votesCount": 0, "followersCount": 2, "website": null}, {"id": "thetestdao.eth", "name": "The Test Dao", "twitter": "thetestdao", "proposalsCount": 0, "votesCount": 0, "followersCount": 1, "website": "https://bip.so/@testdaolab/The-Test-DAO-Project-kBbIH"}, {"id": "thethirdworld.eth", "name": "ThethirdworldDAO", "twitter": "ThethirdworldE", "proposalsCount": 1, "votesCount": 2, "followersCount": 12, "website": "https://link3.to/thethirdworld"}, {"id": "thetigerarchives.eth", "name": "The Tiger Archives", "twitter": "pestlemortarSEA", "proposalsCount": 1, "votesCount": 2, "followersCount": 2, "website": "https://www.thetigerarchives.xyz/"}, {"id": "thevaluethinker.eth", "name": "Test NFT Project", "twitter": null, "proposalsCount": 1, "votesCount": 0, "followersCount": 1, "website": null}, {"id": "thewildguardians.eth", "name": "The Wild Guardians", "twitter": "TheWildGuards", "proposalsCount": 0, "votesCount": 0, "followersCount": 13, "website": "https://thewildguardians.com/"}, {"id": "thewizardshat.eth", "name": "vaishnav", "twitter": "vaishnavchavan", "proposalsCount": 0, "votesCount": 0, "followersCount": 0, "website": null}, {"id": "thinh.eth", "name": "My Bitski Test", "twitter": null, "proposalsCount": 1, "votesCount": 11, "followersCount": 0, "website": null}, {"id": "thinkers.eth", "name": "Thinkers", "twitter": null, "proposalsCount": 0, "votesCount": 0, "followersCount": 0, "website": null}, {"id": "thisrisky.eth", "name": "Redemption ", "twitter": null, "proposalsCount": 0, "votesCount": 0, "followersCount": 0, "website": null}, {"id": "thrax.eth", "name": "THRAX Fake Gotchi DAO", "twitter": "thrax_nft", "proposalsCount": 0, "votesCount": 0, "followersCount": 0, "website": "https://www.fakegotchis.com/profile/0x20906e454a9d20181350630ead131d8dfa21dd3f?selected=collected"}, {"id": "threeohdao.eth", "name": "ThreeOH DAO", "twitter": "threeohdao", "proposalsCount": 8, "votesCount": 76, "followersCount": 22, "website": "https://threeohdao.com/"}]