[{"id": "317499.eth", "name": "Noman-sagor", "twitter": null, "proposalsCount": 1, "votesCount": 5, "followersCount": 2, "website": null}, {"id": "32228.eth", "name": "32228", "twitter": null, "proposalsCount": 3, "votesCount": 3, "followersCount": 1, "website": null}, {"id": "323239.eth", "name": "tall008", "twitter": null, "proposalsCount": 1, "votesCount": 3, "followersCount": 1, "website": null}, {"id": "323623.eth", "name": "kafka utopia", "twitter": null, "proposalsCount": 2, "votesCount": 4, "followersCount": 2, "website": null}, {"id": "331230.eth", "name": "Mickle Furry", "twitter": null, "proposalsCount": 2, "votesCount": 4, "followersCount": 2, "website": null}, {"id": "332230.eth", "name": "PolyNetwork", "twitter": null, "proposalsCount": 2, "votesCount": 4, "followersCount": 3, "website": null}, {"id": "332239.eth", "name": "FunDAO", "twitter": null, "proposalsCount": 1, "votesCount": 1, "followersCount": 1, "website": null}, {"id": "332334.eth", "name": "Fast And Furious", "twitter": null, "proposalsCount": 7, "votesCount": 185, "followersCount": 6, "website": null}, {"id": "332335.eth", "name": "ENS Hunter", "twitter": null, "proposalsCount": 1, "votesCount": 1, "followersCount": 0, "website": null}, {"id": "332535.eth", "name": "Diff Protocol", "twitter": null, "proposalsCount": 2, "votesCount": 3, "followersCount": 0, "website": null}, {"id": "332539.eth", "name": "NFT DAO", "twitter": null, "proposalsCount": 1, "votesCount": 1, "followersCount": 1, "website": null}, {"id": "335201.eth", "name": "a16z", "twitter": null, "proposalsCount": 1, "votesCount": 212, "followersCount": 3, "website": null}, {"id": "337564.eth", "name": "coffer", "twitter": null, "proposalsCount": 1, "votesCount": 1, "followersCount": 1, "website": null}, {"id": "33883344.eth", "name": "3388", "twitter": null, "proposalsCount": 35, "votesCount": 34, "followersCount": 5, "website": null}, {"id": "3399520.eth", "name": "lumao14", "twitter": null, "proposalsCount": 3, "votesCount": 37, "followersCount": 40, "website": null}, {"id": "345321.eth", "name": "hobbeslin", "twitter": null, "proposalsCount": 1, "votesCount": 2, "followersCount": 8, "website": null}, {"id": "345334.eth", "name": "Disperse Lab", "twitter": null, "proposalsCount": 1, "votesCount": 3, "followersCount": 2, "website": null}, {"id": "345656.eth", "name": "MaticCity", "twitter": null, "proposalsCount": 5, "votesCount": 1198, "followersCount": 42, "website": null}, {"id": "3456769.eth", "name": "111", "twitter": null, "proposalsCount": 36, "votesCount": 27, "followersCount": 37, "website": null}, {"id": "345834.eth", "name": "Celeb Network", "twitter": null, "proposalsCount": 2, "votesCount": 5, "followersCount": 1, "website": null}]