[{"id": "therecharge.eth", "name": "The Recharge", "twitter": "TheRecharge1", "proposalsCount": 0, "votesCount": 0, "followersCount": 11, "website": null}, {"id": "thevoyage.eth", "name": "TheVoyage.eth", "twitter": "lil_esper", "proposalsCount": 2, "votesCount": 8, "followersCount": 1, "website": "https://potionpalace.cc/"}, {"id": "threeconomy.eth", "name": "test1234", "twitter": null, "proposalsCount": 4, "votesCount": 4, "followersCount": 3, "website": null}, {"id": "tikitaka.eth", "name": "$BNN Football Freespace", "twitter": "BnanaCommunity", "proposalsCount": 1, "votesCount": 0, "followersCount": 10, "website": null}, {"id": "turbogovernance.eth", "name": "TURBO", "twitter": null, "proposalsCount": 3, "votesCount": 3, "followersCount": 5, "website": null}, {"id": "unitsdao.eth", "name": "UNITS DAO", "twitter": "units_protocol", "proposalsCount": 0, "votesCount": 0, "followersCount": 11, "website": null}, {"id": "velkoskis.eth", "name": "Magic Mint", "twitter": "magicmintxyz", "proposalsCount": 1, "votesCount": 0, "followersCount": 10, "website": "https://www.magicmint.xyz/"}, {"id": "w3blab.eth", "name": "W3blab DAO", "twitter": "W3B_Lab", "proposalsCount": 3, "votesCount": 2, "followersCount": 6, "website": "http://w3blab.io/"}, {"id": "waduhek.eth", "name": "Wadu Dao", "twitter": null, "proposalsCount": 3, "votesCount": 5, "followersCount": 3, "website": null}, {"id": "webow.eth", "name": "WeBow DAO", "twitter": null, "proposalsCount": 3, "votesCount": 7, "followersCount": 1, "website": null}, {"id": "wolfdefi", "name": "WolfDeFi", "twitter": null, "proposalsCount": 5, "votesCount": 4, "followersCount": 2, "website": null}, {"id": "xialinxia.eth", "name": "good ideal sharing", "twitter": null, "proposalsCount": 1, "votesCount": 4, "followersCount": 6, "website": null}, {"id": "xiao2.eth", "name": "Xiao2", "twitter": null, "proposalsCount": 2, "votesCount": 6, "followersCount": 3, "website": null}, {"id": "xinan888.eth", "name": "mechwarriordao", "twitter": null, "proposalsCount": 1, "votesCount": 10, "followersCount": 0, "website": null}, {"id": "yangbin.eth", "name": "TriSolaris Labs", "twitter": null, "proposalsCount": 1, "votesCount": 0, "followersCount": 10, "website": null}, {"id": "yanming.eth", "name": "yanming.eth", "twitter": null, "proposalsCount": 4, "votesCount": 4, "followersCount": 3, "website": null}, {"id": "yydsb.eth", "name": "YYDS_B", "twitter": null, "proposalsCount": 1, "votesCount": 7, "followersCount": 3, "website": null}, {"id": "zhumiaomiao.eth", "name": "secret network", "twitter": null, "proposalsCount": 2, "votesCount": 0, "followersCount": 9, "website": null}, {"id": "zhupp.eth", "name": "zhupp", "twitter": "Xx6Orw7CdFzOCit", "proposalsCount": 3, "votesCount": 5, "followersCount": 3, "website": null}, {"id": "zyxswap.eth", "name": "zyxswap", "twitter": null, "proposalsCount": 2, "votesCount": 0, "followersCount": 9, "website": null}]