[{"id": "derivadao.eth", "name": "DerivaDAO", "twitter": null, "proposalsCount": 1, "votesCount": 1, "followersCount": 9, "website": "https://forum.derivadex.com"}, {"id": "developer-kcc.eth", "name": "testnet", "twitter": null, "proposalsCount": 2, "votesCount": 1, "followersCount": 8, "website": null}, {"id": "dgcl.eth", "name": "DigiCol", "twitter": "DigiColofficial", "proposalsCount": 2, "votesCount": 4, "followersCount": 5, "website": null}, {"id": "dscvr.eth", "name": "Apple community", "twitter": null, "proposalsCount": 2, "votesCount": 0, "followersCount": 9, "website": null}, {"id": "easyblock.eth", "name": "EasyBlock", "twitter": "easyblock_fin", "proposalsCount": 1, "votesCount": 10, "followersCount": 0, "website": "https://easyblock.finance"}, {"id": "ebotcyberclub.eth", "name": "E-Bot Cyber Club", "twitter": "ebotcyberclub", "proposalsCount": 2, "votesCount": 6, "followersCount": 3, "website": "https://www.ebotcyberclub.com"}, {"id": "eflabrysdao.earthfund.eth", "name": "eflabrysdao", "twitter": null, "proposalsCount": 5, "votesCount": 4, "followersCount": 2, "website": null}, {"id": "ethbc.eth", "name": "okex", "twitter": null, "proposalsCount": 1, "votesCount": 0, "followersCount": 10, "website": null}, {"id": "faker7988.eth", "name": "faker7988", "twitter": null, "proposalsCount": 1, "votesCount": 8, "followersCount": 2, "website": null}, {"id": "fantoofficial.eth", "name": "Fanto", "twitter": "fanto_official", "proposalsCount": 1, "votesCount": 4, "followersCount": 6, "website": "https://www.fanto.io/"}, {"id": "flintstonefinance.eth", "name": "Cash Milk Finance", "twitter": "cash_milk", "proposalsCount": 3, "votesCount": 6, "followersCount": 2, "website": "https://cashmilk.github.io"}, {"id": "flynncx.eth", "name": "CandyDAO", "twitter": null, "proposalsCount": 3, "votesCount": 0, "followersCount": 8, "website": null}, {"id": "foda.eth", "name": "\u24d5\u2122", "twitter": "0xFoda", "proposalsCount": 0, "votesCount": 0, "followersCount": 11, "website": null}, {"id": "fooldao.eth", "name": "Fool DAO", "twitter": "TheFoolAcademy", "proposalsCount": 0, "votesCount": 0, "followersCount": 11, "website": "https://notoriousfoolacademy.com/"}, {"id": "football.lovesyou.eth", "name": "FOOTBALLDAO", "twitter": null, "proposalsCount": 5, "votesCount": 5, "followersCount": 1, "website": null}, {"id": "forg.eth", "name": "Carbonic DAO", "twitter": "CarbonicFinance", "proposalsCount": 2, "votesCount": 0, "followersCount": 9, "website": "https://carbonic.finance"}, {"id": "genedeyev.eth", "name": "Temp", "twitter": "StoboxCompany", "proposalsCount": 1, "votesCount": 4, "followersCount": 6, "website": null}, {"id": "granaryfinance.eth", "name": "GRANARY", "twitter": "GranaryFinance", "proposalsCount": 1, "votesCount": 0, "followersCount": 10, "website": "https://granary.finance"}, {"id": "halomoto.eth", "name": "zango", "twitter": null, "proposalsCount": 6, "votesCount": 0, "followersCount": 5, "website": null}, {"id": "heloushouyue.eth", "name": "FIL DAO", "twitter": null, "proposalsCount": 3, "votesCount": 3, "followersCount": 5, "website": null}]