[{"id": "ntime.eth", "name": "N-time", "twitter": null, "proposalsCount": 1, "votesCount": 1, "followersCount": 1, "website": null}, {"id": "ntpunks.eth", "name": "NeoTokyoPunks", "twitter": null, "proposalsCount": 1, "votesCount": 234, "followersCount": 0, "website": null}, {"id": "nufoundry.eth", "name": "Nu DAO", "twitter": "NuFoundry", "proposalsCount": 0, "votesCount": 0, "followersCount": 3, "website": "https://nufoundry.org"}, {"id": "nusic.eth", "name": "NUSIC", "twitter": null, "proposalsCount": 9, "votesCount": 2, "followersCount": 46, "website": null}, {"id": "nusratabid.eth", "name": "abid", "twitter": "AbidNusrat1", "proposalsCount": 0, "votesCount": 0, "followersCount": 0, "website": null}, {"id": "nybooks.eth", "name": "books", "twitter": null, "proposalsCount": 1, "votesCount": 1, "followersCount": 0, "website": null}, {"id": "o0p0o.eth", "name": "Probir", "twitter": "ProbirR0061088", "proposalsCount": 0, "votesCount": 0, "followersCount": 1, "website": null}, {"id": "obiter-finance.eth", "name": "Cuongisreal", "twitter": null, "proposalsCount": 0, "votesCount": 0, "followersCount": 1, "website": null}, {"id": "oceanic-crab.eth", "name": "Ocean Crab", "twitter": null, "proposalsCount": 1, "votesCount": 1, "followersCount": 0, "website": null}, {"id": "ochaingg.eth", "name": "OChain.gg", "twitter": "ochain_gg", "proposalsCount": 0, "votesCount": 0, "followersCount": 6, "website": "https://ochain.gg"}, {"id": "ochemvi.eth", "name": "ochemvi", "twitter": null, "proposalsCount": 1, "votesCount": 1, "followersCount": 3, "website": null}, {"id": "oclabs.eth", "name": "OrangeCat", "twitter": null, "proposalsCount": 1, "votesCount": 1, "followersCount": 30, "website": null}, {"id": "octantdao.eth", "name": "Octant8", "twitter": null, "proposalsCount": 11, "votesCount": 42, "followersCount": 9, "website": "https://www.octant8.io"}, {"id": "odd-dudes.eth", "name": "ODD Dudes DAO", "twitter": "OddDudesNft", "proposalsCount": 0, "votesCount": 0, "followersCount": 1, "website": "https://abnormal.city"}, {"id": "odenbluechip.eth", "name": "Oden Blue-Chip DAO", "twitter": "oden_labs", "proposalsCount": 1, "votesCount": 2, "followersCount": 6, "website": "https://odenbluechip.xyz"}, {"id": "oftenfrequent.eth", "name": "Chimo", "twitter": null, "proposalsCount": 13, "votesCount": 12, "followersCount": 5, "website": null}, {"id": "ogape\ud83c\udf4c.eth", "name": "Og ape ", "twitter": null, "proposalsCount": 1, "votesCount": 0, "followersCount": 0, "website": null}, {"id": "ogbuda.toxacnphnk.eth", "name": "\u0437\u0444\u044b\u0432\u0437\u0444\u044b\u0445\u0432\u0444\u044b\u0430", "twitter": null, "proposalsCount": 11, "votesCount": 20, "followersCount": 1, "website": null}, {"id": "ohshane.eth", "name": "Esc City", "twitter": null, "proposalsCount": 0, "votesCount": 0, "followersCount": 1, "website": null}, {"id": "oicod.eth", "name": "Now or never", "twitter": null, "proposalsCount": 2, "votesCount": 2, "followersCount": 2, "website": null}]