[{"id": "air.joints.eth", "name": "AIRDAO", "twitter": null, "proposalsCount": 1, "votesCount": 1, "followersCount": 1, "website": null}, {"id": "airdropproffisor.eth", "name": "fayez", "twitter": "mohamed95515873", "proposalsCount": 1, "votesCount": 0, "followersCount": 2, "website": null}, {"id": "ajoea.eth", "name": "ajoe", "twitter": null, "proposalsCount": 1, "votesCount": 1, "followersCount": 1, "website": null}, {"id": "alaska.joints.eth", "name": "ALASKADAO", "twitter": null, "proposalsCount": 1, "votesCount": 1, "followersCount": 1, "website": null}, {"id": "alex-maximus.eth", "name": "Alex Maximus", "twitter": "alex_maximus1", "proposalsCount": 1, "votesCount": 1, "followersCount": 1, "website": null}, {"id": "algo.freesubs.eth", "name": "ALGODAO", "twitter": null, "proposalsCount": 1, "votesCount": 1, "followersCount": 1, "website": null}, {"id": "alifelivedfully.eth", "name": "ALifeLivedFully", "twitter": "ALifeLivedFully", "proposalsCount": 0, "votesCount": 0, "followersCount": 3, "website": null}, {"id": "all.joints.eth", "name": "ALLDAO", "twitter": null, "proposalsCount": 1, "votesCount": 1, "followersCount": 1, "website": null}, {"id": "all.lovesyou.eth", "name": "ALLDAO", "twitter": null, "proposalsCount": 1, "votesCount": 1, "followersCount": 1, "website": null}, {"id": "allad.eth", "name": "allad", "twitter": null, "proposalsCount": 1, "votesCount": 1, "followersCount": 1, "website": null}, {"id": "allformy.eth", "name": "123", "twitter": null, "proposalsCount": 1, "votesCount": 1, "followersCount": 1, "website": null}, {"id": "amasa.eth", "name": "Amasa", "twitter": "amasa_io", "proposalsCount": 0, "votesCount": 0, "followersCount": 3, "website": "https://www.amasa.io/"}, {"id": "amazonb.eth", "name": "daw", "twitter": null, "proposalsCount": 1, "votesCount": 1, "followersCount": 1, "website": null}, {"id": "america.ensmaxisfam.eth", "name": "AmericaDAO", "twitter": null, "proposalsCount": 1, "votesCount": 1, "followersCount": 1, "website": null}, {"id": "american.joints.eth", "name": "AMERICANDAO", "twitter": null, "proposalsCount": 1, "votesCount": 1, "followersCount": 1, "website": null}, {"id": "american.lovesyou.eth", "name": "AMERICANDAO", "twitter": null, "proposalsCount": 1, "votesCount": 1, "followersCount": 1, "website": null}, {"id": "amphytrite.eth", "name": "amphytrite", "twitter": null, "proposalsCount": 0, "votesCount": 0, "followersCount": 3, "website": null}, {"id": "andrewtateinu.eth", "name": "TateDAO", "twitter": "andrewtateinu", "proposalsCount": 0, "votesCount": 0, "followersCount": 3, "website": "https://andrewtateinu.net"}, {"id": "angeltrade.eth", "name": "angeltrade.eth", "twitter": null, "proposalsCount": 0, "votesCount": 0, "followersCount": 3, "website": null}, {"id": "animanvel.eth", "name": "YAY", "twitter": null, "proposalsCount": 1, "votesCount": 1, "followersCount": 1, "website": null}]