[{"id": "sporkdao.eth", "name": "SporkDAO", "twitter": "ethereumdenver", "proposalsCount": 0, "votesCount": 0, "followersCount": 185, "website": null}, {"id": "timba.eth", "name": "Hashflow", "twitter": null, "proposalsCount": 3, "votesCount": 61, "followersCount": 121, "website": null}, {"id": "turntlesquad.eth", "name": "Turntle Squad", "twitter": "turntles", "proposalsCount": 6, "votesCount": 122, "followersCount": 57, "website": "https://turntles.com"}, {"id": "ainetwork.eth", "name": "AI Network", "twitter": "ai__network", "proposalsCount": 16, "votesCount": 43, "followersCount": 26, "website": "https://discord.gg/XnvtZQm6BV"}, {"id": "bridgeswap.eth", "name": "bridgeswap finance", "twitter": null, "proposalsCount": 25, "votesCount": 116, "followersCount": 44, "website": null}, {"id": "chineseuniversityhongkong.eth", "name": "FKriete", "twitter": null, "proposalsCount": 15, "votesCount": 154, "followersCount": 16, "website": null}, {"id": "gasclub.eth", "name": "GasClub", "twitter": null, "proposalsCount": 13, "votesCount": 16, "followersCount": 5, "website": null}, {"id": "goldeneth.eth", "name": "goldeneth", "twitter": null, "proposalsCount": 5, "votesCount": 178, "followersCount": 1, "website": null}, {"id": "thehamily.eth", "name": "The Hamily", "twitter": "sailobots", "proposalsCount": 5, "votesCount": 133, "followersCount": 46, "website": null}, {"id": "ceila.eth", "name": "ElmerCrespoDAO", "twitter": null, "proposalsCount": 16, "votesCount": 145, "followersCount": 23, "website": null}, {"id": "dgenesis.eth", "name": "dGenesis", "twitter": "dgenesis_io", "proposalsCount": 2, "votesCount": 15, "followersCount": 167, "website": null}, {"id": "lenanersesian.eth", "name": "VincentCriado CLUB", "twitter": null, "proposalsCount": 15, "votesCount": 149, "followersCount": 20, "website": null}, {"id": "mollystewart.eth", "name": "yijing94820612", "twitter": null, "proposalsCount": 15, "votesCount": 150, "followersCount": 19, "website": null}, {"id": "wagdiesnapshot.eth", "name": "Wagdie Community Votes", "twitter": "wagdie_eth", "proposalsCount": 5, "votesCount": 142, "followersCount": 37, "website": "https://we-are-all-going-to-die.fandom.com/wiki/We_Are_All_Going_To_Die_Wiki"}, {"id": "bsc.bageldao.eth", "name": "BagelDAO-BSC", "twitter": "bagelsfinance", "proposalsCount": 2, "votesCount": 101, "followersCount": 80, "website": null}, {"id": "eyesoffashionnft.eth", "name": "Eyes of Fashion NFT", "twitter": "EoesoFashionNFT", "proposalsCount": 4, "votesCount": 156, "followersCount": 23, "website": "https://eyesoffashion.art/"}, {"id": "sassychimps.eth", "name": "Sassy Chimps", "twitter": "SassyChimpsNFT", "proposalsCount": 2, "votesCount": 169, "followersCount": 12, "website": null}, {"id": "felixciaoba.eth", "name": "DennisBurt DAO", "twitter": null, "proposalsCount": 15, "votesCount": 143, "followersCount": 25, "website": null}, {"id": "mar\u00edliamendon\u00e7a.eth", "name": "IssacShanholtz1 CLUB", "twitter": null, "proposalsCount": 15, "votesCount": 148, "followersCount": 20, "website": null}, {"id": "dao-research-institute.eth", "name": "DAO Research DAO", "twitter": null, "proposalsCount": 39, "votesCount": 104, "followersCount": 39, "website": "https://www.dao-research.institute/"}]