[{"id": "algovera.eth", "name": "Algovera", "twitter": "AlgoveraAI", "proposalsCount": 10, "votesCount": 260, "followersCount": 30, "website": "https://www.algovera.ai"}, {"id": "ftm.hyperjumpdao.eth", "name": "HyperJump - Fantom Chain", "twitter": "HyperJumpBSC", "proposalsCount": 4, "votesCount": 259, "followersCount": 37, "website": null}, {"id": "k9dao.eth", "name": "K9 NFT Club DAO", "twitter": "K9NFTCLUB", "proposalsCount": 18, "votesCount": 254, "followersCount": 28, "website": "https://k9.shibadoge.vip/"}, {"id": "musedao.eth", "name": "Muse DAO", "twitter": "NiftyMuseum", "proposalsCount": 28, "votesCount": 243, "followersCount": 29, "website": "https://musedao.io/"}, {"id": "stm4h4.eth", "name": "TWIG", "twitter": null, "proposalsCount": 16, "votesCount": 250, "followersCount": 34, "website": null}, {"id": "cryptopia-group.eth", "name": "Cryptopia", "twitter": null, "proposalsCount": 10, "votesCount": 279, "followersCount": 10, "website": "https://cryptopia-group.com/"}, {"id": "0x50x.eth", "name": "bxz", "twitter": null, "proposalsCount": 11, "votesCount": 25, "followersCount": 12, "website": null}, {"id": "freechatdao.eth", "name": "FreechatDAO", "twitter": "freechat_app", "proposalsCount": 24, "votesCount": 98, "followersCount": 176, "website": "https://freechat.world"}, {"id": "hofgoats.eth", "name": "Hall of Fame Goat Lodge", "twitter": "goatlodge", "proposalsCount": 13, "votesCount": 177, "followersCount": 108, "website": null}, {"id": "lofcrypto.eth", "name": "LonelyFans Crypto", "twitter": "lofcrypto", "proposalsCount": 13, "votesCount": 270, "followersCount": 15, "website": null}, {"id": "supducks.eth", "name": "SupDucks DAO", "twitter": "supducks", "proposalsCount": 5, "votesCount": 61, "followersCount": 32, "website": "https://supducks.com "}, {"id": "checkstoken.eth", "name": "$CHECKS Token", "twitter": "checkstoken", "proposalsCount": 12, "votesCount": 212, "followersCount": 73, "website": "https://checkstoken.co/"}, {"id": "exordelabs.eth", "name": "Exorde", "twitter": "ExordeLabs", "proposalsCount": 1, "votesCount": 186, "followersCount": 110, "website": "https://exorde.network"}, {"id": "skorge.eth", "name": "Skorge DAO", "twitter": null, "proposalsCount": 1, "votesCount": 191, "followersCount": 105, "website": null}, {"id": "debatemonkey.eth", "name": "Debate Monkey", "twitter": null, "proposalsCount": 15, "votesCount": 262, "followersCount": 19, "website": null}, {"id": "kyotofoundation.eth", "name": "KyotoFoundation", "twitter": "official_kpio", "proposalsCount": 1, "votesCount": 277, "followersCount": 18, "website": "https://kyotoprotocol.io/"}, {"id": "lebo-finance.eth", "name": "Lebo Finance", "twitter": "LeboFinance", "proposalsCount": 0, "votesCount": 0, "followersCount": 296, "website": "https://lebo.finance"}, {"id": "marscolonyio.eth", "name": "Marscolony.io Polygon", "twitter": "marscolonyio", "proposalsCount": 3, "votesCount": 130, "followersCount": 63, "website": "https://marscolony.io"}, {"id": "mithcash.eth", "name": "MITH Cash", "twitter": null, "proposalsCount": 6, "votesCount": 290, "followersCount": 0, "website": null}, {"id": "snif-charity.eth", "name": "Sneaky's Internet Friends", "twitter": null, "proposalsCount": 2, "votesCount": 288, "followersCount": 6, "website": null}]