[{"id": "icelandia.eth", "name": "Squid DAO", "twitter": null, "proposalsCount": 2, "votesCount": 2, "followersCount": 1, "website": null}, {"id": "ilayo.eth", "name": "like this project", "twitter": null, "proposalsCount": 2, "votesCount": 2, "followersCount": 1, "website": null}, {"id": "ilayoo.eth", "name": "eeeee", "twitter": null, "proposalsCount": 2, "votesCount": 2, "followersCount": 1, "website": null}, {"id": "innft.eth", "name": "cai", "twitter": "caiii2010", "proposalsCount": 1, "votesCount": 3, "followersCount": 1, "website": null}, {"id": "iodegen.eth", "name": "testbro", "twitter": null, "proposalsCount": 2, "votesCount": 2, "followersCount": 1, "website": null}, {"id": "jackpunk.eth", "name": "jackpunk", "twitter": null, "proposalsCount": 2, "votesCount": 2, "followersCount": 1, "website": null}, {"id": "jungle1.eth", "name": "Jungle", "twitter": null, "proposalsCount": 2, "votesCount": 2, "followersCount": 1, "website": null}, {"id": "layerzk.eth", "name": "Evans", "twitter": null, "proposalsCount": 2, "votesCount": 2, "followersCount": 1, "website": null}, {"id": "lens.hejar.eth", "name": "Hejar Tech", "twitter": "_bitcorn", "proposalsCount": 1, "votesCount": 1, "followersCount": 3, "website": null}, {"id": "lidakang.eth", "name": "handongsheng", "twitter": null, "proposalsCount": 2, "votesCount": 2, "followersCount": 1, "website": null}, {"id": "lomartur.eth", "name": "semi", "twitter": null, "proposalsCount": 2, "votesCount": 2, "followersCount": 1, "website": null}, {"id": "mantlegovernance.eth", "name": "Mantle", "twitter": "0xMantle", "proposalsCount": 0, "votesCount": 0, "followersCount": 5, "website": "https://www.mantle.xyz/"}, {"id": "matfei.eth", "name": "moroko", "twitter": null, "proposalsCount": 2, "votesCount": 2, "followersCount": 1, "website": null}, {"id": "megadaobr.eth", "name": "MEGA", "twitter": "megadaobr", "proposalsCount": 1, "votesCount": 2, "followersCount": 2, "website": null}, {"id": "metalzero.eth", "name": "metalzero", "twitter": null, "proposalsCount": 2, "votesCount": 2, "followersCount": 1, "website": null}, {"id": "middleverse.eth", "name": "Middleverse Treasury ", "twitter": null, "proposalsCount": 52, "votesCount": 194, "followersCount": 9, "website": null}, {"id": "milleniumchocolate.eth", "name": "mishkaDAO", "twitter": null, "proposalsCount": 2, "votesCount": 2, "followersCount": 1, "website": null}, {"id": "model3p.eth", "name": "yixing", "twitter": null, "proposalsCount": 2, "votesCount": 1, "followersCount": 2, "website": null}, {"id": "neverloseagain.eth", "name": "MITO DAO ", "twitter": null, "proposalsCount": 1, "votesCount": 2, "followersCount": 2, "website": null}, {"id": "oiklp.eth", "name": "ok", "twitter": null, "proposalsCount": 2, "votesCount": 2, "followersCount": 1, "website": null}]