[{"id": "rubicon318.eth", "name": "Rubicon DAO", "twitter": "toubazi", "proposalsCount": 11, "votesCount": 78, "followersCount": 36, "website": null}, {"id": "yologames.eth", "name": "YOLO Games", "twitter": "yolodicenft", "proposalsCount": 2, "votesCount": 111, "followersCount": 12, "website": null}, {"id": "akssyojjahatc.eth", "name": "Innovation Realized In Focus 23", "twitter": null, "proposalsCount": 6, "votesCount": 79, "followersCount": 39, "website": null}, {"id": "2based.eth", "name": "2BASED", "twitter": null, "proposalsCount": 2, "votesCount": 66, "followersCount": 6, "website": null}, {"id": "arabika.eth", "name": "BigBabyTapeDao", "twitter": null, "proposalsCount": 33, "votesCount": 82, "followersCount": 9, "website": null}, {"id": "exponentialsnft.eth", "name": "Exponentials", "twitter": "exponentialsnft", "proposalsCount": 1, "votesCount": 118, "followersCount": 5, "website": null}, {"id": "slackerdao.eth", "name": "SlackerDAO", "twitter": "SlackerDuckPond", "proposalsCount": 4, "votesCount": 76, "followersCount": 44, "website": null}, {"id": "wethz.eth", "name": "Wrapped Etherization", "twitter": "EtherizationNFT", "proposalsCount": 3, "votesCount": 16, "followersCount": 5, "website": null}, {"id": "sheepledao.eth", "name": "Sheeple DAO", "twitter": "sheepleftp", "proposalsCount": 18, "votesCount": 94, "followersCount": 12, "website": null}, {"id": "binamongov.eth", "name": "Binamon Governance", "twitter": "binamonok", "proposalsCount": 7, "votesCount": 106, "followersCount": 10, "website": null}, {"id": "wtweetdao.eth", "name": "TweetDao", "twitter": "thetweetdao", "proposalsCount": 3, "votesCount": 109, "followersCount": 11, "website": "https://thetweetdao.com"}, {"id": "aceminers.eth", "name": "Ace Miners NFT-Phase 1", "twitter": "AceMinersNFT", "proposalsCount": 2, "votesCount": 117, "followersCount": 4, "website": "https://aceminersnft.io/"}, {"id": "alphaapenetwork.eth", "name": "AGEN DAO", "twitter": "AlphGenesis", "proposalsCount": 8, "votesCount": 99, "followersCount": 16, "website": "https://alphagenesis.io"}, {"id": "baldjesus.eth", "name": "Holy Bjble, BJ,  and BJDC", "twitter": "bjblequotes", "proposalsCount": 25, "votesCount": 88, "followersCount": 10, "website": "https://www.baldjesus.com"}, {"id": "brpunk.eth", "name": "BrPunk", "twitter": "punk7406", "proposalsCount": 7, "votesCount": 57, "followersCount": 9, "website": null}, {"id": "curiotools.eth", "name": "Curio", "twitter": "curiotools", "proposalsCount": 1, "votesCount": 113, "followersCount": 9, "website": "https://curio.tools"}, {"id": "dwiss.eth", "name": "DWISS", "twitter": "dwisswatch", "proposalsCount": 6, "votesCount": 94, "followersCount": 23, "website": "https://www.dwiss.com"}, {"id": "hirokidao.eth", "name": "Hiroki", "twitter": "HirokiToken", "proposalsCount": 3, "votesCount": 117, "followersCount": 3, "website": "https://www.hirokitoken.com/"}, {"id": "radaofi.eth", "name": "RaDAO", "twitter": "radao_bsc", "proposalsCount": 18, "votesCount": 42, "followersCount": 63, "website": null}, {"id": "undergroundapeclub.eth", "name": "Underground Ape Club", "twitter": "UndergroundApes", "proposalsCount": 3, "votesCount": 108, "followersCount": 12, "website": null}]