[{"id": "alchemistdefi.eth", "name": "Alchemist Defi (BSC)", "twitter": "alchemistdefi", "proposalsCount": 1, "votesCount": 0, "followersCount": 10, "website": null}, {"id": "allinforsport.eth", "name": "All In For Sport", "twitter": "AllInForSport", "proposalsCount": 1, "votesCount": 7, "followersCount": 3, "website": "https://allinforsport.org/"}, {"id": "astarswap.eth", "name": "astarswap", "twitter": "astarswap", "proposalsCount": 0, "votesCount": 0, "followersCount": 11, "website": null}, {"id": "atak.eth", "name": "yapestest", "twitter": null, "proposalsCount": 5, "votesCount": 4, "followersCount": 2, "website": null}, {"id": "atayen.eth", "name": "Atayen Inc", "twitter": null, "proposalsCount": 5, "votesCount": 3, "followersCount": 3, "website": null}, {"id": "azikmusic.eth", "name": "azikmusic", "twitter": null, "proposalsCount": 3, "votesCount": 3, "followersCount": 5, "website": null}, {"id": "begodao.eth", "name": "Begoiko DAO", "twitter": "BegoikoDAO", "proposalsCount": 0, "votesCount": 0, "followersCount": 11, "website": "https://app.begodao.com"}, {"id": "bewee.eth", "name": "Bewee", "twitter": "TheBookOfBewee", "proposalsCount": 2, "votesCount": 3, "followersCount": 6, "website": null}, {"id": "bhdao.eth", "name": "test", "twitter": null, "proposalsCount": 0, "votesCount": 0, "followersCount": 11, "website": null}, {"id": "bouncedao.eth", "name": "Bounce Finance", "twitter": "bounce_finance", "proposalsCount": 0, "votesCount": 0, "followersCount": 11, "website": "https://bounce.finance/"}, {"id": "casea.eth", "name": "CASEA", "twitter": null, "proposalsCount": 4, "votesCount": 5, "followersCount": 2, "website": null}, {"id": "cbsdao.eth", "name": "CBS DAO", "twitter": null, "proposalsCount": 6, "votesCount": 5, "followersCount": 0, "website": null}, {"id": "chad-devs.eth", "name": "TestChad", "twitter": null, "proposalsCount": 3, "votesCount": 2, "followersCount": 6, "website": null}, {"id": "cneth.eth", "name": "IMA DAO", "twitter": "lijazzer", "proposalsCount": 5, "votesCount": 5, "followersCount": 1, "website": null}, {"id": "coo1.eth", "name": "gogo", "twitter": null, "proposalsCount": 2, "votesCount": 6, "followersCount": 3, "website": null}, {"id": "cory.eth", "name": "cory.eth ENS delegates", "twitter": null, "proposalsCount": 1, "votesCount": 2, "followersCount": 8, "website": null}, {"id": "csongor.eth", "name": "FUEL", "twitter": "fuelweb3", "proposalsCount": 1, "votesCount": 1, "followersCount": 9, "website": "https://onfuel.io"}, {"id": "dao.web3rocketeers.eth", "name": "Web3 Rocketeers", "twitter": "Web3Rocketeers", "proposalsCount": 1, "votesCount": 4, "followersCount": 6, "website": "https://web3rocketeers.xyz"}, {"id": "daoswapdex.eth", "name": "daoswap", "twitter": null, "proposalsCount": 3, "votesCount": 3, "followersCount": 5, "website": null}, {"id": "degenapelife.eth", "name": "Degen Ape Life", "twitter": "DegenApeLifeNFT", "proposalsCount": 2, "votesCount": 4, "followersCount": 5, "website": "https://launchmynft.io/collections/0x29244587ab07488f8CebfbcBbCb9512c7A597003/QIn15hO0WnFe8fUviZqy"}]