[{"id": "mars26.eth", "name": "Mars26", "twitter": "marstwentysix", "proposalsCount": 3, "votesCount": 7, "followersCount": 0, "website": null}, {"id": "matrixcube.eth", "name": "MatrixCube", "twitter": null, "proposalsCount": 3, "votesCount": 1, "followersCount": 6, "website": null}, {"id": "maybeair.eth", "name": "Maybe Airdrop ", "twitter": "MaybeAirdrop", "proposalsCount": 2, "votesCount": 2, "followersCount": 6, "website": "https://twitter.com/Maybeairdrop"}, {"id": "mdpi918.eth", "name": "ershier", "twitter": null, "proposalsCount": 1, "votesCount": 2, "followersCount": 7, "website": null}, {"id": "meadao.eth", "name": "Middle East DAO", "twitter": "mideastdao", "proposalsCount": 1, "votesCount": 3, "followersCount": 6, "website": null}, {"id": "midsummerparty.eth", "name": "please check TheFilmmakerDAO.eth", "twitter": "", "proposalsCount": 0, "votesCount": 0, "followersCount": 10, "website": null}, {"id": "mikaboshixyz.eth", "name": "Mikaboshi Dao", "twitter": null, "proposalsCount": 2, "votesCount": 3, "followersCount": 5, "website": null}, {"id": "misfitart.eth", "name": "CryptoCards", "twitter": "the_cryptocards", "proposalsCount": 0, "votesCount": 0, "followersCount": 10, "website": null}, {"id": "misscharm.eth", "name": "Miss Charm", "twitter": "MisscharmTV", "proposalsCount": 2, "votesCount": 0, "followersCount": 8, "website": "https://misscharm.tv"}, {"id": "mojojojoppg.eth", "name": "Alpha Ultra Dao (CABBAGE)", "twitter": null, "proposalsCount": 1, "votesCount": 7, "followersCount": 2, "website": "https://ultraalphadao.notion.site/ultraalphadao/CABBAGE-e180fb0a6a23465f8561bf7d071ec3ce"}, {"id": "moonbearsdao.eth", "name": "MoonbearsDAO", "twitter": "moonbears_xyz", "proposalsCount": 3, "votesCount": 4, "followersCount": 3, "website": "https://moonbears.xyz/"}, {"id": "mrfas.eth", "name": "MRFAS", "twitter": "mrfaseth", "proposalsCount": 1, "votesCount": 5, "followersCount": 4, "website": null}, {"id": "myneighbor.eth", "name": "myneighbor", "twitter": null, "proposalsCount": 1, "votesCount": 5, "followersCount": 4, "website": null}, {"id": "nbmrjun.eth", "name": "mrjun", "twitter": null, "proposalsCount": 1, "votesCount": 4, "followersCount": 5, "website": null}, {"id": "nft01.eth", "name": "nft01.eth", "twitter": null, "proposalsCount": 1, "votesCount": 7, "followersCount": 2, "website": null}, {"id": "nftvlabs.eth", "name": "NFTV Network", "twitter": "nftvnet", "proposalsCount": 2, "votesCount": 4, "followersCount": 4, "website": "https://nftvnetwork.com"}, {"id": "nounsbr.eth", "name": "NounsBR", "twitter": "nounsbr", "proposalsCount": 1, "votesCount": 4, "followersCount": 5, "website": "https://www.nounsbr.wtf"}, {"id": "onepad.eth", "name": "onepad", "twitter": null, "proposalsCount": 1, "votesCount": 5, "followersCount": 4, "website": null}, {"id": "ouato.eth", "name": "OUATO.net", "twitter": "OUATOnet", "proposalsCount": 1, "votesCount": 2, "followersCount": 7, "website": "https://www.ouato.net/"}, {"id": "owlab.eth", "name": "owlab", "twitter": null, "proposalsCount": 2, "votesCount": 6, "followersCount": 2, "website": null}]