[{"id": "brkfstworld.eth", "name": "Brkfst World", "twitter": "brkfstworldnft", "proposalsCount": 1, "votesCount": 248, "followersCount": 129, "website": null}, {"id": "etherminators.eth", "name": "Etherminators", "twitter": "etherminators", "proposalsCount": 3, "votesCount": 353, "followersCount": 22, "website": null}, {"id": "moonbeampunksdao.eth", "name": "Moonbeam Punks DAO", "twitter": "moonbeam_punk", "proposalsCount": 7, "votesCount": 317, "followersCount": 54, "website": "https://www.moonbeampunk.com/"}, {"id": "odenpets.eth", "name": "ODENPETS", "twitter": "DAO_ODEN", "proposalsCount": 7, "votesCount": 353, "followersCount": 17, "website": "https://opensea.io/collection/odenpets"}, {"id": "arbidao.eth", "name": "ArbiDAO", "twitter": "ArbiRiseFinance", "proposalsCount": 7, "votesCount": 21, "followersCount": 347, "website": null}, {"id": "athvc.eth", "name": "ATH Venture Capital", "twitter": "athvc_dao", "proposalsCount": 9, "votesCount": 354, "followersCount": 12, "website": null}, {"id": "community-dao.eth", "name": "Harmony Community DAO", "twitter": "OneCommunityDAO", "proposalsCount": 13, "votesCount": 171, "followersCount": 191, "website": null}, {"id": "zaifinance.eth", "name": "Zero Collateral Dai", "twitter": null, "proposalsCount": 6, "votesCount": 368, "followersCount": 1, "website": null}, {"id": "nftgeisha.eth", "name": "Geisha Tea House", "twitter": "NFTgeisha", "proposalsCount": 1, "votesCount": 361, "followersCount": 13, "website": null}, {"id": "spring-game.eth", "name": "Spring Game", "twitter": "spring_gamefi", "proposalsCount": 3, "votesCount": 271, "followersCount": 1, "website": "https://spring.game/"}, {"id": "banklessbrdao.eth", "name": "Bankless Brasil", "twitter": "banklessbr", "proposalsCount": 16, "votesCount": 213, "followersCount": 45, "website": "https://beacons.page/banklessbr"}, {"id": "llb88188.eth", "name": "WINNER-DAO", "twitter": null, "proposalsCount": 31, "votesCount": 115, "followersCount": 228, "website": null}, {"id": "shinariumprotocol.eth", "name": "Shinarium Protocol", "twitter": "WeAreShinarium", "proposalsCount": 2, "votesCount": 13, "followersCount": 8, "website": "https://shinarium.org"}, {"id": "thecultureproject.eth", "name": "The Culture Project", "twitter": "TheCulture_Art", "proposalsCount": 16, "votesCount": 323, "followersCount": 34, "website": null}, {"id": "thesevensdao.eth", "name": "The Sevens DAO", "twitter": "thesevens_7", "proposalsCount": 7, "votesCount": 332, "followersCount": 34, "website": null}, {"id": "256art.eth", "name": "256ART", "twitter": "Mint256Art", "proposalsCount": 10, "votesCount": 326, "followersCount": 36, "website": null}, {"id": "cssgov.eth", "name": "CoinSwap Space", "twitter": null, "proposalsCount": 15, "votesCount": 239, "followersCount": 117, "website": null}, {"id": "retokendao.eth", "name": "REtoken DAO", "twitter": "REtokenDAO", "proposalsCount": 38, "votesCount": 266, "followersCount": 66, "website": "https://linktr.ee/REtokenDAO"}, {"id": "xbefinance.eth", "name": "XBE Finance", "twitter": "XBEfinance", "proposalsCount": 10, "votesCount": 343, "followersCount": 17, "website": null}, {"id": "midasgold.eth", "name": "MidasGold", "twitter": null, "proposalsCount": 2, "votesCount": 367, "followersCount": 1, "website": null}]