[{"id": "wim-dao.eth", "name": "Web3 Island Makers", "twitter": "join_wim", "proposalsCount": 25, "votesCount": 103, "followersCount": 18, "website": "https://www.web3islandmakers.com"}, {"id": "bamboodao.eth", "name": "BambooDAO", "twitter": "bamboodaoio", "proposalsCount": 7, "votesCount": 199, "followersCount": 40, "website": "https://bamboodao.io"}, {"id": "binaryxdao.eth", "name": "BinaryXCommunityDAO", "twitter": null, "proposalsCount": 5, "votesCount": 28, "followersCount": 213, "website": null}, {"id": "dmgblockchain.eth", "name": "dmgblockchain", "twitter": null, "proposalsCount": 2, "votesCount": 240, "followersCount": 4, "website": null}, {"id": "streamingfast.eth", "name": "Matcha Fans", "twitter": "matchaxyz", "proposalsCount": 10, "votesCount": 145, "followersCount": 91, "website": "https://matcha.xyz/"}, {"id": "coinagemedia.eth", "name": "Coinage", "twitter": "Coinage_media", "proposalsCount": 9, "votesCount": 193, "followersCount": 43, "website": "https://www.coinage.media/"}, {"id": "coodfam.eth", "name": "Coodle DACC", "twitter": null, "proposalsCount": 8, "votesCount": 210, "followersCount": 27, "website": null}, {"id": "foxfairyproject.eth", "name": "FoxFairyProject", "twitter": "FoxFairyProject", "proposalsCount": 1, "votesCount": 11, "followersCount": 183, "website": "https://www.foxfairyproject.xyz/"}, {"id": "theartistdao.eth", "name": "The Artist DAO", "twitter": "theartistdao", "proposalsCount": 1, "votesCount": 113, "followersCount": 131, "website": null}, {"id": "gauges.morpho.eth", "name": "Morpho Gauges", "twitter": "MorphoLabs", "proposalsCount": 2, "votesCount": 216, "followersCount": 26, "website": "https://morpho.xyz"}, {"id": "naffiti.com", "name": "NFTDao", "twitter": "NFTDAOfficial", "proposalsCount": 11, "votesCount": 193, "followersCount": 40, "website": null}, {"id": "refraction.eth", "name": "Refraction", "twitter": "refractiondao", "proposalsCount": 7, "votesCount": 190, "followersCount": 47, "website": "https://www.refractionfestival.com"}, {"id": "fiatdao.eth", "name": "FIAT DAO", "twitter": "fiatdao", "proposalsCount": 11, "votesCount": 204, "followersCount": 28, "website": "https://fiatdao.com/"}, {"id": "777bar.eth", "name": "Galaxy Girl and Reindeer", "twitter": null, "proposalsCount": 6, "votesCount": 226, "followersCount": 10, "website": null}, {"id": "alphagirlclub.eth", "name": "Alpha Girl Club", "twitter": "alphagirlclub", "proposalsCount": 3, "votesCount": 87, "followersCount": 152, "website": null}, {"id": "astrofivote.eth", "name": "AstroFi", "twitter": null, "proposalsCount": 3, "votesCount": 1, "followersCount": 238, "website": "https://astrofi.org/"}, {"id": "ballersvote.eth", "name": "Ballers", "twitter": null, "proposalsCount": 38, "votesCount": 191, "followersCount": 13, "website": null}, {"id": "bittoondaovote.eth", "name": "BitToon DAO", "twitter": "BitToonDAO", "proposalsCount": 1, "votesCount": 117, "followersCount": 124, "website": "https://bittoondao.com/"}, {"id": "kodacapitaldao.eth", "name": "Koda Capital DAO", "twitter": "Kodacapitaldao", "proposalsCount": 19, "votesCount": 201, "followersCount": 22, "website": "https://kodacapitaldao.xyz"}, {"id": "paybao.eth", "name": "paybao.eth", "twitter": null, "proposalsCount": 16, "votesCount": 13, "followersCount": 13, "website": null}]