[{"id": "llwallet.eth", "name": "llwallet", "twitter": null, "proposalsCount": 1, "votesCount": 1, "followersCount": 0, "website": null}, {"id": "llxxdd.eth", "name": "lxd", "twitter": null, "proposalsCount": 2, "votesCount": 12, "followersCount": 6, "website": null}, {"id": "lmclub.eth", "name": "lm", "twitter": null, "proposalsCount": 1, "votesCount": 1, "followersCount": 1, "website": null}, {"id": "lmetamask.eth", "name": "mc", "twitter": null, "proposalsCount": 2, "votesCount": 232, "followersCount": 23, "website": null}, {"id": "lmh138168.eth", "name": "lmh138168", "twitter": null, "proposalsCount": 0, "votesCount": 0, "followersCount": 0, "website": null}, {"id": "lncrement.eth", "name": "cncc Club", "twitter": null, "proposalsCount": 1, "votesCount": 5, "followersCount": 5, "website": null}, {"id": "lnwcrypto.eth", "name": "sutheeohm", "twitter": null, "proposalsCount": 0, "votesCount": 0, "followersCount": 0, "website": null}, {"id": "lobby-dao.eth", "name": "LobbyDAO", "twitter": null, "proposalsCount": 0, "votesCount": 0, "followersCount": 0, "website": null}, {"id": "localist.eth", "name": "LocalistDAO", "twitter": "LocalistDAO", "proposalsCount": 0, "votesCount": 0, "followersCount": 1, "website": null}, {"id": "lockedfinance.eth", "name": "Locked Finance", "twitter": null, "proposalsCount": 1, "votesCount": 1, "followersCount": 1, "website": null}, {"id": "lodumony.eth", "name": "Lodumony", "twitter": null, "proposalsCount": 8, "votesCount": 29, "followersCount": 10, "website": null}, {"id": "lofinft.eth", "name": "LOFI NFT", "twitter": "LofiNft", "proposalsCount": 1, "votesCount": 0, "followersCount": 0, "website": null}, {"id": "lokendraparsai.eth", "name": "lokendra", "twitter": "ParsaiLP", "proposalsCount": 0, "votesCount": 0, "followersCount": 0, "website": "https://twitter.com/ParsaiLP"}, {"id": "loknath.eth", "name": "loknath", "twitter": null, "proposalsCount": 1, "votesCount": 2, "followersCount": 2, "website": null}, {"id": "loladao.eth", "name": "loladao", "twitter": null, "proposalsCount": 0, "votesCount": 0, "followersCount": 1, "website": null}, {"id": "lolik.eth", "name": "Coool duuudes", "twitter": null, "proposalsCount": 1, "votesCount": 1, "followersCount": 1, "website": null}, {"id": "lomidzee.eth", "name": "dwd", "twitter": null, "proposalsCount": 1, "votesCount": 2, "followersCount": 0, "website": null}, {"id": "londao.eth", "name": "LonDAO ", "twitter": null, "proposalsCount": 2, "votesCount": 0, "followersCount": 1, "website": null}, {"id": "lonelyworriors.eth", "name": "Lonely Worriors", "twitter": null, "proposalsCount": 1, "votesCount": 3, "followersCount": 3, "website": null}, {"id": "long33dao.eth", "name": "rugDAO", "twitter": null, "proposalsCount": 1, "votesCount": 1, "followersCount": 1, "website": null}]