[{"id": "vvv8888.eth", "name": "ID Dao", "twitter": null, "proposalsCount": 0, "votesCount": 0, "followersCount": 2, "website": null}, {"id": "vvvvr.eth", "name": "7.btc", "twitter": null, "proposalsCount": 2, "votesCount": 2, "followersCount": 2, "website": null}, {"id": "w333rr.eth", "name": "w333rr", "twitter": "w333rr", "proposalsCount": 0, "votesCount": 0, "followersCount": 2, "website": null}, {"id": "w3basia.eth", "name": "Web3 Asia", "twitter": "W3bAsia", "proposalsCount": 0, "votesCount": 0, "followersCount": 2, "website": null}, {"id": "w3voting.eth", "name": "W3Voting", "twitter": null, "proposalsCount": 7, "votesCount": 10, "followersCount": 5, "website": null}, {"id": "wagdao.eth", "name": "WAG DAO", "twitter": "WagyuSwap_app", "proposalsCount": 0, "votesCount": 0, "followersCount": 2, "website": "https://wagyuswap.app/"}, {"id": "wahyudieko.eth", "name": "Wahyudieko", "twitter": null, "proposalsCount": 0, "votesCount": 0, "followersCount": 1, "website": null}, {"id": "wakeout.eth", "name": "wakeout", "twitter": "zim542", "proposalsCount": 2, "votesCount": 2, "followersCount": 1, "website": "https://twitter.com/zim542"}, {"id": "walletbox.eth", "name": "DB LAB", "twitter": null, "proposalsCount": 0, "votesCount": 0, "followersCount": 6, "website": null}, {"id": "waltercash.eth", "name": "waltercash", "twitter": null, "proposalsCount": 1, "votesCount": 1, "followersCount": 1, "website": null}, {"id": "wang0766.eth", "name": "SpanDAO", "twitter": null, "proposalsCount": 7, "votesCount": 0, "followersCount": 27, "website": null}, {"id": "wangwenfeng.eth", "name": "laohu7379", "twitter": null, "proposalsCount": 0, "votesCount": 0, "followersCount": 0, "website": null}, {"id": "wangwenjing.eth", "name": "Airdrops test", "twitter": null, "proposalsCount": 0, "votesCount": 0, "followersCount": 1, "website": null}, {"id": "wannadao.eth", "name": "WannaSwap", "twitter": null, "proposalsCount": 0, "votesCount": 0, "followersCount": 5, "website": null}, {"id": "warriorsoflove.eth", "name": "Create DAO (Polygon)", "twitter": null, "proposalsCount": 0, "votesCount": 0, "followersCount": 5, "website": null}, {"id": "watari.eth", "name": "veCNT Snapshot", "twitter": null, "proposalsCount": 1, "votesCount": 1, "followersCount": 0, "website": null}, {"id": "waterfly.eth", "name": "water", "twitter": null, "proposalsCount": 2, "votesCount": 11, "followersCount": 3, "website": null}, {"id": "wavelengths.eth", "name": "VRGDA Test", "twitter": null, "proposalsCount": 4, "votesCount": 3, "followersCount": 3, "website": null}, {"id": "wayports.eth", "name": "Wayports", "twitter": "wayports_app", "proposalsCount": 0, "votesCount": 0, "followersCount": 1, "website": "https://wayports.app"}, {"id": "wd510937.eth", "name": "Winair", "twitter": null, "proposalsCount": 1, "votesCount": 8, "followersCount": 6, "website": null}]