[{"id": "onedickdao.eth", "name": "Unofficial SNX Poll lol", "twitter": null, "proposalsCount": 1, "votesCount": 7, "followersCount": 3, "website": null}, {"id": "paru.eth", "name": "Tonkatsu", "twitter": null, "proposalsCount": 7, "votesCount": 3, "followersCount": 1, "website": null}, {"id": "peptoshi.eth", "name": "Mithical", "twitter": "Mithical_io", "proposalsCount": 1, "votesCount": 0, "followersCount": 10, "website": "https://www.mithical.io/"}, {"id": "pet2dao.eth", "name": "Pet2DAO", "twitter": null, "proposalsCount": 1, "votesCount": 0, "followersCount": 10, "website": null}, {"id": "pocketarena.eth", "name": "Pocket Arena", "twitter": "pocketarena", "proposalsCount": 8, "votesCount": 0, "followersCount": 3, "website": null}, {"id": "ppppppp.eth", "name": "GobDAO", "twitter": null, "proposalsCount": 3, "votesCount": 6, "followersCount": 2, "website": "https://fractional.art/vaults/gobdao"}, {"id": "pufcapital.eth", "name": "Puf Capital", "twitter": null, "proposalsCount": 1, "votesCount": 1, "followersCount": 9, "website": null}, {"id": "rainbowtoken.eth", "name": "Rainbow Token", "twitter": "rainbowtokenbsc", "proposalsCount": 0, "votesCount": 0, "followersCount": 11, "website": null}, {"id": "realfevrfans.eth", "name": "RealFevr Fan Club", "twitter": null, "proposalsCount": 1, "votesCount": 7, "followersCount": 3, "website": null}, {"id": "realtwin.eth", "name": "RealTwin", "twitter": null, "proposalsCount": 2, "votesCount": 6, "followersCount": 3, "website": null}, {"id": "registerer.eth", "name": "gn\u5bbf\u820d\u533a", "twitter": null, "proposalsCount": 4, "votesCount": 5, "followersCount": 2, "website": null}, {"id": "rgt.pool6.fuse.eth", "name": "Fuse Pool 6: RGT", "twitter": null, "proposalsCount": 2, "votesCount": 8, "followersCount": 1, "website": null}, {"id": "ryshrfhs.eth", "name": "test", "twitter": null, "proposalsCount": 10, "votesCount": 0, "followersCount": 1, "website": null}, {"id": "saptos.eth", "name": "saptos", "twitter": "gfanchan00", "proposalsCount": 1, "votesCount": 1, "followersCount": 9, "website": "https://twitter.com/gfanchan00"}, {"id": "sbf777.eth", "name": "Porn Dog", "twitter": null, "proposalsCount": 1, "votesCount": 0, "followersCount": 10, "website": null}, {"id": "sketchup.eth", "name": "sketchup", "twitter": null, "proposalsCount": 1, "votesCount": 10, "followersCount": 0, "website": null}, {"id": "soyilabs.eth", "name": "SOYI LABS", "twitter": "SoyiLabs", "proposalsCount": 1, "votesCount": 4, "followersCount": 6, "website": null}, {"id": "swapdotnet.eth", "name": "swapnet", "twitter": "swap_dot_net", "proposalsCount": 0, "votesCount": 0, "followersCount": 11, "website": null}, {"id": "swolesome.eth", "name": "The Swolesome Fund", "twitter": null, "proposalsCount": 3, "votesCount": 5, "followersCount": 3, "website": null}, {"id": "the-black-dragon.eth", "name": "The Black Dragon DAO", "twitter": "BlackDragonETH", "proposalsCount": 1, "votesCount": 7, "followersCount": 3, "website": null}]