[{"id": "hideomi.eth", "name": "HashKey DX", "twitter": null, "proposalsCount": 0, "votesCount": 0, "followersCount": 0, "website": null}, {"id": "hierocoin.eth", "name": "HierocoinDAO", "twitter": "hierocoin", "proposalsCount": 5, "votesCount": 67, "followersCount": 54, "website": "https://www.hieroglyphics.com"}, {"id": "highday.eth", "name": "highday", "twitter": null, "proposalsCount": 1, "votesCount": 1, "followersCount": 0, "website": null}, {"id": "higig.eth", "name": "higig", "twitter": null, "proposalsCount": 1, "votesCount": 1, "followersCount": 1, "website": null}, {"id": "hihuawei.eth", "name": "eth\u6cbb\u7406", "twitter": null, "proposalsCount": 7, "votesCount": 10, "followersCount": 2, "website": null}, {"id": "hikarukimi.eth", "name": "light", "twitter": null, "proposalsCount": 1, "votesCount": 1, "followersCount": 0, "website": null}, {"id": "himzelwashington.eth", "name": "Organic Tokens Collective", "twitter": "organic_tokens", "proposalsCount": 0, "votesCount": 0, "followersCount": 2, "website": "https://organictokens.xyz/"}, {"id": "hindsightcapital.eth", "name": "hindsight", "twitter": null, "proposalsCount": 0, "votesCount": 0, "followersCount": 0, "website": null}, {"id": "hiredily.eth", "name": "Test", "twitter": null, "proposalsCount": 0, "votesCount": 0, "followersCount": 0, "website": null}, {"id": "hirocrypto.eth", "name": "pNounsDAO", "twitter": "pNouns", "proposalsCount": 0, "votesCount": 0, "followersCount": 1, "website": "http://pnouns.wtf"}, {"id": "historynfts.eth", "name": "HistoryDAO", "twitter": "History_DAO", "proposalsCount": 0, "votesCount": 0, "followersCount": 3, "website": "https://historydao.io/"}, {"id": "hjgjf.eth", "name": "hig", "twitter": "Xuping2W", "proposalsCount": 0, "votesCount": 0, "followersCount": 1, "website": null}, {"id": "hk360.eth", "name": "HK360 DAO", "twitter": null, "proposalsCount": 1, "votesCount": 3, "followersCount": 2, "website": null}, {"id": "hl-test.eth", "name": "HL-Test", "twitter": null, "proposalsCount": 15, "votesCount": 10, "followersCount": 4, "website": null}, {"id": "hl1314520.eth", "name": "hl", "twitter": null, "proposalsCount": 1, "votesCount": 2, "followersCount": 2, "website": null}, {"id": "hobbykit.eth", "name": "John Paul", "twitter": "paul3577", "proposalsCount": 2, "votesCount": 5, "followersCount": 3, "website": null}, {"id": "hobiinu.eth", "name": "Hobi Inu", "twitter": "hobiinutoken", "proposalsCount": 3, "votesCount": 9, "followersCount": 7, "website": "https://hobiinu.com"}, {"id": "hogecharity.eth", "name": "Hoge Charity", "twitter": null, "proposalsCount": 1, "votesCount": 301, "followersCount": 3, "website": null}, {"id": "holadao.eth", "name": "holadao.eth", "twitter": null, "proposalsCount": 0, "votesCount": 0, "followersCount": 0, "website": null}, {"id": "holdbtc100k.eth", "name": "Abhishek", "twitter": "AbhishekDangw18", "proposalsCount": 0, "votesCount": 0, "followersCount": 0, "website": null}]