[{"id": "gamifydex.eth", "name": "Gamify token", "twitter": "GamifyToken", "proposalsCount": 6, "votesCount": 39, "followersCount": 3, "website": null}, {"id": "hadeswap.eth", "name": "Hades Swap", "twitter": "hadesswap", "proposalsCount": 3, "votesCount": 29, "followersCount": 16, "website": null}, {"id": "hellotans1.eth", "name": "Hellotans1", "twitter": null, "proposalsCount": 4, "votesCount": 11, "followersCount": 33, "website": null}, {"id": "hmq.eth", "name": "Humaniq", "twitter": "Humaniq", "proposalsCount": 8, "votesCount": 30, "followersCount": 10, "website": null}, {"id": "huymai.eth", "name": "Bee Dao", "twitter": null, "proposalsCount": 11, "votesCount": 30, "followersCount": 7, "website": null}, {"id": "karinedao.eth", "name": "Karinedao", "twitter": null, "proposalsCount": 6, "votesCount": 41, "followersCount": 1, "website": null}, {"id": "martedao.eth", "name": "The MARTE Project", "twitter": "theMARTEproject", "proposalsCount": 5, "votesCount": 27, "followersCount": 16, "website": null}, {"id": "metagonzdao.eth", "name": "MTGZ DAO", "twitter": "metagonz", "proposalsCount": 0, "votesCount": 0, "followersCount": 48, "website": "https://metagonz.io/"}, {"id": "multifarmcapital.eth", "name": "multifarmcapital", "twitter": "MultiFarmCap_", "proposalsCount": 1, "votesCount": 47, "followersCount": 0, "website": null}, {"id": "nightkidsnft.eth", "name": "Nightkids Disco", "twitter": "nightkidsnft", "proposalsCount": 0, "votesCount": 0, "followersCount": 48, "website": null}, {"id": "nycdinner.eth", "name": "NYC Dinner", "twitter": null, "proposalsCount": 8, "votesCount": 36, "followersCount": 4, "website": null}, {"id": "palladiumfinance.eth", "name": "Palladium Finance", "twitter": "PallaFinance", "proposalsCount": 1, "votesCount": 41, "followersCount": 6, "website": "https://palladium.financial/"}, {"id": "shibuidao.eth", "name": "Shibui", "twitter": "shibuidao", "proposalsCount": 1, "votesCount": 42, "followersCount": 5, "website": "https://shibuidao.com"}, {"id": "silkendust.eth", "name": "Ghost of Frank Dukes NFT", "twitter": "ghostofNFT", "proposalsCount": 1, "votesCount": 43, "followersCount": 4, "website": "https://ghostofnft.io/"}, {"id": "testtokensnapshot.eth", "name": "TestSnapshot", "twitter": null, "proposalsCount": 4, "votesCount": 3, "followersCount": 41, "website": null}, {"id": "veyfi.eth", "name": "yearn", "twitter": "yearnfi", "proposalsCount": 1, "votesCount": 11, "followersCount": 36, "website": "https://world.yearn.finance"}, {"id": "yuntcapital.eth", "name": "Yunt Capital", "twitter": "YuntCapital", "proposalsCount": 3, "votesCount": 44, "followersCount": 1, "website": null}, {"id": "\u4e2d\u56fd\u6df1\u5733\u5e02.eth", "name": "SOL DAO", "twitter": null, "proposalsCount": 5, "votesCount": 31, "followersCount": 12, "website": null}, {"id": "luciddao.eth", "name": "Lucid DAO", "twitter": null, "proposalsCount": 3, "votesCount": 27, "followersCount": 17, "website": null}, {"id": "spect.eth", "name": "Spect", "twitter": "JoinSpect", "proposalsCount": 16, "votesCount": 14, "followersCount": 17, "website": "https://spect.network/"}]