[{"id": "sake", "name": "SAKEVOTER", "twitter": null, "proposalsCount": 38, "votesCount": 576, "followersCount": 6, "website": null}, {"id": "yakherd.eth", "name": "Yield Yak", "twitter": "yieldyak_", "proposalsCount": 9, "votesCount": 226, "followersCount": 335, "website": "https://yieldyak.com"}, {"id": "reimaginedfinance.eth", "name": "Reimagined Finance", "twitter": "reimaginedfi", "proposalsCount": 3, "votesCount": 588, "followersCount": 28, "website": "https://www.reimagined.fi"}, {"id": "talentprotocol.eth", "name": "Talent Protocol", "twitter": "TalentProtocol", "proposalsCount": 3, "votesCount": 442, "followersCount": 174, "website": "https://talentprotocol.com"}, {"id": "mustberich36.eth", "name": "22", "twitter": null, "proposalsCount": 4, "votesCount": 13, "followersCount": 1, "website": null}, {"id": "degenzdao.eth", "name": "DegenzDAO", "twitter": "DegenzNFT", "proposalsCount": 8, "votesCount": 589, "followersCount": 19, "website": null}, {"id": "morerich.eth", "name": "asd", "twitter": null, "proposalsCount": 3, "votesCount": 11, "followersCount": 0, "website": null}, {"id": "shoal.eth", "name": "SQUID DAO", "twitter": "SquidDao", "proposalsCount": 26, "votesCount": 531, "followersCount": 57, "website": null}, {"id": "ulajonathan.eth", "name": "zdfth", "twitter": null, "proposalsCount": 3, "votesCount": 0, "followersCount": 9, "website": null}, {"id": "0x565.eth", "name": "jyhfgjgyhfgyu", "twitter": null, "proposalsCount": 2, "votesCount": 9, "followersCount": 1, "website": null}, {"id": "baziba.eth", "name": "saman navaie space", "twitter": null, "proposalsCount": 1, "votesCount": 5, "followersCount": 6, "website": null}, {"id": "farecosystem.eth", "name": "FAREcosystem", "twitter": "", "proposalsCount": 1, "votesCount": 610, "followersCount": 1, "website": null}, {"id": "rojeckluo.eth", "name": "\u725b\u5e022024\u5230\u6765\u5417", "twitter": "hunt22941905", "proposalsCount": 2, "votesCount": 9, "followersCount": 1, "website": null}, {"id": "palmdao.eth", "name": "PalmDAO", "twitter": "Nifty_Island", "proposalsCount": 35, "votesCount": 397, "followersCount": 178, "website": "https://www.palmdao.org/"}, {"id": "hua888.eth", "name": "729", "twitter": null, "proposalsCount": 20, "votesCount": 64, "followersCount": 26, "website": null}, {"id": "exodiadao.eth", "name": "Exodia", "twitter": "EXODIAFinance", "proposalsCount": 11, "votesCount": 509, "followersCount": 89, "website": null}, {"id": "tastybones.eth", "name": "Tasty Bones", "twitter": "tastybonesnft", "proposalsCount": 3, "votesCount": 468, "followersCount": 88, "website": "https://tastybones.xyz/"}, {"id": "cgpool.eth", "name": "coteriedao", "twitter": "coteriedao", "proposalsCount": 1, "votesCount": 243, "followersCount": 364, "website": null}, {"id": "pitchdeployer.eth", "name": "Hourglass Finance", "twitter": "pitch_money", "proposalsCount": 102, "votesCount": 169, "followersCount": 86, "website": "https://www.pitch.foundation"}, {"id": "adamant.eth", "name": "Adamant", "twitter": null, "proposalsCount": 4, "votesCount": 518, "followersCount": 85, "website": null}]