[{"id": "happyhourdao.eth", "name": "Happy Hour DAO", "twitter": null, "proposalsCount": 1, "votesCount": 3, "followersCount": 3, "website": null}, {"id": "hhdao.eth", "name": "HHDAO", "twitter": null, "proposalsCount": 2, "votesCount": 0, "followersCount": 5, "website": null}, {"id": "highlevelmind.eth", "name": "HighLevelMind", "twitter": "HighLevelMind", "proposalsCount": 1, "votesCount": 2, "followersCount": 4, "website": "https://twitter.com/HighLevelMind"}, {"id": "idhash.eth", "name": "idhash", "twitter": null, "proposalsCount": 1, "votesCount": 3, "followersCount": 3, "website": null}, {"id": "irlcoffee.eth", "name": "irlcoffeedao", "twitter": null, "proposalsCount": 1, "votesCount": 4, "followersCount": 2, "website": null}, {"id": "janime.eth", "name": "\u7535\u89c6\u8282\u76ee\u7814\u7a76", "twitter": null, "proposalsCount": 2, "votesCount": 2, "followersCount": 3, "website": null}, {"id": "joeundao.eth", "name": "Joeun DAO", "twitter": "joeundao", "proposalsCount": 1, "votesCount": 2, "followersCount": 4, "website": "https://www.joeundao.com/"}, {"id": "jumbo434.eth", "name": "kiwi republic", "twitter": null, "proposalsCount": 2, "votesCount": 2, "followersCount": 3, "website": null}, {"id": "kanerika.eth", "name": "Kanerika Network", "twitter": null, "proposalsCount": 2, "votesCount": 3, "followersCount": 2, "website": null}, {"id": "laoliuu.eth", "name": "jjking", "twitter": null, "proposalsCount": 3, "votesCount": 2, "followersCount": 2, "website": null}, {"id": "lawchaindao.eth", "name": "LAWchainDAO", "twitter": "LawchainDAO", "proposalsCount": 0, "votesCount": 0, "followersCount": 7, "website": null}, {"id": "legalhackr.eth", "name": "Margo Commune DAO", "twitter": "legalhackr", "proposalsCount": 1, "votesCount": 3, "followersCount": 3, "website": "https://legalhac.kr"}, {"id": "lens.hysyh.eth", "name": "ccfan", "twitter": null, "proposalsCount": 1, "votesCount": 1, "followersCount": 5, "website": null}, {"id": "lifan.eth", "name": "lifan", "twitter": null, "proposalsCount": 2, "votesCount": 3, "followersCount": 2, "website": null}, {"id": "liquidmachine.eth", "name": "Liquid Machine", "twitter": "liquidmachine_", "proposalsCount": 1, "votesCount": 5, "followersCount": 1, "website": "https://www.liquidmachine.net"}, {"id": "lirn.eth", "name": "Lirn.io", "twitter": "lirnio", "proposalsCount": 3, "votesCount": 1, "followersCount": 3, "website": "https://lirn.io"}, {"id": "litigationdao.eth", "name": "litDAO", "twitter": "litdaofund", "proposalsCount": 0, "votesCount": 0, "followersCount": 7, "website": "https://www.litdao.org"}, {"id": "liuxiangduo20210912.eth", "name": "liuxiangduo", "twitter": "yaomengmeng", "proposalsCount": 2, "votesCount": 1, "followersCount": 4, "website": null}, {"id": "ljuan.eth", "name": "ljuan", "twitter": null, "proposalsCount": 1, "votesCount": 3, "followersCount": 3, "website": null}, {"id": "lordlike.eth", "name": "LordLike DAO", "twitter": "lordlikedao", "proposalsCount": 1, "votesCount": 2, "followersCount": 4, "website": "https://lordlike.org"}]