[{"id": "ethfangroup.eth", "name": "ethfanggroup", "twitter": null, "proposalsCount": 1, "votesCount": 1, "followersCount": 1, "website": null}, {"id": "eth\ud83d\ude80\ud83d\ude80.eth", "name": "btc\u8ba8\u8bba", "twitter": null, "proposalsCount": 1, "votesCount": 1, "followersCount": 1, "website": null}, {"id": "euro.joints.eth", "name": "EURODAO", "twitter": null, "proposalsCount": 1, "votesCount": 1, "followersCount": 1, "website": null}, {"id": "europe.ensmaxisfam.eth", "name": "europeDAO", "twitter": null, "proposalsCount": 1, "votesCount": 1, "followersCount": 1, "website": null}, {"id": "evbod.eth", "name": "evbod", "twitter": null, "proposalsCount": 1, "votesCount": 1, "followersCount": 1, "website": null}, {"id": "evnex.eth", "name": "Ex", "twitter": null, "proposalsCount": 1, "votesCount": 1, "followersCount": 1, "website": null}, {"id": "exceedinfinity.eth", "name": " Exceed Infinity", "twitter": "0xceedInfinity", "proposalsCount": 0, "votesCount": 0, "followersCount": 3, "website": null}, {"id": "exndao.eth", "name": "EXENO", "twitter": "exenoofficial", "proposalsCount": 0, "votesCount": 0, "followersCount": 3, "website": "https://exeno.com/"}, {"id": "exper.eth", "name": "Exper Domains", "twitter": null, "proposalsCount": 1, "votesCount": 1, "followersCount": 1, "website": null}, {"id": "exzogalaxyclub.eth", "name": "Exzo Network", "twitter": "EXZOcoin", "proposalsCount": 0, "votesCount": 0, "followersCount": 3, "website": null}, {"id": "fact62.eth", "name": "fact62", "twitter": null, "proposalsCount": 1, "votesCount": 1, "followersCount": 1, "website": null}, {"id": "factsnft.eth", "name": "FACTS-NFT", "twitter": "FactsNft", "proposalsCount": 1, "votesCount": 0, "followersCount": 2, "website": null}, {"id": "fahitos.eth", "name": "fah", "twitter": null, "proposalsCount": 1, "votesCount": 1, "followersCount": 1, "website": null}, {"id": "fajukia.eth", "name": "cGxHR0KKeP9jUL5", "twitter": null, "proposalsCount": 1, "votesCount": 1, "followersCount": 1, "website": null}, {"id": "fakerdao.eth", "name": "FakerDao", "twitter": "FakerDAOeth", "proposalsCount": 0, "votesCount": 0, "followersCount": 3, "website": null}, {"id": "family.joints.eth", "name": "FAMILYDAO", "twitter": null, "proposalsCount": 1, "votesCount": 1, "followersCount": 1, "website": null}, {"id": "family.lovesyou.eth", "name": "FAMILYDAO", "twitter": null, "proposalsCount": 1, "votesCount": 1, "followersCount": 1, "website": null}, {"id": "fantom.cryptodateio.eth", "name": "Cryptodate On Fantom", "twitter": "cryptodateio", "proposalsCount": 0, "votesCount": 0, "followersCount": 3, "website": "https://www.cryptodate.io/"}, {"id": "fantom.freesubs.eth", "name": "FANTOMDAO", "twitter": null, "proposalsCount": 1, "votesCount": 1, "followersCount": 1, "website": null}, {"id": "fashion.freesubs.eth", "name": "FASHIONDAO", "twitter": null, "proposalsCount": 1, "votesCount": 1, "followersCount": 1, "website": null}]