[{"id": "auction.joints.eth", "name": "AUCTIONDAO", "twitter": null, "proposalsCount": 1, "votesCount": 1, "followersCount": 1, "website": null}, {"id": "auctions.joints.eth", "name": "AUCTIONSDAO", "twitter": null, "proposalsCount": 1, "votesCount": 1, "followersCount": 1, "website": null}, {"id": "auroralinx.eth", "name": "Auroralinx ", "twitter": null, "proposalsCount": 1, "votesCount": 1, "followersCount": 1, "website": "https://auroralinx.com/"}, {"id": "australia.freesubs.eth", "name": "AUSTRALIADA0", "twitter": null, "proposalsCount": 1, "votesCount": 1, "followersCount": 1, "website": null}, {"id": "auto.ensmaxisfam.eth", "name": "autoDAO", "twitter": null, "proposalsCount": 1, "votesCount": 1, "followersCount": 1, "website": null}, {"id": "auto.freesubs.eth", "name": "AUTODAO", "twitter": null, "proposalsCount": 1, "votesCount": 1, "followersCount": 1, "website": null}, {"id": "auto.joints.eth", "name": "AUTODAO", "twitter": null, "proposalsCount": 1, "votesCount": 1, "followersCount": 1, "website": null}, {"id": "autobike.eth", "name": "test", "twitter": null, "proposalsCount": 1, "votesCount": 1, "followersCount": 1, "website": null}, {"id": "autos.ensmaxisfam.eth", "name": "AUTOSDAO", "twitter": null, "proposalsCount": 1, "votesCount": 1, "followersCount": 1, "website": null}, {"id": "autos.joints.eth", "name": "AUTOSDAO", "twitter": null, "proposalsCount": 1, "votesCount": 1, "followersCount": 1, "website": null}, {"id": "av7777.eth", "name": "777", "twitter": null, "proposalsCount": 1, "votesCount": 1, "followersCount": 1, "website": null}, {"id": "avalancher.eth", "name": "Test", "twitter": null, "proposalsCount": 1, "votesCount": 0, "followersCount": 2, "website": null}, {"id": "awy1341.eth", "name": "DLDL", "twitter": null, "proposalsCount": 0, "votesCount": 0, "followersCount": 3, "website": null}, {"id": "axklumao3.eth", "name": "axkDAO", "twitter": "akxone151188", "proposalsCount": 1, "votesCount": 1, "followersCount": 1, "website": null}, {"id": "axs.freesubs.eth", "name": "AXSDAO", "twitter": null, "proposalsCount": 1, "votesCount": 1, "followersCount": 1, "website": null}, {"id": "axs.joints.eth", "name": "AXSDAO", "twitter": null, "proposalsCount": 1, "votesCount": 1, "followersCount": 1, "website": null}, {"id": "axure.eth", "name": "axure", "twitter": null, "proposalsCount": 1, "votesCount": 0, "followersCount": 2, "website": null}, {"id": "aznaur.eth", "name": "Aznaur", "twitter": null, "proposalsCount": 1, "votesCount": 2, "followersCount": 0, "website": null}, {"id": "b2b.ensmaxisfam.eth", "name": "B2BDAO", "twitter": null, "proposalsCount": 1, "votesCount": 1, "followersCount": 1, "website": null}, {"id": "b2b.joints.eth", "name": "B2BDAO", "twitter": null, "proposalsCount": 1, "votesCount": 1, "followersCount": 1, "website": null}]