[{"id": "eth6888.eth", "name": "lovebnbdao", "twitter": null, "proposalsCount": 409, "votesCount": 4954, "followersCount": 654, "website": null}, {"id": "taucoreteam.eth", "name": "Tau Network DAO", "twitter": "taucoreteam", "proposalsCount": 2, "votesCount": 24247, "followersCount": 2891, "website": "https://taunetwork.io/"}, {"id": "0035666.eth", "name": "Kiter", "twitter": null, "proposalsCount": 252, "votesCount": 433, "followersCount": 681, "website": null}, {"id": "haitangkeji.eth", "name": "haidao", "twitter": "", "proposalsCount": 358, "votesCount": 2287, "followersCount": 262, "website": null}, {"id": "medinadao.eth", "name": "Medina DAO", "twitter": "medinadao", "proposalsCount": 3, "votesCount": 702, "followersCount": 244, "website": null}, {"id": "polygon.joints.eth", "name": "POLYGONDAO", "twitter": null, "proposalsCount": 146, "votesCount": 366, "followersCount": 54, "website": null}, {"id": "briwanbriwan333999.eth", "name": "33333", "twitter": null, "proposalsCount": 39, "votesCount": 108, "followersCount": 344, "website": null}, {"id": "bnbdddd.eth", "name": "bnb", "twitter": null, "proposalsCount": 311, "votesCount": 701, "followersCount": 303, "website": null}, {"id": "hayao-miyazaki.eth", "name": "Studio Ghibli", "twitter": null, "proposalsCount": 162, "votesCount": 325, "followersCount": 100, "website": null}, {"id": "software.criptotwitter.eth", "name": "swDAO", "twitter": null, "proposalsCount": 201, "votesCount": 407, "followersCount": 90, "website": null}, {"id": "theheaddao.eth", "name": "Head Dao", "twitter": null, "proposalsCount": 218, "votesCount": 21836, "followersCount": 1533, "website": null}, {"id": "xiaoaojianghu.eth", "name": "mikkDAO", "twitter": null, "proposalsCount": 184, "votesCount": 374, "followersCount": 96, "website": null}, {"id": "balsam.eth", "name": "balsam", "twitter": null, "proposalsCount": 9, "votesCount": 22646, "followersCount": 170, "website": null}, {"id": "tarpon.eth", "name": "tarpon", "twitter": null, "proposalsCount": 11, "votesCount": 22488, "followersCount": 145, "website": null}, {"id": "tunny.eth", "name": "tunny", "twitter": null, "proposalsCount": 42, "votesCount": 22396, "followersCount": 151, "website": null}, {"id": "hotstock.eth", "name": "hotstock", "twitter": null, "proposalsCount": 16, "votesCount": 22301, "followersCount": 154, "website": null}, {"id": "caiman.eth", "name": "caiman", "twitter": null, "proposalsCount": 8, "votesCount": 22274, "followersCount": 138, "website": null}, {"id": "hinny.eth", "name": "hinny", "twitter": null, "proposalsCount": 14, "votesCount": 22271, "followersCount": 141, "website": null}, {"id": "mists.eth", "name": "mists", "twitter": null, "proposalsCount": 12, "votesCount": 22187, "followersCount": 125, "website": null}, {"id": "electricite.eth", "name": "electricite", "twitter": null, "proposalsCount": 14, "votesCount": 22146, "followersCount": 140, "website": null}]