[{"id": "eastblue.eth", "name": "Eastblu", "twitter": "PonyOD", "proposalsCount": 3, "votesCount": 2, "followersCount": 9, "website": null}, {"id": "esprezzo", "name": "Esprezzo", "twitter": null, "proposalsCount": 5, "votesCount": 9, "followersCount": 0, "website": null}, {"id": "ethertrooper.eth", "name": "ethertrooper", "twitter": null, "proposalsCount": 1, "votesCount": 12, "followersCount": 1, "website": null}, {"id": "flux-heco.eth", "name": "Flux-Heco DAO", "twitter": null, "proposalsCount": 3, "votesCount": 1, "followersCount": 10, "website": null}, {"id": "followersofagora.eth", "name": "Followers of Agora", "twitter": null, "proposalsCount": 0, "votesCount": 0, "followersCount": 14, "website": "https://fateofwagdie.com"}, {"id": "forddaniel.eth", "name": "adopt", "twitter": null, "proposalsCount": 5, "votesCount": 4, "followersCount": 5, "website": null}, {"id": "franssonoliver.eth", "name": "admire", "twitter": null, "proposalsCount": 5, "votesCount": 5, "followersCount": 4, "website": null}, {"id": "fun-topia.eth", "name": "Fun Topia", "twitter": "FunTopia", "proposalsCount": 4, "votesCount": 7, "followersCount": 3, "website": "https://funtopia.io"}, {"id": "gains-network.eth", "name": "Gains Network", "twitter": "GainsNetwork_io", "proposalsCount": 0, "votesCount": 0, "followersCount": 14, "website": "https://www.gains.trade"}, {"id": "gamblingapes.eth", "name": "Gambling Apes Miami", "twitter": "gamblingapes", "proposalsCount": 1, "votesCount": 4, "followersCount": 9, "website": null}, {"id": "grindguild.eth", "name": "Grind Guild", "twitter": "0xGrind", "proposalsCount": 0, "votesCount": 0, "followersCount": 14, "website": "https://crew3.xyz/c/grindguild/questboard"}, {"id": "headdao-reboot.eth", "name": "HeadDAO - Reboot", "twitter": "HeadDaoNFT", "proposalsCount": 3, "votesCount": 8, "followersCount": 3, "website": "https://headdao.com/"}, {"id": "hello-dao.eth", "name": "Hello Dao", "twitter": "hellodaoworld", "proposalsCount": 2, "votesCount": 10, "followersCount": 2, "website": null}, {"id": "hustwyz.eth", "name": "VV Crypto Developer DAO", "twitter": null, "proposalsCount": 1, "votesCount": 3, "followersCount": 10, "website": null}, {"id": "jakubrusiecki.eth", "name": "TSYM Grants DAO", "twitter": "TheSymmetrical", "proposalsCount": 3, "votesCount": 6, "followersCount": 5, "website": "https://www.thesymmetrical.org/"}, {"id": "jogi.eth", "name": "jogiDAO", "twitter": "kryptojogi", "proposalsCount": 10, "votesCount": 0, "followersCount": 4, "website": null}, {"id": "kasaobake.eth", "name": "Kasa Obake", "twitter": null, "proposalsCount": 1, "votesCount": 8, "followersCount": 5, "website": "https://kasaobake.io"}, {"id": "konra.eth", "name": "Konra Kingdom", "twitter": "konratoken", "proposalsCount": 2, "votesCount": 4, "followersCount": 8, "website": "https://konratoken.com"}, {"id": "lawrencemary.eth", "name": "SVGEDF", "twitter": null, "proposalsCount": 5, "votesCount": 4, "followersCount": 5, "website": null}, {"id": "lixiaojing.eth", "name": "wujianli", "twitter": null, "proposalsCount": 1, "votesCount": 13, "followersCount": 0, "website": null}]