[{"id": "hashdaofund.eth", "name": "HashDAO Finance", "twitter": "HashDAOFinance", "proposalsCount": 3, "votesCount": 42, "followersCount": 62, "website": "https://www.hashdao.finance"}, {"id": "liangdao.eth", "name": "\u51c9\u516eDAO", "twitter": "goldtum123", "proposalsCount": 7, "votesCount": 84, "followersCount": 16, "website": "https://linktr.ee/liangxidao"}, {"id": "nftbrl.eth", "name": "NFT.Brasil", "twitter": "_nft_brasil", "proposalsCount": 7, "votesCount": 83, "followersCount": 17, "website": "https://nftbrasil.live"}, {"id": "12358442214450244.eth", "name": "Check", "twitter": null, "proposalsCount": 3, "votesCount": 2, "followersCount": 1, "website": null}, {"id": "86755.eth", "name": "86755", "twitter": null, "proposalsCount": 1, "votesCount": 47, "followersCount": 58, "website": null}, {"id": "aviumcommunity.eth", "name": "Avium Community", "twitter": "aviumorigins", "proposalsCount": 1, "votesCount": 97, "followersCount": 8, "website": "https://www.avium.world/"}, {"id": "belugaprotocol.eth", "name": "Beluga Protocol", "twitter": "beluga_fi", "proposalsCount": 5, "votesCount": 18, "followersCount": 83, "website": "https://beluga.fi"}, {"id": "bnbgold.eth", "name": "uptowneric", "twitter": "uptowneric2008", "proposalsCount": 3, "votesCount": 0, "followersCount": 3, "website": null}, {"id": "bsc.joints.eth", "name": "BSCDAO", "twitter": null, "proposalsCount": 3, "votesCount": 2, "followersCount": 1, "website": null}, {"id": "glasperlenspiel.eth", "name": "glasperlenspiel", "twitter": "RFOX_Official", "proposalsCount": 8, "votesCount": 9, "followersCount": 39, "website": null}, {"id": "mcl-multiplierfinance.eth", "name": "Multiplier Finance bMXX", "twitter": null, "proposalsCount": 4, "votesCount": 87, "followersCount": 15, "website": null}, {"id": "mingyao.eth", "name": "mingyao", "twitter": null, "proposalsCount": 1, "votesCount": 50, "followersCount": 55, "website": null}, {"id": "pollo.eth", "name": "Pollo", "twitter": "", "proposalsCount": 3, "votesCount": 102, "followersCount": 1, "website": null}, {"id": "realblackbook.eth", "name": "WilderWorld Vote", "twitter": "real_blackbook", "proposalsCount": 1, "votesCount": 97, "followersCount": 8, "website": null}, {"id": "woodies.eth", "name": "Woodies", "twitter": "WoodiesNFT", "proposalsCount": 2, "votesCount": 91, "followersCount": 13, "website": null}, {"id": "zk1314.eth", "name": "hxyz", "twitter": null, "proposalsCount": 0, "votesCount": 0, "followersCount": 6, "website": null}, {"id": "789078.eth", "name": "bnb1", "twitter": null, "proposalsCount": 1, "votesCount": 2, "followersCount": 2, "website": null}, {"id": "annie1998.eth", "name": "Annie", "twitter": null, "proposalsCount": 2, "votesCount": 1, "followersCount": 2, "website": null}, {"id": "bc2000.eth", "name": "bc2000", "twitter": null, "proposalsCount": 1, "votesCount": 49, "followersCount": 55, "website": null}, {"id": "cemdao.eth", "name": "CEM DAO", "twitter": null, "proposalsCount": 3, "votesCount": 78, "followersCount": 24, "website": null}]