[{"id": "qhsky.eth", "name": "qhsky", "twitter": "wdswap", "proposalsCount": 212, "votesCount": 582, "followersCount": 267, "website": null}, {"id": "cryptohipposvote.eth", "name": "CryptoHippos NFT", "twitter": "CryptoHipposNFT", "proposalsCount": 29, "votesCount": 5335, "followersCount": 295, "website": null}, {"id": "8585.plurofficial.eth", "name": "GFHGFJGFJ", "twitter": null, "proposalsCount": 29, "votesCount": 49, "followersCount": 46, "website": null}, {"id": "fx2022101.eth", "name": "\u6211\u7684\u72ec\u7acb\u7a7a\u95f4", "twitter": null, "proposalsCount": 28, "votesCount": 56, "followersCount": 28, "website": null}, {"id": "feifeifly.eth", "name": "Livepeer", "twitter": null, "proposalsCount": 2, "votesCount": 5, "followersCount": 5595, "website": null}, {"id": "forgottengov.eth", "name": "Forgotten Runes Wizard's Cult", "twitter": "forgottenrunes", "proposalsCount": 9, "votesCount": 5170, "followersCount": 508, "website": null}, {"id": "\u676d\u5dde\u9a6cpk\u6df1\u5733\u9a6c.eth", "name": "USDC DAO DAO", "twitter": null, "proposalsCount": 35, "votesCount": 79, "followersCount": 17, "website": null}, {"id": "0x1369.eth", "name": "\u8001\u54e5\u4eecBlingBling", "twitter": null, "proposalsCount": 250, "votesCount": 498, "followersCount": 95, "website": null}, {"id": "beyond-meta.eth", "name": "MetaHug DAO", "twitter": null, "proposalsCount": 93, "votesCount": 179, "followersCount": 98, "website": "https://www.metahug.org/"}, {"id": "reidar.eth", "name": "Reidar", "twitter": "ReidarDao", "proposalsCount": 130, "votesCount": 5408, "followersCount": 78, "website": null}, {"id": "\ud83d\udcbf\ud83d\udcbf\ud83d\udcbf\ud83d\udcbf\ud83d\udcbf\ud83d\udcbf\ud83d\udcbf\ud83d\udcbf\ud83d\udcbf\ud83d\udcbf.eth", "name": "help me pass the gitcoinpassport", "twitter": null, "proposalsCount": 16, "votesCount": 4636, "followersCount": 563, "website": null}, {"id": "yearn", "name": "yearn.finance (archive)", "twitter": null, "proposalsCount": 16, "votesCount": 4836, "followersCount": 605, "website": null}, {"id": "romedaofi.eth", "name": "RomeDAO", "twitter": "housesofrome", "proposalsCount": 21, "votesCount": 5159, "followersCount": 404, "website": null}, {"id": "litedex.eth", "name": "Litedex Protocol", "twitter": "litedexprotocol", "proposalsCount": 3, "votesCount": 368, "followersCount": 5207, "website": "https://litedex.io"}, {"id": "bunnygame.eth", "name": "\u6a0a\u6a0a\u548c\u5b89\u5b89", "twitter": "fftank1", "proposalsCount": 38, "votesCount": 134, "followersCount": 31, "website": null}, {"id": "floki-inu.eth", "name": "Floki", "twitter": "realflokiinu", "proposalsCount": 7, "votesCount": 5277, "followersCount": 187, "website": null}, {"id": "boltonping.eth", "name": "drong", "twitter": null, "proposalsCount": 32, "votesCount": 43, "followersCount": 33, "website": null}, {"id": "rugcommunity.eth", "name": "RugDAO", "twitter": "RugRadio", "proposalsCount": 24, "votesCount": 4891, "followersCount": 554, "website": "https://www.rug.fm/"}, {"id": "arbexchange.eth", "name": "DAO Harma Genesis", "twitter": "harecrypta", "proposalsCount": 2, "votesCount": 90, "followersCount": 15, "website": "https://harecrypta.com/"}, {"id": "itaotao.eth", "name": "sdgghrgr f", "twitter": null, "proposalsCount": 21, "votesCount": 60, "followersCount": 26, "website": null}]