[{"id": "colonydaoclub.eth", "name": "Colony's DAO Club", "twitter": "joincolony", "proposalsCount": 4, "votesCount": 17, "followersCount": 4, "website": "https://colony.io/dao-club"}, {"id": "daoinvest.eth", "name": "DAO Invest", "twitter": "daoinvestorg", "proposalsCount": 2, "votesCount": 6, "followersCount": 17, "website": null}, {"id": "defigeek-test.eth", "name": "DeFiGeek Test", "twitter": null, "proposalsCount": 2, "votesCount": 20, "followersCount": 3, "website": null}, {"id": "dicesia.eth", "name": "Dicesia DAO", "twitter": "dicesianft", "proposalsCount": 5, "votesCount": 11, "followersCount": 9, "website": "https://dicesia.com/"}, {"id": "gamestopfinance.eth", "name": "gamestop.finance", "twitter": null, "proposalsCount": 3, "votesCount": 20, "followersCount": 2, "website": null}, {"id": "giveth", "name": "Panvala Pan", "twitter": null, "proposalsCount": 4, "votesCount": 19, "followersCount": 2, "website": null}, {"id": "gojjs.eth", "name": "cs", "twitter": null, "proposalsCount": 10, "votesCount": 14, "followersCount": 1, "website": "https://www.baidu.com/"}, {"id": "higgss.eth", "name": "RACA Community", "twitter": null, "proposalsCount": 1, "votesCount": 1, "followersCount": 23, "website": null}, {"id": "hkshop.eth", "name": "Crypto Beer", "twitter": "MoonRider_100", "proposalsCount": 4, "votesCount": 16, "followersCount": 5, "website": null}, {"id": "inv3stdao.eth", "name": "Inv3st DAO", "twitter": null, "proposalsCount": 2, "votesCount": 22, "followersCount": 1, "website": "https://inv3stdao.io"}, {"id": "jawn.eth", "name": "ALGO LITE ", "twitter": "jawnciego", "proposalsCount": 1, "votesCount": 14, "followersCount": 10, "website": null}, {"id": "lastsamurais.eth", "name": "The Last Samurais", "twitter": "LastSamuraisNFT", "proposalsCount": 2, "votesCount": 18, "followersCount": 5, "website": null}, {"id": "lendflare.eth", "name": "LendFlare Finance", "twitter": "LendFlareOffic", "proposalsCount": 2, "votesCount": 11, "followersCount": 12, "website": "https://lendflare.finance"}, {"id": "lunardao.eth", "name": "LunarDAO", "twitter": null, "proposalsCount": 2, "votesCount": 14, "followersCount": 9, "website": null}, {"id": "martinezmelvyn.eth", "name": "assert", "twitter": null, "proposalsCount": 5, "votesCount": 13, "followersCount": 7, "website": null}, {"id": "mashibeats.eth", "name": "mashibeats", "twitter": "mashibeats", "proposalsCount": 1, "votesCount": 21, "followersCount": 3, "website": "https://discord.gg/jQpMQs7B3J"}, {"id": "medievaldao.eth", "name": "Medieval DAO", "twitter": null, "proposalsCount": 12, "votesCount": 10, "followersCount": 3, "website": null}, {"id": "metacartel.eth", "name": "MetaCartel", "twitter": "Meta_Cartel", "proposalsCount": 1, "votesCount": 6, "followersCount": 18, "website": null}, {"id": "metavault-dao.eth", "name": "Metavault DAO", "twitter": "MetavaultDAO", "proposalsCount": 1, "votesCount": 19, "followersCount": 5, "website": "https://metavault.org"}, {"id": "mrpolished.eth", "name": "Kangaroo Heroes", "twitter": "kangarooheroes", "proposalsCount": 1, "votesCount": 22, "followersCount": 2, "website": null}]