[{"id": "surveyordao.eth", "name": "Surveyor DAO", "twitter": "SurveyorDAO", "proposalsCount": 8, "votesCount": 92, "followersCount": 8, "website": "https://surveyordao.com/"}, {"id": "wise-token.eth", "name": "WISE/WISEr", "twitter": "Wise_Token", "proposalsCount": 3, "votesCount": 63, "followersCount": 42, "website": "https://wisetoken.net"}, {"id": "yzydao.eth", "name": "YZY DAO", "twitter": null, "proposalsCount": 5, "votesCount": 152, "followersCount": 1, "website": null}, {"id": "zks666.eth", "name": "129", "twitter": null, "proposalsCount": 1, "votesCount": 4, "followersCount": 3, "website": null}, {"id": "moonkeys.eth", "name": "MoonkeyDAO", "twitter": "MoonkeyNFT", "proposalsCount": 2, "votesCount": 113, "followersCount": 43, "website": "https://discord.gg/XpnCtgMnGN"}, {"id": "doveswap.eth", "name": "doveswap", "twitter": "Btcbotskol", "proposalsCount": 1, "votesCount": 1, "followersCount": 5, "website": null}, {"id": "musicweb3.eth", "name": "web3music", "twitter": null, "proposalsCount": 3, "votesCount": 154, "followersCount": 0, "website": null}, {"id": "shibashelter.eth", "name": "Shiba Shelter", "twitter": "ShibaShelterNFT", "proposalsCount": 5, "votesCount": 143, "followersCount": 9, "website": null}, {"id": "weather.freesubs.eth", "name": "WTHDAO", "twitter": null, "proposalsCount": 2, "votesCount": 2, "followersCount": 3, "website": null}, {"id": "dfdao.eth", "name": "dfdao", "twitter": "d_fdao", "proposalsCount": 1, "votesCount": 141, "followersCount": 15, "website": null}, {"id": "routerprotocol.eth", "name": "Router Protocol", "twitter": "routerprotocol", "proposalsCount": 4, "votesCount": 139, "followersCount": 14, "website": "https://www.routerprotocol.com/"}, {"id": "test4.shot.eth", "name": "[Test 4] Team Decisions", "twitter": null, "proposalsCount": 62, "votesCount": 55, "followersCount": 40, "website": null}, {"id": "utopiavatars.eth", "name": "UTOPIA AVATARS", "twitter": "UtopiaAvatars", "proposalsCount": 10, "votesCount": 49, "followersCount": 98, "website": "https://utopia.io/"}, {"id": "ape3dao.eth", "name": "ApeCapticalDao III", "twitter": "aWSBclub", "proposalsCount": 2, "votesCount": 128, "followersCount": 26, "website": null}, {"id": "binance.joints.eth", "name": "BINANCEDAO", "twitter": null, "proposalsCount": 2, "votesCount": 1, "followersCount": 3, "website": null}, {"id": "bzcdao.eth", "name": "Billionaire Zombies Club DAO", "twitter": "bzombiesc", "proposalsCount": 4, "votesCount": 79, "followersCount": 73, "website": "https://billionairezombies.com"}, {"id": "ftm.freesubs.eth", "name": "FTMDAO", "twitter": null, "proposalsCount": 2, "votesCount": 2, "followersCount": 2, "website": null}, {"id": "homiesvote.eth", "name": "Ethereum Homies", "twitter": "homiegsnft", "proposalsCount": 4, "votesCount": 122, "followersCount": 30, "website": "https://ethereumhomies.io"}, {"id": "minorityprogrammers.eth", "name": "Minority Programmers", "twitter": "minorityprogram", "proposalsCount": 11, "votesCount": 37, "followersCount": 108, "website": null}, {"id": "octantapp.eth", "name": "Octant ", "twitter": null, "proposalsCount": 0, "votesCount": 0, "followersCount": 6, "website": "https://octant.build"}]