[{"id": "19938.eth", "name": "SPACE AND TIME", "twitter": null, "proposalsCount": 1, "votesCount": 1, "followersCount": 1, "website": null}, {"id": "199552.eth", "name": "linea fact", "twitter": null, "proposalsCount": 1, "votesCount": 1, "followersCount": 2, "website": null}, {"id": "199901.eth", "name": "rain dao", "twitter": null, "proposalsCount": 1, "votesCount": 1, "followersCount": 1, "website": null}, {"id": "199902.eth", "name": "99dao", "twitter": null, "proposalsCount": 1, "votesCount": 1, "followersCount": 1, "website": null}, {"id": "199903.eth", "name": "199903", "twitter": null, "proposalsCount": 2, "votesCount": 3, "followersCount": 1, "website": null}, {"id": "199904.eth", "name": "199904", "twitter": null, "proposalsCount": 1, "votesCount": 1, "followersCount": 1, "website": null}, {"id": "199905.eth", "name": "199905", "twitter": null, "proposalsCount": 2, "votesCount": 3, "followersCount": 1, "website": null}, {"id": "199906.eth", "name": "199906", "twitter": null, "proposalsCount": 1, "votesCount": 1, "followersCount": 1, "website": null}, {"id": "199907.eth", "name": "199907", "twitter": null, "proposalsCount": 1, "votesCount": 1, "followersCount": 1, "website": null}, {"id": "199983.eth", "name": "199983", "twitter": null, "proposalsCount": 1, "votesCount": 1, "followersCount": 1, "website": null}, {"id": "1btc1world.eth", "name": "SEX-DAO\u6027\u4e4b\u9053", "twitter": null, "proposalsCount": 6, "votesCount": 20, "followersCount": 4, "website": null}, {"id": "1cookies.eth", "name": "cookies", "twitter": null, "proposalsCount": 2, "votesCount": 8, "followersCount": 1, "website": null}, {"id": "1dops.eth", "name": "1dpos", "twitter": null, "proposalsCount": 1, "votesCount": 5, "followersCount": 2, "website": null}, {"id": "1faith1337.eth", "name": "AirDrop Bounty", "twitter": null, "proposalsCount": 47, "votesCount": 188, "followersCount": 47, "website": null}, {"id": "1ione1.eth", "name": "lione", "twitter": null, "proposalsCount": 1, "votesCount": 1, "followersCount": 0, "website": null}, {"id": "1o1ens.eth", "name": "Mehedi ", "twitter": null, "proposalsCount": 1, "votesCount": 2, "followersCount": 1, "website": null}, {"id": "1rod1reelfishing.eth", "name": "Dark Island", "twitter": null, "proposalsCount": 2, "votesCount": 1, "followersCount": 1, "website": null}, {"id": "1stone2birds.eth", "name": "ChatGPT", "twitter": null, "proposalsCount": 2, "votesCount": 23, "followersCount": 10, "website": null}, {"id": "1troy.eth", "name": "GYPHT", "twitter": null, "proposalsCount": 1, "votesCount": 2, "followersCount": 1, "website": null}, {"id": "1uck8.eth", "name": "Lucky", "twitter": null, "proposalsCount": 1, "votesCount": 1, "followersCount": 1, "website": null}]