[{"id": "eart.eth", "name": "eArt Token", "twitter": "eartsociety", "proposalsCount": 1, "votesCount": 12, "followersCount": 0, "website": null}, {"id": "easedao.eth", "name": "Ease", "twitter": "easeDeFi", "proposalsCount": 1, "votesCount": 9, "followersCount": 3, "website": "http://www.ease.org"}, {"id": "ebgamedao.eth", "name": "EBDAO", "twitter": "EBMetaverse", "proposalsCount": 0, "votesCount": 0, "followersCount": 13, "website": null}, {"id": "echeng.eth", "name": "BIT DAO", "twitter": null, "proposalsCount": 2, "votesCount": 4, "followersCount": 7, "website": null}, {"id": "eemee.eth", "name": "emeDAO", "twitter": null, "proposalsCount": 1, "votesCount": 6, "followersCount": 6, "website": null}, {"id": "etcaa.eth", "name": "huobi", "twitter": null, "proposalsCount": 2, "votesCount": 0, "followersCount": 11, "website": null}, {"id": "fehu.eth", "name": "FehuGovernance", "twitter": "", "proposalsCount": 1, "votesCount": 3, "followersCount": 9, "website": "https://fehutoken.com"}, {"id": "fiofai.eth", "name": "MNB DAO", "twitter": "MetaNebulas", "proposalsCount": 2, "votesCount": 8, "followersCount": 3, "website": "https://metanebulas.com/"}, {"id": "forkero.eth", "name": "FORKEROS", "twitter": null, "proposalsCount": 5, "votesCount": 6, "followersCount": 2, "website": "https://t.me/forkdao"}, {"id": "furola.eth", "name": "Planting", "twitter": null, "proposalsCount": 7, "votesCount": 3, "followersCount": 3, "website": null}, {"id": "gala.lideru.eth", "name": "Lideru Quest", "twitter": null, "proposalsCount": 3, "votesCount": 6, "followersCount": 4, "website": null}, {"id": "gonsus.eth", "name": "Ghost Party ONE", "twitter": null, "proposalsCount": 2, "votesCount": 6, "followersCount": 5, "website": null}, {"id": "grapeprotocol.eth", "name": "grapeprotocol", "twitter": null, "proposalsCount": 3, "votesCount": 3, "followersCount": 7, "website": null}, {"id": "gsandly.eth", "name": "AirdropDAO", "twitter": "GSANDLYang", "proposalsCount": 4, "votesCount": 1, "followersCount": 8, "website": null}, {"id": "guiriba.eth", "name": "Guiriba", "twitter": "guiribabrb", "proposalsCount": 8, "votesCount": 5, "followersCount": 0, "website": "https://twitter.com/guiribabrb"}, {"id": "hakiss.eth", "name": "hakiss", "twitter": null, "proposalsCount": 6, "votesCount": 6, "followersCount": 1, "website": null}, {"id": "holidayapeclub.eth", "name": "Holiday Ape Club DAO", "twitter": "holidayapeclub", "proposalsCount": 1, "votesCount": 11, "followersCount": 1, "website": null}, {"id": "hugoshop.eth", "name": "hugoshop", "twitter": "hugo_onl", "proposalsCount": 3, "votesCount": 1, "followersCount": 9, "website": "http://\u96e8\u679c.com/"}, {"id": "humanityunchaineddao.eth", "name": "Humanity Unchained DAO", "twitter": "UnchainedDAO", "proposalsCount": 4, "votesCount": 4, "followersCount": 5, "website": "https://humanityunchained.org"}, {"id": "jinshidun.eth", "name": "jinshidun", "twitter": null, "proposalsCount": 3, "votesCount": 5, "followersCount": 5, "website": null}]