[{"id": "fantohmdao.eth", "name": "FHM DAO", "twitter": "FantohmDAO", "proposalsCount": 35, "votesCount": 2582, "followersCount": 548, "website": null}, {"id": "longquanjian.eth", "name": "kuu", "twitter": null, "proposalsCount": 21, "votesCount": 41, "followersCount": 0, "website": null}, {"id": "lorrainebach.eth", "name": "gftbhz", "twitter": null, "proposalsCount": 20, "votesCount": 19, "followersCount": 23, "website": null}, {"id": "kcc.eth", "name": "kcc-community", "twitter": "KCCOfficialTW", "proposalsCount": 12, "votesCount": 2724, "followersCount": 409, "website": null}, {"id": "moonrat.eth", "name": "moonrat.finance", "twitter": "MoonRatFinance", "proposalsCount": 52, "votesCount": 3075, "followersCount": 15, "website": null}, {"id": "karastar.eth", "name": "KaraStar DAO", "twitter": "karastargamefi", "proposalsCount": 218, "votesCount": 2652, "followersCount": 246, "website": null}, {"id": "gbc-nft.eth", "name": "GMX Blueberry Club", "twitter": "GBlueberryClub", "proposalsCount": 5, "votesCount": 931, "followersCount": 2071, "website": "https://blueberry.club/"}, {"id": "scaleswap.eth", "name": "ScaleDAO", "twitter": "scaleswapio", "proposalsCount": 22, "votesCount": 2850, "followersCount": 228, "website": "https://scaleswap.io"}, {"id": "optimus-dao.eth", "name": "Optimus DAO", "twitter": "optimusoptbot", "proposalsCount": 3, "votesCount": 1841, "followersCount": 1189, "website": "https://optimus.money/"}, {"id": "spiritswap.eth", "name": "SpiritSwap", "twitter": "Spirit_Swap", "proposalsCount": 41, "votesCount": 2434, "followersCount": 507, "website": "https://app.spiritswap.finance"}, {"id": "ibeed.eth", "name": "iBEED", "twitter": "ibeedxyz", "proposalsCount": 2, "votesCount": 40, "followersCount": 20, "website": "https://ibeed.xyz/"}, {"id": "zhixingheyi.eth", "name": "IUN", "twitter": null, "proposalsCount": 20, "votesCount": 40, "followersCount": 0, "website": null}, {"id": "dopeapedao.eth", "name": "Dope Ape Club Dao", "twitter": "Dope_Ape_NFT", "proposalsCount": 7, "votesCount": 240, "followersCount": 57, "website": "https://dopeapedao.com"}, {"id": "smolverse.eth", "name": "Smolverse", "twitter": "smolverse", "proposalsCount": 2, "votesCount": 2487, "followersCount": 558, "website": "https://smolverse.lol"}, {"id": "kongkongye.eth", "name": "kky's space", "twitter": "kongkongye", "proposalsCount": 20, "votesCount": 253, "followersCount": 19, "website": null}, {"id": "veedao.eth", "name": "VeeDao", "twitter": "VeeDaoEth", "proposalsCount": 34, "votesCount": 2777, "followersCount": 100, "website": null}, {"id": "chaingov.eth", "name": "Chain Gov", "twitter": "OnyxProtocol", "proposalsCount": 4, "votesCount": 22, "followersCount": 2829, "website": null}, {"id": "cuchorapido.eth", "name": "cuchorapido", "twitter": "cuchorapido", "proposalsCount": 7, "votesCount": 148, "followersCount": 50, "website": "https://twitch.tv/cuchorapido"}, {"id": "ether-fi-fan.eth", "name": "ether-fi-fan", "twitter": null, "proposalsCount": 2, "votesCount": 2861, "followersCount": 16, "website": null}, {"id": "gamiumworld.eth", "name": "Gamium DAO", "twitter": "gamiumcorp", "proposalsCount": 5, "votesCount": 2079, "followersCount": 738, "website": "https://gamium.world"}]