[{"id": "curve.eth", "name": "Curve Finance", "twitter": "CurveFinance", "proposalsCount": 203, "votesCount": 2002, "followersCount": 34583, "website": null}, {"id": "vote.airswap.eth", "name": "AirSwap", "twitter": "airswap", "proposalsCount": 91, "votesCount": 15261, "followersCount": 2276, "website": "https://www.airswap.io/"}, {"id": "paraswap-dao.eth", "name": "ParaSwap DAO", "twitter": "paraswap", "proposalsCount": 48, "votesCount": 18522, "followersCount": 9639, "website": "https://gov.paraswap.network"}, {"id": "shapeshiftdao.eth", "name": "ShapeShift", "twitter": "ShapeShift", "proposalsCount": 160, "votesCount": 16365, "followersCount": 6609, "website": "https://shapeshift.com"}, {"id": "younghwang.eth", "name": "Alatelecoin DAO", "twitter": "alashoo_lab", "proposalsCount": 18, "votesCount": 21534, "followersCount": 13618, "website": "https://app.alashoo.com"}, {"id": "index-coop.eth", "name": "Index Coop", "twitter": "indexcoop", "proposalsCount": 900, "votesCount": 24147, "followersCount": 5106, "website": "https://www.indexcoop.com/"}, {"id": "zora.eth", "name": "Zora", "twitter": "ourzora", "proposalsCount": 2, "votesCount": 7369, "followersCount": 13767, "website": null}, {"id": "mutantsdao.eth", "name": "MutantCats DAO", "twitter": "mutantcats", "proposalsCount": 130, "votesCount": 27401, "followersCount": 6209, "website": null}, {"id": "metislayer2.eth", "name": "MetisDAO", "twitter": "MetisDAO", "proposalsCount": 49, "votesCount": 12106, "followersCount": 3548, "website": "https://metis.io"}, {"id": "decentralgames.eth", "name": "Decentral Games", "twitter": "decentralgames", "proposalsCount": 213, "votesCount": 22610, "followersCount": 4534, "website": "https://www.decentral.games"}, {"id": "biswap-org.eth", "name": "Biswap", "twitter": null, "proposalsCount": 15, "votesCount": 23903, "followersCount": 3436, "website": null}, {"id": "hectordao.eth", "name": "Hector Network", "twitter": "Hector_Network", "proposalsCount": 72, "votesCount": 23403, "followersCount": 3880, "website": "https://hector.network/"}, {"id": "xdaistake.eth", "name": "xDai Chain (Gnosis Chain)", "twitter": "xdaichain", "proposalsCount": 257, "votesCount": 10864, "followersCount": 14818, "website": null}, {"id": "daocity.eth", "name": "CityDAO", "twitter": "citydao", "proposalsCount": 59, "votesCount": 19988, "followersCount": 5766, "website": "https://citydao.io"}, {"id": "spookyswap.eth", "name": "SpookySwap", "twitter": "SpookySwap", "proposalsCount": 92, "votesCount": 18278, "followersCount": 5332, "website": "https://spooky.fi"}, {"id": "jbdao.eth", "name": "JuiceboxDAO", "twitter": "juiceboxETH", "proposalsCount": 327, "votesCount": 21507, "followersCount": 3637, "website": "https://juicebox.money"}, {"id": "frax.eth", "name": "Frax", "twitter": "fraxfinance", "proposalsCount": 325, "votesCount": 10508, "followersCount": 5504, "website": null}, {"id": "golflinks.eth", "name": "LinksDAO", "twitter": "linksdao", "proposalsCount": 18, "votesCount": 7315, "followersCount": 1603, "website": "https://linksdao.io"}, {"id": "yam.eth", "name": "Yam", "twitter": "YamFinance", "proposalsCount": 215, "votesCount": 20377, "followersCount": 3061, "website": "https://yam.finance/"}, {"id": "people-dao.eth", "name": "PeopleDAO", "twitter": "The_PeopleDAO", "proposalsCount": 50, "votesCount": 13201, "followersCount": 8812, "website": null}]