[{"id": "thealienboy.eth", "name": "The Alien Boy", "twitter": "TheAlienBoyNFT", "proposalsCount": 7, "votesCount": 243, "followersCount": 59, "website": "https://www.thealienboy.com/"}, {"id": "ballena.eth", "name": "ballena.io", "twitter": "ballenaio", "proposalsCount": 12, "votesCount": 292, "followersCount": 4, "website": null}, {"id": "tttreasures.eth", "name": "TTTreasures", "twitter": "TTTDAO", "proposalsCount": 8, "votesCount": 282, "followersCount": 18, "website": "https://tttreasures.club"}, {"id": "wombat-exchange.eth", "name": "Wombat Exchange", "twitter": "wombatexchange", "proposalsCount": 0, "votesCount": 0, "followersCount": 8, "website": "https://www.wombat.exchange/"}, {"id": "btcbot.eth", "name": "btcbot", "twitter": "Defibtcico", "proposalsCount": 2, "votesCount": 3, "followersCount": 3, "website": null}, {"id": "testdao.eth", "name": "TestDAOPoly", "twitter": null, "proposalsCount": 7, "votesCount": 0, "followersCount": 1, "website": null}, {"id": "blootorg.eth", "name": "Bloot", "twitter": null, "proposalsCount": 9, "votesCount": 256, "followersCount": 42, "website": null}, {"id": "fairmoon.eth", "name": "Fairmoon", "twitter": null, "proposalsCount": 1, "votesCount": 306, "followersCount": 0, "website": null}, {"id": "18jin.eth", "name": "arbitrium shequ", "twitter": null, "proposalsCount": 1, "votesCount": 3, "followersCount": 2, "website": null}, {"id": "53691.eth", "name": "my space", "twitter": null, "proposalsCount": 2, "votesCount": 2, "followersCount": 2, "website": null}, {"id": "72451.eth", "name": "mahan", "twitter": "zirowat_england", "proposalsCount": 3, "votesCount": 1, "followersCount": 2, "website": null}, {"id": "864752.eth", "name": "my space", "twitter": null, "proposalsCount": 2, "votesCount": 2, "followersCount": 2, "website": null}, {"id": "airdrophacker.eth", "name": "Love", "twitter": null, "proposalsCount": 1, "votesCount": 3, "followersCount": 2, "website": null}, {"id": "dao.skatehive.eth", "name": "Skatehive DAO", "twitter": null, "proposalsCount": 4, "votesCount": 0, "followersCount": 2, "website": null}, {"id": "dtwins.eth", "name": "dtwins", "twitter": null, "proposalsCount": 2, "votesCount": 4, "followersCount": 0, "website": null}, {"id": "feng001.eth", "name": "eth balance", "twitter": null, "proposalsCount": 2, "votesCount": 2, "followersCount": 2, "website": null}, {"id": "fomo2023.eth", "name": "Golden main", "twitter": null, "proposalsCount": 2, "votesCount": 2, "followersCount": 2, "website": null}, {"id": "forgiving.forg.eth", "name": "2omb Finance", "twitter": "2ombfinance", "proposalsCount": 0, "votesCount": 0, "followersCount": 306, "website": null}, {"id": "fr000.eth", "name": "fgads", "twitter": "osmoatom1", "proposalsCount": 2, "votesCount": 2, "followersCount": 2, "website": "https://twitter.com/osmoatom1"}, {"id": "gafata.eth", "name": "gafata", "twitter": null, "proposalsCount": 3, "votesCount": 3, "followersCount": 0, "website": null}]