[{"id": "smarttrader.eth", "name": "smarttrader", "twitter": null, "proposalsCount": 2, "votesCount": 5, "followersCount": 3, "website": null}, {"id": "snowswap.eth", "name": "SnowSwap", "twitter": "snow_swap", "proposalsCount": 3, "votesCount": 0, "followersCount": 7, "website": null}, {"id": "sting2021.eth", "name": "sting2022", "twitter": null, "proposalsCount": 5, "votesCount": 0, "followersCount": 5, "website": null}, {"id": "storydao.eth", "name": "STORY", "twitter": "sartrebitcoin", "proposalsCount": 2, "votesCount": 5, "followersCount": 3, "website": null}, {"id": "storygov.eth", "name": "Origin Story Governance", "twitter": "OriginProtocol", "proposalsCount": 0, "votesCount": 0, "followersCount": 10, "website": "https://story.xyz"}, {"id": "tballiance", "name": "Tballiance", "twitter": null, "proposalsCount": 4, "votesCount": 4, "followersCount": 2, "website": null}, {"id": "tdes.eth", "name": "TDeS", "twitter": null, "proposalsCount": 4, "votesCount": 0, "followersCount": 6, "website": null}, {"id": "teamlife.eth", "name": "LIFE", "twitter": "dl1fe", "proposalsCount": 4, "votesCount": 4, "followersCount": 2, "website": "https://L1FE.org"}, {"id": "terransforce.eth", "name": "terransforce", "twitter": null, "proposalsCount": 1, "votesCount": 1, "followersCount": 8, "website": null}, {"id": "the-kingmakers-apprentice.eth", "name": "Kingmaker DAO", "twitter": null, "proposalsCount": 0, "votesCount": 0, "followersCount": 10, "website": "https://kingmakertoken.com/"}, {"id": "theblockchainsocialist.eth", "name": "TBS DAO", "twitter": "tbsocialist", "proposalsCount": 0, "votesCount": 0, "followersCount": 10, "website": "https://theblockchainsocialist.com/"}, {"id": "theflighters.eth", "name": "The Flighters", "twitter": "TheFlighters", "proposalsCount": 1, "votesCount": 2, "followersCount": 7, "website": "https://www.theflighters.com"}, {"id": "tometa72.eth", "name": "tometa72", "twitter": "tometa72", "proposalsCount": 3, "votesCount": 4, "followersCount": 3, "website": "https://www.tometa72.com"}, {"id": "ufo99.eth", "name": "UFO99", "twitter": null, "proposalsCount": 1, "votesCount": 5, "followersCount": 4, "website": null}, {"id": "uigem.eth", "name": "The purpose", "twitter": null, "proposalsCount": 3, "votesCount": 5, "followersCount": 2, "website": null}, {"id": "vegadao.eth", "name": "Vega Dao", "twitter": null, "proposalsCount": 4, "votesCount": 3, "followersCount": 3, "website": null}, {"id": "vinzomniac.loopring.eth", "name": "Pixel Pup Heads DAOg", "twitter": "vinzomniac", "proposalsCount": 1, "votesCount": 7, "followersCount": 2, "website": "https://nft.gamestop.com/user/vinzomniac?tab=created"}, {"id": "vote.thecreative.eth", "name": "The Creative", "twitter": "creativecrtv", "proposalsCount": 5, "votesCount": 3, "followersCount": 2, "website": "https://creativeplatform.xyz"}, {"id": "wangzherongyaozhangdaxian.eth", "name": "The P & His Friends", "twitter": null, "proposalsCount": 3, "votesCount": 3, "followersCount": 4, "website": null}, {"id": "web\u25ab3.eth", "name": "Test Network", "twitter": "wij_zk", "proposalsCount": 4, "votesCount": 2, "followersCount": 4, "website": "https://xn--web3-n32b.eth.xyz/"}]