[{"id": "bashzack.eth", "name": "tksDao", "twitter": "bash_zack", "proposalsCount": 1, "votesCount": 3, "followersCount": 1, "website": null}, {"id": "basile07.eth", "name": "Basile", "twitter": null, "proposalsCount": 1, "votesCount": 1, "followersCount": 1, "website": null}, {"id": "batt.eth", "name": "WenBreakfastDAO", "twitter": null, "proposalsCount": 0, "votesCount": 0, "followersCount": 2, "website": null}, {"id": "baxing0472.eth", "name": "Baxing  Dao", "twitter": "baxing0472", "proposalsCount": 2, "votesCount": 2, "followersCount": 2, "website": null}, {"id": "bay38bay.eth", "name": "dwd", "twitter": null, "proposalsCount": 1, "votesCount": 1, "followersCount": 0, "website": null}, {"id": "bayc7178.eth", "name": "Altlayer OG NFT Bao Wan Dao ", "twitter": "ruby16838551", "proposalsCount": 1, "votesCount": 16, "followersCount": 22, "website": null}, {"id": "bayc8774.eth", "name": "0xB787", "twitter": null, "proposalsCount": 0, "votesCount": 0, "followersCount": 0, "website": null}, {"id": "bayc9841.eth", "name": "\u00e1daSdaSd", "twitter": null, "proposalsCount": 1, "votesCount": 1, "followersCount": 1, "website": null}, {"id": "bayro.eth", "name": "Acquabae", "twitter": "acquabae", "proposalsCount": 1, "votesCount": 0, "followersCount": 5, "website": "http://www.acquabae.xyz"}, {"id": "bboy3.eth", "name": "BBoy", "twitter": "sinerman7", "proposalsCount": 2, "votesCount": 6, "followersCount": 1, "website": "https://twitter.com/sinerman7"}, {"id": "bbtceth.eth", "name": "No witches!", "twitter": null, "proposalsCount": 51, "votesCount": 205, "followersCount": 1, "website": null}, {"id": "bc86wo.eth", "name": "bc86wo", "twitter": null, "proposalsCount": 6, "votesCount": 12, "followersCount": 1, "website": null}, {"id": "bcglabs.eth", "name": "BCG Labs", "twitter": "BCG_Labs", "proposalsCount": 1, "votesCount": 8, "followersCount": 1, "website": "http://bcglabs.io/"}, {"id": "bchpad.eth", "name": "BCHPad", "twitter": "bchpad", "proposalsCount": 0, "votesCount": 0, "followersCount": 4, "website": "https://www.bchpad.cash"}, {"id": "bdzhilka.eth", "name": "bdzhilka.eth", "twitter": null, "proposalsCount": 1, "votesCount": 2, "followersCount": 1, "website": null}, {"id": "beansnfts.eth", "name": "Beans NFTS", "twitter": "BEANS_nfts", "proposalsCount": 0, "votesCount": 0, "followersCount": 1, "website": "https://www.beansnfts.io/"}, {"id": "bearrepublic.eth", "name": "Bear Republic", "twitter": null, "proposalsCount": 1, "votesCount": 16, "followersCount": 0, "website": null}, {"id": "beating.eth", "name": "make a better world", "twitter": null, "proposalsCount": 1, "votesCount": 0, "followersCount": 2, "website": null}, {"id": "beatsabor.eth", "name": "SaborBeatDAO", "twitter": null, "proposalsCount": 0, "votesCount": 0, "followersCount": 1, "website": null}, {"id": "beautifulrainbow.eth", "name": "Nguyen Huong", "twitter": null, "proposalsCount": 0, "votesCount": 0, "followersCount": 1, "website": null}]