[{"id": "doopo.eth", "name": "Doodle Party", "twitter": null, "proposalsCount": 1, "votesCount": 18, "followersCount": 22, "website": "https://www.partybid.app/buy/0xff346dd66a2661efd0f54e4c53c01e30a927bfeb"}, {"id": "drsgmeorg.eth", "name": "DRSGME", "twitter": "drsgmeorg", "proposalsCount": 5, "votesCount": 27, "followersCount": 9, "website": "https://www.drsgme.org"}, {"id": "dvrs101.eth", "name": "DVRS", "twitter": null, "proposalsCount": 4, "votesCount": 22, "followersCount": 15, "website": null}, {"id": "fomonomo.eth", "name": "FOMO NOMO", "twitter": "fomonomoclub", "proposalsCount": 2, "votesCount": 38, "followersCount": 1, "website": "https://www.fomo-nomo.com"}, {"id": "larkin.eth", "name": "Logan", "twitter": "logan_larkin", "proposalsCount": 1, "votesCount": 38, "followersCount": 2, "website": "https://opensea.io/collection/oilyspebbles"}, {"id": "longevist.vitadao.eth", "name": "The Longevist", "twitter": "the_longevist", "proposalsCount": 3, "votesCount": 26, "followersCount": 12, "website": "https://longevist.xyz"}, {"id": "marzplots.eth", "name": "Marz Plots", "twitter": "marzplots", "proposalsCount": 1, "votesCount": 33, "followersCount": 7, "website": null}, {"id": "minimarketmakers.eth", "name": "MINI Market Makers", "twitter": "MINIMrktMkrsNFT", "proposalsCount": 1, "votesCount": 32, "followersCount": 8, "website": "https://www.minimarketmakersnft.com/"}, {"id": "oneordina2.eth", "name": "OspaceDAO", "twitter": "Ospaceproject", "proposalsCount": 3, "votesCount": 19, "followersCount": 19, "website": "https://linktr.ee/ospaceproject"}, {"id": "pixelssnapshot.eth", "name": "Pixels", "twitter": "pixels_online", "proposalsCount": 1, "votesCount": 0, "followersCount": 40, "website": "https://pixels.xyz"}, {"id": "plantswap.eth", "name": "Plantswap", "twitter": "plantswapdefi", "proposalsCount": 7, "votesCount": 27, "followersCount": 7, "website": null}, {"id": "pnetwork-dao.eth", "name": "pNetwork DAO", "twitter": "pNetworkDefi", "proposalsCount": 8, "votesCount": 26, "followersCount": 7, "website": null}, {"id": "quanyenxiliu.eth", "name": "USDC\u793e\u533a", "twitter": null, "proposalsCount": 6, "votesCount": 18, "followersCount": 17, "website": null}, {"id": "saltdao.eth", "name": "SaltDAO", "twitter": null, "proposalsCount": 5, "votesCount": 26, "followersCount": 10, "website": null}, {"id": "theelitenwo.eth", "name": "The Elite: New Era DAO", "twitter": "theelitenwo", "proposalsCount": 3, "votesCount": 16, "followersCount": 22, "website": "https://www.theelitenwo.com"}, {"id": "thethreebodyproblem.eth", "name": "3BODY", "twitter": null, "proposalsCount": 5, "votesCount": 5, "followersCount": 31, "website": null}, {"id": "vtuberdao.eth", "name": "VtuberDAO", "twitter": null, "proposalsCount": 2, "votesCount": 34, "followersCount": 5, "website": null}, {"id": "wamo.eth", "name": "WAMO", "twitter": "dali_web3", "proposalsCount": 2, "votesCount": 30, "followersCount": 9, "website": "https://www.web3dali.com"}, {"id": "wowswap.eth", "name": "WOWswap", "twitter": "Wowswap_io", "proposalsCount": 3, "votesCount": 27, "followersCount": 11, "website": null}, {"id": "x-metaversedao.eth", "name": "X-Metaverse \ud83c\udd87", "twitter": "XMetaverse_", "proposalsCount": 1, "votesCount": 24, "followersCount": 16, "website": "https://www.x-metaverse.org/#/"}]