[{"id": "jaspermo.eth", "name": "JASPER TOKEN", "twitter": null, "proposalsCount": 1, "votesCount": 0, "followersCount": 1, "website": null}, {"id": "javsup.eth", "name": "\u65e0\u804a\u7684\u79d1\u6280", "twitter": null, "proposalsCount": 1, "votesCount": 1, "followersCount": 1, "website": null}, {"id": "jaxslab.eth", "name": "Jax's Lab", "twitter": null, "proposalsCount": 1, "votesCount": 0, "followersCount": 1, "website": null}, {"id": "jazzlike.eth", "name": "Jazz", "twitter": null, "proposalsCount": 1, "votesCount": 1, "followersCount": 0, "website": null}, {"id": "jeetoshirektomoto.eth", "name": "Jeets DAO", "twitter": null, "proposalsCount": 1, "votesCount": 0, "followersCount": 0, "website": null}, {"id": "jeff.veranfts.eth", "name": "Wasting gas :(", "twitter": null, "proposalsCount": 0, "votesCount": 0, "followersCount": 0, "website": null}, {"id": "jefftompkins.eth", "name": "Village", "twitter": null, "proposalsCount": 0, "votesCount": 0, "followersCount": 2, "website": null}, {"id": "jen18d.eth", "name": "jenny", "twitter": null, "proposalsCount": 0, "votesCount": 0, "followersCount": 0, "website": null}, {"id": "jensene.eth", "name": "Qilin", "twitter": null, "proposalsCount": 1, "votesCount": 1, "followersCount": 0, "website": null}, {"id": "jerando.eth", "name": "Rate limit DAO", "twitter": null, "proposalsCount": 1, "votesCount": 1, "followersCount": 1, "website": null}, {"id": "jeremywei.eth", "name": "outofgas", "twitter": null, "proposalsCount": 3, "votesCount": 2067, "followersCount": 2, "website": null}, {"id": "jeromecole.eth", "name": "J Cole ", "twitter": null, "proposalsCount": 0, "votesCount": 0, "followersCount": 3, "website": null}, {"id": "jerry65536.eth", "name": "233DAO", "twitter": null, "proposalsCount": 1, "votesCount": 158, "followersCount": 16, "website": null}, {"id": "jerrychern.eth", "name": "WEB3 \u6d77\u5e95\u4e50\u56ed", "twitter": null, "proposalsCount": 1, "votesCount": 1, "followersCount": 1, "website": null}, {"id": "jetpippo.eth", "name": "Jet's Guild", "twitter": null, "proposalsCount": 0, "votesCount": 0, "followersCount": 2, "website": null}, {"id": "jetweb3.eth", "name": "peterlin", "twitter": null, "proposalsCount": 0, "votesCount": 0, "followersCount": 1, "website": null}, {"id": "jfdao.eth", "name": "JFDAO", "twitter": "", "proposalsCount": 10, "votesCount": 244, "followersCount": 42, "website": null}, {"id": "jgruan.eth", "name": "Jg net", "twitter": null, "proposalsCount": 2, "votesCount": 2, "followersCount": 1, "website": null}, {"id": "jhanelcrypto.eth", "name": "@web3tutoriais779", "twitter": null, "proposalsCount": 25, "votesCount": 89, "followersCount": 31, "website": "https://www.youtube.com/channel/UCwbHTqMxDCSTJbNh5qwaITQ"}, {"id": "ji888.eth", "name": "x15", "twitter": null, "proposalsCount": 1, "votesCount": 1, "followersCount": 1, "website": null}]