[{"id": "hadoo.eth", "name": "1", "twitter": null, "proposalsCount": 1, "votesCount": 2, "followersCount": 1, "website": null}, {"id": "haerbin.eth", "name": "22", "twitter": null, "proposalsCount": 1, "votesCount": 291, "followersCount": 27, "website": null}, {"id": "haianh.eth", "name": "haianh", "twitter": null, "proposalsCount": 0, "votesCount": 0, "followersCount": 0, "website": null}, {"id": "haitangbay.eth", "name": "\u5403\u8d27CLUB", "twitter": "ffc568043", "proposalsCount": 22, "votesCount": 190, "followersCount": 37, "website": "https://twitter.com/ffc568043"}, {"id": "haj-ali.eth", "name": "Haj-Ali", "twitter": "ali__np", "proposalsCount": 1, "votesCount": 1, "followersCount": 1, "website": null}, {"id": "handset1.eth", "name": "aming2", "twitter": null, "proposalsCount": 0, "votesCount": 0, "followersCount": 0, "website": null}, {"id": "hanxiaona.eth", "name": "hanxiaona", "twitter": null, "proposalsCount": 0, "votesCount": 0, "followersCount": 1, "website": null}, {"id": "haopl93.eth", "name": "Corner DAO", "twitter": "haopl1", "proposalsCount": 1, "votesCount": 2, "followersCount": 1, "website": null}, {"id": "happycity.eth", "name": "web3 dev", "twitter": "caishaowu1", "proposalsCount": 1, "votesCount": 4, "followersCount": 4, "website": null}, {"id": "happycrypto.bodrart.eth", "name": "a DAO team of crypto enthusiasts", "twitter": null, "proposalsCount": 1, "votesCount": 8, "followersCount": 1, "website": null}, {"id": "happyguy.eth", "name": "HappyGuys", "twitter": null, "proposalsCount": 6, "votesCount": 13, "followersCount": 5, "website": null}, {"id": "happyturn.eth", "name": "happyturn", "twitter": null, "proposalsCount": 1, "votesCount": 1, "followersCount": 1, "website": null}, {"id": "happywatermelon.eth", "name": "66099", "twitter": null, "proposalsCount": 0, "votesCount": 0, "followersCount": 0, "website": null}, {"id": "harapal.eth", "name": "Harapal", "twitter": null, "proposalsCount": 0, "votesCount": 0, "followersCount": 1, "website": null}, {"id": "hardrockman.eth", "name": "HardRockMan", "twitter": null, "proposalsCount": 0, "votesCount": 0, "followersCount": 0, "website": null}, {"id": "harine.eth", "name": "KoreaXJapan", "twitter": null, "proposalsCount": 2, "votesCount": 2, "followersCount": 1, "website": null}, {"id": "harish88.eth", "name": "Harish dao", "twitter": "HarishT19550823", "proposalsCount": 0, "votesCount": 0, "followersCount": 0, "website": null}, {"id": "harmony-testnet.eth", "name": "Harmony Testnet", "twitter": "harmonyprotocol", "proposalsCount": 9, "votesCount": 15, "followersCount": 61, "website": null}, {"id": "harmonycreativedao.eth", "name": "Harmony Creative DAO", "twitter": null, "proposalsCount": 1, "votesCount": 286, "followersCount": 26, "website": null}, {"id": "harrietet.eth", "name": "rabbithole", "twitter": null, "proposalsCount": 1, "votesCount": 1, "followersCount": 0, "website": null}]