[{"id": "0xdear.eth", "name": "Xtian DAO", "twitter": null, "proposalsCount": 4, "votesCount": 43, "followersCount": 49, "website": null}, {"id": "106apes.eth", "name": "106Apes", "twitter": null, "proposalsCount": 5, "votesCount": 50, "followersCount": 41, "website": null}, {"id": "fantolanterndao.eth", "name": "Fant-O-Lantern DAO", "twitter": "fantolanterns", "proposalsCount": 4, "votesCount": 59, "followersCount": 33, "website": null}, {"id": "incrementdao.eth", "name": "Increment", "twitter": "IncrementHQ", "proposalsCount": 0, "votesCount": 0, "followersCount": 46, "website": "https://increment.finance/"}, {"id": "kyl.eth", "name": "Kylin Network", "twitter": "Kylin_Network", "proposalsCount": 0, "votesCount": 0, "followersCount": 96, "website": null}, {"id": "raodaqi.eth", "name": "FPDAO", "twitter": null, "proposalsCount": 24, "votesCount": 48, "followersCount": 24, "website": null}, {"id": "szns2.shean.eth", "name": "Test", "twitter": "sznsio", "proposalsCount": 72, "votesCount": 20, "followersCount": 4, "website": null}, {"id": "coineus.eth", "name": "Coineus", "twitter": "CoineusCrypto", "proposalsCount": 4, "votesCount": 74, "followersCount": 17, "website": "https://coineus.app"}, {"id": "emergencedao.eth", "name": "Emergence DAO", "twitter": null, "proposalsCount": 11, "votesCount": 68, "followersCount": 16, "website": null}, {"id": "blockchaincolumbia.eth", "name": "Lion DAO", "twitter": "BlockchainatCU", "proposalsCount": 8, "votesCount": 57, "followersCount": 30, "website": null}, {"id": "ethfly.eth", "name": "ethfly", "twitter": null, "proposalsCount": 15, "votesCount": 59, "followersCount": 21, "website": null}, {"id": "eversafudao.eth", "name": "EverSAFU DAO", "twitter": "EverSafu", "proposalsCount": 1, "votesCount": 64, "followersCount": 30, "website": "https://eversafu.com/"}, {"id": "metadogemetaverse.eth", "name": "Metadoge Metaverse DAO", "twitter": "MetaDogeToken", "proposalsCount": 3, "votesCount": 58, "followersCount": 34, "website": null}, {"id": "monstrocities.eth", "name": "MonsterDAO", "twitter": "MonstroCities_", "proposalsCount": 4, "votesCount": 83, "followersCount": 8, "website": null}, {"id": "nostalgiadao.eth", "name": "Nostalgia", "twitter": "NostalgiaDAO", "proposalsCount": 39, "votesCount": 49, "followersCount": 7, "website": "https://discord.gg/ZzqvA8MJHH"}, {"id": "qukadao.eth", "name": "Quka DAO ", "twitter": "QukaDAO_", "proposalsCount": 4, "votesCount": 57, "followersCount": 34, "website": "https://qukadao.xyz/"}, {"id": "rgov.eth", "name": "Rena", "twitter": "rena_finance", "proposalsCount": 14, "votesCount": 59, "followersCount": 22, "website": null}, {"id": "sandman.finance", "name": "Sandman Finance", "twitter": "Sandman_Finance", "proposalsCount": 6, "votesCount": 69, "followersCount": 20, "website": null}, {"id": "takodefi.eth", "name": "TakoDefi", "twitter": "takodefi", "proposalsCount": 5, "votesCount": 71, "followersCount": 19, "website": null}, {"id": "thesciencedao.eth", "name": "The Science Dao", "twitter": null, "proposalsCount": 6, "votesCount": 84, "followersCount": 5, "website": "https://www.thesciencedao.io"}]