[{"id": "unigod.storymode.eth", "name": "Unigod", "twitter": null, "proposalsCount": 3, "votesCount": 43, "followersCount": 1, "website": null}, {"id": "untitledvoting.eth", "name": "Untitled DAO", "twitter": "untitleddao", "proposalsCount": 10, "votesCount": 27, "followersCount": 10, "website": null}, {"id": "a3sprotocol.eth", "name": "A3S Protocol", "twitter": "A3SProtocol", "proposalsCount": 1, "votesCount": 39, "followersCount": 6, "website": "https://www.a3sprotocol.xyz/"}, {"id": "betterdao.eth", "name": "BETTER DAO", "twitter": "hodl_better", "proposalsCount": 6, "votesCount": 27, "followersCount": 13, "website": "https://bettercrypto.earth/"}, {"id": "bscwallet.eth", "name": "bscwallet", "twitter": null, "proposalsCount": 1, "votesCount": 44, "followersCount": 1, "website": null}, {"id": "dripperzcyberclub.eth", "name": "Dripperz Cyber Club", "twitter": null, "proposalsCount": 2, "votesCount": 40, "followersCount": 4, "website": null}, {"id": "infinitedev.eth", "name": "$INFINITE", "twitter": "Infiniteerc", "proposalsCount": 3, "votesCount": 23, "followersCount": 20, "website": "https://www.infiniteerc.com/"}, {"id": "kanskorea.eth", "name": "kanskorea", "twitter": null, "proposalsCount": 1, "votesCount": 44, "followersCount": 1, "website": null}, {"id": "liquidifty.eth", "name": "Liquidifty", "twitter": "liquidifty", "proposalsCount": 1, "votesCount": 39, "followersCount": 6, "website": null}, {"id": "lovemylittlekitty.eth", "name": "Diver", "twitter": null, "proposalsCount": 7, "votesCount": 25, "followersCount": 14, "website": null}, {"id": "nashcreate.eth", "name": "NashCreate", "twitter": null, "proposalsCount": 1, "votesCount": 38, "followersCount": 7, "website": "https://nashtechglobal.com/"}, {"id": "pbbnft.eth", "name": "PremiumBrownBoy", "twitter": "PremiumBrownBoy", "proposalsCount": 1, "votesCount": 39, "followersCount": 6, "website": "https://www.premiumbrownboy.com"}, {"id": "thehouseofbgans.eth", "name": "The House of BGANs", "twitter": null, "proposalsCount": 5, "votesCount": 33, "followersCount": 8, "website": null}, {"id": "zigzag1.eth", "name": "zigzag1", "twitter": null, "proposalsCount": 1, "votesCount": 5, "followersCount": 40, "website": null}, {"id": "anonmode.eth", "name": "ANONmode", "twitter": "anonmodenft", "proposalsCount": 1, "votesCount": 29, "followersCount": 16, "website": null}, {"id": "consumerdao.eth", "name": "ConsumerDAO", "twitter": "consumer_dao", "proposalsCount": 4, "votesCount": 33, "followersCount": 9, "website": null}, {"id": "santiment.eth", "name": "Santiment", "twitter": null, "proposalsCount": 10, "votesCount": 35, "followersCount": 1, "website": null}, {"id": "apex777.eth", "name": "Punks On Arbitrum", "twitter": "PunksOnArbitrum", "proposalsCount": 1, "votesCount": 27, "followersCount": 17, "website": "https://opensea.io/collection/punks-on-arb"}, {"id": "diskarma.eth", "name": "GZ\u5143\u5b87\u5b99\u5916\u5356\u81ea\u6cbb\u7ec4\u7ec7", "twitter": null, "proposalsCount": 3, "votesCount": 25, "followersCount": 17, "website": null}, {"id": "metacraftcc.eth", "name": "Metacraft", "twitter": "MetacraftCC", "proposalsCount": 1, "votesCount": 17, "followersCount": 27, "website": "https://metacraft.cc"}]