[{"id": "polymesh.eth", "name": "polymesh", "twitter": null, "proposalsCount": 1, "votesCount": 1, "followersCount": 1, "website": "https://POLYMESH.NETOWORK"}, {"id": "pom66.eth", "name": "zkbridge ", "twitter": "pom77", "proposalsCount": 1, "votesCount": 1, "followersCount": 1, "website": null}, {"id": "pondmoonboi.eth", "name": "First's farewell party", "twitter": "pondmoonboi", "proposalsCount": 1, "votesCount": 6, "followersCount": 3, "website": null}, {"id": "pool.1btc1world.eth", "name": "AIDOGE", "twitter": null, "proposalsCount": 6, "votesCount": 163, "followersCount": 15, "website": null}, {"id": "pool.geyonce.eth", "name": "Ass DAO", "twitter": null, "proposalsCount": 10, "votesCount": 20, "followersCount": 3, "website": null}, {"id": "pool.maturka.eth", "name": "9k Dao -2", "twitter": null, "proposalsCount": 178, "votesCount": 3997, "followersCount": 331, "website": "https://t.me/Pro_Deng1"}, {"id": "pool.mintimerka.eth", "name": "Muzik Dao", "twitter": null, "proposalsCount": 29, "votesCount": 83, "followersCount": 5, "website": null}, {"id": "pool.vuaircargo.eth", "name": "BAAAC DAO", "twitter": null, "proposalsCount": 42, "votesCount": 79, "followersCount": 35, "website": null}, {"id": "poomemefi.eth", "name": "POO MemeFi", "twitter": "poomemefi", "proposalsCount": 0, "votesCount": 0, "followersCount": 9, "website": "https://poomemefi.com"}, {"id": "poopydoopy.eth", "name": "New space for people", "twitter": null, "proposalsCount": 27, "votesCount": 26, "followersCount": 4, "website": null}, {"id": "pooshik.eth", "name": "Pooh", "twitter": null, "proposalsCount": 1, "votesCount": 1, "followersCount": 0, "website": null}, {"id": "popimars.eth", "name": "POPI Antares", "twitter": null, "proposalsCount": 1, "votesCount": 2, "followersCount": 2, "website": null}, {"id": "poppunft.eth", "name": "EZYSYKA", "twitter": null, "proposalsCount": 34, "votesCount": 39, "followersCount": 5, "website": null}, {"id": "portudao.eth", "name": "PortuDAO", "twitter": null, "proposalsCount": 0, "votesCount": 0, "followersCount": 9, "website": null}, {"id": "positiveearth.eth", "name": "+earth DAO", "twitter": "positiveearthco", "proposalsCount": 0, "votesCount": 0, "followersCount": 2, "website": null}, {"id": "powerbridge.eth", "name": "Powerbridge Dao", "twitter": null, "proposalsCount": 2, "votesCount": 9, "followersCount": 1, "website": null}, {"id": "poweshiftdao.eth", "name": "Poweshift DAO", "twitter": null, "proposalsCount": 0, "votesCount": 0, "followersCount": 1, "website": null}, {"id": "powfi.eth", "name": "Powfi", "twitter": null, "proposalsCount": 1, "votesCount": 2, "followersCount": 1, "website": null}, {"id": "ppliu.eth", "name": "ppliu", "twitter": null, "proposalsCount": 1, "votesCount": 1, "followersCount": 1, "website": null}, {"id": "pptokendao.eth", "name": "Phoenix Protocol", "twitter": "PpTokenDAO", "proposalsCount": 6, "votesCount": 99, "followersCount": 24, "website": "http://www.ppalpha.xyz/"}]