[{"id": "gaoding.eth", "name": "gaoding", "twitter": null, "proposalsCount": 2, "votesCount": 5, "followersCount": 4, "website": null}, {"id": "garalt.eth", "name": "MylifeDecisionDAO", "twitter": "kikawangqq", "proposalsCount": 1, "votesCount": 0, "followersCount": 1, "website": "https://www.facebook.com/kai.wang.92754397"}, {"id": "garget4.eth", "name": "garget dao", "twitter": null, "proposalsCount": 10, "votesCount": 13, "followersCount": 3, "website": null}, {"id": "garmoni9.eth", "name": "Genesis Blog", "twitter": null, "proposalsCount": 0, "votesCount": 0, "followersCount": 0, "website": null}, {"id": "garrycrypt0.eth", "name": "GarryDao", "twitter": "garryse1989", "proposalsCount": 3, "votesCount": 19, "followersCount": 6, "website": "https://mirror.xyz/garrycrypt0.eth"}, {"id": "gatepay.eth", "name": "RisingDAO", "twitter": null, "proposalsCount": 1, "votesCount": 1, "followersCount": 0, "website": null}, {"id": "gaupalabs.eth", "name": "Gaupa", "twitter": null, "proposalsCount": 0, "votesCount": 0, "followersCount": 0, "website": null}, {"id": "gavarun.eth", "name": "Garajen", "twitter": null, "proposalsCount": 1, "votesCount": 1, "followersCount": 1, "website": null}, {"id": "gbwz9527.eth", "name": "gbwz9527", "twitter": null, "proposalsCount": 1, "votesCount": 1, "followersCount": 0, "website": null}, {"id": "gcverseofmeta.eth", "name": "The Alien Club", "twitter": null, "proposalsCount": 27, "votesCount": 2751, "followersCount": 45, "website": null}, {"id": "gearapple.eth", "name": "Everyone can Vote and Propose", "twitter": null, "proposalsCount": 13, "votesCount": 20, "followersCount": 5, "website": null}, {"id": "geeerawrd.eth", "name": "BAG", "twitter": null, "proposalsCount": 0, "votesCount": 0, "followersCount": 0, "website": null}, {"id": "geekdao.eth", "name": "geekDAO", "twitter": null, "proposalsCount": 1, "votesCount": 244, "followersCount": 3, "website": null}, {"id": "geetest.eth", "name": "snapdao", "twitter": null, "proposalsCount": 1, "votesCount": 15, "followersCount": 2, "website": null}, {"id": "gefin.eth", "name": "ge", "twitter": null, "proposalsCount": 1, "votesCount": 1, "followersCount": 0, "website": null}, {"id": "genefriendnetwork.eth", "name": "Gene Friend Network", "twitter": null, "proposalsCount": 0, "votesCount": 0, "followersCount": 0, "website": null}, {"id": "generalbardak.eth", "name": "GeneralBardak", "twitter": null, "proposalsCount": 0, "votesCount": 0, "followersCount": 0, "website": null}, {"id": "geniedao.eth", "name": "genie", "twitter": null, "proposalsCount": 1, "votesCount": 5, "followersCount": 2, "website": null}, {"id": "gentlefolks.eth", "name": "Gentlefolks DAO", "twitter": null, "proposalsCount": 0, "votesCount": 0, "followersCount": 1, "website": null}, {"id": "genzvc.eth", "name": "GenzVC Rats", "twitter": null, "proposalsCount": 0, "votesCount": 0, "followersCount": 0, "website": "https://www.genzvcs.com/"}]