[{"id": "degenno1.eth", "name": "Are u a Degen?", "twitter": null, "proposalsCount": 5, "votesCount": 39, "followersCount": 1, "website": null}, {"id": "degentoonzdao.eth", "name": "TESTDAO", "twitter": null, "proposalsCount": 0, "votesCount": 0, "followersCount": 1, "website": null}, {"id": "degoverse.io", "name": "DegoVerse", "twitter": "degoverse", "proposalsCount": 0, "votesCount": 0, "followersCount": 1, "website": "https://degoverse.bet"}, {"id": "dehyad.eth", "name": "PED DAO", "twitter": "Wikipedram", "proposalsCount": 1, "votesCount": 3, "followersCount": 2, "website": "https://mirror.xyz/dehyad.eth"}, {"id": "dekompoza.eth", "name": "Dekompoza Network", "twitter": null, "proposalsCount": 1, "votesCount": 1, "followersCount": 1, "website": "https://dekompoza.com"}, {"id": "delag8.eth", "name": "Soul Labs", "twitter": "thesoulpass", "proposalsCount": 1, "votesCount": 24, "followersCount": 8, "website": "https://thef8club.io"}, {"id": "delivery-club.eth", "name": "Delivery Club DAO", "twitter": "deliveryclub", "proposalsCount": 4, "votesCount": 4, "followersCount": 2, "website": "https://delivery-club.ru"}, {"id": "delugatori.eth", "name": "delugatori", "twitter": null, "proposalsCount": 0, "votesCount": 0, "followersCount": 0, "website": null}, {"id": "demedicidao.eth", "name": "de Medici DAO", "twitter": "demedicidao", "proposalsCount": 0, "votesCount": 0, "followersCount": 0, "website": "https://demedicidao.co"}, {"id": "demetery.eth", "name": "Demetery", "twitter": null, "proposalsCount": 1, "votesCount": 151, "followersCount": 2, "website": null}, {"id": "demonsonmymind.eth", "name": "Mind network", "twitter": null, "proposalsCount": 1, "votesCount": 1, "followersCount": 1, "website": null}, {"id": "demoscopia.eth", "name": "Demoscopia", "twitter": null, "proposalsCount": 2, "votesCount": 7, "followersCount": 6, "website": "https://app.dework.xyz/transparencia-electo/encuestas-abiertas/view/board-l81da5fl"}, {"id": "demx2022.eth", "name": "bb3", "twitter": null, "proposalsCount": 0, "votesCount": 0, "followersCount": 0, "website": null}, {"id": "dengshiyuan.eth", "name": "bigbang", "twitter": null, "proposalsCount": 1, "votesCount": 2, "followersCount": 0, "website": null}, {"id": "dennisweb3.eth", "name": "My world", "twitter": null, "proposalsCount": 3, "votesCount": 2, "followersCount": 1, "website": null}, {"id": "dentis.eth", "name": "Dentis network", "twitter": null, "proposalsCount": 1, "votesCount": 1, "followersCount": 1, "website": null}, {"id": "deny100666.eth", "name": "dasd", "twitter": null, "proposalsCount": 1, "votesCount": 0, "followersCount": 0, "website": null}, {"id": "denynohcho.eth", "name": "Deny", "twitter": null, "proposalsCount": 0, "votesCount": 0, "followersCount": 1, "website": null}, {"id": "denzell6.eth", "name": "Denny", "twitter": null, "proposalsCount": 0, "votesCount": 0, "followersCount": 1, "website": null}, {"id": "deodivine.eth", "name": "deodivine", "twitter": null, "proposalsCount": 0, "votesCount": 0, "followersCount": 1, "website": null}]