[{"id": "darwiniacommunitydao.eth", "name": "Darwinia Community DAO", "twitter": "realDCDAO2023", "proposalsCount": 9, "votesCount": 35, "followersCount": 11, "website": "https://dcdao.notion.site/Darwinia-Community-DAO-1050ffdf6df34617bb90bb683ffc6bd5?pvs=4"}, {"id": "mochifactory.eth", "name": "Moshi Mochi", "twitter": "moshimochinft", "proposalsCount": 3, "votesCount": 294, "followersCount": 107, "website": null}, {"id": "nikar0.eth", "name": "Grim Finance", "twitter": "financegrim", "proposalsCount": 5, "votesCount": 314, "followersCount": 84, "website": null}, {"id": "wiedzmin.eth", "name": "RETRODROPS DAO", "twitter": "FRDD_DAO", "proposalsCount": 89, "votesCount": 186, "followersCount": 128, "website": "https://t.me/fuckretrodrop"}, {"id": "cyberhunter.eth", "name": "Cyber Hunter", "twitter": "CyberHunter66", "proposalsCount": 7, "votesCount": 361, "followersCount": 35, "website": null}, {"id": "shwaz.eth", "name": "Shilly", "twitter": "shilly", "proposalsCount": 2, "votesCount": 253, "followersCount": 148, "website": "https://linktr.ee/shillyfm"}, {"id": "worldwidewebb.eth", "name": "WORLDWIDE WEBB3", "twitter": "worldwide_web3", "proposalsCount": 3, "votesCount": 344, "followersCount": 55, "website": null}, {"id": "koios.eth", "name": "Koios", "twitter": "KoiosDAO", "proposalsCount": 12, "votesCount": 208, "followersCount": 181, "website": "https://www.koios.world"}, {"id": "laoer6666661.eth", "name": "facai", "twitter": null, "proposalsCount": 187, "votesCount": 172, "followersCount": 42, "website": null}, {"id": "mmyvote.eth", "name": "Mummy Finance", "twitter": "mummyftm", "proposalsCount": 5, "votesCount": 332, "followersCount": 64, "website": "https://app.mummy.finance/"}, {"id": "nft-gods.eth", "name": "NFT-GODS", "twitter": "NFT_GODS", "proposalsCount": 4, "votesCount": 344, "followersCount": 53, "website": null}, {"id": "thecypherverse.eth", "name": "VoxoDeus", "twitter": "voxodeus", "proposalsCount": 5, "votesCount": 382, "followersCount": 14, "website": null}, {"id": "nashdao.eth", "name": "NASH DAO", "twitter": null, "proposalsCount": 20, "votesCount": 348, "followersCount": 32, "website": null}, {"id": "vsnft.eth", "name": "Voice Street DAO", "twitter": null, "proposalsCount": 4, "votesCount": 99, "followersCount": 296, "website": null}, {"id": "grantsdao.eth", "name": "Synthetis Grants Council", "twitter": null, "proposalsCount": 108, "votesCount": 199, "followersCount": 91, "website": null}, {"id": "itadakimasu-man.eth", "name": "Itadakimasu Man\ud83d\ude4f", "twitter": "itadakimasu_man", "proposalsCount": 35, "votesCount": 322, "followersCount": 39, "website": null}, {"id": "rarebunni.eth", "name": "RareBunniClub", "twitter": "rarebunniclub", "proposalsCount": 3, "votesCount": 343, "followersCount": 50, "website": null}, {"id": "xrobot.eth", "name": "imx", "twitter": null, "proposalsCount": 15, "votesCount": 199, "followersCount": 182, "website": null}, {"id": "daoge.eth", "name": "DAOGE.eth", "twitter": "ownthedoge", "proposalsCount": 5, "votesCount": 307, "followersCount": 84, "website": "https://www.ownthedoge.com/"}, {"id": "billionaireskullclub.eth", "name": "BillionaireSkullClub", "twitter": "BillionSkull_L0", "proposalsCount": 15, "votesCount": 56, "followersCount": 274, "website": "https://billionaireskull.club/"}]