[{"id": "kardashev.eth", "name": "Kardashev Collective", "twitter": null, "proposalsCount": 0, "votesCount": 0, "followersCount": 1, "website": null}, {"id": "kareemsolley.eth", "name": "karee", "twitter": null, "proposalsCount": 8, "votesCount": 9, "followersCount": 5, "website": null}, {"id": "karibuu.eth", "name": "Karibuu DAO", "twitter": null, "proposalsCount": 1, "votesCount": 1, "followersCount": 1, "website": null}, {"id": "karimsh1980.eth", "name": "karim", "twitter": null, "proposalsCount": 0, "votesCount": 0, "followersCount": 1, "website": null}, {"id": "karinahue.eth", "name": "TEST", "twitter": null, "proposalsCount": 1, "votesCount": 1, "followersCount": 0, "website": null}, {"id": "kaselol.eth", "name": "Kase", "twitter": "quiniyedios", "proposalsCount": 1, "votesCount": 13, "followersCount": 3, "website": "https://twitter.com/quiniyedios"}, {"id": "kasiwo.eth", "name": "\u5bf9\u7684", "twitter": null, "proposalsCount": 1, "votesCount": 1, "followersCount": 1, "website": null}, {"id": "kassassa.eth", "name": "dwd", "twitter": null, "proposalsCount": 1, "votesCount": 1, "followersCount": 0, "website": null}, {"id": "katrish.eth", "name": "dw", "twitter": null, "proposalsCount": 1, "votesCount": 1, "followersCount": 0, "website": null}, {"id": "katsuaki.eth", "name": "Sammy", "twitter": null, "proposalsCount": 1, "votesCount": 2, "followersCount": 0, "website": null}, {"id": "kawaiitommy.eth", "name": "Tommy", "twitter": null, "proposalsCount": 0, "votesCount": 0, "followersCount": 0, "website": null}, {"id": "kaxinath.eth", "name": "Crypto", "twitter": null, "proposalsCount": 0, "votesCount": 0, "followersCount": 1, "website": null}, {"id": "kayadao.eth", "name": "KAYA DAO", "twitter": null, "proposalsCount": 1, "votesCount": 0, "followersCount": 4, "website": null}, {"id": "kazamaswap.eth", "name": "KazamaSwap Finance", "twitter": "KazamaSwap", "proposalsCount": 2, "votesCount": 0, "followersCount": 3, "website": "https://kazamaswap.finance"}, {"id": "kazens.eth", "name": "kaz", "twitter": null, "proposalsCount": 0, "votesCount": 0, "followersCount": 0, "website": null}, {"id": "kcdao.eth", "name": "KC DAO", "twitter": null, "proposalsCount": 0, "votesCount": 0, "followersCount": 0, "website": null}, {"id": "keaiduole.eth", "name": "Keai Duo", "twitter": null, "proposalsCount": 1, "votesCount": 2, "followersCount": 1, "website": null}, {"id": "kechirina123.eth", "name": "Kech", "twitter": null, "proposalsCount": 0, "votesCount": 0, "followersCount": 0, "website": null}, {"id": "keduoshou.eth", "name": "\u7cbe\u82f1\u7fa42", "twitter": "dasenlin8", "proposalsCount": 1, "votesCount": 8, "followersCount": 8, "website": null}, {"id": "keep365.eth", "name": "keep365", "twitter": null, "proposalsCount": 1, "votesCount": 2, "followersCount": 1, "website": null}]