[{"id": "xbing.eth", "name": "candylab", "twitter": null, "proposalsCount": 1, "votesCount": 0, "followersCount": 2, "website": null}, {"id": "234765.eth", "name": "cake nft", "twitter": null, "proposalsCount": 0, "votesCount": 0, "followersCount": 2, "website": null}, {"id": "3kclub.eth", "name": "3kclub", "twitter": null, "proposalsCount": 2, "votesCount": 48, "followersCount": 2, "website": null}, {"id": "amarafinance.eth", "name": "Amara Finance", "twitter": "AmaraFinance", "proposalsCount": 2, "votesCount": 8, "followersCount": 42, "website": "https://www.amara.link/"}, {"id": "angelblock.eth", "name": "AngelBlock", "twitter": "AngelBlock_io", "proposalsCount": 1, "votesCount": 39, "followersCount": 12, "website": "https://angelblock.io"}, {"id": "arke-dao.eth", "name": "Arke DAO", "twitter": "Arke56374430", "proposalsCount": 1, "votesCount": 28, "followersCount": 23, "website": "https://arke-art.com/arkes-token/"}, {"id": "czpegs.eth", "name": "CZpegs", "twitter": "CZpegs", "proposalsCount": 2, "votesCount": 24, "followersCount": 26, "website": "https://www.czpegs.com"}, {"id": "danilomatias.eth", "name": "Danilo", "twitter": "danilomatias", "proposalsCount": 1, "votesCount": 0, "followersCount": 1, "website": null}, {"id": "eniola.eth", "name": "eniola.eth", "twitter": "elijah_ajuwon", "proposalsCount": 7, "votesCount": 39, "followersCount": 6, "website": null}, {"id": "fatalesvault.eth", "name": "Fatales", "twitter": "FatalesNFT", "proposalsCount": 1, "votesCount": 47, "followersCount": 4, "website": null}, {"id": "gomarkopolo.eth", "name": "Markopolo", "twitter": "gomarkopolo", "proposalsCount": 2, "votesCount": 24, "followersCount": 26, "website": "https://gomarkopolo.com/"}, {"id": "hayer.eth", "name": "HotyaDao", "twitter": null, "proposalsCount": 7, "votesCount": 26, "followersCount": 19, "website": null}, {"id": "hodlbeer.eth", "name": "Hodl my Beer", "twitter": "0xyoyoismee", "proposalsCount": 3, "votesCount": 31, "followersCount": 18, "website": null}, {"id": "kebabfinance.eth", "name": "Kebab Finance", "twitter": null, "proposalsCount": 1, "votesCount": 49, "followersCount": 2, "website": null}, {"id": "lingcommunity.eth", "name": "LING", "twitter": "lingnft", "proposalsCount": 1, "votesCount": 50, "followersCount": 1, "website": "https://lingnft.com/"}, {"id": "magicgirl.eth", "name": "Science Fiction", "twitter": null, "proposalsCount": 4, "votesCount": 30, "followersCount": 18, "website": null}, {"id": "masq.eth", "name": "MASQ Network", "twitter": "MASQ_ai", "proposalsCount": 1, "votesCount": 25, "followersCount": 26, "website": null}, {"id": "mdt.eth", "name": "Measurable Data Token", "twitter": "measurabledata", "proposalsCount": 1, "votesCount": 16, "followersCount": 35, "website": "https://mdt.io"}, {"id": "nft-jpn.eth", "name": "NFTJPN", "twitter": "_NFTJPN_", "proposalsCount": 4, "votesCount": 33, "followersCount": 15, "website": null}, {"id": "pen-x.eth", "name": "Pen-X", "twitter": "penxdao", "proposalsCount": 8, "votesCount": 38, "followersCount": 6, "website": "https://penxdao.com"}]