[{"id": "cosmicuniverse.eth", "name": "Cosmic Universe", "twitter": "thecosmicguild", "proposalsCount": 3, "votesCount": 148, "followersCount": 78, "website": "https://cosmicuniverse.io"}, {"id": "wgzero.eth", "name": "Working Group Zero", "twitter": null, "proposalsCount": 1, "votesCount": 131, "followersCount": 97, "website": "https://discord.gg/4JrWdVqY"}, {"id": "presci.eth", "name": "DeSciWorld preDAO", "twitter": null, "proposalsCount": 6, "votesCount": 18, "followersCount": 4, "website": "https://desci.world/"}, {"id": "bebdao.eth", "name": "BebDAO", "twitter": "beb_dao", "proposalsCount": 10, "votesCount": 189, "followersCount": 29, "website": null}, {"id": "pacyer.eth", "name": "Paycer", "twitter": null, "proposalsCount": 2, "votesCount": 225, "followersCount": 1, "website": null}, {"id": "100000000.eth", "name": "100000000", "twitter": "", "proposalsCount": 16, "votesCount": 73, "followersCount": 138, "website": null}, {"id": "alexjyoung.eth", "name": "Commonwealth Test Space", "twitter": null, "proposalsCount": 129, "votesCount": 35, "followersCount": 63, "website": null}, {"id": "bloodtoolsyndicate.eth", "name": "Blood Tool Syndicate", "twitter": null, "proposalsCount": 5, "votesCount": 99, "followersCount": 23, "website": null}, {"id": "cgdao.eth", "name": "ChainGuardians", "twitter": "Chain_Guardians", "proposalsCount": 4, "votesCount": 203, "followersCount": 20, "website": "https://dao.chainguardians.io/proposals"}, {"id": "houseofbelievers.eth", "name": "HOUSE OFBELIEVERS", "twitter": "Hofbelievers", "proposalsCount": 4, "votesCount": 214, "followersCount": 9, "website": null}, {"id": "gridcraft.eth", "name": "Gridcraft", "twitter": "gridcraft", "proposalsCount": 2, "votesCount": 220, "followersCount": 4, "website": "https://www.gridcraft.net"}, {"id": "realmsofether.eth", "name": "Realms Of Ether", "twitter": null, "proposalsCount": 10, "votesCount": 202, "followersCount": 14, "website": null}, {"id": "freaksofsincity.eth", "name": "Sin City Freaks DAO", "twitter": "SinCityFreaks_", "proposalsCount": 15, "votesCount": 190, "followersCount": 21, "website": null}, {"id": "mauna.eth", "name": "Lava Financial", "twitter": "lavanodes", "proposalsCount": 4, "votesCount": 194, "followersCount": 28, "website": null}, {"id": "swapeth.eth", "name": "swapeth", "twitter": null, "proposalsCount": 5, "votesCount": 219, "followersCount": 1, "website": null}, {"id": "tubbyturtles.eth", "name": "Tubby Turtles", "twitter": "TurtlesTubby", "proposalsCount": 12, "votesCount": 160, "followersCount": 51, "website": "https://tubbyturtles.com/"}, {"id": "xclny.eth", "name": "Marscolony.io Harmony", "twitter": "marscolonyio", "proposalsCount": 6, "votesCount": 162, "followersCount": 55, "website": "https://marscolony.io"}, {"id": "dropsdao.eth", "name": "DropsDAO", "twitter": "dropsnft", "proposalsCount": 14, "votesCount": 159, "followersCount": 50, "website": "https://drops.co"}, {"id": "farmerdoge.eth", "name": "Farmer Doge", "twitter": "FARMERDOGEBSC", "proposalsCount": 8, "votesCount": 208, "followersCount": 7, "website": null}, {"id": "rankingofkings.eth", "name": "Wings Of Freedom - WOF", "twitter": null, "proposalsCount": 2, "votesCount": 13, "followersCount": 8, "website": null}]