[{"id": "aview.eth", "name": "LSP Space", "twitter": null, "proposalsCount": 2, "votesCount": 188, "followersCount": 162, "website": null}, {"id": "avsee.eth", "name": "m\u514d\u8d39\u6295\u7968", "twitter": null, "proposalsCount": 2, "votesCount": 1, "followersCount": 1, "website": null}, {"id": "avydao.eth", "name": "nois", "twitter": null, "proposalsCount": 0, "votesCount": 0, "followersCount": 2, "website": "https://www.nois.wtf/"}, {"id": "awkwardao.eth", "name": "AwkwarDAO", "twitter": null, "proposalsCount": 0, "votesCount": 0, "followersCount": 2, "website": null}, {"id": "awsbsh.eth", "name": "AWSB SHANGHAI", "twitter": null, "proposalsCount": 2, "votesCount": 6, "followersCount": 2, "website": null}, {"id": "axeishere.eth", "name": "Axing", "twitter": null, "proposalsCount": 1, "votesCount": 1, "followersCount": 0, "website": null}, {"id": "axiba.eth", "name": "AXIBA", "twitter": null, "proposalsCount": 0, "votesCount": 0, "followersCount": 2, "website": null}, {"id": "axtiondao.eth", "name": "AX DAO", "twitter": "axdaoapp", "proposalsCount": 0, "votesCount": 0, "followersCount": 1, "website": "https://app.axdao.finance"}, {"id": "axtronautes.eth", "name": "Axtronautes", "twitter": "axtronautes", "proposalsCount": 1, "votesCount": 0, "followersCount": 11, "website": null}, {"id": "azsanda.eth", "name": "Arizona Sanda Association", "twitter": null, "proposalsCount": 0, "votesCount": 0, "followersCount": 1, "website": "http://azsanda.org/"}, {"id": "aztecdao.eth", "name": "aztecdao", "twitter": null, "proposalsCount": 1, "votesCount": 47, "followersCount": 40, "website": null}, {"id": "azulo-test.eth", "name": "AzTestDAO", "twitter": null, "proposalsCount": 5, "votesCount": 18, "followersCount": 4, "website": null}, {"id": "azureblue.eth", "name": "azureblue", "twitter": null, "proposalsCount": 1, "votesCount": 1, "followersCount": 1, "website": null}, {"id": "azwar.eth", "name": "azwar test", "twitter": null, "proposalsCount": 1, "votesCount": 1, "followersCount": 1, "website": null}, {"id": "azzot88.eth", "name": "Digital Nomad Country Club", "twitter": null, "proposalsCount": 1, "votesCount": 0, "followersCount": 1, "website": null}, {"id": "b2-4ac.eth", "name": "polygon", "twitter": null, "proposalsCount": 29, "votesCount": 85, "followersCount": 45, "website": null}, {"id": "b864wo.eth", "name": "b864wo", "twitter": null, "proposalsCount": 7, "votesCount": 12, "followersCount": 1, "website": null}, {"id": "babacoin.eth", "name": "baba", "twitter": null, "proposalsCount": 1, "votesCount": 1, "followersCount": 1, "website": null}, {"id": "babijon.eth", "name": "Babijon DAO", "twitter": null, "proposalsCount": 28, "votesCount": 26, "followersCount": 51, "website": null}, {"id": "babulrath.eth", "name": "Babul rath", "twitter": "babul_xd", "proposalsCount": 3, "votesCount": 17, "followersCount": 6, "website": null}]