[{"id": "miaomiao1688.eth", "name": "miaomiaodao", "twitter": "keyi92764260", "proposalsCount": 3, "votesCount": 0, "followersCount": 1, "website": null}, {"id": "midao-syndicate.eth", "name": "MiDAO Syndicate", "twitter": null, "proposalsCount": 2, "votesCount": 0, "followersCount": 2, "website": null}, {"id": "milktoken.eth", "name": "MilkTokenETH", "twitter": "MilkTokenETH", "proposalsCount": 1, "votesCount": 3, "followersCount": 0, "website": null}, {"id": "minduploading.eth", "name": "Mind Uploading DAO", "twitter": null, "proposalsCount": 0, "votesCount": 0, "followersCount": 4, "website": null}, {"id": "minerpunk.eth", "name": "Minerpunk", "twitter": "minerpunk_eth", "proposalsCount": 0, "votesCount": 0, "followersCount": 4, "website": "https://www.minerpunk.org/"}, {"id": "mint2022.eth", "name": "Mint DAO", "twitter": null, "proposalsCount": 1, "votesCount": 1, "followersCount": 2, "website": null}, {"id": "mobiusfinance.eth", "name": "MobiusFinance", "twitter": "mobius_finance", "proposalsCount": 0, "votesCount": 0, "followersCount": 4, "website": null}, {"id": "momoswap.eth", "name": "momoswap", "twitter": null, "proposalsCount": 2, "votesCount": 0, "followersCount": 2, "website": null}, {"id": "mongoldao.eth", "name": "MongolDAO", "twitter": null, "proposalsCount": 0, "votesCount": 0, "followersCount": 4, "website": null}, {"id": "monportefeuille.eth", "name": "Monportefeuille", "twitter": null, "proposalsCount": 1, "votesCount": 0, "followersCount": 3, "website": null}, {"id": "morelovers.eth", "name": "More Lovers", "twitter": null, "proposalsCount": 3, "votesCount": 1, "followersCount": 0, "website": null}, {"id": "mort-vivant.eth", "name": "Vivant", "twitter": null, "proposalsCount": 1, "votesCount": 1, "followersCount": 2, "website": null}, {"id": "mortgage.joints.eth", "name": "MRGDAO", "twitter": null, "proposalsCount": 1, "votesCount": 2, "followersCount": 1, "website": null}, {"id": "mroli.eth", "name": "FFF", "twitter": null, "proposalsCount": 2, "votesCount": 2, "followersCount": 0, "website": null}, {"id": "mustberich.eth", "name": "berich", "twitter": null, "proposalsCount": 1, "votesCount": 1, "followersCount": 2, "website": null}, {"id": "mutepoets.eth", "name": "Silence", "twitter": null, "proposalsCount": 0, "votesCount": 0, "followersCount": 4, "website": null}, {"id": "mvp.me.eth.id", "name": "Listing", "twitter": null, "proposalsCount": 1, "votesCount": 2, "followersCount": 1, "website": null}, {"id": "mymy.eth", "name": "MYNFT", "twitter": "", "proposalsCount": 0, "votesCount": 0, "followersCount": 4, "website": null}, {"id": "mysunshine.eth", "name": "sunshine", "twitter": null, "proposalsCount": 1, "votesCount": 1, "followersCount": 2, "website": null}, {"id": "mytest.eth", "name": "Batman DAO", "twitter": null, "proposalsCount": 2, "votesCount": 1, "followersCount": 1, "website": null}]