[{"id": "tribeonedao.eth", "name": "TribeOne DAO", "twitter": "tribeonedefi", "proposalsCount": 0, "votesCount": 0, "followersCount": 7, "website": "https://www.tribeone.io"}, {"id": "voizdao-gov.eth", "name": "VoizDAO", "twitter": "voizDAO", "proposalsCount": 7, "votesCount": 44, "followersCount": 6, "website": "https://voizdao.xyz"}, {"id": "8paynetwork.eth", "name": "8PAY Network", "twitter": "8Pay_network", "proposalsCount": 1, "votesCount": 47, "followersCount": 9, "website": null}, {"id": "ahsyaj.eth", "name": "Moonlanderz", "twitter": "MoonLanderzNFT", "proposalsCount": 4, "votesCount": 37, "followersCount": 16, "website": "https://moonlanderz.com"}, {"id": "calciumcrew.eth", "name": "Calcium Crew", "twitter": "0xgeel", "proposalsCount": 3, "votesCount": 41, "followersCount": 13, "website": "https://calciumcrew.com"}, {"id": "ledgity.xyz", "name": "Ledgity", "twitter": "LedgityPlatform", "proposalsCount": 1, "votesCount": 0, "followersCount": 6, "website": null}, {"id": "metavix.eth", "name": "METAVIX DAO", "twitter": "metavixio", "proposalsCount": 3, "votesCount": 18, "followersCount": 36, "website": "https://metavix.io"}, {"id": "moss-earth.eth", "name": "moss.earth", "twitter": "MCO2token", "proposalsCount": 3, "votesCount": 41, "followersCount": 13, "website": "https://governance.moss.earth"}, {"id": "randomz.eth", "name": "Fantoms On Opera | RandomZ's Lab", "twitter": "FantomsOpera", "proposalsCount": 10, "votesCount": 35, "followersCount": 12, "website": null}, {"id": "sucuro.eth", "name": "Sucuro", "twitter": "sucuroco", "proposalsCount": 11, "votesCount": 36, "followersCount": 10, "website": "https://www.sucuro.co"}, {"id": "wohpedao.eth", "name": "WohpeDao", "twitter": "WohpeDAO", "proposalsCount": 1, "votesCount": 21, "followersCount": 35, "website": null}, {"id": "0xtally.eth", "name": "TallyDAO", "twitter": null, "proposalsCount": 1, "votesCount": 0, "followersCount": 55, "website": null}, {"id": "basens.eth", "name": "gaer dao", "twitter": null, "proposalsCount": 1, "votesCount": 2, "followersCount": 3, "website": null}, {"id": "degentokenfinance.eth", "name": "DGNZ Voting Page", "twitter": "degentoken", "proposalsCount": 10, "votesCount": 45, "followersCount": 1, "website": null}, {"id": "dualworldfusion.eth", "name": "Dual World Fusion Community", "twitter": null, "proposalsCount": 2, "votesCount": 51, "followersCount": 3, "website": null}, {"id": "gitdao.eth", "name": "gitdao", "twitter": null, "proposalsCount": 0, "votesCount": 0, "followersCount": 6, "website": null}, {"id": "nearcoin.eth", "name": "nearcoin.eth", "twitter": null, "proposalsCount": 1, "votesCount": 10, "followersCount": 45, "website": null}, {"id": "nomadelders.eth", "name": "Nomad Elders", "twitter": "nomad_fi", "proposalsCount": 1, "votesCount": 36, "followersCount": 19, "website": "https://nomadefi.io/"}, {"id": "robotsafe.eth", "name": "iRobot DAO", "twitter": null, "proposalsCount": 3, "votesCount": 40, "followersCount": 13, "website": null}, {"id": "smoltrades.eth", "name": "Smol Trades", "twitter": "smoltradesdao", "proposalsCount": 9, "votesCount": 40, "followersCount": 7, "website": null}]