[{"id": "h2odata-liquidstaking.eth", "name": "H2OData - psdnOCEAN", "twitter": "H2O_data", "proposalsCount": 22, "votesCount": 68, "followersCount": 14, "website": "https://liquid-staking.h2odata.xyz"}, {"id": "nice", "name": "NICEE", "twitter": null, "proposalsCount": 8, "votesCount": 92, "followersCount": 4, "website": null}, {"id": "peoplenft.eth", "name": "Air DAO", "twitter": "id8_8", "proposalsCount": 1, "votesCount": 91, "followersCount": 12, "website": null}, {"id": "umeko.eth", "name": "Umeko Space Colony", "twitter": "NFTsistersJAPAN", "proposalsCount": 5, "votesCount": 80, "followersCount": 19, "website": "https://www.nftcolony.space/"}, {"id": "yuntian.eth", "name": "Tian DAO", "twitter": null, "proposalsCount": 5, "votesCount": 51, "followersCount": 48, "website": null}, {"id": "13158542.eth", "name": "feifeige", "twitter": null, "proposalsCount": 1, "votesCount": 100, "followersCount": 2, "website": null}, {"id": "alpha-ethereum", "name": "Alpha Finance (Ethereum)", "twitter": null, "proposalsCount": 1, "votesCount": 6, "followersCount": 96, "website": null}, {"id": "convergencefinance.eth", "name": "Convergence Finance", "twitter": "ConvergenceFin", "proposalsCount": 1, "votesCount": 29, "followersCount": 23, "website": "https://conv.finance/"}, {"id": "cryptosdk.eth", "name": "daydream", "twitter": "EthflowAir", "proposalsCount": 1, "votesCount": 1, "followersCount": 1, "website": null}, {"id": "dinnerdao.eth", "name": "Dinner DAO", "twitter": null, "proposalsCount": 10, "votesCount": 75, "followersCount": 18, "website": null}, {"id": "eggheadsclub.eth", "name": "Egg Heads Club Space", "twitter": "eggheadsclub", "proposalsCount": 1, "votesCount": 100, "followersCount": 2, "website": "https://www.eggheadsclub.io"}, {"id": "frictionfinance.eth", "name": "FrictionFinance", "twitter": "FrictionFinance", "proposalsCount": 5, "votesCount": 98, "followersCount": 0, "website": null}, {"id": "galaxyllc.eth", "name": "\u4f2f", "twitter": null, "proposalsCount": 2, "votesCount": 0, "followersCount": 1, "website": null}, {"id": "ggdao.eth", "name": "Good Game DAO", "twitter": "ggdaonft", "proposalsCount": 22, "votesCount": 41, "followersCount": 40, "website": null}, {"id": "gongwu.eth", "name": "GongwuDAO ", "twitter": "noratian7", "proposalsCount": 1, "votesCount": 62, "followersCount": 40, "website": null}, {"id": "ivantokarev.eth", "name": "Singularity DAO", "twitter": "Singularity_DAO", "proposalsCount": 1, "votesCount": 0, "followersCount": 2, "website": null}, {"id": "morewater.eth", "name": "waterware", "twitter": null, "proposalsCount": 7, "votesCount": 79, "followersCount": 17, "website": null}, {"id": "nomnoms.eth", "name": "Nom Noms", "twitter": "NomNomsNFT", "proposalsCount": 16, "votesCount": 53, "followersCount": 34, "website": null}, {"id": "panshiyizheng.eth", "name": "USDT\u793e\u533a", "twitter": null, "proposalsCount": 5, "votesCount": 45, "followersCount": 53, "website": null}, {"id": "qinbud.eth", "name": "qinbud.eth", "twitter": "qinbud", "proposalsCount": 1, "votesCount": 1, "followersCount": 1, "website": "http://link3.to/9002000"}]