[{"id": "stupidmonkeysnft.eth", "name": "StupidMonkeys", "twitter": "StupidMonkey741", "proposalsCount": 10, "votesCount": 168, "followersCount": 18, "website": "https://stupidmonkeys.co/"}, {"id": "tugou.eth", "name": "DappRadar", "twitter": "DappRadar", "proposalsCount": 6, "votesCount": 248, "followersCount": 42, "website": null}, {"id": "mamidao.eth", "name": "mamidao", "twitter": "littlemamilabel", "proposalsCount": 2, "votesCount": 187, "followersCount": 106, "website": "https://littlemami.io"}, {"id": "aperocketdao.eth", "name": "ApeRocket DAO", "twitter": "ApeRocketFi", "proposalsCount": 3, "votesCount": 147, "followersCount": 144, "website": null}, {"id": "bitmates.eth", "name": "Bitmates", "twitter": "BitmatesNFT", "proposalsCount": 3, "votesCount": 210, "followersCount": 81, "website": null}, {"id": "cyberda0.eth", "name": "CyberDAO", "twitter": "cyberda0", "proposalsCount": 1, "votesCount": 196, "followersCount": 97, "website": null}, {"id": "ragnarokdao2.eth", "name": "Ragnarok2DAO", "twitter": "ragnarokDAO", "proposalsCount": 1, "votesCount": 285, "followersCount": 8, "website": null}, {"id": "raccoonmafianft.eth", "name": "Raccoon Mafia", "twitter": null, "proposalsCount": 2, "votesCount": 256, "followersCount": 35, "website": null}, {"id": "yls630.eth", "name": "Lightning Network", "twitter": null, "proposalsCount": 4, "votesCount": 260, "followersCount": 29, "website": null}, {"id": "netvrkdao.eth", "name": "Netvrk DAO", "twitter": "netvrk_official", "proposalsCount": 2, "votesCount": 140, "followersCount": 101, "website": "https://www.netvrk.co/"}, {"id": "flotilla.eth", "name": "Flotilla Protocol", "twitter": null, "proposalsCount": 11, "votesCount": 73, "followersCount": 8, "website": null}, {"id": "lawminati.eth", "name": "BlockNG", "twitter": "BlockngO", "proposalsCount": 10, "votesCount": 143, "followersCount": 39, "website": "https://blockng.money/"}, {"id": "vincentwang.eth", "name": "AgentOswalDAO", "twitter": null, "proposalsCount": 19, "votesCount": 189, "followersCount": 34, "website": null}, {"id": "beritacryptoo.eth", "name": "BC-DAO", "twitter": "BeritaCryptoo", "proposalsCount": 2, "votesCount": 212, "followersCount": 77, "website": "https://t.me/BeritaCryptoo"}, {"id": "bydsong.eth", "name": "CarolObiesie DAO", "twitter": null, "proposalsCount": 20, "votesCount": 246, "followersCount": 25, "website": null}, {"id": "ensfly.eth", "name": "ensfly.eth", "twitter": null, "proposalsCount": 15, "votesCount": 132, "followersCount": 44, "website": null}, {"id": "vrsocial.eth", "name": "vrsocial", "twitter": "vrsocial_eth", "proposalsCount": 43, "votesCount": 203, "followersCount": 45, "website": null}, {"id": "fodl-dao.eth", "name": "Fodl", "twitter": "FODLfi", "proposalsCount": 34, "votesCount": 188, "followersCount": 69, "website": null}, {"id": "sadbotsnft.eth", "name": "Sad Bots", "twitter": "SadBotsNFT", "proposalsCount": 3, "votesCount": 255, "followersCount": 33, "website": null}, {"id": "starcatcherscommunity.eth", "name": "Starcatchers Community", "twitter": null, "proposalsCount": 1, "votesCount": 279, "followersCount": 10, "website": null}]