[{"id": "blockfishdao.eth", "name": "blockfishdao", "twitter": null, "proposalsCount": 22, "votesCount": 73, "followersCount": 142, "website": null}, {"id": "metapantherfund.eth", "name": "Meta Panther Club Fund", "twitter": "metapantherclub", "proposalsCount": 13, "votesCount": 204, "followersCount": 20, "website": "https://metapantherclub.com"}, {"id": "xunfa.eth", "name": "xunfa", "twitter": null, "proposalsCount": 37, "votesCount": 194, "followersCount": 6, "website": null}, {"id": "templardao.eth", "name": "TemplarDAO", "twitter": "TemplarDAO", "proposalsCount": 3, "votesCount": 133, "followersCount": 100, "website": null}, {"id": "theidols.eth", "name": "The Idols NFT", "twitter": "TheIdolsNFT", "proposalsCount": 7, "votesCount": 176, "followersCount": 53, "website": "https://www.theidols.io"}, {"id": "dezukidao.eth", "name": "DEZUKI", "twitter": "TessWill14", "proposalsCount": 1, "votesCount": 233, "followersCount": 2, "website": "https://dezuki.com/"}, {"id": "icchi.eth", "name": "TOKYO NFT LAB", "twitter": "icchisukiya", "proposalsCount": 1, "votesCount": 171, "followersCount": 64, "website": "https://tokyonftlab.com/"}, {"id": "safeking.eth", "name": "Actor DAO", "twitter": null, "proposalsCount": 62, "votesCount": 90, "followersCount": 84, "website": null}, {"id": "veizi.eth", "name": "iZUMi Finance", "twitter": "izumi_Finance", "proposalsCount": 1, "votesCount": 2, "followersCount": 33, "website": "https://izumi.finance/home"}, {"id": "zicodao.eth", "name": "Zico DAO", "twitter": "filatelistyka", "proposalsCount": 2, "votesCount": 20, "followersCount": 64, "website": "https://zicocoin.io"}, {"id": "variantdao.eth", "name": "VARIANT", "twitter": "VARIANT", "proposalsCount": 3, "votesCount": 228, "followersCount": 5, "website": "https://variantnft.io/"}, {"id": "5021314.eth", "name": "ONE PIECE", "twitter": null, "proposalsCount": 54, "votesCount": 91, "followersCount": 90, "website": null}, {"id": "bzx.eth", "name": "bZx", "twitter": null, "proposalsCount": 10, "votesCount": 186, "followersCount": 39, "website": null}, {"id": "cryptotechwomenofficial.eth", "name": "Crypto Tech Women Official", "twitter": "cryptotechwomen", "proposalsCount": 2, "votesCount": 214, "followersCount": 19, "website": null}, {"id": "gclxdao.eth", "name": "\u56fd\u4ea7\u826f\ud83e\udde1 \u6295\u7968\u4e2d\u5fc3", "twitter": "gclxnft", "proposalsCount": 7, "votesCount": 167, "followersCount": 61, "website": null}, {"id": "onesol.eth", "name": "sosol", "twitter": null, "proposalsCount": 13, "votesCount": 214, "followersCount": 8, "website": null}, {"id": "universexyz.eth", "name": "Universe.XYZ", "twitter": "universe_xyz", "proposalsCount": 5, "votesCount": 63, "followersCount": 167, "website": null}, {"id": "millionpoll.eth", "name": "Million Poll", "twitter": "milllionmmg", "proposalsCount": 16, "votesCount": 195, "followersCount": 24, "website": "https://milliontoken.io"}, {"id": "gentlemendao.eth", "name": "Gentlemen DAO", "twitter": null, "proposalsCount": 18, "votesCount": 201, "followersCount": 15, "website": null}, {"id": "tokemak.eth", "name": "Tokemak", "twitter": "TokenReactor", "proposalsCount": 1, "votesCount": 181, "followersCount": 52, "website": "https://www.tokemak.xyz"}]