[{"id": "choccyswap.eth", "name": "ChoccySwap", "twitter": "ChoccySwap", "proposalsCount": 5, "votesCount": 64, "followersCount": 36, "website": "https://choccyswap.com"}, {"id": "cvcommunity.eth", "name": "Cryptovoxels Community", "twitter": null, "proposalsCount": 4, "votesCount": 70, "followersCount": 31, "website": null}, {"id": "daoloth.eth", "name": "daoloth", "twitter": null, "proposalsCount": 2, "votesCount": 2, "followersCount": 1, "website": null}, {"id": "ff9181.eth", "name": "ff9181", "twitter": null, "proposalsCount": 1, "votesCount": 49, "followersCount": 55, "website": null}, {"id": "gaozhen.eth", "name": "WEB3\u7814\u8ba8\u7ec4", "twitter": null, "proposalsCount": 3, "votesCount": 68, "followersCount": 34, "website": null}, {"id": "highjkl.eth", "name": "moon dao", "twitter": null, "proposalsCount": 2, "votesCount": 1, "followersCount": 2, "website": null}, {"id": "libertydao.eth", "name": "USDC", "twitter": null, "proposalsCount": 5, "votesCount": 13, "followersCount": 37, "website": null}, {"id": "newbinary.eth", "name": "BinaryDAO", "twitter": "BinaryDAO_fi", "proposalsCount": 2, "votesCount": 98, "followersCount": 5, "website": "https://www.binarydao.finance"}, {"id": "sd-stardust.eth", "name": "StarDust", "twitter": "Star_Dust_SD", "proposalsCount": 4, "votesCount": 90, "followersCount": 11, "website": null}, {"id": "supafoundation.eth", "name": "SUPA Foundation", "twitter": "supafoundation", "proposalsCount": 1, "votesCount": 1, "followersCount": 3, "website": null}, {"id": "swarmteddies.eth", "name": "Swarm Teddies", "twitter": "SwarmTeddies", "proposalsCount": 5, "votesCount": 89, "followersCount": 11, "website": "https://swarmteddies.com/"}, {"id": "yaolei.eth", "name": "ATMOS CH1", "twitter": null, "proposalsCount": 1, "votesCount": 104, "followersCount": 0, "website": "https://atmos.xyz"}, {"id": "yape.eth", "name": "Yape ", "twitter": "yapeswap", "proposalsCount": 14, "votesCount": 75, "followersCount": 16, "website": null}, {"id": "zhusun.eth", "name": "zhusun", "twitter": null, "proposalsCount": 1, "votesCount": 0, "followersCount": 4, "website": null}, {"id": "animeloot.eth", "name": "AnimeLoot", "twitter": null, "proposalsCount": 2, "votesCount": 70, "followersCount": 32, "website": null}, {"id": "anpay.eth", "name": "PAY DAO", "twitter": null, "proposalsCount": 21, "votesCount": 48, "followersCount": 35, "website": null}, {"id": "dailycoin.eth", "name": "Pussytoken", "twitter": null, "proposalsCount": 13, "votesCount": 37, "followersCount": 54, "website": null}, {"id": "election.cryptomaids.eth", "name": "CryptoMaids Election #001", "twitter": null, "proposalsCount": 3, "votesCount": 83, "followersCount": 18, "website": null}, {"id": "fuse-street-bets.eth", "name": "Fuse Street Bets", "twitter": null, "proposalsCount": 14, "votesCount": 71, "followersCount": 19, "website": null}, {"id": "greenblockcapital.eth", "name": "Green Block Capital", "twitter": "Green_BlockC", "proposalsCount": 2, "votesCount": 95, "followersCount": 7, "website": "https://greenblockcapital.io"}]