[{"id": "ponzidao.eth", "name": "ponzidao", "twitter": "ponzi_dao", "proposalsCount": 8, "votesCount": 209, "followersCount": 25, "website": null}, {"id": "thundercorelabs.eth", "name": "ThunderCore Mainnet", "twitter": "ThunderCoreLab", "proposalsCount": 4, "votesCount": 138, "followersCount": 100, "website": "https://www.thundercore.com/"}, {"id": "bitblocks.eth", "name": "BitBlocks Finance", "twitter": "BBKFI", "proposalsCount": 34, "votesCount": 176, "followersCount": 31, "website": "https://bitblocks.finance/"}, {"id": "raving.eth", "name": "Rave Names", "twitter": "rave_names", "proposalsCount": 8, "votesCount": 177, "followersCount": 56, "website": "https://rave.domains"}, {"id": "t1victory.eth", "name": "AlonzoHelferty DAO", "twitter": null, "proposalsCount": 15, "votesCount": 149, "followersCount": 27, "website": null}, {"id": "astrobabyclub.eth", "name": "Astro Baby Club", "twitter": "astrobabyclub", "proposalsCount": 4, "votesCount": 99, "followersCount": 137, "website": "https://www.astrobabyclub.com"}, {"id": "dao4ever.eth", "name": "DAO4EVER", "twitter": "ShawnMelUni", "proposalsCount": 18, "votesCount": 187, "followersCount": 35, "website": null}, {"id": "dinodisconnect.eth", "name": "Dinosaur", "twitter": null, "proposalsCount": 125, "votesCount": 111, "followersCount": 4, "website": null}, {"id": "testudoventures.eth", "name": "TestuDAO", "twitter": "TestudoVentures", "proposalsCount": 10, "votesCount": 30, "followersCount": 0, "website": null}, {"id": "web3paradigm.eth", "name": "Test vote", "twitter": null, "proposalsCount": 2, "votesCount": 234, "followersCount": 4, "website": null}, {"id": "zksgu.eth", "name": "ZKS Era", "twitter": "ZKSgu", "proposalsCount": 4, "votesCount": 10, "followersCount": 26, "website": "https://twitter.com/ZKSgu"}, {"id": "slingshotdao.eth", "name": "Slingshot DAO", "twitter": "SlingShotDAO", "proposalsCount": 4, "votesCount": 132, "followersCount": 53, "website": "https://slingshotdao.com"}, {"id": "uni.meme0xb1.eth", "name": "MEME x 0xB1 Comp: $UNI", "twitter": null, "proposalsCount": 2, "votesCount": 185, "followersCount": 2, "website": null}, {"id": "conkme.eth", "name": "CONK", "twitter": "ShibaPoCONK", "proposalsCount": 10, "votesCount": 187, "followersCount": 41, "website": "https://conkme.com/"}, {"id": "ddnft.eth", "name": "Dormant Dragons NFT", "twitter": "dormantdragons", "proposalsCount": 3, "votesCount": 231, "followersCount": 4, "website": null}, {"id": "generativedungeondao.eth", "name": "Generative Dungeon DAO", "twitter": "GenerativeDng", "proposalsCount": 1, "votesCount": 225, "followersCount": 12, "website": null}, {"id": "lootkingdom.eth", "name": "Loot Project", "twitter": "lootproject", "proposalsCount": 0, "votesCount": 0, "followersCount": 238, "website": null}, {"id": "meikuaikuai.eth", "name": "MKKLabs", "twitter": null, "proposalsCount": 36, "votesCount": 162, "followersCount": 40, "website": null}, {"id": "wintersun.eth", "name": "Glory's idea", "twitter": null, "proposalsCount": 13, "votesCount": 204, "followersCount": 21, "website": null}, {"id": "worldcup-dao.eth", "name": "WorldCupDao", "twitter": "worldcupdao2022", "proposalsCount": 5, "votesCount": 197, "followersCount": 36, "website": "https://t.me/WorldCupDaoGlobal"}]