[{"id": "yxy001.eth", "name": "Jidao", "twitter": null, "proposalsCount": 2, "votesCount": 38, "followersCount": 16, "website": null}, {"id": "yy777.eth", "name": "777 DAO", "twitter": null, "proposalsCount": 0, "votesCount": 0, "followersCount": 0, "website": null}, {"id": "yy906.eth", "name": "YY906", "twitter": null, "proposalsCount": 0, "votesCount": 0, "followersCount": 0, "website": null}, {"id": "yywws.eth", "name": "bnm", "twitter": "HetalRoscow", "proposalsCount": 0, "votesCount": 0, "followersCount": 1, "website": null}, {"id": "yyygames.eth", "name": "YYY-Games", "twitter": null, "proposalsCount": 0, "votesCount": 0, "followersCount": 0, "website": null}, {"id": "yyyyl.eth", "name": "19", "twitter": null, "proposalsCount": 4, "votesCount": 2, "followersCount": 2, "website": null}, {"id": "yzbban.eth", "name": "yzbban", "twitter": null, "proposalsCount": 0, "votesCount": 0, "followersCount": 0, "website": null}, {"id": "z1coach.eth", "name": "Z1Blockchain", "twitter": null, "proposalsCount": 5, "votesCount": 15, "followersCount": 0, "website": null}, {"id": "zadrot.eth", "name": "Bronze league hero", "twitter": null, "proposalsCount": 1, "votesCount": 1, "followersCount": 0, "website": null}, {"id": "zady.eth", "name": "The Meta Mind", "twitter": null, "proposalsCount": 1, "votesCount": 1, "followersCount": 1, "website": null}, {"id": "zaichan.eth", "name": "Chan Network", "twitter": null, "proposalsCount": 1, "votesCount": 0, "followersCount": 0, "website": "http://zaichan.eth"}, {"id": "zaima.eth", "name": "zhuzhuhaohan", "twitter": "wudizhuzhuxia", "proposalsCount": 1, "votesCount": 1, "followersCount": 5, "website": null}, {"id": "zalupaches.eth", "name": "sodom", "twitter": null, "proposalsCount": 0, "votesCount": 0, "followersCount": 0, "website": null}, {"id": "zamaskaotilonamaska.eth", "name": "VeSeLink1", "twitter": null, "proposalsCount": 1, "votesCount": 1, "followersCount": 0, "website": null}, {"id": "zamazka.eth", "name": "Voting  FREE DAO party 0$", "twitter": "YungTing8618", "proposalsCount": 4, "votesCount": 16, "followersCount": 12, "website": null}, {"id": "zaoribaofu.eth", "name": "0xluer", "twitter": "0xluer", "proposalsCount": 0, "votesCount": 0, "followersCount": 1, "website": "https://eggplant-saturnalia-c3a.notion.site/0xLuer-f3f2551d2cc94af6b4e7863ce44c3c69"}, {"id": "zapski.eth", "name": "TEST Book", "twitter": null, "proposalsCount": 0, "votesCount": 0, "followersCount": 0, "website": null}, {"id": "zaremas.eth", "name": "ds", "twitter": null, "proposalsCount": 2, "votesCount": 2, "followersCount": 0, "website": null}, {"id": "zaur9038.eth", "name": "zaur", "twitter": null, "proposalsCount": 1, "votesCount": 1, "followersCount": 0, "website": null}, {"id": "zbridge.eth", "name": "Syndicate Vote", "twitter": null, "proposalsCount": 1, "votesCount": 2, "followersCount": 0, "website": null}]