[{"id": "gzhcoin.eth", "name": "gzhcoin", "twitter": null, "proposalsCount": 5, "votesCount": 10, "followersCount": 6, "website": null}, {"id": "lefteris.eth", "name": "Lefteris delegators", "twitter": "lefterisjp", "proposalsCount": 1, "votesCount": 20, "followersCount": 0, "website": null}, {"id": "legendarysafuuclub.eth", "name": "Legendary Safuu Club", "twitter": "legendarysafuu", "proposalsCount": 2, "votesCount": 14, "followersCount": 5, "website": "http://legendarysafuuclub.com"}, {"id": "lilfatfrank.eth", "name": "lilfatfrank", "twitter": null, "proposalsCount": 5, "votesCount": 11, "followersCount": 5, "website": null}, {"id": "logicbots.eth", "name": "Logic_Bots", "twitter": "logic_beach", "proposalsCount": 1, "votesCount": 17, "followersCount": 3, "website": "https://logicbeach.xyz"}, {"id": "martycfly.eth", "name": "WOO Network DAO", "twitter": "WOO_DAO", "proposalsCount": 2, "votesCount": 5, "followersCount": 14, "website": "https://discord.com/invite/woonetwork"}, {"id": "moonshroomiz.eth", "name": "MoonShroomiz", "twitter": "moonshroomiz", "proposalsCount": 1, "votesCount": 16, "followersCount": 4, "website": null}, {"id": "pixereum.eth", "name": "Pixereum", "twitter": "pixereum", "proposalsCount": 1, "votesCount": 17, "followersCount": 3, "website": null}, {"id": "shibafantom.eth", "name": "Shiba fantom", "twitter": "ShibaFantom", "proposalsCount": 2, "votesCount": 5, "followersCount": 14, "website": null}, {"id": "skyplaydao.eth", "name": "SKYPlay_DAO", "twitter": "skyplay_SKP", "proposalsCount": 1, "votesCount": 10, "followersCount": 10, "website": "https://skyplay.io/"}, {"id": "stakerocketpool.eth", "name": "StakeRocketPool ", "twitter": "StakeRocketPool", "proposalsCount": 5, "votesCount": 10, "followersCount": 6, "website": "https://www.stakerocketpool.xyz"}, {"id": "stormyield.eth", "name": "Storm Yield DAO", "twitter": "stormyield", "proposalsCount": 3, "votesCount": 13, "followersCount": 5, "website": "https://stormyield.finance/"}, {"id": "unblock256.eth", "name": "un.Block", "twitter": "unblock256", "proposalsCount": 2, "votesCount": 9, "followersCount": 10, "website": null}, {"id": "unilapse.eth", "name": "UNIVERSE by UNILAPSE", "twitter": "UnilapseNFT", "proposalsCount": 2, "votesCount": 3, "followersCount": 16, "website": "https://www.unilapse.com/"}, {"id": "urock-nft.eth", "name": "uRock", "twitter": "NFT_uRock", "proposalsCount": 1, "votesCount": 7, "followersCount": 13, "website": "https://litt.ly/urock"}, {"id": "viewcy.eth", "name": "Thursday Evening Ragas", "twitter": null, "proposalsCount": 5, "votesCount": 0, "followersCount": 16, "website": null}, {"id": "votesolarr.eth", "name": "SOLARR", "twitter": "official_solarr", "proposalsCount": 1, "votesCount": 3, "followersCount": 17, "website": "https://solarr.xyz"}, {"id": "wage", "name": "Wage.Money", "twitter": null, "proposalsCount": 5, "votesCount": 15, "followersCount": 1, "website": null}, {"id": "wantdao.eth", "name": "WantDAO", "twitter": null, "proposalsCount": 1, "votesCount": 10, "followersCount": 10, "website": null}, {"id": "web3atlas.domedao.eth", "name": "web3atlas", "twitter": null, "proposalsCount": 8, "votesCount": 12, "followersCount": 1, "website": null}]