[{"id": "anbucreator.eth", "name": "ANBU Community", "twitter": null, "proposalsCount": 0, "votesCount": 0, "followersCount": 1, "website": null}, {"id": "ancient8gg.eth", "name": "Ancient8", "twitter": "Ancient8_gg", "proposalsCount": 0, "votesCount": 0, "followersCount": 5, "website": "https://ancient8.gg"}, {"id": "ancientxsociety.eth", "name": "ancientxsociety", "twitter": "ancientXsociety", "proposalsCount": 0, "votesCount": 0, "followersCount": 1, "website": "https://ancientxsociety.com/"}, {"id": "andreashofmann.eth", "name": "AHNetwork", "twitter": "bl0ckf1nance", "proposalsCount": 0, "votesCount": 0, "followersCount": 0, "website": "https://andreashofmann.xyz"}, {"id": "andrewsipko.eth", "name": "Andrew Sipko", "twitter": null, "proposalsCount": 0, "votesCount": 0, "followersCount": 0, "website": null}, {"id": "andros.eth", "name": "Andros Test", "twitter": null, "proposalsCount": 15, "votesCount": 734, "followersCount": 2, "website": null}, {"id": "andyalex.eth", "name": "Evmoswap", "twitter": null, "proposalsCount": 1, "votesCount": 2, "followersCount": 21, "website": null}, {"id": "anfken.eth", "name": "anfken", "twitter": "anfken", "proposalsCount": 0, "votesCount": 0, "followersCount": 1, "website": null}, {"id": "angel-dao.eth", "name": "AngelDAO", "twitter": null, "proposalsCount": 0, "votesCount": 0, "followersCount": 0, "website": null}, {"id": "angelalliance.eth", "name": "Angel Alliance", "twitter": null, "proposalsCount": 1, "votesCount": 13, "followersCount": 0, "website": null}, {"id": "angelcoin.eth", "name": "git", "twitter": null, "proposalsCount": 50, "votesCount": 167, "followersCount": 117, "website": null}, {"id": "angelprotocol.eth", "name": "Angel Protocol", "twitter": "angelprotocol", "proposalsCount": 0, "votesCount": 0, "followersCount": 25, "website": "https://www.angelprotocol.io/"}, {"id": "angelsdevilsdao.eth", "name": "AngelsDevilsNFT", "twitter": null, "proposalsCount": 1, "votesCount": 0, "followersCount": 3, "website": null}, {"id": "aniketshikha.eth", "name": "aniket ram", "twitter": null, "proposalsCount": 0, "votesCount": 0, "followersCount": 0, "website": null}, {"id": "anilrajpal.eth", "name": "anilrajpal.eth", "twitter": null, "proposalsCount": 0, "votesCount": 0, "followersCount": 1, "website": null}, {"id": "animaliagames.eth", "name": "Animalia", "twitter": "Animalia_games", "proposalsCount": 1, "votesCount": 0, "followersCount": 3, "website": "https://animalia.games/"}, {"id": "ankitcrypto.eth", "name": "Looser", "twitter": "priyans_hu_main", "proposalsCount": 1, "votesCount": 1, "followersCount": 2, "website": null}, {"id": "annafich.eth", "name": "fd", "twitter": null, "proposalsCount": 1, "votesCount": 1, "followersCount": 1, "website": null}, {"id": "annehathaway.eth", "name": "web3dao", "twitter": null, "proposalsCount": 1, "votesCount": 170, "followersCount": 1, "website": null}, {"id": "anoleinu.eth", "name": "anole inu", "twitter": "anoleinu", "proposalsCount": 1, "votesCount": 177, "followersCount": 1, "website": "https://www.anoleinu.com"}]