[{"id": "notionals.eth", "name": "notionals", "twitter": null, "proposalsCount": 1, "votesCount": 5, "followersCount": 6, "website": null}, {"id": "odssey.eth", "name": "virtue", "twitter": null, "proposalsCount": 1, "votesCount": 5, "followersCount": 6, "website": null}, {"id": "ooo88.eth", "name": "Voltz  Party", "twitter": null, "proposalsCount": 1, "votesCount": 6, "followersCount": 5, "website": null}, {"id": "optimismx.eth", "name": "OptimismX's Space", "twitter": "OptimismX42", "proposalsCount": 2, "votesCount": 4, "followersCount": 6, "website": "https://OptimismX.eth.link"}, {"id": "pakdao.eth", "name": "CryptoDAO", "twitter": null, "proposalsCount": 4, "votesCount": 4, "followersCount": 4, "website": null}, {"id": "paragonscontributorcouncil.eth", "name": "ParagonsDAO Contributor Council", "twitter": null, "proposalsCount": 2, "votesCount": 6, "followersCount": 4, "website": null}, {"id": "pascall.eth", "name": "marktest3", "twitter": null, "proposalsCount": 9, "votesCount": 1, "followersCount": 2, "website": null}, {"id": "sapien.eth", "name": "Sapien Nation", "twitter": "sapien_network", "proposalsCount": 4, "votesCount": 2, "followersCount": 6, "website": "https://www.sapien.network/"}, {"id": "sentree.eth", "name": "sentree", "twitter": null, "proposalsCount": 1, "votesCount": 5, "followersCount": 6, "website": null}, {"id": "snapshot.rupaya.eth", "name": "Rupaya", "twitter": null, "proposalsCount": 3, "votesCount": 6, "followersCount": 3, "website": null}, {"id": "stix.eth", "name": "Chopsticks Protocol", "twitter": null, "proposalsCount": 1, "votesCount": 9, "followersCount": 2, "website": null}, {"id": "theone634.eth", "name": "JackSwap", "twitter": null, "proposalsCount": 1, "votesCount": 0, "followersCount": 11, "website": null}, {"id": "thetangame.eth", "name": "thetangame", "twitter": null, "proposalsCount": 1, "votesCount": 5, "followersCount": 6, "website": null}, {"id": "tw33t.eth", "name": "TW33T", "twitter": null, "proposalsCount": 1, "votesCount": 10, "followersCount": 1, "website": null}, {"id": "ummahdao.eth", "name": "Ummah DAO", "twitter": null, "proposalsCount": 1, "votesCount": 2, "followersCount": 9, "website": "https://ummah.network"}, {"id": "vigilante.eth", "name": "Vigilante DAO", "twitter": "honest_nft", "proposalsCount": 1, "votesCount": 7, "followersCount": 4, "website": "https://honestnft.xyz"}, {"id": "wallstreetbetsdex.eth", "name": "Wallstreetbets", "twitter": null, "proposalsCount": 1, "votesCount": 10, "followersCount": 1, "website": null}, {"id": "web3ens.eth", "name": "UCASDao", "twitter": "rsrzrcj123", "proposalsCount": 2, "votesCount": 4, "followersCount": 6, "website": null}, {"id": "wenchao.eth", "name": "xDeFi", "twitter": "xdefilab", "proposalsCount": 1, "votesCount": 3, "followersCount": 8, "website": null}, {"id": "wesley888.eth", "name": "wesley", "twitter": "haowup", "proposalsCount": 1, "votesCount": 11, "followersCount": 0, "website": null}]