[{"id": "shijianqin.eth", "name": "Invest club of BTC", "twitter": null, "proposalsCount": 1, "votesCount": 1, "followersCount": 2, "website": null}, {"id": "shijianqin666.eth", "name": "ETH 10K CLUB", "twitter": null, "proposalsCount": 1, "votesCount": 3, "followersCount": 1, "website": null}, {"id": "shijianqin888.eth", "name": "DeFi Fans", "twitter": null, "proposalsCount": 1, "votesCount": 5, "followersCount": 1, "website": null}, {"id": "shimianying.eth", "name": "Insomniac", "twitter": null, "proposalsCount": 1, "votesCount": 2, "followersCount": 1, "website": null}, {"id": "shimmer-gov.eth", "name": "Shimmer Governance Testspace", "twitter": "Shimmergov", "proposalsCount": 6, "votesCount": 15, "followersCount": 17, "website": "https://shimmer.network"}, {"id": "shinj.eth", "name": "shinj project", "twitter": null, "proposalsCount": 0, "votesCount": 0, "followersCount": 2, "website": null}, {"id": "shintarodeployer.eth", "name": "Shintaro Community ", "twitter": "ShintaroETH", "proposalsCount": 1, "votesCount": 4, "followersCount": 0, "website": "https://shintaroeth.com"}, {"id": "shirdal.eth", "name": "shirdal", "twitter": "mohaajam", "proposalsCount": 0, "votesCount": 0, "followersCount": 1, "website": null}, {"id": "shironoyakatadao.eth", "name": "Shiro No Yakata", "twitter": "ShiroNoYakata", "proposalsCount": 0, "votesCount": 0, "followersCount": 2, "website": null}, {"id": "shishun.eth", "name": "dwdwd", "twitter": null, "proposalsCount": 1, "votesCount": 1, "followersCount": 0, "website": null}, {"id": "shitmask.eth", "name": "shitSEC", "twitter": null, "proposalsCount": 1, "votesCount": 1, "followersCount": 1, "website": null}, {"id": "shnkrnz.eth", "name": "shnkrnz.eth", "twitter": "holdermannn", "proposalsCount": 0, "votesCount": 0, "followersCount": 1, "website": null}, {"id": "shoes\u00ae.eth", "name": "shoes", "twitter": null, "proposalsCount": 2, "votesCount": 4, "followersCount": 1, "website": null}, {"id": "shorise.eth", "name": "Risen group", "twitter": null, "proposalsCount": 6, "votesCount": 15, "followersCount": 10, "website": null}, {"id": "shovonahmed.eth", "name": "Shovon Network", "twitter": "Shovon13903980", "proposalsCount": 1, "votesCount": 4, "followersCount": 1, "website": null}, {"id": "showti.eth", "name": "goldez91", "twitter": null, "proposalsCount": 1, "votesCount": 1, "followersCount": 1, "website": null}, {"id": "shrb1.eth", "name": "SOHRAB", "twitter": null, "proposalsCount": 2, "votesCount": 3, "followersCount": 1, "website": null}, {"id": "shrekgee.eth", "name": "TEST", "twitter": null, "proposalsCount": 2, "votesCount": 1, "followersCount": 0, "website": null}, {"id": "shtepan.eth", "name": "Shtepan", "twitter": "stepanbelorybk1", "proposalsCount": 0, "votesCount": 0, "followersCount": 0, "website": null}, {"id": "shuaishuaiw.eth", "name": "shuaishuai web3", "twitter": "shuaishuaiw200", "proposalsCount": 5, "votesCount": 12, "followersCount": 9, "website": null}]