[{"id": "tippity.eth", "name": "VOLT INU", "twitter": "VoltInuOfficial", "proposalsCount": 1, "votesCount": 843, "followersCount": 21, "website": "https://voltinu.in/"}, {"id": "louverture.eth", "name": "Louverture", "twitter": "Louverture_fi", "proposalsCount": 2, "votesCount": 806, "followersCount": 54, "website": null}, {"id": "frami.eth", "name": "frami y otras hierbas", "twitter": null, "proposalsCount": 637, "votesCount": 223, "followersCount": 2, "website": null}, {"id": "expectchaos.eth", "name": "Moonsama", "twitter": "MoonsamaNFT", "proposalsCount": 2, "votesCount": 570, "followersCount": 288, "website": null}, {"id": "moonbeans.eth", "name": "MoonBeans", "twitter": "moonbeanstoken", "proposalsCount": 18, "votesCount": 497, "followersCount": 293, "website": null}, {"id": "pathvote.eth", "name": "PathDAO", "twitter": "pathdao", "proposalsCount": 9, "votesCount": 784, "followersCount": 64, "website": "https://www.pathdao.io"}, {"id": "zyberswap.eth", "name": "Zyberswap", "twitter": "zyberswap", "proposalsCount": 4, "votesCount": 535, "followersCount": 315, "website": "https://zyberswap.io"}, {"id": "riverfriends.eth", "name": "Rivermen", "twitter": "RivermenNFT", "proposalsCount": 5, "votesCount": 719, "followersCount": 129, "website": null}, {"id": "guildcore.eth", "name": "Guild", "twitter": "Guildcall", "proposalsCount": 9, "votesCount": 745, "followersCount": 47, "website": null}, {"id": "gensokishi.eth", "name": "GensoKishi", "twitter": "genso_meta", "proposalsCount": 2, "votesCount": 385, "followersCount": 462, "website": "https://genso.game"}, {"id": "noragov.eth", "name": "SnowCrash DAO", "twitter": "SnowCrashDAO", "proposalsCount": 0, "votesCount": 0, "followersCount": 847, "website": null}, {"id": "btc1.eth", "name": "CryptoBridge", "twitter": "", "proposalsCount": 23, "votesCount": 697, "followersCount": 125, "website": null}, {"id": "linkstar.eth", "name": "StarCrazy", "twitter": null, "proposalsCount": 18, "votesCount": 223, "followersCount": 453, "website": "https://starcrazy.com"}, {"id": "amatsumikaboshi.eth", "name": "Mikaboshi DAO", "twitter": "mikaboshidao", "proposalsCount": 13, "votesCount": 725, "followersCount": 106, "website": "https://mikaboshi.xyz"}, {"id": "electronicwinecompany.eth", "name": "Evinco Winery DAO", "twitter": "evincowinerydao", "proposalsCount": 15, "votesCount": 747, "followersCount": 82, "website": "https://www.evinco.wine/"}, {"id": "muuu.eth", "name": "MuuuFinance", "twitter": "muuu_fi", "proposalsCount": 32, "votesCount": 555, "followersCount": 107, "website": "https://muuu.finance/"}, {"id": "xingzepeng.eth", "name": "WILL", "twitter": null, "proposalsCount": 20, "votesCount": 414, "followersCount": 353, "website": null}, {"id": "hewerclan.eth", "name": "Hewer Clan DAO", "twitter": null, "proposalsCount": 19, "votesCount": 754, "followersCount": 63, "website": null}, {"id": "coniun.eth", "name": "Coniun Pass", "twitter": "Coniunio", "proposalsCount": 2, "votesCount": 775, "followersCount": 57, "website": "https://coniun.io/"}, {"id": "upsidedao.eth", "name": "UpsideD\u2200O", "twitter": "Upside_DAO", "proposalsCount": 55, "votesCount": 736, "followersCount": 43, "website": null}]