[{"id": "huobic2c.eth", "name": "Nice Work", "twitter": "Alearnday", "proposalsCount": 1, "votesCount": 2, "followersCount": 18, "website": null}, {"id": "huxueli.eth", "name": "huxueli", "twitter": null, "proposalsCount": 5, "votesCount": 1086, "followersCount": 1, "website": null}, {"id": "huydspace.eth", "name": "huyd", "twitter": null, "proposalsCount": 0, "votesCount": 0, "followersCount": 0, "website": null}, {"id": "hwonder.eth", "name": "test2", "twitter": null, "proposalsCount": 1, "votesCount": 1, "followersCount": 1, "website": null}, {"id": "hybridx.eth", "name": "hybridx exchange", "twitter": null, "proposalsCount": 5, "votesCount": 8, "followersCount": 4, "website": null}, {"id": "hydragoerli.eth", "name": "Hydra Goerli", "twitter": null, "proposalsCount": 0, "votesCount": 0, "followersCount": 2, "website": null}, {"id": "hyhgd8.eth", "name": "\u865a\u62df\u5e01\u4e4b\u5bb6", "twitter": null, "proposalsCount": 3, "votesCount": 12, "followersCount": 6, "website": null}, {"id": "hypergem.eth", "name": "HYPERGEM", "twitter": null, "proposalsCount": 1, "votesCount": 4, "followersCount": 3, "website": null}, {"id": "hypeverse.eth", "name": "HypeVerse", "twitter": "", "proposalsCount": 0, "votesCount": 0, "followersCount": 1, "website": null}, {"id": "hyundai-motors.eth", "name": "we are hyundai", "twitter": null, "proposalsCount": 4, "votesCount": 4, "followersCount": 3, "website": null}, {"id": "i-coin.eth", "name": "coin", "twitter": null, "proposalsCount": 15, "votesCount": 258, "followersCount": 3, "website": null}, {"id": "iamnation.eth", "name": "I AM Nation", "twitter": null, "proposalsCount": 0, "votesCount": 0, "followersCount": 1, "website": null}, {"id": "iamyoutuber10.eth", "name": "iamyoutuber10.eth", "twitter": null, "proposalsCount": 0, "votesCount": 0, "followersCount": 1, "website": null}, {"id": "ianyin.eth", "name": "Peanut", "twitter": null, "proposalsCount": 0, "votesCount": 0, "followersCount": 0, "website": null}, {"id": "iavorskyi.eth", "name": "Iavorskyi", "twitter": null, "proposalsCount": 0, "votesCount": 0, "followersCount": 0, "website": null}, {"id": "iayanami.eth", "name": "AyanamiDAO", "twitter": "iayanami", "proposalsCount": 1, "votesCount": 1, "followersCount": 2, "website": null}, {"id": "ibeat.eth", "name": "relax", "twitter": null, "proposalsCount": 5, "votesCount": 29, "followersCount": 12, "website": null}, {"id": "ibeing.eth", "name": "beingdao", "twitter": null, "proposalsCount": 1, "votesCount": 1, "followersCount": 1, "website": null}, {"id": "ibnuatahillahkamil.eth", "name": "ibnu Atahillah Kamil", "twitter": "Pramoed7160687", "proposalsCount": 0, "votesCount": 0, "followersCount": 1, "website": "https://snapshot.org/#/setup/ibnuatahillahkamil.eth?step=2"}, {"id": "ibridge.eth", "name": "arh999_DAO", "twitter": null, "proposalsCount": 1, "votesCount": 3, "followersCount": 0, "website": null}]