[{"id": "dreamtown.eth", "name": "dreamtown.eth", "twitter": null, "proposalsCount": 1, "votesCount": 0, "followersCount": 2, "website": null}, {"id": "drinkboring.eth", "name": "Boring Energy", "twitter": "drinkboring", "proposalsCount": 0, "votesCount": 0, "followersCount": 3, "website": "https://www.drinkboring.com/"}, {"id": "drlily.eth", "name": "Lily Adams", "twitter": "dr_lilyyy", "proposalsCount": 1, "votesCount": 1, "followersCount": 1, "website": null}, {"id": "drmsyndicate.eth", "name": "DRM Syndicate", "twitter": "TheEdenDao", "proposalsCount": 0, "votesCount": 0, "followersCount": 3, "website": null}, {"id": "drug.ensmaxisfam.eth", "name": "DRUGDAO", "twitter": null, "proposalsCount": 1, "votesCount": 1, "followersCount": 1, "website": null}, {"id": "drug.joints.eth", "name": "DRUGSDAO", "twitter": null, "proposalsCount": 1, "votesCount": 1, "followersCount": 1, "website": null}, {"id": "drugs.criptotwitter.eth", "name": "drugsDAO", "twitter": null, "proposalsCount": 1, "votesCount": 1, "followersCount": 1, "website": null}, {"id": "drugs.joints.eth", "name": "DRUGSDAO", "twitter": null, "proposalsCount": 1, "votesCount": 1, "followersCount": 1, "website": null}, {"id": "duanhui.eth", "name": "dhh", "twitter": "hguospicoted", "proposalsCount": 1, "votesCount": 0, "followersCount": 2, "website": null}, {"id": "duckdrop.eth", "name": "DuckDrop", "twitter": "itstheshipasia", "proposalsCount": 1, "votesCount": 0, "followersCount": 2, "website": "https://www.itstheship.com/duckdrop"}, {"id": "dukt.eth", "name": "DuKet", "twitter": "duktSquad", "proposalsCount": 0, "votesCount": 0, "followersCount": 3, "website": "https://shynz.com/duket/"}, {"id": "dv88v.eth", "name": "vdv33", "twitter": null, "proposalsCount": 1, "votesCount": 1, "followersCount": 1, "website": null}, {"id": "dvd.criptotwitter.eth", "name": "dvdDAO", "twitter": null, "proposalsCount": 1, "votesCount": 1, "followersCount": 1, "website": null}, {"id": "dvd.joints.eth", "name": "DVDDAO", "twitter": null, "proposalsCount": 1, "votesCount": 1, "followersCount": 1, "website": null}, {"id": "dydx-eth.eth", "name": "DYDX DAO", "twitter": null, "proposalsCount": 1, "votesCount": 1, "followersCount": 1, "website": null}, {"id": "dydx9.eth", "name": "dydx9", "twitter": null, "proposalsCount": 1, "votesCount": 1, "followersCount": 1, "website": null}, {"id": "eamke.eth", "name": "eamke", "twitter": null, "proposalsCount": 1, "votesCount": 1, "followersCount": 1, "website": null}, {"id": "eauty.eth", "name": "eauty", "twitter": null, "proposalsCount": 1, "votesCount": 1, "followersCount": 1, "website": null}, {"id": "ebonynivory.eth", "name": "EbonyNIvory", "twitter": null, "proposalsCount": 1, "votesCount": 1, "followersCount": 1, "website": null}, {"id": "ebrwn.eth", "name": "ebrown DAO", "twitter": "brownstone26", "proposalsCount": 1, "votesCount": 0, "followersCount": 2, "website": null}]