[{"id": "hotcross.eth", "name": "Hot Cross", "twitter": "hotcrosscom", "proposalsCount": 0, "votesCount": 0, "followersCount": 18, "website": "https://hotcross.com/"}, {"id": "ibdepositors.eth", "name": "IB Depositors", "twitter": null, "proposalsCount": 2, "votesCount": 13, "followersCount": 3, "website": null}, {"id": "ibraman.eth", "name": "pool party", "twitter": "ibramaman1982", "proposalsCount": 2, "votesCount": 15, "followersCount": 1, "website": null}, {"id": "iiooiioo.eth", "name": "ss123", "twitter": null, "proposalsCount": 6, "votesCount": 6, "followersCount": 6, "website": null}, {"id": "imtokenofficial.eth", "name": "imToken", "twitter": null, "proposalsCount": 2, "votesCount": 8, "followersCount": 8, "website": null}, {"id": "kanyu.eth", "name": "kanyu", "twitter": null, "proposalsCount": 1, "votesCount": 1, "followersCount": 16, "website": null}, {"id": "kbdeli.eth", "name": "KBDELIGRILLDAO", "twitter": "kbdeligrillnft", "proposalsCount": 3, "votesCount": 8, "followersCount": 7, "website": "https://www.kbdeligrillnft.com"}, {"id": "lambolab.eth", "name": "FioloWi", "twitter": null, "proposalsCount": 3, "votesCount": 13, "followersCount": 2, "website": null}, {"id": "liquispace.eth", "name": "Liqui", "twitter": "liqui_space", "proposalsCount": 1, "votesCount": 15, "followersCount": 2, "website": "https://liqui.space/"}, {"id": "liuxu.eth", "name": "liuxu", "twitter": null, "proposalsCount": 0, "votesCount": 0, "followersCount": 18, "website": null}, {"id": "losersdao.eth", "name": "LosersDao", "twitter": null, "proposalsCount": 2, "votesCount": 6, "followersCount": 10, "website": null}, {"id": "lovebnb.eth", "name": "lovebnbDAO", "twitter": null, "proposalsCount": 1, "votesCount": 8, "followersCount": 9, "website": null}, {"id": "maomini.eth", "name": "ssd", "twitter": null, "proposalsCount": 6, "votesCount": 6, "followersCount": 6, "website": null}, {"id": "neofantasydao.eth", "name": "NEOFANTASY_DAO", "twitter": "NEOFANTASY_Game", "proposalsCount": 1, "votesCount": 8, "followersCount": 9, "website": "https://neofantasy.nextype.finance/"}, {"id": "nftat.eth", "name": "NFTat_DAO (beta)", "twitter": "NFTat_DAO", "proposalsCount": 6, "votesCount": 5, "followersCount": 7, "website": null}, {"id": "noven0.eth", "name": "NovenTestSpace", "twitter": null, "proposalsCount": 12, "votesCount": 3, "followersCount": 3, "website": "https://www.google.com"}, {"id": "oneliquiditydao.eth", "name": "ONE Liquidity DAO", "twitter": null, "proposalsCount": 2, "votesCount": 7, "followersCount": 9, "website": null}, {"id": "panvalaleague.eth", "name": "zhangenchang", "twitter": null, "proposalsCount": 2, "votesCount": 8, "followersCount": 8, "website": null}, {"id": "playmining.eth", "name": "PlayMining", "twitter": null, "proposalsCount": 1, "votesCount": 8, "followersCount": 9, "website": null}, {"id": "polywhirl.eth", "name": "PolyWhirl", "twitter": "PolyWhirlHQ", "proposalsCount": 1, "votesCount": 10, "followersCount": 7, "website": null}]