[{"id": "pythostoken.eth", "name": "PythosToken", "twitter": null, "proposalsCount": 2, "votesCount": 4, "followersCount": 1, "website": null}, {"id": "qq520.eth", "name": "520", "twitter": null, "proposalsCount": 3, "votesCount": 3, "followersCount": 1, "website": null}, {"id": "rcastag.eth", "name": "Future Foundations for Happiness", "twitter": "rcastag", "proposalsCount": 1, "votesCount": 6, "followersCount": 0, "website": null}, {"id": "rvscvnx.eth", "name": "rvscvnx", "twitter": null, "proposalsCount": 2, "votesCount": 4, "followersCount": 1, "website": null}, {"id": "sadboobs.eth", "name": "sadboobs", "twitter": null, "proposalsCount": 2, "votesCount": 4, "followersCount": 1, "website": null}, {"id": "scalpel.eth", "name": "scalpeldao", "twitter": null, "proposalsCount": 4, "votesCount": 2, "followersCount": 1, "website": null}, {"id": "super-i.eth", "name": "Super-Individuals", "twitter": null, "proposalsCount": 3, "votesCount": 3, "followersCount": 1, "website": null}, {"id": "supersam.eth", "name": "SuperSam", "twitter": null, "proposalsCount": 4, "votesCount": 2, "followersCount": 1, "website": null}, {"id": "thedecisionmakers.eth", "name": "TheDecisionMakers", "twitter": null, "proposalsCount": 1, "votesCount": 6, "followersCount": 0, "website": null}, {"id": "treth.eth", "name": "Morocco DAO", "twitter": "cpte_official", "proposalsCount": 3, "votesCount": 3, "followersCount": 1, "website": "https://cpte-org.github.io/"}, {"id": "ulu", "name": "Ulu", "twitter": null, "proposalsCount": 6, "votesCount": 0, "followersCount": 1, "website": null}, {"id": "velorum.eth", "name": "Velorum space :)", "twitter": null, "proposalsCount": 2, "votesCount": 4, "followersCount": 1, "website": null}, {"id": "wallstreetbetstoken.eth", "name": "Wallstreetbets Token", "twitter": null, "proposalsCount": 6, "votesCount": 0, "followersCount": 1, "website": null}, {"id": "web3\u5de8\u7329.eth", "name": "\u5de8\u7329\u7684\u7a7a\u95f4", "twitter": "Web3bigapeEth", "proposalsCount": 4, "votesCount": 2, "followersCount": 1, "website": null}, {"id": "yachovcohen.eth", "name": "Cyber Roos", "twitter": null, "proposalsCount": 2, "votesCount": 4, "followersCount": 1, "website": null}, {"id": "zak3939.eth", "name": "hackathon attestation", "twitter": null, "proposalsCount": 3, "votesCount": 3, "followersCount": 1, "website": "https://eth-global-tokyo-chi.vercel.app/"}, {"id": "zemingjiang.eth", "name": "SquirrelDAO", "twitter": null, "proposalsCount": 4, "votesCount": 2, "followersCount": 1, "website": null}, {"id": "zmchen.eth", "name": "zmchen", "twitter": "zmchen3", "proposalsCount": 1, "votesCount": 0, "followersCount": 6, "website": null}, {"id": "\u53f0\u7063\u7368\u7acb\u842c\u6b72.eth", "name": "\u53f0\u7063\u7368\u7acb\u842c\u6b72", "twitter": null, "proposalsCount": 2, "votesCount": 4, "followersCount": 1, "website": null}, {"id": "\u20bf7000.eth", "name": "new note", "twitter": null, "proposalsCount": 2, "votesCount": 4, "followersCount": 1, "website": null}]