[{"id": "simplyclassic.pro100classic.eth", "name": "pro100classic", "twitter": null, "proposalsCount": 0, "votesCount": 0, "followersCount": 1, "website": null}, {"id": "sin7dao.eth", "name": "sin7dao", "twitter": null, "proposalsCount": 6, "votesCount": 52, "followersCount": 6, "website": null}, {"id": "singaporeexchange.eth", "name": "Singaporeexchange", "twitter": null, "proposalsCount": 2, "votesCount": 10, "followersCount": 1, "website": null}, {"id": "singleline.eth", "name": "singleline", "twitter": null, "proposalsCount": 1, "votesCount": 1, "followersCount": 1, "website": null}, {"id": "singularities.eth", "name": "freedom", "twitter": null, "proposalsCount": 1, "votesCount": 43, "followersCount": 3, "website": null}, {"id": "singularts.eth", "name": "Singularts", "twitter": null, "proposalsCount": 5, "votesCount": 52, "followersCount": 10, "website": null}, {"id": "sinod.eth", "name": "Anukapallylaxmi", "twitter": null, "proposalsCount": 0, "votesCount": 0, "followersCount": 1, "website": null}, {"id": "siradipity.eth", "name": "Siradipity ", "twitter": null, "proposalsCount": 0, "votesCount": 0, "followersCount": 0, "website": "https://www.highdrip.store"}, {"id": "sirshrek.eth", "name": "Shrek Ventures", "twitter": null, "proposalsCount": 0, "votesCount": 0, "followersCount": 0, "website": null}, {"id": "sisonkebiotik.eth", "name": "SisonkeBiotik", "twitter": "SBiotik", "proposalsCount": 4, "votesCount": 3, "followersCount": 3, "website": "https://www.sisonkebiotik.africa/"}, {"id": "sixpistols.eth", "name": "SixPistols", "twitter": "Sulfuras5", "proposalsCount": 1, "votesCount": 2, "followersCount": 2, "website": "https://twitter.com/Sulfuras5"}, {"id": "sixthsensedao.eth", "name": "SixthsenseDAO", "twitter": "6thsenseDAO", "proposalsCount": 0, "votesCount": 0, "followersCount": 8, "website": "https://discord.gg/8wYRCYc5Je"}, {"id": "sixtoone.eth", "name": "6-1", "twitter": null, "proposalsCount": 3, "votesCount": 2, "followersCount": 1, "website": null}, {"id": "siyue.eth", "name": "siyue", "twitter": null, "proposalsCount": 1, "votesCount": 2, "followersCount": 2, "website": null}, {"id": "sjx520.eth", "name": "opyn", "twitter": null, "proposalsCount": 5, "votesCount": 27, "followersCount": 7, "website": null}, {"id": "skanda.eth", "name": "TEST", "twitter": null, "proposalsCount": 6, "votesCount": 3, "followersCount": 12, "website": null}, {"id": "skcryptota.eth", "name": "Sahil Khandelwal", "twitter": null, "proposalsCount": 0, "votesCount": 0, "followersCount": 1, "website": null}, {"id": "skeletonzgang.eth", "name": "Skeletonz Gang", "twitter": "skeletonzgang", "proposalsCount": 0, "votesCount": 0, "followersCount": 0, "website": null}, {"id": "skivegaspl.eth", "name": "Szymek", "twitter": null, "proposalsCount": 0, "votesCount": 0, "followersCount": 1, "website": null}, {"id": "sklarski.eth", "name": "Use your earned voice", "twitter": null, "proposalsCount": 0, "votesCount": 0, "followersCount": 0, "website": null}]