[{"id": "qiqi88.eth", "name": "gn\u793e\u533a", "twitter": null, "proposalsCount": 4, "votesCount": 5, "followersCount": 6, "website": null}, {"id": "reckoners.eth", "name": "The Reckoning Council", "twitter": null, "proposalsCount": 5, "votesCount": 6, "followersCount": 4, "website": null}, {"id": "shifuthemaster.eth", "name": "Shifu The Master", "twitter": "shifuthemaster1", "proposalsCount": 0, "votesCount": 0, "followersCount": 15, "website": "https://shifuthemaster.com"}, {"id": "shotx.eth", "name": "whiskey", "twitter": null, "proposalsCount": 0, "votesCount": 0, "followersCount": 15, "website": null}, {"id": "solacefi.eth", "name": "Solace", "twitter": "SolaceFi", "proposalsCount": 1, "votesCount": 2, "followersCount": 12, "website": "https://solace.fi"}, {"id": "stupidexperiments.eth", "name": "Stupid Experiments", "twitter": null, "proposalsCount": 15, "votesCount": 0, "followersCount": 0, "website": null}, {"id": "surf.finance", "name": "Surf.Finance", "twitter": "surf_defi", "proposalsCount": 1, "votesCount": 8, "followersCount": 6, "website": "https://surf.finance"}, {"id": "thedeviousdead.eth", "name": "The Devious Vote", "twitter": "devious_deadNFT", "proposalsCount": 0, "votesCount": 0, "followersCount": 15, "website": "https://www.thedeviousdead.xyz"}, {"id": "thethreebody.eth", "name": "SmallDAO", "twitter": null, "proposalsCount": 2, "votesCount": 9, "followersCount": 4, "website": null}, {"id": "vargru.eth", "name": "VARG.RU", "twitter": null, "proposalsCount": 1, "votesCount": 11, "followersCount": 3, "website": null}, {"id": "vcure.eth", "name": "vcure.ethbadger", "twitter": null, "proposalsCount": 2, "votesCount": 0, "followersCount": 13, "website": null}, {"id": "wenyuxin.eth", "name": "wenandzhu", "twitter": null, "proposalsCount": 2, "votesCount": 2, "followersCount": 11, "website": null}, {"id": "wifis.eth", "name": "wifis", "twitter": null, "proposalsCount": 3, "votesCount": 8, "followersCount": 4, "website": null}, {"id": "xf0707.eth", "name": "XF", "twitter": "XF108662631", "proposalsCount": 9, "votesCount": 4, "followersCount": 2, "website": null}, {"id": "xmon.eth", "name": "0xmons", "twitter": null, "proposalsCount": 2, "votesCount": 4, "followersCount": 9, "website": null}, {"id": "6000140.eth", "name": "reth", "twitter": "MariellenRashad", "proposalsCount": 2, "votesCount": 10, "followersCount": 2, "website": null}, {"id": "61988.eth", "name": "61988", "twitter": null, "proposalsCount": 2, "votesCount": 7, "followersCount": 5, "website": null}, {"id": "668888.eth", "name": "668888", "twitter": "Simon37449423", "proposalsCount": 2, "votesCount": 1, "followersCount": 11, "website": null}, {"id": "81610.eth", "name": "81610", "twitter": null, "proposalsCount": 2, "votesCount": 5, "followersCount": 7, "website": null}, {"id": "adeptcamp.eth", "name": "Adept Camp", "twitter": null, "proposalsCount": 5, "votesCount": 4, "followersCount": 5, "website": null}]