[{"id": "onchainlabs.eth", "name": "Onchain Labs", "twitter": null, "proposalsCount": 5, "votesCount": 365, "followersCount": 5, "website": null}, {"id": "ondotokenfinancetest.eth", "name": "TestOndoToken", "twitter": null, "proposalsCount": 1, "votesCount": 7, "followersCount": 1, "website": null}, {"id": "one22.eth", "name": "farmers", "twitter": "yogeshk38507627", "proposalsCount": 1, "votesCount": 6, "followersCount": 6, "website": null}, {"id": "one33.eth", "name": "egg", "twitter": "Sushilk56939337", "proposalsCount": 1, "votesCount": 6, "followersCount": 5, "website": null}, {"id": "one55.eth", "name": "pig", "twitter": "RakeshR96752672", "proposalsCount": 1, "votesCount": 6, "followersCount": 6, "website": null}, {"id": "one66.eth", "name": "elon", "twitter": null, "proposalsCount": 1, "votesCount": 6, "followersCount": 6, "website": null}, {"id": "onehm.eth", "name": "onetxs", "twitter": null, "proposalsCount": 1, "votesCount": 1, "followersCount": 1, "website": null}, {"id": "oneplusindia.eth", "name": "vismitjain", "twitter": "vismitsjain", "proposalsCount": 0, "votesCount": 0, "followersCount": 0, "website": null}, {"id": "onetxs.eth", "name": "onetxs", "twitter": null, "proposalsCount": 0, "votesCount": 0, "followersCount": 1, "website": null}, {"id": "onium.eth", "name": "test 1", "twitter": null, "proposalsCount": 0, "votesCount": 0, "followersCount": 0, "website": null}, {"id": "only8887.eth", "name": "love", "twitter": null, "proposalsCount": 1, "votesCount": 1, "followersCount": 1, "website": null}, {"id": "onmywayua.eth", "name": "onmywayua", "twitter": null, "proposalsCount": 0, "votesCount": 0, "followersCount": 2, "website": "https://omwua.nl"}, {"id": "onyxmovement.eth", "name": "Onyx Movement", "twitter": "OnyxEthereum", "proposalsCount": 17, "votesCount": 110, "followersCount": 29, "website": "https://www.onyx.wtf"}, {"id": "oopke.eth", "name": "fwe", "twitter": null, "proposalsCount": 0, "votesCount": 0, "followersCount": 0, "website": null}, {"id": "oozoidwarriors.eth", "name": "Oozoids", "twitter": "Oozoids", "proposalsCount": 0, "votesCount": 0, "followersCount": 1, "website": "https://oozoids.com/"}, {"id": "op002.eth", "name": "op002", "twitter": null, "proposalsCount": 2, "votesCount": 3, "followersCount": 2, "website": null}, {"id": "opencoinxrp.eth", "name": "nftmu", "twitter": null, "proposalsCount": 1, "votesCount": 7, "followersCount": 0, "website": null}, {"id": "opencord.eth", "name": "Opencord", "twitter": "opencorddotxyz", "proposalsCount": 1, "votesCount": 13, "followersCount": 8, "website": "https://www.opencord.xyz"}, {"id": "opencurrnt.eth", "name": "OpenCurrnt", "twitter": null, "proposalsCount": 0, "votesCount": 0, "followersCount": 1, "website": null}, {"id": "openhedge.eth", "name": "Test 33", "twitter": null, "proposalsCount": 0, "votesCount": 0, "followersCount": 0, "website": null}]