[{"id": "ochoco.eth", "name": "test", "twitter": null, "proposalsCount": 4, "votesCount": 4, "followersCount": 17, "website": null}, {"id": "phyye.eth", "name": "LEAFDAO", "twitter": "Limin1024", "proposalsCount": 3, "votesCount": 10, "followersCount": 12, "website": null}, {"id": "pixelponys.eth", "name": "Pixel Ponys", "twitter": null, "proposalsCount": 2, "votesCount": 12, "followersCount": 11, "website": "https://pixelponys.com"}, {"id": "qiaomeng.eth", "name": "QiaoMeng", "twitter": null, "proposalsCount": 5, "votesCount": 15, "followersCount": 5, "website": null}, {"id": "raccoonsclub.eth", "name": "Raccoons NFT", "twitter": "RaccoonsNFT", "proposalsCount": 1, "votesCount": 20, "followersCount": 4, "website": null}, {"id": "raetoken.eth", "name": "RAE Token", "twitter": "RAEToken", "proposalsCount": 1, "votesCount": 20, "followersCount": 4, "website": "https://raetoken.org"}, {"id": "robmerki.eth", "name": "Robert Test", "twitter": null, "proposalsCount": 22, "votesCount": 0, "followersCount": 3, "website": null}, {"id": "sensodao.eth", "name": "SENSO DAO", "twitter": "SensoriumGalaxy", "proposalsCount": 0, "votesCount": 0, "followersCount": 25, "website": "https://sensoriumxr.com/"}, {"id": "shakandao.eth", "name": "Shakan's Vision", "twitter": "Shakansvision", "proposalsCount": 2, "votesCount": 12, "followersCount": 11, "website": "https://www.shakans.vision/"}, {"id": "smartdoge.eth", "name": "SmartDoge", "twitter": "smartdogebch", "proposalsCount": 2, "votesCount": 7, "followersCount": 16, "website": null}, {"id": "spantale.eth", "name": "Spantale ", "twitter": "spantaleoff", "proposalsCount": 1, "votesCount": 17, "followersCount": 7, "website": null}, {"id": "stampclub.eth", "name": "StampClub", "twitter": null, "proposalsCount": 3, "votesCount": 16, "followersCount": 6, "website": null}, {"id": "starbank.eth", "name": "STELLVIA", "twitter": "PrinceDorgon", "proposalsCount": 4, "votesCount": 17, "followersCount": 4, "website": null}, {"id": "tebcommunity.eth", "name": "TEB DAO", "twitter": null, "proposalsCount": 0, "votesCount": 0, "followersCount": 25, "website": null}, {"id": "web323.eth", "name": "ym", "twitter": "VeraBir00227262", "proposalsCount": 2, "votesCount": 22, "followersCount": 1, "website": "https://twitter.com/VeraBir00227262"}, {"id": "yel-finance.eth", "name": "YEL Finance", "twitter": "yel_finance", "proposalsCount": 2, "votesCount": 2, "followersCount": 21, "website": "https://yel.finance"}, {"id": "yfl.meme0xb1.eth", "name": "MEME x 0xB1 Comp: $YFL", "twitter": null, "proposalsCount": 1, "votesCount": 23, "followersCount": 1, "website": null}, {"id": "yuan", "name": "Yuan Finance", "twitter": null, "proposalsCount": 3, "votesCount": 21, "followersCount": 1, "website": null}, {"id": "zhengdao.eth", "name": "ZDAO CLUB", "twitter": null, "proposalsCount": 1, "votesCount": 23, "followersCount": 1, "website": null}, {"id": "20081031.eth", "name": "\u5bfb\u5b9dDAO", "twitter": null, "proposalsCount": 1, "votesCount": 22, "followersCount": 1, "website": null}]