[{"id": "lexdao.eth", "name": "LexDAO", "twitter": null, "proposalsCount": 42, "votesCount": 501, "followersCount": 66, "website": null}, {"id": "faradao.eth", "name": "vote.faraland.io", "twitter": "faraland_io", "proposalsCount": 14, "votesCount": 1563, "followersCount": 173, "website": "https://faraland.io/"}, {"id": "vidt-dao.eth", "name": "VIDT DAO", "twitter": "VIDT_DAO", "proposalsCount": 13, "votesCount": 414, "followersCount": 21, "website": "https://vidt-dao.com/"}, {"id": "boverse.eth", "name": "BOHR", "twitter": "BOHRweb", "proposalsCount": 18, "votesCount": 1467, "followersCount": 211, "website": null}, {"id": "gemach.eth", "name": "Gemach DAO", "twitter": null, "proposalsCount": 4, "votesCount": 27, "followersCount": 13, "website": null}, {"id": "punksville.eth", "name": "FrankenDAO", "twitter": "3dFrankenPunks", "proposalsCount": 26, "votesCount": 951, "followersCount": 65, "website": "https://3dfrankenpunks.com"}, {"id": "arb01.eth", "name": "dingo1688", "twitter": null, "proposalsCount": 9, "votesCount": 16, "followersCount": 9, "website": null}, {"id": "xrc.eth", "name": "X Rabbits Club", "twitter": "xrabbitsclub", "proposalsCount": 7, "votesCount": 1563, "followersCount": 153, "website": null}, {"id": "stackedtoadzdao.eth", "name": "StackedToadz", "twitter": "StackedToads", "proposalsCount": 31, "votesCount": 1537, "followersCount": 139, "website": null}, {"id": "jackygu.eth", "name": "erc20.cash", "twitter": "jackygu2020", "proposalsCount": 7, "votesCount": 1568, "followersCount": 114, "website": "https://erc20.cash"}, {"id": "cpuhot.eth", "name": "photon", "twitter": null, "proposalsCount": 2, "votesCount": 30, "followersCount": 1, "website": null}, {"id": "candydaowb.eth", "name": "\u641egitcoin\u7684\u6765", "twitter": null, "proposalsCount": 16, "votesCount": 0, "followersCount": 17, "website": null}, {"id": "whikoland.eth", "name": "WHIKO \u8b0e\u306e\u751f\u7269", "twitter": "whiko_land", "proposalsCount": 5, "votesCount": 1301, "followersCount": 360, "website": "https://whiko.io/"}, {"id": "nusicautonomous.eth", "name": "NUSIC Voting", "twitter": null, "proposalsCount": 1, "votesCount": 995, "followersCount": 667, "website": null}, {"id": "xcmg-for-real.eth", "name": "XCMG For Real", "twitter": "WEB3_XCMG", "proposalsCount": 3, "votesCount": 1597, "followersCount": 61, "website": "https://web3.xcmg.com"}, {"id": "inversefinance.eth", "name": "Inverse Finance", "twitter": "InverseFinance", "proposalsCount": 25, "votesCount": 1591, "followersCount": 37, "website": null}, {"id": "richdaomoney.eth", "name": "RICH DAO", "twitter": "RichDAO_money", "proposalsCount": 10, "votesCount": 1293, "followersCount": 350, "website": null}, {"id": "zunamidao.eth", "name": "Zunami Protocol", "twitter": "ZunamiProtocol", "proposalsCount": 14, "votesCount": 364, "followersCount": 225, "website": "https://www.zunami.io/"}, {"id": "congruentdao.eth", "name": "CongruentDao", "twitter": "CongruentFi", "proposalsCount": 8, "votesCount": 1533, "followersCount": 111, "website": null}, {"id": "vedaogov.eth", "name": "veDao", "twitter": "_veDAO_", "proposalsCount": 21, "votesCount": 1411, "followersCount": 218, "website": null}]