[{"id": "zhangfly.eth", "name": "flyzhang", "twitter": null, "proposalsCount": 1, "votesCount": 1, "followersCount": 1, "website": null}, {"id": "zhangfu.eth", "name": "\u5e74\u8f7b\u4eba\u7684\u5929\u7a7a", "twitter": null, "proposalsCount": 17, "votesCount": 11, "followersCount": 22, "website": null}, {"id": "zhangjiajia.eth", "name": "zhangjiajia", "twitter": null, "proposalsCount": 3, "votesCount": 3, "followersCount": 3, "website": null}, {"id": "zhangjinfeng.eth", "name": "zhangjinfeng.eth", "twitter": null, "proposalsCount": 0, "votesCount": 0, "followersCount": 1, "website": null}, {"id": "zhangjingjiang.eth", "name": "lentil", "twitter": null, "proposalsCount": 1, "votesCount": 7, "followersCount": 1, "website": null}, {"id": "zhangtiger.eth", "name": "MB100", "twitter": "laoren9_z", "proposalsCount": 0, "votesCount": 0, "followersCount": 1, "website": null}, {"id": "zhangyishan.eth", "name": "candy", "twitter": null, "proposalsCount": 1, "votesCount": 1, "followersCount": 0, "website": null}, {"id": "zhanwang.eth", "name": "\u5566\u5566\u5566\u5566\u5566", "twitter": null, "proposalsCount": 1, "votesCount": 6, "followersCount": 0, "website": null}, {"id": "zhanwenjie.eth", "name": "eth vote", "twitter": null, "proposalsCount": 8, "votesCount": 211, "followersCount": 8, "website": null}, {"id": "zhenghan.eth", "name": "Politics DAO", "twitter": null, "proposalsCount": 1, "votesCount": 1, "followersCount": 2, "website": null}, {"id": "zhengx1n.eth", "name": "zhengx1n", "twitter": null, "proposalsCount": 2, "votesCount": 6, "followersCount": 3, "website": null}, {"id": "zhognzhongku.eth", "name": "zhongkui199 club", "twitter": "zhongkui199", "proposalsCount": 5, "votesCount": 23, "followersCount": 9, "website": null}, {"id": "zhongshanchina.eth", "name": "zhongshan", "twitter": null, "proposalsCount": 1, "votesCount": 2, "followersCount": 2, "website": null}, {"id": "zht1688.eth", "name": "WEB\u4f53\u9a8c\u519b", "twitter": null, "proposalsCount": 1, "votesCount": 1, "followersCount": 0, "website": null}, {"id": "zhubajie.eth", "name": "jack club", "twitter": "tiantian996", "proposalsCount": 0, "votesCount": 0, "followersCount": 1, "website": "https://app.syndicate.io/clubs/0xf55b9b301447e4123600adf20179be73be12fe2a/manage?chain=mainnet"}, {"id": "zhudapang3.eth", "name": "polgon", "twitter": null, "proposalsCount": 181, "votesCount": 4150, "followersCount": 431, "website": null}, {"id": "zhulindong.eth", "name": "Polygon", "twitter": null, "proposalsCount": 194, "votesCount": 5207, "followersCount": 787, "website": null}, {"id": "zhuritian.eth", "name": "\u8fdc\u53e4\u5929\u5ead", "twitter": null, "proposalsCount": 1, "votesCount": 0, "followersCount": 2, "website": null}, {"id": "zhuzhubag.eth", "name": "the queen", "twitter": null, "proposalsCount": 0, "votesCount": 0, "followersCount": 1, "website": null}, {"id": "zhuzhuxia.eth", "name": "Do you think btc will $1000000?", "twitter": null, "proposalsCount": 2, "votesCount": 10, "followersCount": 7, "website": null}]