[{"id": "movedao.eth", "name": "Movement DAO", "twitter": "movedotxyz", "proposalsCount": 2, "votesCount": 27, "followersCount": 16, "website": "https://movedao.xyz"}, {"id": "airdrop.eth", "name": "Airdrop Protocol", "twitter": null, "proposalsCount": 0, "votesCount": 0, "followersCount": 45, "website": null}, {"id": "apyvision.eth", "name": "APY Vision", "twitter": "apyvision", "proposalsCount": 14, "votesCount": 6, "followersCount": 25, "website": null}, {"id": "b1mt.eth", "name": "b1MT governance", "twitter": "b1MT_", "proposalsCount": 7, "votesCount": 31, "followersCount": 7, "website": null}, {"id": "btcyou.eth", "name": "btcyou", "twitter": null, "proposalsCount": 1, "votesCount": 44, "followersCount": 0, "website": null}, {"id": "hmstrs.eth", "name": "Hamster Run DAO", "twitter": null, "proposalsCount": 9, "votesCount": 31, "followersCount": 5, "website": null}, {"id": "lagune.eth", "name": "Lagune DAO", "twitter": "LaguneDAO", "proposalsCount": 5, "votesCount": 32, "followersCount": 8, "website": null}, {"id": "onhealth.eth", "name": "onhealth", "twitter": null, "proposalsCount": 1, "votesCount": 44, "followersCount": 0, "website": null}, {"id": "owlscollective.eth", "name": "Owls Collective", "twitter": "owlswtf", "proposalsCount": 1, "votesCount": 23, "followersCount": 21, "website": "https://owls.wtf"}, {"id": "speakerheads.eth", "name": "SpeakerHeads", "twitter": "speakerheadsnft", "proposalsCount": 1, "votesCount": 26, "followersCount": 18, "website": null}, {"id": "sztencent.eth", "name": "TENCENT", "twitter": null, "proposalsCount": 3, "votesCount": 24, "followersCount": 18, "website": null}, {"id": "terate.eth", "name": "TERATE CAPITAL", "twitter": null, "proposalsCount": 1, "votesCount": 22, "followersCount": 22, "website": null}, {"id": "trism.eth", "name": "Trism", "twitter": "trismtoken", "proposalsCount": 3, "votesCount": 38, "followersCount": 4, "website": null}, {"id": "ctena.eth", "name": "Ctena", "twitter": "catenaprotocol", "proposalsCount": 4, "votesCount": 31, "followersCount": 10, "website": null}, {"id": "frozentomb.eth", "name": "Frozentomb", "twitter": "snow_tomb", "proposalsCount": 1, "votesCount": 2, "followersCount": 42, "website": null}, {"id": "huangdou.eth", "name": "BLOCKVERSE", "twitter": "blockverse", "proposalsCount": 3, "votesCount": 12, "followersCount": 30, "website": null}, {"id": "lifuying.eth", "name": "lifuyingdao", "twitter": null, "proposalsCount": 1, "votesCount": 29, "followersCount": 15, "website": null}, {"id": "magmaverse.eth", "name": "MAgmAVERSE", "twitter": "magmaverse", "proposalsCount": 3, "votesCount": 29, "followersCount": 13, "website": "https://www.magmaverse.io"}, {"id": "mdao3.eth", "name": "Mdao3", "twitter": "Mdao3_metaverse", "proposalsCount": 1, "votesCount": 35, "followersCount": 9, "website": "https://www.mdao3.com"}, {"id": "polygendao.eth", "name": "Polygen Launchpad DAO", "twitter": "polygen_io", "proposalsCount": 2, "votesCount": 18, "followersCount": 25, "website": null}]