[{"id": "flowswap.eth", "name": "flowswap", "twitter": null, "proposalsCount": 1, "votesCount": 1, "followersCount": 1, "website": null}, {"id": "fluffies.eth", "name": "Fluffies DAO", "twitter": "metafluffies", "proposalsCount": 0, "votesCount": 0, "followersCount": 1, "website": null}, {"id": "fluiddao.eth", "name": "FLUID DAO", "twitter": null, "proposalsCount": 0, "votesCount": 0, "followersCount": 3, "website": null}, {"id": "fluxtoken.eth", "name": "metabird", "twitter": null, "proposalsCount": 11, "votesCount": 173, "followersCount": 2, "website": null}, {"id": "fly66.eth", "name": "toucan", "twitter": "Mohdirshadalam5", "proposalsCount": 1, "votesCount": 6, "followersCount": 22, "website": null}, {"id": "flyaway9999.eth", "name": "fireman", "twitter": null, "proposalsCount": 1, "votesCount": 1, "followersCount": 1, "website": null}, {"id": "flyfox.eth", "name": "test space - zaq", "twitter": null, "proposalsCount": 31, "votesCount": 33, "followersCount": 21, "website": null}, {"id": "flyingfoxdao.eth", "name": "Flying fox DAO", "twitter": null, "proposalsCount": 0, "votesCount": 0, "followersCount": 2, "website": null}, {"id": "fml6991.eth", "name": "fierce man league", "twitter": null, "proposalsCount": 6, "votesCount": 2, "followersCount": 3, "website": null}, {"id": "focuson.eth", "name": "foc", "twitter": null, "proposalsCount": 10, "votesCount": 12, "followersCount": 5, "website": null}, {"id": "followersdao.eth", "name": "Followers DAO", "twitter": null, "proposalsCount": 0, "votesCount": 0, "followersCount": 0, "website": null}, {"id": "fomotodie.eth", "name": "fomoDao", "twitter": null, "proposalsCount": 0, "votesCount": 0, "followersCount": 0, "website": null}, {"id": "fomoz.eth", "name": "1", "twitter": null, "proposalsCount": 1, "votesCount": 2, "followersCount": 1, "website": null}, {"id": "foobardev.eth", "name": "foobar", "twitter": "0xfoobar", "proposalsCount": 0, "votesCount": 0, "followersCount": 0, "website": null}, {"id": "football3.eth", "name": "Football3", "twitter": null, "proposalsCount": 0, "votesCount": 0, "followersCount": 0, "website": null}, {"id": "forev0.eth", "name": "RektDAO", "twitter": null, "proposalsCount": 87, "votesCount": 233, "followersCount": 225, "website": null}, {"id": "foreverforus.eth", "name": "icpMoon", "twitter": null, "proposalsCount": 0, "votesCount": 0, "followersCount": 0, "website": null}, {"id": "foreverwin.eth", "name": "Forever win", "twitter": null, "proposalsCount": 1, "votesCount": 1, "followersCount": 1, "website": null}, {"id": "forgear.eth", "name": "forgear", "twitter": null, "proposalsCount": 1, "votesCount": 5, "followersCount": 6, "website": null}, {"id": "forkforkfrokworkwork.eth", "name": "may", "twitter": null, "proposalsCount": 1, "votesCount": 1, "followersCount": 0, "website": null}]