[{"id": "ailisi.eth", "name": "\u7231\u4e3d\u4e1d", "twitter": null, "proposalsCount": 2, "votesCount": 4, "followersCount": 8, "website": null}, {"id": "ajthebest.eth", "name": "ajthebestspace", "twitter": null, "proposalsCount": 3, "votesCount": 6, "followersCount": 5, "website": null}, {"id": "akashanhu.eth", "name": "akashanhu", "twitter": null, "proposalsCount": 2, "votesCount": 2, "followersCount": 10, "website": null}, {"id": "allforclimate.eth", "name": "All for Climate DAO", "twitter": "all4climatedao", "proposalsCount": 3, "votesCount": 5, "followersCount": 6, "website": "https://dao.allforclimate.earth"}, {"id": "apestake.eth", "name": "ApeStake", "twitter": "apestake", "proposalsCount": 0, "votesCount": 0, "followersCount": 14, "website": null}, {"id": "asnapshot.eth", "name": "testsnapshot", "twitter": null, "proposalsCount": 4, "votesCount": 2, "followersCount": 8, "website": null}, {"id": "astrobabydao.eth", "name": "Astrobaby DAO", "twitter": "AstrobabyNFT", "proposalsCount": 1, "votesCount": 5, "followersCount": 8, "website": null}, {"id": "bkandfriends.eth", "name": "BKDAO", "twitter": "realBitKiller", "proposalsCount": 1, "votesCount": 6, "followersCount": 7, "website": "https://ki.bi"}, {"id": "bossybearclub.eth", "name": "Bossy Bear Club", "twitter": "BossyBearClub", "proposalsCount": 0, "votesCount": 0, "followersCount": 14, "website": null}, {"id": "btccoin.eth", "name": "btccoindao", "twitter": null, "proposalsCount": 1, "votesCount": 0, "followersCount": 13, "website": null}, {"id": "calabara.eth", "name": "calabara", "twitter": "calabarahq", "proposalsCount": 3, "votesCount": 7, "followersCount": 4, "website": null}, {"id": "car88.eth", "name": "WorkDAO", "twitter": null, "proposalsCount": 2, "votesCount": 6, "followersCount": 6, "website": null}, {"id": "civilboy.eth", "name": "GOAL", "twitter": null, "proposalsCount": 3, "votesCount": 7, "followersCount": 4, "website": null}, {"id": "cryptoekip.eth", "name": "cryptoekip", "twitter": "cryptoekip_xyz", "proposalsCount": 0, "votesCount": 0, "followersCount": 14, "website": "https://cryptoekip.xyz"}, {"id": "cryptotitvag.eth", "name": "CryptoTitVags", "twitter": "CryptoTitVags", "proposalsCount": 1, "votesCount": 13, "followersCount": 0, "website": "https://cryptotitvags.wtf"}, {"id": "danwu.eth", "name": "Orca", "twitter": "orcaprotocol", "proposalsCount": 3, "votesCount": 10, "followersCount": 1, "website": "https://www.orcaprotocol.org"}, {"id": "dexkit.eth", "name": "DexKit", "twitter": "dexkit", "proposalsCount": 0, "votesCount": 0, "followersCount": 14, "website": "https://dexkit.com"}, {"id": "dice", "name": "DICE.FINANCE TOKEN", "twitter": null, "proposalsCount": 1, "votesCount": 13, "followersCount": 0, "website": null}, {"id": "dillchen.eth", "name": "Testing For Me", "twitter": null, "proposalsCount": 13, "votesCount": 0, "followersCount": 1, "website": null}, {"id": "drdoofus.eth", "name": "Dr Doofus", "twitter": null, "proposalsCount": 6, "votesCount": 5, "followersCount": 3, "website": null}]