[{"id": "interportfinance.eth", "name": "Interport Finance", "twitter": "interportfi", "proposalsCount": 1, "votesCount": 13, "followersCount": 84, "website": "https://interport.fi"}, {"id": "sixer.eth", "name": "SIXER", "twitter": "sixer", "proposalsCount": 205, "votesCount": 790, "followersCount": 3, "website": null}, {"id": "paragonsdao.eth", "name": "Paragons", "twitter": "ParagonsDAO", "proposalsCount": 21, "votesCount": 830, "followersCount": 95, "website": null}, {"id": "infinitelaunch.eth", "name": "Infinite Launch", "twitter": "InfiniteLaunch", "proposalsCount": 38, "votesCount": 868, "followersCount": 82, "website": null}, {"id": "\u4e2d\u56fd\u4f9b\u9500\u5408\u4f5c\u793e.eth", "name": "\u4f9b\u9500\u793e", "twitter": null, "proposalsCount": 11, "votesCount": 15, "followersCount": 12, "website": null}, {"id": "filao.eth", "name": "FiLAO", "twitter": null, "proposalsCount": 28, "votesCount": 906, "followersCount": 53, "website": null}, {"id": "punklens.eth", "name": "LensPunks", "twitter": "LensPunksNFT", "proposalsCount": 6, "votesCount": 263, "followersCount": 217, "website": "https://lenspunks.xyz"}, {"id": "\u72c2\u5954\u7684\u8717\u725b5.eth", "name": "lumao(\u72c2\u5954\u7684\u8717\u725b5.eth)", "twitter": null, "proposalsCount": 183, "votesCount": 522, "followersCount": 279, "website": null}, {"id": "zxying.eth", "name": "GAME MINE ALLIANCE", "twitter": null, "proposalsCount": 16, "votesCount": 54, "followersCount": 13, "website": null}, {"id": "rektwolf.eth", "name": "Rekt Gang DAO", "twitter": "rekt_gang", "proposalsCount": 12, "votesCount": 832, "followersCount": 138, "website": "https://rektgang.io/"}, {"id": "crystl.eth", "name": "Crystl Finance", "twitter": "CrystlFinance", "proposalsCount": 14, "votesCount": 857, "followersCount": 110, "website": null}, {"id": "dogiracommunity.eth", "name": "Dogira Community Governance", "twitter": "DogiraOfficial", "proposalsCount": 38, "votesCount": 900, "followersCount": 40, "website": null}, {"id": "hiddenfishdao.eth", "name": "Hidden Fish DAO", "twitter": null, "proposalsCount": 13, "votesCount": 780, "followersCount": 84, "website": null}, {"id": "rackslabs.eth", "name": "Mr. Crypto by Racksmafia", "twitter": "racksmafia", "proposalsCount": 3, "votesCount": 642, "followersCount": 332, "website": "https://www.metaverse.racksmafia.com"}, {"id": "valleybio.eth", "name": "ValleyDAO", "twitter": "valley_dao", "proposalsCount": 4, "votesCount": 53, "followersCount": 20, "website": "https://www.valleydao.bio/"}, {"id": "sfsffj.eth", "name": "zksync", "twitter": null, "proposalsCount": 1, "votesCount": 2, "followersCount": 72, "website": null}, {"id": "cxdao.eth", "name": "CXDAO", "twitter": "cxdao666", "proposalsCount": 4, "votesCount": 674, "followersCount": 296, "website": null}, {"id": "landshare.eth", "name": "Landshare", "twitter": "landshareio", "proposalsCount": 17, "votesCount": 563, "followersCount": 294, "website": null}, {"id": "wellydog.eth", "name": "Welly D.O.G.", "twitter": "wellyfriends", "proposalsCount": 6, "votesCount": 645, "followersCount": 122, "website": "https://www.eatwellys.com/"}, {"id": "friesdao.eth", "name": "friesDAO", "twitter": "friesdao", "proposalsCount": 11, "votesCount": 895, "followersCount": 65, "website": "https://fries.fund/"}]