[{"id": "kdvja.eth", "name": "kdvja", "twitter": null, "proposalsCount": 3, "votesCount": 2, "followersCount": 3, "website": null}, {"id": "kenneldeployer.eth", "name": "Kennel Locker", "twitter": "KennelLocker", "proposalsCount": 1, "votesCount": 7, "followersCount": 0, "website": "https://kennellocker.io"}, {"id": "kitsuneinu.eth", "name": "Kitsune Inu", "twitter": "KitsuneInuETH", "proposalsCount": 0, "votesCount": 0, "followersCount": 8, "website": "https://www.kitsuneinu.org/"}, {"id": "koda9983.eth", "name": "koda\u8f66\u53cb\u4f1a", "twitter": null, "proposalsCount": 1, "votesCount": 1, "followersCount": 6, "website": null}, {"id": "kojib.eth", "name": "Kojib", "twitter": "kojibchat", "proposalsCount": 0, "votesCount": 0, "followersCount": 8, "website": "https://kojib.com"}, {"id": "kongjian.eth", "name": "Meme Dao", "twitter": null, "proposalsCount": 4, "votesCount": 0, "followersCount": 4, "website": null}, {"id": "kronosapiens.eth", "name": "Kronosapiens", "twitter": null, "proposalsCount": 1, "votesCount": 1, "followersCount": 6, "website": null}, {"id": "kryptowelt.eth", "name": "HyperLayer Labs", "twitter": null, "proposalsCount": 2, "votesCount": 4, "followersCount": 2, "website": null}, {"id": "landofconquest.eth", "name": "Land of Conquest", "twitter": "LandofConquest", "proposalsCount": 0, "votesCount": 0, "followersCount": 8, "website": "https://www.landofconquest.com"}, {"id": "langzhu.eth", "name": "LTC DAO", "twitter": null, "proposalsCount": 3, "votesCount": 3, "followersCount": 2, "website": null}, {"id": "lilbanana-burner.eth", "name": "test dao", "twitter": null, "proposalsCount": 2, "votesCount": 3, "followersCount": 3, "website": null}, {"id": "link123.eth", "name": "link123", "twitter": null, "proposalsCount": 3, "votesCount": 2, "followersCount": 3, "website": null}, {"id": "liyanok.eth", "name": "liyan.eth", "twitter": null, "proposalsCount": 5, "votesCount": 0, "followersCount": 3, "website": null}, {"id": "longtermgov.eth", "name": "LongTerm Finance ", "twitter": "LongTermFi", "proposalsCount": 0, "votesCount": 0, "followersCount": 8, "website": null}, {"id": "lordofrings.eth", "name": "lordofrings", "twitter": null, "proposalsCount": 2, "votesCount": 3, "followersCount": 3, "website": null}, {"id": "lpdao.eth", "name": "LPDAO", "twitter": "thelpdao", "proposalsCount": 2, "votesCount": 2, "followersCount": 4, "website": null}, {"id": "magicbalancer.eth", "name": "Magic Balancer", "twitter": null, "proposalsCount": 1, "votesCount": 0, "followersCount": 7, "website": null}, {"id": "mansion-cat-club-meow.eth", "name": "Mansion Cat Club\uff01Meow\uff5e (MCCM)", "twitter": "MccmNFTs", "proposalsCount": 0, "votesCount": 0, "followersCount": 8, "website": "https://mccm.art/"}, {"id": "mar-10-2000.eth", "name": "hi", "twitter": "xiaomum00", "proposalsCount": 4, "votesCount": 2, "followersCount": 2, "website": null}, {"id": "masstal.eth", "name": "test 1", "twitter": null, "proposalsCount": 5, "votesCount": 0, "followersCount": 3, "website": null}]