[{"id": "coughing-to-myself.eth", "name": "msredpark", "twitter": null, "proposalsCount": 1, "votesCount": 1, "followersCount": 0, "website": null}, {"id": "councilofdogs.eth", "name": "Council of Dogs $COD", "twitter": "CouncilofDogs", "proposalsCount": 4, "votesCount": 7, "followersCount": 3, "website": "https://www.councilofdogs.com/"}, {"id": "couplenft.eth", "name": "CoupleNFT", "twitter": "couplenft_io", "proposalsCount": 1, "votesCount": 4, "followersCount": 2, "website": null}, {"id": "covenantdao.eth", "name": "CrowDAO", "twitter": "PreludeToFaith", "proposalsCount": 0, "votesCount": 0, "followersCount": 6, "website": null}, {"id": "cowboycounty.eth", "name": "Cowboy County", "twitter": null, "proposalsCount": 6, "votesCount": 285, "followersCount": 6, "website": null}, {"id": "cowlesbrian.eth", "name": "zakasd", "twitter": null, "proposalsCount": 1, "votesCount": 3, "followersCount": 2, "website": null}, {"id": "cozdrowe.eth", "name": "tom68", "twitter": null, "proposalsCount": 0, "votesCount": 0, "followersCount": 0, "website": "https://cozdrowe.pl"}, {"id": "cozybearsdao.eth", "name": "Cozy Bears", "twitter": "cozybearsdao", "proposalsCount": 0, "votesCount": 0, "followersCount": 0, "website": "https://cozybears.io/"}, {"id": "crackedontea.eth", "name": "Griffin Network", "twitter": null, "proposalsCount": 1, "votesCount": 1, "followersCount": 2, "website": null}, {"id": "crapy.eth", "name": "Crapy Finance", "twitter": "CrapyFinance", "proposalsCount": 1, "votesCount": 1, "followersCount": 1, "website": "https://crapy.finance"}, {"id": "crashbandy.eth", "name": "crashbandy", "twitter": null, "proposalsCount": 0, "votesCount": 0, "followersCount": 1, "website": null}, {"id": "crazycrptotrades.eth", "name": "Raj", "twitter": "RaushanCrazy", "proposalsCount": 0, "votesCount": 0, "followersCount": 0, "website": "https://dctcapital.co"}, {"id": "cre8torsdao.eth", "name": "Cre8tors DAO", "twitter": "cre8tordao", "proposalsCount": 0, "votesCount": 0, "followersCount": 2, "website": null}, {"id": "creaton.eth", "name": "Creaton", "twitter": "creaton_io", "proposalsCount": 1, "votesCount": 0, "followersCount": 4, "website": null}, {"id": "creditsuissemonaco.eth", "name": "Nifer", "twitter": "LeoSteyr", "proposalsCount": 0, "votesCount": 0, "followersCount": 1, "website": null}, {"id": "cripplingdepression.eth", "name": "Citadel of Alpha", "twitter": null, "proposalsCount": 0, "votesCount": 0, "followersCount": 0, "website": null}, {"id": "criptolinks.eth", "name": "CRYPTOLINKS DAO", "twitter": "sabcoin", "proposalsCount": 16, "votesCount": 85, "followersCount": 23, "website": "https://link3.to/sabosscoin"}, {"id": "cromeleondao.eth", "name": "CROmeleon DAO", "twitter": "CROmeleonNFT", "proposalsCount": 2, "votesCount": 48, "followersCount": 5, "website": "https://www.cromeleons.com"}, {"id": "cronodes.eth", "name": "CroNodes Official", "twitter": "CronodesFinance", "proposalsCount": 0, "votesCount": 0, "followersCount": 6, "website": "https://cronodes.app"}, {"id": "cronostrike.eth", "name": "Cronostrike", "twitter": "cronostrike", "proposalsCount": 0, "votesCount": 0, "followersCount": 1, "website": "https://www.cronostrike.com"}]