[{"id": "akiyoshi-dao.eth", "name": "AKI DAO", "twitter": "akiyoshitoken", "proposalsCount": 1, "votesCount": 2, "followersCount": 19, "website": "https://www.akiyoshi.xyz"}, {"id": "antimatrix.eth", "name": "ANTIMA DAO", "twitter": "antimaeth", "proposalsCount": 1, "votesCount": 2, "followersCount": 19, "website": "https://antima.io/"}, {"id": "antusiassatria.eth", "name": "Antutu", "twitter": "antusiassatria", "proposalsCount": 1, "votesCount": 10, "followersCount": 11, "website": null}, {"id": "apestreet.eth", "name": "Ape Street", "twitter": "apestreet", "proposalsCount": 11, "votesCount": 0, "followersCount": 11, "website": null}, {"id": "apoverse.eth", "name": "APOverse", "twitter": null, "proposalsCount": 3, "votesCount": 10, "followersCount": 9, "website": null}, {"id": "bepronetwork.eth", "name": "Bepro.Network", "twitter": "bepronet", "proposalsCount": 16, "votesCount": 0, "followersCount": 6, "website": null}, {"id": "chapter1.eth", "name": "ChaosSpaces", "twitter": "ethereum", "proposalsCount": 13, "votesCount": 7, "followersCount": 2, "website": null}, {"id": "clubhaose.eth", "name": "Clubhaose", "twitter": null, "proposalsCount": 3, "votesCount": 8, "followersCount": 11, "website": "HTTPS://www.clubhouse.com"}, {"id": "easyto.eth", "name": "SPARK DAO by SUP", "twitter": null, "proposalsCount": 6, "votesCount": 13, "followersCount": 3, "website": null}, {"id": "echos.eth", "name": "Echos", "twitter": null, "proposalsCount": 12, "votesCount": 8, "followersCount": 2, "website": null}, {"id": "elevatepad.eth", "name": "Elevate-LaunchPad", "twitter": "ElevatePAD", "proposalsCount": 6, "votesCount": 16, "followersCount": 0, "website": "http://elevatepad.io/"}, {"id": "elysiumdao.eth", "name": "ElysiumDAO", "twitter": null, "proposalsCount": 1, "votesCount": 8, "followersCount": 13, "website": null}, {"id": "ethereumnamingservice.eth", "name": "ethereumnamingservice", "twitter": null, "proposalsCount": 7, "votesCount": 11, "followersCount": 4, "website": null}, {"id": "flux-oec.eth", "name": "Flux-OEC DAO", "twitter": null, "proposalsCount": 1, "votesCount": 0, "followersCount": 21, "website": "https://flux.01.finance/"}, {"id": "kangxx.eth", "name": "K Community", "twitter": "kangzq5", "proposalsCount": 2, "votesCount": 14, "followersCount": 6, "website": null}, {"id": "krewdefi.eth", "name": "KLAP Finance", "twitter": "klapfinance", "proposalsCount": 2, "votesCount": 11, "followersCount": 9, "website": "https://klap.finance"}, {"id": "livedollar.eth", "name": "DUCKDAO", "twitter": null, "proposalsCount": 12, "votesCount": 8, "followersCount": 2, "website": null}, {"id": "lovelulu.eth", "name": "1713club", "twitter": "qingtai15", "proposalsCount": 5, "votesCount": 13, "followersCount": 4, "website": "https://twitter.com/qingtai15"}, {"id": "malt001.eth", "name": "Malt DAO", "twitter": null, "proposalsCount": 13, "votesCount": 0, "followersCount": 9, "website": null}, {"id": "manekari.eth", "name": "MeebitsDAO", "twitter": null, "proposalsCount": 1, "votesCount": 1, "followersCount": 20, "website": null}]