[{"id": "cartel", "name": "Cartel", "twitter": null, "proposalsCount": 3, "votesCount": 16, "followersCount": 0, "website": null}, {"id": "china001.eth", "name": "china001", "twitter": null, "proposalsCount": 2, "votesCount": 1, "followersCount": 16, "website": null}, {"id": "czbitcoin.eth", "name": "xifeng", "twitter": null, "proposalsCount": 2, "votesCount": 3, "followersCount": 14, "website": null}, {"id": "dallinbentley.eth", "name": "CFF Test", "twitter": null, "proposalsCount": 11, "votesCount": 7, "followersCount": 1, "website": null}, {"id": "daouniverse.eth", "name": "DAO Universe", "twitter": null, "proposalsCount": 12, "votesCount": 1, "followersCount": 6, "website": null}, {"id": "decentribe", "name": "Decentribe", "twitter": null, "proposalsCount": 1, "votesCount": 18, "followersCount": 0, "website": null}, {"id": "digifun.eth", "name": "DigiFun", "twitter": null, "proposalsCount": 1, "votesCount": 5, "followersCount": 13, "website": null}, {"id": "dipankar.eth", "name": "Dip dao", "twitter": "dipankarfiri98", "proposalsCount": 2, "votesCount": 16, "followersCount": 1, "website": "https://www.theyraders.co.in"}, {"id": "dogeface.eth", "name": "outland", "twitter": null, "proposalsCount": 1, "votesCount": 8, "followersCount": 10, "website": null}, {"id": "dumdave.eth", "name": "WAGMI Syndicate Experiment", "twitter": null, "proposalsCount": 3, "votesCount": 10, "followersCount": 6, "website": null}, {"id": "elasticbnb.eth", "name": "XBN.Finance", "twitter": null, "proposalsCount": 3, "votesCount": 0, "followersCount": 16, "website": null}, {"id": "erc1201.eth", "name": "ggDao", "twitter": null, "proposalsCount": 2, "votesCount": 16, "followersCount": 1, "website": null}, {"id": "eublas.xyz", "name": "European Blockchain Association", "twitter": null, "proposalsCount": 4, "votesCount": 13, "followersCount": 2, "website": null}, {"id": "fearwolf.eth", "name": "FEAR WOLF", "twitter": null, "proposalsCount": 1, "votesCount": 11, "followersCount": 7, "website": null}, {"id": "fogna.eth", "name": "Fogna DAO", "twitter": "sewernationxyz", "proposalsCount": 1, "votesCount": 12, "followersCount": 6, "website": null}, {"id": "gamefierdao.eth", "name": "GameFierDao", "twitter": "GameFierDAO", "proposalsCount": 1, "votesCount": 11, "followersCount": 7, "website": null}, {"id": "gaoshanhushiuxiu.eth", "name": "ICP DAO", "twitter": null, "proposalsCount": 3, "votesCount": 9, "followersCount": 7, "website": null}, {"id": "gaurmoney.eth", "name": "Gaur Money", "twitter": "GaurMoney", "proposalsCount": 2, "votesCount": 13, "followersCount": 4, "website": "https://gaur.money/"}, {"id": "gzheth.eth", "name": "gzheth", "twitter": null, "proposalsCount": 3, "votesCount": 10, "followersCount": 6, "website": null}, {"id": "hamsterdao.eth", "name": "Hamster DAO", "twitter": "hamster_dao", "proposalsCount": 2, "votesCount": 9, "followersCount": 8, "website": "https://hamsterdao.live/"}]