[{"id": "taotaochain.eth", "name": "\u5154\u5b50dao", "twitter": null, "proposalsCount": 3, "votesCount": 10, "followersCount": 4, "website": null}, {"id": "taotaoeth.eth", "name": "YAM", "twitter": null, "proposalsCount": 2, "votesCount": 1, "followersCount": 2, "website": null}, {"id": "taozi666.eth", "name": "Astral", "twitter": "CeloAstral", "proposalsCount": 1, "votesCount": 273, "followersCount": 121, "website": "http://astral.fit/"}, {"id": "taozi888.eth", "name": "LONG DAO", "twitter": "taozi88888", "proposalsCount": 1, "votesCount": 271, "followersCount": 113, "website": null}, {"id": "tapmydata.eth", "name": "Tapx", "twitter": "tapxhq", "proposalsCount": 2, "votesCount": 4, "followersCount": 2, "website": "https://www.tapx.com"}, {"id": "taraknath.eth", "name": "Meditation ", "twitter": "tenali21", "proposalsCount": 1, "votesCount": 2, "followersCount": 5, "website": "https://mobile.twitter.com/home"}, {"id": "taraskobe.eth", "name": "taras", "twitter": null, "proposalsCount": 1, "votesCount": 1, "followersCount": 0, "website": null}, {"id": "tasleem7645.eth", "name": "tasleem", "twitter": null, "proposalsCount": 0, "votesCount": 0, "followersCount": 0, "website": null}, {"id": "tatak.eth", "name": "tatakai", "twitter": null, "proposalsCount": 1, "votesCount": 1, "followersCount": 1, "website": null}, {"id": "tateyoko.eth", "name": "tateyoko", "twitter": null, "proposalsCount": 1, "votesCount": 4, "followersCount": 1, "website": null}, {"id": "taylorlo.eth", "name": "zeta markets", "twitter": null, "proposalsCount": 1, "votesCount": 1, "followersCount": 2, "website": null}, {"id": "tbadao.eth", "name": "TBA DAO", "twitter": "TBA_DAO", "proposalsCount": 4, "votesCount": 1, "followersCount": 7, "website": "https://www.tbadao.io"}, {"id": "tbs-dao.eth", "name": "Teddy Bear Squad - TOYS", "twitter": null, "proposalsCount": 1, "votesCount": 1, "followersCount": 0, "website": null}, {"id": "tcchan.eth", "name": "dao", "twitter": null, "proposalsCount": 0, "votesCount": 0, "followersCount": 1, "website": null}, {"id": "te1.testsnap.eth", "name": "ted", "twitter": null, "proposalsCount": 0, "votesCount": 0, "followersCount": 0, "website": null}, {"id": "tea-dao.eth", "name": "TeaDAO", "twitter": "TeaDaoFinance", "proposalsCount": 0, "votesCount": 0, "followersCount": 1, "website": "https://teadao.finance/"}, {"id": "teaprotocol.eth", "name": "Tea Protocol", "twitter": "thebitcointroy", "proposalsCount": 0, "votesCount": 0, "followersCount": 1, "website": null}, {"id": "techchelle.eth", "name": "Techchelle", "twitter": null, "proposalsCount": 0, "votesCount": 0, "followersCount": 0, "website": null}, {"id": "techer.eth", "name": "Techer ", "twitter": null, "proposalsCount": 0, "votesCount": 0, "followersCount": 1, "website": null}, {"id": "technedao.eth", "name": "Techne DAO", "twitter": null, "proposalsCount": 1, "votesCount": 1, "followersCount": 0, "website": null}]