[{"id": "cryptoalii.eth", "name": "cryptoali", "twitter": null, "proposalsCount": 2, "votesCount": 2, "followersCount": 1, "website": null}, {"id": "cryptodii.eth", "name": "Colo", "twitter": null, "proposalsCount": 2, "votesCount": 2, "followersCount": 1, "website": null}, {"id": "damusic.eth", "name": "Open Op", "twitter": null, "proposalsCount": 1, "votesCount": 2, "followersCount": 2, "website": null}, {"id": "dao520.eth", "name": "\u5927\u725b", "twitter": null, "proposalsCount": 2, "votesCount": 2, "followersCount": 1, "website": null}, {"id": "daobnbs.eth", "name": "Daobnb", "twitter": "bnb_dao", "proposalsCount": 14, "votesCount": 123, "followersCount": 18, "website": "https://daobnb.io/"}, {"id": "ding002.eth", "name": "\u65b0\u4eba\u56e2", "twitter": null, "proposalsCount": 2, "votesCount": 2, "followersCount": 1, "website": null}, {"id": "domoy.eth", "name": "dom", "twitter": null, "proposalsCount": 2, "votesCount": 2, "followersCount": 1, "website": null}, {"id": "enzozero.eth", "name": "enzozero", "twitter": null, "proposalsCount": 2, "votesCount": 2, "followersCount": 1, "website": null}, {"id": "eth798.eth", "name": "Flores", "twitter": null, "proposalsCount": 2, "votesCount": 2, "followersCount": 1, "website": null}, {"id": "exelboy.eth", "name": "EXEl ", "twitter": null, "proposalsCount": 2, "votesCount": 2, "followersCount": 1, "website": null}, {"id": "exilion.eth", "name": "exilion", "twitter": null, "proposalsCount": 2, "votesCount": 252, "followersCount": 1, "website": null}, {"id": "facai8.eth", "name": "facai", "twitter": "huixan1", "proposalsCount": 1, "votesCount": 3, "followersCount": 1, "website": null}, {"id": "farmgod.eth", "name": "Farmgod DAO", "twitter": null, "proposalsCount": 30, "votesCount": 208, "followersCount": 17, "website": null}, {"id": "fibus.eth", "name": "Gamefi\u4ea4\u6d41\u7ec4", "twitter": null, "proposalsCount": 1, "votesCount": 3, "followersCount": 1, "website": null}, {"id": "firezero.eth", "name": "firezero", "twitter": null, "proposalsCount": 2, "votesCount": 2, "followersCount": 1, "website": null}, {"id": "geekgeek.eth", "name": "BAKC", "twitter": null, "proposalsCount": 2, "votesCount": 2, "followersCount": 1, "website": null}, {"id": "googlebanbi.eth", "name": "test777", "twitter": null, "proposalsCount": 3, "votesCount": 1, "followersCount": 1, "website": null}, {"id": "haha666.eth", "name": "go op", "twitter": null, "proposalsCount": 1, "votesCount": 2, "followersCount": 2, "website": null}, {"id": "halvechain.eth", "name": "fdsfasdf", "twitter": "fgdsfsd", "proposalsCount": 2, "votesCount": 2, "followersCount": 1, "website": null}, {"id": "haroldtiansheng.eth", "name": "blocknode.run", "twitter": "harodggg", "proposalsCount": 2, "votesCount": 2, "followersCount": 1, "website": null}]