[{"id": "xlootproject.eth", "name": "Official xLoot Governance", "twitter": "xLootProject", "proposalsCount": 20, "votesCount": 1397, "followersCount": 75, "website": null}, {"id": "goldhuntdao.eth", "name": "Gold Hunt DAO", "twitter": "goldhuntgame", "proposalsCount": 28, "votesCount": 1409, "followersCount": 53, "website": "https://thegame.gold/"}, {"id": "yokaihouse.eth", "name": "Capsule House", "twitter": "capsule_house", "proposalsCount": 19, "votesCount": 1330, "followersCount": 88, "website": "https://forum.capsulehouse.io/"}, {"id": "rblood.eth", "name": "Royalblood", "twitter": null, "proposalsCount": 16, "votesCount": 1464, "followersCount": 4, "website": null}, {"id": "4567723.eth", "name": "mid car", "twitter": null, "proposalsCount": 12, "votesCount": 13, "followersCount": 4, "website": null}, {"id": "sumayekga32.eth", "name": "r2rr2g", "twitter": null, "proposalsCount": 1, "votesCount": 27, "followersCount": 1, "website": null}, {"id": "basiscash.eth", "name": "BasisCash", "twitter": null, "proposalsCount": 28, "votesCount": 1430, "followersCount": 16, "website": null}, {"id": "aircashdao.eth", "name": "AirCash DAO", "twitter": "Aircoinreal", "proposalsCount": 1, "votesCount": 1269, "followersCount": 99, "website": null}, {"id": "cryptohoots.eth", "name": "CryptoHoots", "twitter": "CryptoHootsNFT", "proposalsCount": 15, "votesCount": 1321, "followersCount": 131, "website": null}, {"id": "protofi.eth", "name": "ProtoFi", "twitter": "ProtoFiProtocol", "proposalsCount": 8, "votesCount": 1242, "followersCount": 207, "website": null}, {"id": "choppervault.eth", "name": "CryptoPhunks", "twitter": "cryptophunks", "proposalsCount": 12, "votesCount": 909, "followersCount": 86, "website": "https://cryptophunks.com"}, {"id": "potiongov.eth", "name": "Potion DAO", "twitter": "PotionLabs", "proposalsCount": 11, "votesCount": 1301, "followersCount": 125, "website": null}, {"id": "davidwhittier.eth", "name": "fhsrgt", "twitter": null, "proposalsCount": 9, "votesCount": 9, "followersCount": 10, "website": null}, {"id": "amp.eth", "name": "Amp", "twitter": "amptoken", "proposalsCount": 4, "votesCount": 984, "followersCount": 337, "website": null}, {"id": "pandaparadise.eth", "name": "Panda Paradise DAO", "twitter": "pandaparadiseio", "proposalsCount": 16, "votesCount": 1142, "followersCount": 256, "website": null}, {"id": "ninja-squad.eth", "name": "Ninja Squad", "twitter": "ninjasquadnft", "proposalsCount": 6, "votesCount": 1261, "followersCount": 143, "website": null}, {"id": "dawn", "name": "Dawn", "twitter": null, "proposalsCount": 7, "votesCount": 1375, "followersCount": 13, "website": null}, {"id": "dfx.eth", "name": "DFX Finance", "twitter": "DFXFinance", "proposalsCount": 29, "votesCount": 919, "followersCount": 95, "website": "https://dfx.finance/"}, {"id": "jiedu.eth", "name": "JieDu DAO", "twitter": "jieduge", "proposalsCount": 2, "votesCount": 21, "followersCount": 19, "website": "https://twitter.com/jieduge"}, {"id": "siphernexus.eth", "name": "Sipher Nexus", "twitter": "SIPHERxyz", "proposalsCount": 9, "votesCount": 1324, "followersCount": 59, "website": null}]