[{"id": "chomoku.eth", "name": "chomokuDAO", "twitter": null, "proposalsCount": 1, "votesCount": 1, "followersCount": 2, "website": "https://hannari-python.connpass.com/"}, {"id": "clamisland.eth", "name": "Clam Island", "twitter": "clam_island", "proposalsCount": 4, "votesCount": 0, "followersCount": 0, "website": null}, {"id": "cloudberryjam.eth", "name": "MyDao", "twitter": null, "proposalsCount": 2, "votesCount": 1, "followersCount": 1, "website": null}, {"id": "cloudstate.eth", "name": "cubecat", "twitter": null, "proposalsCount": 1, "votesCount": 1, "followersCount": 2, "website": null}, {"id": "coc41.eth", "name": "pox", "twitter": null, "proposalsCount": 1, "votesCount": 2, "followersCount": 1, "website": null}, {"id": "coinway.eth", "name": "coinway", "twitter": null, "proposalsCount": 1, "votesCount": 1, "followersCount": 2, "website": null}, {"id": "collarquest.eth", "name": "TAG DAO LLC", "twitter": "DogCollarToken", "proposalsCount": 0, "votesCount": 0, "followersCount": 4, "website": null}, {"id": "crenguodong.eth", "name": "ANY DAO", "twitter": "crenguodong", "proposalsCount": 1, "votesCount": 1, "followersCount": 2, "website": null}, {"id": "crittt.eth", "name": "GIo", "twitter": null, "proposalsCount": 2, "votesCount": 2, "followersCount": 0, "website": null}, {"id": "crobots.eth", "name": "Crobots", "twitter": "TheCrobots", "proposalsCount": 0, "votesCount": 0, "followersCount": 4, "website": "https://thecrobots.com"}, {"id": "croll.eth", "name": "corll club", "twitter": null, "proposalsCount": 1, "votesCount": 1, "followersCount": 2, "website": null}, {"id": "crypto1011.eth", "name": "BlockAppTech", "twitter": null, "proposalsCount": 1, "votesCount": 0, "followersCount": 3, "website": "https://blockapptech.one/"}, {"id": "cryptofightersalliance.eth", "name": "CryptoFighters", "twitter": "cryptofighters", "proposalsCount": 1, "votesCount": 1, "followersCount": 2, "website": "https://cryptofighters.io/"}, {"id": "cryptomiiiku.eth", "name": "DegenAnime DAO", "twitter": "cryptomiiiku", "proposalsCount": 1, "votesCount": 1, "followersCount": 2, "website": "https://app.syndicate.io/collectives/0xf7464f1def5d690f14bfe4a002536181eba0119d?chain=mainnet "}, {"id": "cryptouser.eth", "name": "cryptousersDAO", "twitter": null, "proposalsCount": 1, "votesCount": 3, "followersCount": 0, "website": null}, {"id": "cultoflaughter.eth", "name": "Cult of Laughter", "twitter": null, "proposalsCount": 0, "votesCount": 0, "followersCount": 4, "website": "https://cultoflaughter.lol"}, {"id": "curry2974.eth", "name": "curry2974", "twitter": null, "proposalsCount": 1, "votesCount": 0, "followersCount": 3, "website": null}, {"id": "cxlive.eth", "name": "CX", "twitter": null, "proposalsCount": 1, "votesCount": 2, "followersCount": 1, "website": null}, {"id": "cyborg11.eth", "name": "cyborg", "twitter": null, "proposalsCount": 2, "votesCount": 1, "followersCount": 1, "website": null}, {"id": "daemondao.eth", "name": "DaemonDAO", "twitter": "DaemonDAOftm", "proposalsCount": 0, "votesCount": 0, "followersCount": 4, "website": "https://bitdaemons.space/"}]