[{"id": "ctokens.eth", "name": "ctokens.eth", "twitter": null, "proposalsCount": 0, "votesCount": 0, "followersCount": 1, "website": null}, {"id": "cubadao.eth", "name": "Cuba Gov 3.0", "twitter": null, "proposalsCount": 1, "votesCount": 2, "followersCount": 2, "website": "https://www.cubadao.org"}, {"id": "cubatorino.eth", "name": "Cubed DAO", "twitter": null, "proposalsCount": 2, "votesCount": 11, "followersCount": 10, "website": null}, {"id": "cubechain.eth", "name": "CUBE", "twitter": null, "proposalsCount": 0, "votesCount": 0, "followersCount": 0, "website": null}, {"id": "cubelabs.eth", "name": "CUBE", "twitter": null, "proposalsCount": 0, "votesCount": 0, "followersCount": 0, "website": null}, {"id": "cubespaced.eth", "name": "cubespaced DAO", "twitter": null, "proposalsCount": 0, "votesCount": 0, "followersCount": 0, "website": "https://wwwcubspaced.com"}, {"id": "cuckoonet.eth", "name": "CuckooNet", "twitter": "CuckooNET", "proposalsCount": 0, "votesCount": 0, "followersCount": 0, "website": null}, {"id": "cuisite.eth", "name": "China", "twitter": null, "proposalsCount": 0, "votesCount": 0, "followersCount": 0, "website": null}, {"id": "cuneyteren.eth", "name": "miykka", "twitter": null, "proposalsCount": 0, "votesCount": 0, "followersCount": 0, "website": null}, {"id": "cuonghuynh.eth", "name": "Whydah Investment Fund (WIF)", "twitter": null, "proposalsCount": 1, "votesCount": 3, "followersCount": 3, "website": null}, {"id": "curedao.eth", "name": "CureDAO", "twitter": "cure_dao", "proposalsCount": 0, "votesCount": 0, "followersCount": 0, "website": "https://curedao.org"}, {"id": "curseddao.eth", "name": "Cursed DAO", "twitter": "cursedpirates", "proposalsCount": 0, "votesCount": 0, "followersCount": 6, "website": "https://cursedpirates.xyz"}, {"id": "cutdao.eth", "name": "cutdao", "twitter": null, "proposalsCount": 0, "votesCount": 0, "followersCount": 1, "website": null}, {"id": "cuttloefish.eth", "name": "cuttloefish", "twitter": null, "proposalsCount": 1, "votesCount": 2, "followersCount": 1, "website": null}, {"id": "cv-test-m.eth", "name": "CharmVerse test marek", "twitter": null, "proposalsCount": 1, "votesCount": 0, "followersCount": 1, "website": null}, {"id": "cwant.eth", "name": "stars", "twitter": null, "proposalsCount": 1, "votesCount": 1, "followersCount": 1, "website": null}, {"id": "cxbtc.eth", "name": "m\u514d\u8d39\u6295\u7968", "twitter": null, "proposalsCount": 2, "votesCount": 2, "followersCount": 3, "website": null}, {"id": "cxpad.eth", "name": "cxpad", "twitter": null, "proposalsCount": 0, "votesCount": 0, "followersCount": 1, "website": null}, {"id": "cxsyt.eth", "name": "ddup", "twitter": "yt57114296", "proposalsCount": 1, "votesCount": 2, "followersCount": 0, "website": "https://twitter.com/yt57114296"}, {"id": "cyberconnecting.eth", "name": "gamefi", "twitter": null, "proposalsCount": 5, "votesCount": 14, "followersCount": 8, "website": null}]