[{"id": "maddr.eth", "name": "Dr Mad", "twitter": null, "proposalsCount": 0, "votesCount": 0, "followersCount": 0, "website": null}, {"id": "maddroids.eth", "name": "Mad Droids", "twitter": "MadDroids", "proposalsCount": 0, "votesCount": 0, "followersCount": 6, "website": "https://www.maddroids.io/"}, {"id": "madeforearth.eth", "name": "Made For Earth", "twitter": "mdfrearth", "proposalsCount": 0, "votesCount": 0, "followersCount": 1, "website": "https://madefor.earth"}, {"id": "maffaz.eth", "name": "Maffaz Test Snapshot", "twitter": null, "proposalsCount": 12, "votesCount": 33, "followersCount": 9, "website": null}, {"id": "mafiacreativa.eth", "name": "Mafia Creativa", "twitter": "mafiacreativaro", "proposalsCount": 1, "votesCount": 10, "followersCount": 6, "website": "http://mafiacreativa.org/"}, {"id": "mafor.eth", "name": "mafor club", "twitter": null, "proposalsCount": 1, "votesCount": 1, "followersCount": 2, "website": null}, {"id": "magicaltree.eth", "name": "Magical Tree", "twitter": null, "proposalsCount": 0, "votesCount": 0, "followersCount": 9, "website": null}, {"id": "magicdao.eth", "name": "MAGIC DAO", "twitter": "0xMagicland", "proposalsCount": 1, "votesCount": 1, "followersCount": 48, "website": null}, {"id": "magichours.eth", "name": "magic", "twitter": null, "proposalsCount": 1, "votesCount": 19, "followersCount": 11, "website": null}, {"id": "magicianmv.eth", "name": "Magician MV", "twitter": "MagicianMV", "proposalsCount": 0, "votesCount": 0, "followersCount": 2, "website": null}, {"id": "magirus.eth", "name": "alpix", "twitter": null, "proposalsCount": 0, "votesCount": 0, "followersCount": 0, "website": null}, {"id": "maha420.eth", "name": "maha", "twitter": "Maha15141811", "proposalsCount": 0, "votesCount": 0, "followersCount": 1, "website": "https://twitter.com/Maha15141811"}, {"id": "mahdiasdn.eth", "name": "mahdi", "twitter": null, "proposalsCount": 1, "votesCount": 1, "followersCount": 1, "website": null}, {"id": "mahdiop.eth", "name": "Mahdi", "twitter": null, "proposalsCount": 2, "votesCount": 94, "followersCount": 2, "website": null}, {"id": "mahmudulh.eth", "name": "Sohel", "twitter": null, "proposalsCount": 1, "votesCount": 1, "followersCount": 2, "website": null}, {"id": "maikaemya.eth", "name": "Van Nguyen", "twitter": "vannguy83420770", "proposalsCount": 2, "votesCount": 2, "followersCount": 6, "website": "https://twitter.com/vannguy83420770"}, {"id": "maiky.eth", "name": "maiky", "twitter": "maikyguanaes", "proposalsCount": 0, "votesCount": 0, "followersCount": 1, "website": "https://maiky.dev"}, {"id": "mailpay.eth", "name": "mail_1", "twitter": null, "proposalsCount": 5, "votesCount": 123, "followersCount": 2, "website": null}, {"id": "maincard.eth", "name": "Maincard", "twitter": null, "proposalsCount": 0, "votesCount": 0, "followersCount": 1, "website": null}, {"id": "maizes.eth", "name": "Maizes", "twitter": null, "proposalsCount": 1, "votesCount": 1, "followersCount": 1, "website": null}]