[{"id": "finestmanager.eth", "name": "WOMEN IN WEB3", "twitter": null, "proposalsCount": 0, "votesCount": 0, "followersCount": 2, "website": null}, {"id": "fionge.eth", "name": "fionge\u79c1\u4eba\u7a7a\u95f4", "twitter": null, "proposalsCount": 98, "votesCount": 127, "followersCount": 87, "website": null}, {"id": "fioruil.eth", "name": "F\u00edor\u00fail DAO", "twitter": "FioruilDao", "proposalsCount": 0, "votesCount": 0, "followersCount": 2, "website": "https://www.fioruil.ie/"}, {"id": "firdosh786.eth", "name": "firdosh", "twitter": "firdoshqamar", "proposalsCount": 1, "votesCount": 4, "followersCount": 3, "website": null}, {"id": "firdusfi.eth", "name": "firdusfi", "twitter": null, "proposalsCount": 1, "votesCount": 9, "followersCount": 1, "website": null}, {"id": "first721.eth", "name": "First721CLUB", "twitter": "first721club", "proposalsCount": 0, "votesCount": 0, "followersCount": 1, "website": "https://www.first721.com/"}, {"id": "firstaddressfirstsafe.eth", "name": "Fantastic DAO", "twitter": null, "proposalsCount": 0, "votesCount": 0, "followersCount": 0, "website": null}, {"id": "fjofficial.eth", "name": "Feroj Hossen", "twitter": "fjofficial7", "proposalsCount": 1, "votesCount": 3, "followersCount": 3, "website": null}, {"id": "fk404.eth", "name": "NextStopDAO", "twitter": null, "proposalsCount": 5, "votesCount": 295, "followersCount": 41, "website": null}, {"id": "flagshipfyi.eth", "name": "Flagship.fyi", "twitter": "Flagshipfyi", "proposalsCount": 0, "votesCount": 0, "followersCount": 1, "website": "https://Flagship.fyi"}, {"id": "flame5.eth", "name": "flame5", "twitter": null, "proposalsCount": 0, "votesCount": 0, "followersCount": 1, "website": null}, {"id": "flamingle.eth", "name": "Flamingle", "twitter": "FlamingleLabs", "proposalsCount": 1, "votesCount": 79, "followersCount": 11, "website": "https://flamingle.events/"}, {"id": "flaminkondo.eth", "name": "Flamin chat", "twitter": null, "proposalsCount": 2, "votesCount": 11, "followersCount": 11, "website": null}, {"id": "flashmaner.eth", "name": "buy or sell ens", "twitter": null, "proposalsCount": 1, "votesCount": 1, "followersCount": 1, "website": null}, {"id": "flatfish.eth", "name": "flatfish", "twitter": null, "proposalsCount": 1, "votesCount": 1, "followersCount": 1, "website": null}, {"id": "flesheer.eth", "name": "flesher", "twitter": null, "proposalsCount": 1, "votesCount": 1, "followersCount": 1, "website": null}, {"id": "flipprtools.eth", "name": "yell.dao", "twitter": "denispodd_17", "proposalsCount": 1, "votesCount": 0, "followersCount": 2, "website": "https://www.yelldao.com"}, {"id": "floem.eth", "name": "wanwei", "twitter": null, "proposalsCount": 1, "votesCount": 17, "followersCount": 1, "website": null}, {"id": "floricalder.eth", "name": "JOMASD12", "twitter": null, "proposalsCount": 34, "votesCount": 48, "followersCount": 4, "website": null}, {"id": "flowergirl-jp.eth", "name": "JPG Flower DAO", "twitter": null, "proposalsCount": 1, "votesCount": 4, "followersCount": 1, "website": null}]