[{"id": "ebusiness.ethtag.eth", "name": "ebDAO", "twitter": null, "proposalsCount": 1, "votesCount": 1, "followersCount": 1, "website": null}, {"id": "ebusiness.joints.eth", "name": "EBUSINESSDAO", "twitter": null, "proposalsCount": 1, "votesCount": 1, "followersCount": 1, "website": null}, {"id": "ecm.eth", "name": "E-Commerce Mafia", "twitter": null, "proposalsCount": 1, "votesCount": 0, "followersCount": 2, "website": null}, {"id": "ecommerce.joints.eth", "name": "ECOMDAO", "twitter": null, "proposalsCount": 1, "votesCount": 1, "followersCount": 1, "website": null}, {"id": "edelg.eth", "name": "edelg", "twitter": null, "proposalsCount": 1, "votesCount": 1, "followersCount": 1, "website": null}, {"id": "education.joints.eth", "name": "EDUDAO", "twitter": null, "proposalsCount": 1, "votesCount": 1, "followersCount": 1, "website": null}, {"id": "eerr5.eth", "name": "777", "twitter": null, "proposalsCount": 1, "votesCount": 1, "followersCount": 1, "website": null}, {"id": "efollow.eth", "name": "Goose Goose Duck", "twitter": null, "proposalsCount": 1, "votesCount": 1, "followersCount": 1, "website": null}, {"id": "egld.freesubs.eth", "name": "EGLDDAO", "twitter": null, "proposalsCount": 1, "votesCount": 1, "followersCount": 1, "website": null}, {"id": "eiji.eth", "name": "DAEI DAO", "twitter": "etroan", "proposalsCount": 1, "votesCount": 1, "followersCount": 1, "website": null}, {"id": "elementfin.eth", "name": "Apple", "twitter": null, "proposalsCount": 2, "votesCount": 0, "followersCount": 1, "website": null}, {"id": "elementjj.eth", "name": "element dao", "twitter": null, "proposalsCount": 1, "votesCount": 1, "followersCount": 1, "website": null}, {"id": "elfinking.eth", "name": "1", "twitter": null, "proposalsCount": 1, "votesCount": 1, "followersCount": 1, "website": null}, {"id": "ellenshop.eth", "name": "Doodle Dao", "twitter": null, "proposalsCount": 1, "votesCount": 1, "followersCount": 1, "website": null}, {"id": "elliotsinvestmentdao.eth", "name": "Elliot's Investment Dao", "twitter": null, "proposalsCount": 1, "votesCount": 0, "followersCount": 2, "website": null}, {"id": "elm.freesubs.eth", "name": "ELMDAO", "twitter": null, "proposalsCount": 1, "votesCount": 1, "followersCount": 1, "website": null}, {"id": "elmundodealamo.eth", "name": "El Mundo De Alamo", "twitter": "alamo_pcc", "proposalsCount": 1, "votesCount": 1, "followersCount": 1, "website": null}, {"id": "elonlai.eth", "name": "bb4", "twitter": null, "proposalsCount": 1, "votesCount": 1, "followersCount": 1, "website": null}, {"id": "email.ensmaxisfam.eth", "name": "emailDAO", "twitter": null, "proposalsCount": 1, "votesCount": 1, "followersCount": 1, "website": null}, {"id": "employment.joints.eth", "name": "EMPLOYDAO", "twitter": null, "proposalsCount": 1, "votesCount": 1, "followersCount": 1, "website": null}]