[{"id": "abc.ethtag.eth", "name": "ABCDAO", "twitter": null, "proposalsCount": 1, "votesCount": 1, "followersCount": 1, "website": null}, {"id": "abc133.eth", "name": "tyytydao", "twitter": null, "proposalsCount": 1, "votesCount": 1, "followersCount": 1, "website": null}, {"id": "abhigoyal.eth", "name": "Abhi", "twitter": "goyashek", "proposalsCount": 1, "votesCount": 1, "followersCount": 1, "website": null}, {"id": "able21.eth", "name": "able21", "twitter": null, "proposalsCount": 1, "votesCount": 1, "followersCount": 1, "website": null}, {"id": "absurdistt.eth", "name": "Sisyphus token", "twitter": null, "proposalsCount": 1, "votesCount": 1, "followersCount": 1, "website": null}, {"id": "ada.freesubs.eth", "name": "ADADAO", "twitter": null, "proposalsCount": 1, "votesCount": 1, "followersCount": 1, "website": null}, {"id": "ada.joints.eth", "name": "ADADAO", "twitter": null, "proposalsCount": 1, "votesCount": 1, "followersCount": 1, "website": null}, {"id": "adult.joints.eth", "name": "ADULTDAO", "twitter": null, "proposalsCount": 1, "votesCount": 1, "followersCount": 1, "website": null}, {"id": "adult.openuse.eth", "name": "ADULTDAO", "twitter": null, "proposalsCount": 1, "votesCount": 1, "followersCount": 1, "website": null}, {"id": "advertising.joints.eth", "name": "ADVDAO", "twitter": null, "proposalsCount": 1, "votesCount": 1, "followersCount": 1, "website": null}, {"id": "affluence.2046inc.eth", "name": "Affluence", "twitter": "AffluenceSocial", "proposalsCount": 0, "votesCount": 0, "followersCount": 3, "website": null}, {"id": "afmdao.eth", "name": "AFM DAO", "twitter": null, "proposalsCount": 0, "votesCount": 0, "followersCount": 3, "website": "https://3win.Foundation"}, {"id": "africa.ensmaxisfam.eth", "name": "AFRICADAO", "twitter": null, "proposalsCount": 1, "votesCount": 1, "followersCount": 1, "website": null}, {"id": "agirl.eth", "name": "agirl.eth", "twitter": null, "proposalsCount": 2, "votesCount": 0, "followersCount": 1, "website": null}, {"id": "ahperik.eth", "name": "dassada", "twitter": null, "proposalsCount": 1, "votesCount": 1, "followersCount": 1, "website": null}, {"id": "ahrinyan.eth", "name": "test", "twitter": null, "proposalsCount": 1, "votesCount": 1, "followersCount": 1, "website": null}, {"id": "aichichaomian.eth", "name": "Chaomian", "twitter": null, "proposalsCount": 1, "votesCount": 1, "followersCount": 1, "website": null}, {"id": "aicyq.eth", "name": "WinxDao", "twitter": null, "proposalsCount": 1, "votesCount": 0, "followersCount": 2, "website": null}, {"id": "aidenx.eth", "name": "Aiden", "twitter": null, "proposalsCount": 1, "votesCount": 0, "followersCount": 2, "website": null}, {"id": "aikui.eth", "name": "zksync", "twitter": null, "proposalsCount": 1, "votesCount": 1, "followersCount": 1, "website": null}]