[{"id": "mybae.eth", "name": "BAE", "twitter": "blockchainartex", "proposalsCount": 1, "votesCount": 1, "followersCount": 20, "website": null}, {"id": "ngacn.eth", "name": "NGACN", "twitter": null, "proposalsCount": 5, "votesCount": 6, "followersCount": 11, "website": null}, {"id": "ngdaoorg.eth", "name": "ngDAO", "twitter": "ibaixauli", "proposalsCount": 9, "votesCount": 11, "followersCount": 2, "website": "https://ngdao.org"}, {"id": "openpublish.eth", "name": "OpenPublish", "twitter": "OpenPublishNFT", "proposalsCount": 4, "votesCount": 12, "followersCount": 6, "website": "https://www.openpublish.io/"}, {"id": "pandapool.eth", "name": "WhaleDao", "twitter": null, "proposalsCount": 0, "votesCount": 0, "followersCount": 22, "website": null}, {"id": "poltergeistlabs.eth", "name": "Poltergeist Labs", "twitter": "poltergeistlabs", "proposalsCount": 2, "votesCount": 16, "followersCount": 4, "website": "https://www.ghoultoken.io"}, {"id": "poodlepals.eth", "name": "Poodle Pals Club", "twitter": "poodle_pals", "proposalsCount": 3, "votesCount": 18, "followersCount": 1, "website": "https://poodlepals.org"}, {"id": "ruenao.eth", "name": "zk dao", "twitter": null, "proposalsCount": 3, "votesCount": 1, "followersCount": 18, "website": null}, {"id": "saharag.eth", "name": "SAHARA", "twitter": null, "proposalsCount": 5, "votesCount": 13, "followersCount": 4, "website": null}, {"id": "shanyuezhaoqin.eth", "name": "USDT DAO", "twitter": null, "proposalsCount": 3, "votesCount": 4, "followersCount": 15, "website": null}, {"id": "swoldao.eth", "name": "SwolDAO", "twitter": "InvestmentDAO", "proposalsCount": 3, "votesCount": 13, "followersCount": 6, "website": null}, {"id": "tanyanhong.eth", "name": "tanyanhongdao", "twitter": null, "proposalsCount": 1, "votesCount": 3, "followersCount": 18, "website": null}, {"id": "tovaswap.eth", "name": "TovaSwap", "twitter": "tovaswap", "proposalsCount": 4, "votesCount": 12, "followersCount": 6, "website": "https://www.tovaswap.com/"}, {"id": "voldemdao.eth", "name": "VoldemArt DAO", "twitter": "VoldemArting", "proposalsCount": 1, "votesCount": 10, "followersCount": 11, "website": null}, {"id": "xinfinxdcnetwork.eth", "name": "XDC Network", "twitter": "XinFin_Official", "proposalsCount": 6, "votesCount": 5, "followersCount": 11, "website": "https://www.xinfin.org/"}, {"id": "yaletown.eth", "name": "townstudy", "twitter": null, "proposalsCount": 6, "votesCount": 7, "followersCount": 9, "website": null}, {"id": "yearofthebanner.szns.eth", "name": "yearofthebanner.szns.eth", "twitter": null, "proposalsCount": 5, "votesCount": 15, "followersCount": 2, "website": null}, {"id": "zerion1.eth", "name": "zerion1", "twitter": null, "proposalsCount": 1, "votesCount": 5, "followersCount": 16, "website": null}, {"id": "999vote.eth", "name": "999 Vote", "twitter": "10kClubOfficial", "proposalsCount": 2, "votesCount": 15, "followersCount": 5, "website": "https://twitter.com/10kClubOfficial"}, {"id": "activetoit.eth", "name": "ALMA2.0", "twitter": "CryptoAlma2", "proposalsCount": 6, "votesCount": 11, "followersCount": 5, "website": "https://www.alma-toit.fr/cryptoalma2"}]