[{"id": "mbsc.eth", "name": "MBSC DEFI (DAO)", "twitter": "MBSCDeFi", "proposalsCount": 1, "votesCount": 2, "followersCount": 5, "website": "https://mbscglobal.com"}, {"id": "metacourier.eth", "name": "lonelyday", "twitter": "cypto1coin", "proposalsCount": 2, "votesCount": 5, "followersCount": 1, "website": null}, {"id": "metapoldao.eth", "name": "METAPOL", "twitter": "metapol_army", "proposalsCount": 1, "votesCount": 2, "followersCount": 5, "website": "https://metapol.directory"}, {"id": "metaverseminds.eth", "name": "Metaverse Minds DAO ", "twitter": "metaverseminds", "proposalsCount": 1, "votesCount": 1, "followersCount": 6, "website": null}, {"id": "metayun.eth", "name": "metayun", "twitter": "FLTTKX", "proposalsCount": 2, "votesCount": 1, "followersCount": 5, "website": null}, {"id": "milf-dao.eth", "name": "MILF DAO", "twitter": "MILFunders", "proposalsCount": 1, "votesCount": 5, "followersCount": 2, "website": "https://linktr.ee/milftoken"}, {"id": "mrtn.eth", "name": "Nouns Plebeian Assembly", "twitter": "anquetil", "proposalsCount": 3, "votesCount": 1, "followersCount": 4, "website": null}, {"id": "mulki.eth", "name": "mulki", "twitter": null, "proposalsCount": 2, "votesCount": 4, "followersCount": 2, "website": null}, {"id": "nba-china.eth", "name": "poap", "twitter": "bishu6661", "proposalsCount": 1, "votesCount": 0, "followersCount": 7, "website": "https://twitter.com/bishu6661"}, {"id": "nbshuyi.eth", "name": "NBshuyi", "twitter": null, "proposalsCount": 2, "votesCount": 2, "followersCount": 4, "website": null}, {"id": "nengtianshi7311.eth", "name": "nengtianshi\u7684\u7a7a\u95f4", "twitter": null, "proposalsCount": 2, "votesCount": 4, "followersCount": 2, "website": null}, {"id": "neptunemutual.eth", "name": "Neptune Mutual", "twitter": "neptunemutual", "proposalsCount": 0, "votesCount": 0, "followersCount": 8, "website": null}, {"id": "ngdao.eth", "name": "NG Plateform", "twitter": null, "proposalsCount": 6, "votesCount": 0, "followersCount": 2, "website": null}, {"id": "nieri.eth", "name": "Yellow Cap", "twitter": "nieripesos", "proposalsCount": 1, "votesCount": 2, "followersCount": 5, "website": null}, {"id": "norbloc.eth", "name": "norbloc", "twitter": null, "proposalsCount": 2, "votesCount": 5, "followersCount": 1, "website": null}, {"id": "nunababy.eth", "name": "Bernie Bois Burner", "twitter": null, "proposalsCount": 4, "votesCount": 3, "followersCount": 1, "website": null}, {"id": "oaklanddao", "name": "Oakland Dao", "twitter": null, "proposalsCount": 2, "votesCount": 1, "followersCount": 5, "website": null}, {"id": "olympusassociation.eth", "name": "Olympus Association", "twitter": null, "proposalsCount": 2, "votesCount": 6, "followersCount": 0, "website": null}, {"id": "papaland.eth", "name": "BALLHUNTER", "twitter": "", "proposalsCount": 6, "votesCount": 0, "followersCount": 2, "website": null}, {"id": "pekey.eth", "name": "safety dao", "twitter": null, "proposalsCount": 3, "votesCount": 4, "followersCount": 1, "website": null}]