[{"id": "shuajj.eth", "name": "dAbacus Test on Rinkeby", "twitter": null, "proposalsCount": 2, "votesCount": 1, "followersCount": 1, "website": null}, {"id": "sienaroad.eth", "name": "Siena Road", "twitter": null, "proposalsCount": 1, "votesCount": 1, "followersCount": 2, "website": null}, {"id": "singularityy.eth", "name": "MustangDAO", "twitter": null, "proposalsCount": 1, "votesCount": 1, "followersCount": 2, "website": null}, {"id": "skks2091999.eth", "name": "First Polar Penguin", "twitter": null, "proposalsCount": 1, "votesCount": 1, "followersCount": 2, "website": null}, {"id": "slito.eth", "name": "r3", "twitter": null, "proposalsCount": 2, "votesCount": 2, "followersCount": 0, "website": null}, {"id": "smecta.eth", "name": "SMEC", "twitter": null, "proposalsCount": 1, "votesCount": 1, "followersCount": 2, "website": null}, {"id": "smoothybsc.eth", "name": "Smoothy-BSC", "twitter": null, "proposalsCount": 3, "votesCount": 0, "followersCount": 1, "website": null}, {"id": "snapshot.cap3collective.eth", "name": "Cap3 Collective", "twitter": "cap3collective", "proposalsCount": 0, "votesCount": 0, "followersCount": 4, "website": "https://cap3collective.io"}, {"id": "snipeclub.eth", "name": "Snipeclub", "twitter": "SnipeclubNFT", "proposalsCount": 0, "votesCount": 0, "followersCount": 4, "website": null}, {"id": "snoopso.eth", "name": "snoopso", "twitter": null, "proposalsCount": 2, "votesCount": 0, "followersCount": 2, "website": null}, {"id": "sofiafranco.eth", "name": "TEST", "twitter": null, "proposalsCount": 3, "votesCount": 1, "followersCount": 0, "website": null}, {"id": "spacebtc.eth", "name": "BtcSpace", "twitter": null, "proposalsCount": 2, "votesCount": 0, "followersCount": 2, "website": null}, {"id": "spaceeth.eth", "name": "EthSpace", "twitter": null, "proposalsCount": 2, "votesCount": 0, "followersCount": 2, "website": null}, {"id": "squareblocks.eth", "name": "CrowdSmart", "twitter": null, "proposalsCount": 2, "votesCount": 0, "followersCount": 2, "website": "https://www.crowdsmart.ai"}, {"id": "sram1337.eth", "name": "RareEveretts", "twitter": null, "proposalsCount": 1, "votesCount": 1, "followersCount": 2, "website": null}, {"id": "ss.tokentowndao.eth", "name": "TokenTown", "twitter": "TokenTownDAO", "proposalsCount": 0, "votesCount": 0, "followersCount": 4, "website": null}, {"id": "sswap.eth", "name": "SSwap", "twitter": null, "proposalsCount": 3, "votesCount": 0, "followersCount": 1, "website": null}, {"id": "SSXDao.eth", "name": "Society for Space eXploration", "twitter": null, "proposalsCount": 1, "votesCount": 0, "followersCount": 3, "website": null}, {"id": "stablexfinance.eth", "name": "StableX.finance", "twitter": null, "proposalsCount": 3, "votesCount": 0, "followersCount": 1, "website": null}, {"id": "stakerverse.eth", "name": "Stakerverse", "twitter": null, "proposalsCount": 1, "votesCount": 1, "followersCount": 2, "website": null}]