[{"id": "shubhamgg.eth", "name": "Shubhamgg", "twitter": "shubham93073411", "proposalsCount": 0, "votesCount": 0, "followersCount": 0, "website": null}, {"id": "shubhamtech.eth", "name": "Yem networking ", "twitter": null, "proposalsCount": 0, "votesCount": 0, "followersCount": 1, "website": "https://snapshot.org/#/setup/shubhamtech.eth?step=2"}, {"id": "shubhojit.eth", "name": "shubhojit", "twitter": "ShubhojitMond18", "proposalsCount": 0, "votesCount": 0, "followersCount": 0, "website": null}, {"id": "shuffledao.eth", "name": "ShuffleDAO", "twitter": "shuffledao", "proposalsCount": 0, "votesCount": 0, "followersCount": 1, "website": "https://shuffledao.com"}, {"id": "shyngys.eth", "name": "test", "twitter": null, "proposalsCount": 5, "votesCount": 4, "followersCount": 2, "website": null}, {"id": "siamakjam.eth", "name": "siamak", "twitter": null, "proposalsCount": 1, "votesCount": 2, "followersCount": 2, "website": null}, {"id": "sibaram.eth", "name": "Punks Domain", "twitter": "nsram303", "proposalsCount": 1, "votesCount": 1, "followersCount": 1, "website": null}, {"id": "sidechef.eth", "name": "sidechef", "twitter": null, "proposalsCount": 1, "votesCount": 1, "followersCount": 0, "website": null}, {"id": "sidghosh2015.eth", "name": "Sid network", "twitter": null, "proposalsCount": 0, "votesCount": 0, "followersCount": 0, "website": null}, {"id": "sidorik.eth", "name": "Sidrik", "twitter": null, "proposalsCount": 1, "votesCount": 1, "followersCount": 0, "website": null}, {"id": "sietes7.eth", "name": "Sietes", "twitter": "Isaru23", "proposalsCount": 1, "votesCount": 0, "followersCount": 2, "website": "https://twitter.com/Isaru23"}, {"id": "sifbb.eth", "name": "sifbb", "twitter": null, "proposalsCount": 0, "votesCount": 0, "followersCount": 1, "website": null}, {"id": "signsv.eth", "name": "GQ", "twitter": null, "proposalsCount": 4, "votesCount": 6, "followersCount": 2, "website": null}, {"id": "sillylord.eth", "name": "\u6211\u7684\u585e\u7f57", "twitter": null, "proposalsCount": 2, "votesCount": 2, "followersCount": 4, "website": null}, {"id": "silverffox.eth", "name": "www", "twitter": null, "proposalsCount": 1, "votesCount": 1, "followersCount": 1, "website": null}, {"id": "simbacat.eth", "name": "test", "twitter": null, "proposalsCount": 0, "votesCount": 0, "followersCount": 0, "website": null}, {"id": "simkhan.eth", "name": "simsim", "twitter": null, "proposalsCount": 1, "votesCount": 1, "followersCount": 0, "website": null}, {"id": "simon2022.eth", "name": "coolcoolarb", "twitter": null, "proposalsCount": 0, "votesCount": 0, "followersCount": 0, "website": null}, {"id": "simonbndk.eth", "name": "Simon", "twitter": null, "proposalsCount": 1, "votesCount": 1, "followersCount": 1, "website": null}, {"id": "simplant.eth", "name": "Simplant community", "twitter": null, "proposalsCount": 1, "votesCount": 3, "followersCount": 3, "website": null}]