[{"id": "bikkem.eth", "name": "BIKKEMBERGS", "twitter": null, "proposalsCount": 2, "votesCount": 5, "followersCount": 2, "website": null}, {"id": "bilets.eth", "name": "Bilets Club", "twitter": null, "proposalsCount": 0, "votesCount": 0, "followersCount": 1, "website": "https://bilets.club/"}, {"id": "bill666500.eth", "name": "snap-test", "twitter": null, "proposalsCount": 0, "votesCount": 0, "followersCount": 1, "website": null}, {"id": "billionguy.eth", "name": "DEGEN NFT", "twitter": null, "proposalsCount": 0, "votesCount": 0, "followersCount": 1, "website": null}, {"id": "billytan.eth", "name": "Billy ", "twitter": null, "proposalsCount": 2, "votesCount": 10, "followersCount": 2, "website": null}, {"id": "binance-live.eth", "name": "Testing", "twitter": null, "proposalsCount": 1, "votesCount": 1, "followersCount": 1, "website": null}, {"id": "binance0x.eth", "name": "Cryptosniper", "twitter": "Crypto_Sniper15", "proposalsCount": 0, "votesCount": 0, "followersCount": 0, "website": "https://www.twitter.com/Crypto_Sniper15"}, {"id": "binance34.eth", "name": "Salma", "twitter": null, "proposalsCount": 0, "votesCount": 0, "followersCount": 2, "website": null}, {"id": "binancec2c.eth", "name": "Jiu Jiu Gui Yi", "twitter": "becki_wait", "proposalsCount": 1, "votesCount": 1, "followersCount": 6, "website": null}, {"id": "binancepal.eth", "name": "xiedao", "twitter": "AnnyBodie", "proposalsCount": 4, "votesCount": 969, "followersCount": 150, "website": "http://moon.xiedao.xyz/"}, {"id": "binanceslab.eth", "name": "Crypto_Orbit", "twitter": "CryptOrbit1", "proposalsCount": 1, "votesCount": 25, "followersCount": 52, "website": null}, {"id": "binarys.eth", "name": "Binarys", "twitter": "Binarys_io", "proposalsCount": 0, "votesCount": 0, "followersCount": 1, "website": null}, {"id": "binggobing188.eth", "name": "BinB BMW Club", "twitter": "binggobing188", "proposalsCount": 3, "votesCount": 16, "followersCount": 33, "website": null}, {"id": "bingo888.eth", "name": "bingo", "twitter": null, "proposalsCount": 0, "votesCount": 0, "followersCount": 1, "website": null}, {"id": "bingohuang.eth", "name": "Rocifi", "twitter": null, "proposalsCount": 1, "votesCount": 1, "followersCount": 1, "website": null}, {"id": "biocrowd.eth", "name": "BioCrowd DAO", "twitter": null, "proposalsCount": 0, "votesCount": 0, "followersCount": 3, "website": "https://biocrowd.io"}, {"id": "biodaoxyz.eth", "name": "BioDAO", "twitter": "BioDAOxyz", "proposalsCount": 2, "votesCount": 10, "followersCount": 11, "website": "https://biodao.xyz"}, {"id": "bionerd.eth", "name": "Gummy Invasions (Scrapped)", "twitter": "Gummyinvasions", "proposalsCount": 3, "votesCount": 37, "followersCount": 10, "website": "https://gummyinvasions.io"}, {"id": "birnen.eth", "name": "tkg", "twitter": null, "proposalsCount": 2, "votesCount": 2, "followersCount": 0, "website": null}, {"id": "bitboysandbox.eth", "name": "BitBoy Sandbox Landshares", "twitter": null, "proposalsCount": 0, "votesCount": 0, "followersCount": 7, "website": null}]