[{"id": "nikitosikcryptan.eth", "name": "Nikitos", "twitter": null, "proposalsCount": 2, "votesCount": 2, "followersCount": 1, "website": null}, {"id": "nimholding.eth", "name": "NIM Voting Token", "twitter": null, "proposalsCount": 2, "votesCount": 154, "followersCount": 4, "website": "https://allnim.com"}, {"id": "nine999.eth", "name": "nine999", "twitter": null, "proposalsCount": 1, "votesCount": 1, "followersCount": 1, "website": null}, {"id": "ninenueve.eth", "name": "NineETH", "twitter": "NineETH9", "proposalsCount": 1, "votesCount": 1, "followersCount": 2, "website": "https://twitter.com/NineETH9"}, {"id": "ninthart.eth", "name": "NFT investDAO 001", "twitter": null, "proposalsCount": 1, "votesCount": 1, "followersCount": 1, "website": null}, {"id": "nioes8.eth", "name": "NIO", "twitter": "supandyh1", "proposalsCount": 1, "votesCount": 1, "followersCount": 2, "website": null}, {"id": "nishantk.eth", "name": "yalnik", "twitter": null, "proposalsCount": 0, "votesCount": 0, "followersCount": 0, "website": null}, {"id": "niu666.eth", "name": "babygo", "twitter": null, "proposalsCount": 1, "votesCount": 2, "followersCount": 1, "website": null}, {"id": "niukutzu.eth", "name": "Niukutzu-Club", "twitter": "niukutzu", "proposalsCount": 1, "votesCount": 1, "followersCount": 1, "website": "https://twitter.com/niukutzu"}, {"id": "nmoon.eth", "name": "nmoon", "twitter": null, "proposalsCount": 1, "votesCount": 4, "followersCount": 3, "website": null}, {"id": "nnaxop.eth", "name": "MD Rahul Hossain ", "twitter": null, "proposalsCount": 1, "votesCount": 1, "followersCount": 1, "website": null}, {"id": "nnif.eth", "name": "Rowdy Roos Test Space", "twitter": null, "proposalsCount": 1, "votesCount": 1, "followersCount": 0, "website": null}, {"id": "nnnnp.eth", "name": "y25", "twitter": null, "proposalsCount": 2, "votesCount": 2, "followersCount": 2, "website": null}, {"id": "no68.eth", "name": "Alex", "twitter": null, "proposalsCount": 0, "votesCount": 0, "followersCount": 1, "website": null}, {"id": "nobrige.eth", "name": "dfgjhkjk", "twitter": null, "proposalsCount": 2, "votesCount": 2, "followersCount": 0, "website": null}, {"id": "nocci.eth", "name": "nocci DAO", "twitter": null, "proposalsCount": 2, "votesCount": 0, "followersCount": 3, "website": null}, {"id": "noco.eth", "name": "NOCO", "twitter": "noco_io", "proposalsCount": 0, "votesCount": 0, "followersCount": 1, "website": "https://noco.io"}, {"id": "nocoin.eth", "name": "Code", "twitter": null, "proposalsCount": 0, "votesCount": 0, "followersCount": 1, "website": null}, {"id": "nocovid.eth", "name": "nocovid", "twitter": null, "proposalsCount": 1, "votesCount": 2, "followersCount": 2, "website": "https://cahsy.com"}, {"id": "nocriminality.eth", "name": "Andrew", "twitter": null, "proposalsCount": 0, "votesCount": 0, "followersCount": 1, "website": null}]