[{"id": "877343.eth", "name": "tall001", "twitter": null, "proposalsCount": 2, "votesCount": 3, "followersCount": 1, "website": null}, {"id": "877982.eth", "name": "tall002", "twitter": null, "proposalsCount": 1, "votesCount": 1, "followersCount": 1, "website": null}, {"id": "87977.eth", "name": "awesomeblossom", "twitter": null, "proposalsCount": 0, "votesCount": 0, "followersCount": 0, "website": null}, {"id": "884860.eth", "name": "884860", "twitter": null, "proposalsCount": 4, "votesCount": 8, "followersCount": 1, "website": null}, {"id": "884878.eth", "name": "884878", "twitter": null, "proposalsCount": 4, "votesCount": 5, "followersCount": 1, "website": null}, {"id": "8848vip.eth", "name": "8848vip", "twitter": null, "proposalsCount": 5, "votesCount": 1080, "followersCount": 3, "website": null}, {"id": "8861688.eth", "name": "skyland", "twitter": null, "proposalsCount": 0, "votesCount": 0, "followersCount": 0, "website": null}, {"id": "886570.eth", "name": "886570", "twitter": null, "proposalsCount": 10, "votesCount": 10, "followersCount": 1, "website": null}, {"id": "886660.eth", "name": "886660", "twitter": null, "proposalsCount": 3, "votesCount": 6, "followersCount": 1, "website": null}, {"id": "886681.eth", "name": "\u563f\u563f", "twitter": null, "proposalsCount": 1, "votesCount": 5, "followersCount": 1, "website": null}, {"id": "887654.eth", "name": "887654", "twitter": null, "proposalsCount": 3, "votesCount": 3, "followersCount": 1, "website": null}, {"id": "88856.eth", "name": "Robot VC", "twitter": null, "proposalsCount": 1, "votesCount": 0, "followersCount": 0, "website": null}, {"id": "888606.eth", "name": "888606", "twitter": null, "proposalsCount": 3, "votesCount": 5, "followersCount": 1, "website": null}, {"id": "888626.eth", "name": "888626", "twitter": null, "proposalsCount": 3, "votesCount": 3, "followersCount": 1, "website": null}, {"id": "888636.eth", "name": "888636", "twitter": null, "proposalsCount": 3, "votesCount": 3, "followersCount": 1, "website": null}, {"id": "888646.eth", "name": "888646", "twitter": null, "proposalsCount": 3, "votesCount": 4, "followersCount": 1, "website": null}, {"id": "888656.eth", "name": "888656", "twitter": null, "proposalsCount": 3, "votesCount": 3, "followersCount": 1, "website": null}, {"id": "888676.eth", "name": "888676", "twitter": null, "proposalsCount": 3, "votesCount": 5, "followersCount": 1, "website": null}, {"id": "888800001.eth", "name": "8848 DAO", "twitter": null, "proposalsCount": 1, "votesCount": 1, "followersCount": 1, "website": null}, {"id": "8888109.eth", "name": "TenderStar", "twitter": "Milaifon", "proposalsCount": 0, "votesCount": 0, "followersCount": 1, "website": "https://tenderstar.xyz"}]