[{"id": "signaling.1inch.eth", "name": "1inch DAO Signaling", "twitter": "1inchNetwork", "proposalsCount": 2, "votesCount": 360, "followersCount": 36, "website": null}, {"id": "yaxis.eth", "name": "yAxis", "twitter": "yaxis_project", "proposalsCount": 9, "votesCount": 445, "followersCount": 44, "website": null}, {"id": "zoraapi.eth", "name": "zoraapi", "twitter": null, "proposalsCount": 38, "votesCount": 47, "followersCount": 13, "website": null}, {"id": "restoretruth.eth", "name": "Restore Truth Token", "twitter": "restoretruthrtt", "proposalsCount": 7, "votesCount": 168, "followersCount": 22, "website": "https://restoretruthtoken.com"}, {"id": "nonosnfts.eth", "name": "No Nos NFT", "twitter": "NoNos_NFT", "proposalsCount": 4, "votesCount": 446, "followersCount": 46, "website": "https://nonosnft.com/"}, {"id": "teaht.eth", "name": "Teahouse HighTable", "twitter": "TeahouseHost", "proposalsCount": 4, "votesCount": 453, "followersCount": 39, "website": "https://ht.teahouse.finance/"}, {"id": "contribution-syndicate.eth", "name": "Contribution Syndicate | 01 ", "twitter": null, "proposalsCount": 17, "votesCount": 157, "followersCount": 21, "website": null}, {"id": "ethermondao.eth", "name": "Ethermon DAO", "twitter": "Ethermon_NFT", "proposalsCount": 7, "votesCount": 405, "followersCount": 83, "website": "https://www.ethermon.io"}, {"id": "aciddao.eth", "name": "0xAcid", "twitter": "0xAcidDAO", "proposalsCount": 6, "votesCount": 396, "followersCount": 92, "website": "https://0xacid.com/"}, {"id": "cryptoadz.eth", "name": "Cryptoadz Grants Voting", "twitter": "cryptoadzNFT", "proposalsCount": 16, "votesCount": 389, "followersCount": 89, "website": null}, {"id": "uniqueone.eth", "name": "Unique One", "twitter": null, "proposalsCount": 11, "votesCount": 477, "followersCount": 5, "website": null}, {"id": "onepixeldao.eth", "name": "OnePixelDAO", "twitter": "onlyonepixel", "proposalsCount": 8, "votesCount": 473, "followersCount": 11, "website": null}, {"id": "naturecatalysis.eth", "name": "SKY", "twitter": null, "proposalsCount": 91, "votesCount": 347, "followersCount": 54, "website": null}, {"id": "88mph.eth", "name": "88mph", "twitter": "88mphapp", "proposalsCount": 15, "votesCount": 369, "followersCount": 107, "website": "https://88mph.app/"}, {"id": "lideru.eth", "name": "Lideru Phi Quest", "twitter": "Shokoli", "proposalsCount": 31, "votesCount": 414, "followersCount": 44, "website": "https://linktr.ee/lideru"}, {"id": "liondexofficial.eth", "name": "LionDEX", "twitter": "liondexofficial", "proposalsCount": 5, "votesCount": 353, "followersCount": 81, "website": "https://liondex.com/"}, {"id": "enzymefinance.eth", "name": "Enzyme Council", "twitter": "enzymefinance", "proposalsCount": 17, "votesCount": 90, "followersCount": 31, "website": "https://enzyme.finance/"}, {"id": "genart-dao.eth", "name": "GEN.ART", "twitter": "gen_dot_art", "proposalsCount": 8, "votesCount": 301, "followersCount": 178, "website": null}, {"id": "shreddingsassy.eth", "name": "Shredding Sassy", "twitter": "ShreddingSassy", "proposalsCount": 15, "votesCount": 403, "followersCount": 67, "website": "https://www.shreddingsassy.com/"}, {"id": "1coinnetwork.eth", "name": "bomb.money", "twitter": "BombMoneyBSC", "proposalsCount": 11, "votesCount": 387, "followersCount": 86, "website": "https://bomb.money"}]