[{"id": "jyrgal.eth", "name": "Jyrgal", "twitter": null, "proposalsCount": 0, "votesCount": 0, "followersCount": 1, "website": null}, {"id": "k-ypto.eth", "name": "K_ypto", "twitter": null, "proposalsCount": 0, "votesCount": 0, "followersCount": 0, "website": null}, {"id": "k0011.eth", "name": "k", "twitter": null, "proposalsCount": 6, "votesCount": 11, "followersCount": 4, "website": null}, {"id": "k2win.eth", "name": "K2WIN", "twitter": "LuckyK2Win", "proposalsCount": 1, "votesCount": 1, "followersCount": 2, "website": null}, {"id": "k4i.eth", "name": "Kai", "twitter": null, "proposalsCount": 16, "votesCount": 0, "followersCount": 1, "website": null}, {"id": "kaif.eth", "name": "KAIF", "twitter": null, "proposalsCount": 0, "votesCount": 0, "followersCount": 2, "website": null}, {"id": "kakashechka.eth", "name": "sasa", "twitter": null, "proposalsCount": 3, "votesCount": 2, "followersCount": 3, "website": null}, {"id": "kakav.eth", "name": "1", "twitter": null, "proposalsCount": 1, "votesCount": 2, "followersCount": 1, "website": null}, {"id": "kakuanbulls.eth", "name": "The Ten Bulls", "twitter": "thefourthbull", "proposalsCount": 0, "votesCount": 0, "followersCount": 1, "website": "https://kakuan.xyz"}, {"id": "kaliy.eth", "name": "\u540c\u798f\u5ba2\u6808DAO", "twitter": null, "proposalsCount": 1, "votesCount": 2, "followersCount": 2, "website": null}, {"id": "kamakuradao.eth", "name": "KamakuraDAO", "twitter": null, "proposalsCount": 2, "votesCount": 1, "followersCount": 0, "website": null}, {"id": "kamazz.eth", "name": "kamazz", "twitter": null, "proposalsCount": 1, "votesCount": 1, "followersCount": 0, "website": null}, {"id": "kamazzz.eth", "name": "Kamazzz", "twitter": null, "proposalsCount": 0, "votesCount": 0, "followersCount": 0, "website": null}, {"id": "kamio.eth", "name": "kamio web3", "twitter": null, "proposalsCount": 1, "votesCount": 1, "followersCount": 2, "website": null}, {"id": "kancuno.eth", "name": "K1verse", "twitter": "Kancuno_nft", "proposalsCount": 0, "votesCount": 0, "followersCount": 1, "website": null}, {"id": "kandylanddao.eth", "name": "KandylandDAO", "twitter": "kandylanddao", "proposalsCount": 2, "votesCount": 30, "followersCount": 18, "website": null}, {"id": "kaoprotocol.eth", "name": "Kao Protocol", "twitter": "kaodefi", "proposalsCount": 0, "votesCount": 0, "followersCount": 4, "website": "https://kaodefi.com/"}, {"id": "kapsel.eth", "name": "Kapsel78Lab", "twitter": "kapsel78lab", "proposalsCount": 1, "votesCount": 1, "followersCount": 1, "website": null}, {"id": "karaha23.eth", "name": "KARAHA", "twitter": "OLEGLUCHIN", "proposalsCount": 0, "votesCount": 0, "followersCount": 0, "website": null}, {"id": "karakter.eth", "name": "Karakter", "twitter": "karakter_music", "proposalsCount": 0, "votesCount": 0, "followersCount": 0, "website": null}]