[{"id": "jadeprotocol.eth", "name": "Jade Protocol DAO", "twitter": "jadeprotocol", "proposalsCount": 20, "votesCount": 16527, "followersCount": 5066, "website": "https://jadeprotocol.io"}, {"id": "doodles.eth", "name": "Doodles", "twitter": "doodles", "proposalsCount": 51, "votesCount": 14807, "followersCount": 6097, "website": null}, {"id": "lgcryptounicorns.eth", "name": "Crypto Unicorns", "twitter": "crypto_unicorns", "proposalsCount": 25, "votesCount": 12596, "followersCount": 1889, "website": "https://www.cryptounicorns.fun/"}, {"id": "beefydao.eth", "name": "Beefy", "twitter": "beefyfinance", "proposalsCount": 84, "votesCount": 7709, "followersCount": 10186, "website": "https://beefy.com/"}, {"id": "alchemixstakers.eth", "name": "Alchemix", "twitter": null, "proposalsCount": 107, "votesCount": 12921, "followersCount": 3344, "website": null}, {"id": "fei.eth", "name": "Fei", "twitter": "feiprotocol", "proposalsCount": 137, "votesCount": 14257, "followersCount": 3074, "website": null}, {"id": "layer2dao.org", "name": "Layer2DAO", "twitter": "TheLayer2DAO", "proposalsCount": 15, "votesCount": 7106, "followersCount": 8550, "website": "https://www.layer2dao.org/"}, {"id": "synapseprotocol.eth", "name": "Synapse Protocol", "twitter": null, "proposalsCount": 29, "votesCount": 1735, "followersCount": 6965, "website": "https://forum.synapseprotocol.com"}, {"id": "pooltogether.eth", "name": "PoolTogether", "twitter": "PoolTogether_", "proposalsCount": 25, "votesCount": 3165, "followersCount": 6624, "website": null}, {"id": "safe.eth", "name": "SafeDAO", "twitter": "safe", "proposalsCount": 6, "votesCount": 8678, "followersCount": 6006, "website": "https://forum.gnosis-safe.io/"}, {"id": "devdao.eth", "name": "Developer DAO", "twitter": "developer_dao", "proposalsCount": 31, "votesCount": 11335, "followersCount": 4573, "website": "https://www.developerdao.com/"}, {"id": "alpacafinance.eth", "name": "Alpaca Finance", "twitter": "AlpacaFinance", "proposalsCount": 33, "votesCount": 10448, "followersCount": 3834, "website": null}, {"id": "tomoondao.eth", "name": "MoonDAO", "twitter": "OfficialMoonDAO", "proposalsCount": 97, "votesCount": 10732, "followersCount": 3225, "website": "https://moondao.com"}, {"id": "ybaby.eth", "name": "yearn (old)", "twitter": null, "proposalsCount": 13, "votesCount": 8638, "followersCount": 5517, "website": "https://snapshot.org/#/veyfi.eth"}, {"id": "graphprotocol.eth", "name": "The Graph", "twitter": null, "proposalsCount": 4, "votesCount": 1195, "followersCount": 11985, "website": null}, {"id": "friendswithbenefits.eth", "name": "Friends With Benefits", "twitter": "fwbtweets", "proposalsCount": 62, "votesCount": 9199, "followersCount": 2898, "website": "https://fwb.help"}, {"id": "rarible.eth", "name": "Rarible Protocol DAO", "twitter": "rariblecom", "proposalsCount": 138, "votesCount": 8055, "followersCount": 5398, "website": null}, {"id": "redactedcartel.eth", "name": "Redacted", "twitter": "redactedcartel", "proposalsCount": 61, "votesCount": 6612, "followersCount": 1185, "website": "https://redacted.finance"}, {"id": "sharkdao.eth", "name": "SharkDAO", "twitter": "sharkdao", "proposalsCount": 391, "votesCount": 7432, "followersCount": 2544, "website": "https://sharks.wtf"}, {"id": "grants.safe.eth", "name": "Safe Grants", "twitter": "safe", "proposalsCount": 3, "votesCount": 501, "followersCount": 162, "website": "https://grants.safe.global/"}]