[{"id": "etherthings.eth", "name": "EtherThings DAO", "twitter": "etherthings", "proposalsCount": 2, "votesCount": 54, "followersCount": 9, "website": "https://etherthings.com/en"}, {"id": "fosterdao.eth", "name": "Foster", "twitter": "0xFoster", "proposalsCount": 7, "votesCount": 48, "followersCount": 10, "website": "https://foster.co"}, {"id": "imfish.eth", "name": "doggy", "twitter": null, "proposalsCount": 8, "votesCount": 45, "followersCount": 12, "website": null}, {"id": "jbas-education-dao.eth", "name": "JBAS Education DAO", "twitter": "Japanese_BAPES", "proposalsCount": 2, "votesCount": 43, "followersCount": 20, "website": "https://www.japanesebornapesociety.com/"}, {"id": "latr.eth", "name": "La Tavola Rotonda ", "twitter": "TavolaSyndicate", "proposalsCount": 4, "votesCount": 57, "followersCount": 4, "website": null}, {"id": "meta-rembrandt.eth", "name": "MetaRembrandt", "twitter": "metarembrandt", "proposalsCount": 2, "votesCount": 47, "followersCount": 16, "website": "https://metarembrandt.com"}, {"id": "musicmachines.eth", "name": "The Studio DAO", "twitter": "musicmachinenft", "proposalsCount": 2, "votesCount": 52, "followersCount": 11, "website": "https://musicmachinesnft.com/"}, {"id": "nonfungiblefrens.eth", "name": "Non Fungible Frens", "twitter": null, "proposalsCount": 6, "votesCount": 28, "followersCount": 31, "website": null}, {"id": "octolsd.eth", "name": "OctoLSD", "twitter": "OctoLSD", "proposalsCount": 2, "votesCount": 6, "followersCount": 7, "website": "https://octolsd.finance/"}, {"id": "ovena.eth", "name": "Ovena Labs", "twitter": "OvenaLabs", "proposalsCount": 1, "votesCount": 30, "followersCount": 34, "website": null}, {"id": "payrue", "name": "PayRue", "twitter": null, "proposalsCount": 7, "votesCount": 41, "followersCount": 17, "website": null}, {"id": "rossish.eth", "name": "Ross", "twitter": "r_ross_campbell", "proposalsCount": 7, "votesCount": 44, "followersCount": 14, "website": null}, {"id": "spaghetti", "name": "Spaghetti.Money", "twitter": null, "proposalsCount": 9, "votesCount": 55, "followersCount": 1, "website": null}, {"id": "thisismyens.eth", "name": "RunnerClub", "twitter": null, "proposalsCount": 2, "votesCount": 24, "followersCount": 39, "website": null}, {"id": "ty-sir.eth", "name": "Demo Space", "twitter": null, "proposalsCount": 28, "votesCount": 27, "followersCount": 10, "website": null}, {"id": "alex", "name": "Alex Masmej", "twitter": null, "proposalsCount": 23, "votesCount": 24, "followersCount": 18, "website": null}, {"id": "firstdao.eth", "name": "FIRST DAO ", "twitter": "firstaudioclub", "proposalsCount": 4, "votesCount": 36, "followersCount": 25, "website": null}, {"id": "sandglass.eth", "name": "sandglassdao", "twitter": null, "proposalsCount": 4, "votesCount": 4, "followersCount": 7, "website": null}, {"id": "defiat", "name": "DeFiat", "twitter": null, "proposalsCount": 6, "votesCount": 56, "followersCount": 2, "website": null}, {"id": "k9artworks.eth", "name": "k9", "twitter": null, "proposalsCount": 4, "votesCount": 54, "followersCount": 6, "website": null}]