[{"id": "bergerclaus.eth", "name": "before", "twitter": null, "proposalsCount": 9, "votesCount": 15, "followersCount": 10, "website": null}, {"id": "burkeemily.eth", "name": "varticle", "twitter": null, "proposalsCount": 5, "votesCount": 14, "followersCount": 15, "website": null}, {"id": "council.stakedotlink.eth", "name": "stake.link Governing Council", "twitter": "stakedotlink", "proposalsCount": 4, "votesCount": 26, "followersCount": 4, "website": "https://stake.link/"}, {"id": "cryptocojak.eth", "name": "Onecans Community Space", "twitter": "OneCanNFT", "proposalsCount": 3, "votesCount": 22, "followersCount": 9, "website": "https://linktr.ee/OneCanNFT"}, {"id": "cyclopscr.eth", "name": "Cyclops", "twitter": "CyclopsCR", "proposalsCount": 1, "votesCount": 29, "followersCount": 4, "website": "https://www.cyclopsnft.xyz/"}, {"id": "dao.royalefinance.eth", "name": "Royale DAO", "twitter": "Royalegamepad", "proposalsCount": 2, "votesCount": 18, "followersCount": 14, "website": "https://app.royale.finance/"}, {"id": "dddddddddd.eth", "name": "RNDR", "twitter": null, "proposalsCount": 2, "votesCount": 19, "followersCount": 13, "website": null}, {"id": "fishyfam.eth", "name": "Fishy Fam", "twitter": "fishyfamnft", "proposalsCount": 1, "votesCount": 30, "followersCount": 3, "website": "https://www.fishyfam.io"}, {"id": "hack24.eth", "name": "DXdao Exploit", "twitter": null, "proposalsCount": 6, "votesCount": 19, "followersCount": 9, "website": "https://daotalk.org/t/exploit-disclosure-dxdao-governance/4625"}, {"id": "hownowdao.eth", "name": "HowNowDAO", "twitter": null, "proposalsCount": 8, "votesCount": 23, "followersCount": 3, "website": null}, {"id": "injay.eth", "name": "DEX", "twitter": null, "proposalsCount": 8, "votesCount": 22, "followersCount": 4, "website": null}, {"id": "marvelverse.eth", "name": "CakeVerse", "twitter": null, "proposalsCount": 1, "votesCount": 4, "followersCount": 29, "website": null}, {"id": "pre-pandadao.eth", "name": "PandaDAO-Core", "twitter": null, "proposalsCount": 1, "votesCount": 9, "followersCount": 24, "website": null}, {"id": "shouyi-governance-hsc.eth", "name": "ShouYi-HSC", "twitter": null, "proposalsCount": 1, "votesCount": 24, "followersCount": 9, "website": null}, {"id": "titifinancial.eth", "name": "Titi DAO", "twitter": "Titi_Financial", "proposalsCount": 2, "votesCount": 19, "followersCount": 13, "website": "https://www.titicaca.finance/"}, {"id": "yipit.eth", "name": "yipit", "twitter": "duoduo95920292", "proposalsCount": 2, "votesCount": 15, "followersCount": 17, "website": null}, {"id": "\u53f0\u7063\u6c11\u4e3b\u81ea\u6c7a.eth", "name": "galaxy voting", "twitter": null, "proposalsCount": 8, "votesCount": 16, "followersCount": 10, "website": null}, {"id": "\ud5c8\uacbd\uc601.eth", "name": "test", "twitter": null, "proposalsCount": 22, "votesCount": 9, "followersCount": 3, "website": null}, {"id": "0xmarsdao.eth", "name": "MarsDAO", "twitter": "mtmartians", "proposalsCount": 2, "votesCount": 24, "followersCount": 7, "website": null}, {"id": "4thtech.eth", "name": "4thTech", "twitter": "4thtechProject", "proposalsCount": 1, "votesCount": 15, "followersCount": 17, "website": null}]