[{"id": "murzynos.eth", "name": "Networkinnnnng", "twitter": null, "proposalsCount": 1, "votesCount": 1, "followersCount": 0, "website": null}, {"id": "nameld.eth", "name": "anay", "twitter": null, "proposalsCount": 1, "votesCount": 1, "followersCount": 0, "website": null}, {"id": "papalk.eth", "name": "papalk", "twitter": null, "proposalsCount": 1, "votesCount": 1, "followersCount": 0, "website": null}, {"id": "percent", "name": "Percent", "twitter": null, "proposalsCount": 16, "votesCount": 85, "followersCount": 1, "website": null}, {"id": "playfun.eth", "name": "Pussycoin", "twitter": null, "proposalsCount": 5, "votesCount": 31, "followersCount": 66, "website": null}, {"id": "pondems.eth", "name": "Pondems.eth", "twitter": null, "proposalsCount": 1, "votesCount": 1, "followersCount": 0, "website": null}, {"id": "pymee.eth", "name": "matic go", "twitter": null, "proposalsCount": 0, "votesCount": 0, "followersCount": 2, "website": null}, {"id": "queena2.eth", "name": "jss", "twitter": null, "proposalsCount": 1, "votesCount": 0, "followersCount": 1, "website": null}, {"id": "quinc.eth", "name": "dfgdf", "twitter": null, "proposalsCount": 1, "votesCount": 1, "followersCount": 0, "website": null}, {"id": "razord.eth", "name": "abay", "twitter": null, "proposalsCount": 1, "votesCount": 1, "followersCount": 0, "website": null}, {"id": "reginaldy.eth", "name": "oner", "twitter": null, "proposalsCount": 1, "votesCount": 1, "followersCount": 0, "website": null}, {"id": "richjiho.eth", "name": "a", "twitter": null, "proposalsCount": 1, "votesCount": 1, "followersCount": 0, "website": null}, {"id": "richjijo.eth", "name": "w", "twitter": null, "proposalsCount": 1, "votesCount": 1, "followersCount": 0, "website": null}, {"id": "rolandaa.eth", "name": "king", "twitter": null, "proposalsCount": 1, "votesCount": 1, "followersCount": 0, "website": null}, {"id": "sabred.eth", "name": "abay", "twitter": null, "proposalsCount": 1, "votesCount": 1, "followersCount": 0, "website": null}, {"id": "sdzdfern.eth", "name": "Zora", "twitter": null, "proposalsCount": 1, "votesCount": 1, "followersCount": 0, "website": null}, {"id": "sfgsd.eth", "name": "sdfsd", "twitter": null, "proposalsCount": 1, "votesCount": 1, "followersCount": 0, "website": null}, {"id": "shaket.eth", "name": "abay", "twitter": null, "proposalsCount": 1, "votesCount": 1, "followersCount": 0, "website": null}, {"id": "si2na.eth", "name": "Polygon", "twitter": null, "proposalsCount": 0, "votesCount": 0, "followersCount": 2, "website": null}, {"id": "snagwy.eth", "name": "gfhjgh", "twitter": null, "proposalsCount": 1, "votesCount": 1, "followersCount": 0, "website": null}]