[{"id": "1vn.eth", "name": "CortexLabs", "twitter": "CTXCBlockchain", "proposalsCount": 0, "votesCount": 0, "followersCount": 2, "website": "https://cortexlabs.ai"}, {"id": "1xbat.eth", "name": "Rubel", "twitter": null, "proposalsCount": 0, "votesCount": 0, "followersCount": 0, "website": null}, {"id": "2-555.eth", "name": "zk", "twitter": "keysaywell", "proposalsCount": 3, "votesCount": 61, "followersCount": 11, "website": null}, {"id": "2.snapspace.eth", "name": "Snapspace 2", "twitter": null, "proposalsCount": 26, "votesCount": 34, "followersCount": 6, "website": null}, {"id": "200022.eth", "name": "\u8de8\u94fe\u6865\u6709\u5927\u6bdb\u5417\uff1f", "twitter": null, "proposalsCount": 1, "votesCount": 1, "followersCount": 1, "website": null}, {"id": "200066.eth", "name": "\u4e3a\u6295\u8d44\u800c\u751f", "twitter": null, "proposalsCount": 1, "votesCount": 1, "followersCount": 1, "website": null}, {"id": "200088.eth", "name": "\u64b8\u6bdb", "twitter": null, "proposalsCount": 1, "votesCount": 10, "followersCount": 8, "website": null}, {"id": "200109.eth", "name": "2001", "twitter": null, "proposalsCount": 1, "votesCount": 1, "followersCount": 1, "website": null}, {"id": "200465.eth", "name": "believe future", "twitter": null, "proposalsCount": 1, "votesCount": 3, "followersCount": 2, "website": null}, {"id": "200\u65a4\u5305\u5b50.eth", "name": "laobing666", "twitter": null, "proposalsCount": 1, "votesCount": 1, "followersCount": 1, "website": "https://link3.to/allenzhu"}, {"id": "201104.eth", "name": "guog", "twitter": null, "proposalsCount": 2, "votesCount": 52, "followersCount": 1, "website": null}, {"id": "201118.eth", "name": "NEW META", "twitter": null, "proposalsCount": 1, "votesCount": 1, "followersCount": 1, "website": null}, {"id": "201119.eth", "name": "TimeDAO", "twitter": null, "proposalsCount": 1, "votesCount": 1, "followersCount": 1, "website": null}, {"id": "201806.eth", "name": "JiaLing Dao", "twitter": null, "proposalsCount": 1, "votesCount": 1, "followersCount": 1, "website": null}, {"id": "202002020202.eth", "name": "lumao7", "twitter": null, "proposalsCount": 13, "votesCount": 245, "followersCount": 86, "website": null}, {"id": "202002022020.eth", "name": "lumao8", "twitter": null, "proposalsCount": 13, "votesCount": 247, "followersCount": 85, "website": null}, {"id": "202101.eth", "name": "202DAO", "twitter": null, "proposalsCount": 1, "votesCount": 1, "followersCount": 1, "website": null}, {"id": "20211206.eth", "name": "20211206", "twitter": null, "proposalsCount": 1, "votesCount": 1, "followersCount": 0, "website": null}, {"id": "2021eth.eth", "name": "2021eth", "twitter": null, "proposalsCount": 364, "votesCount": 12079, "followersCount": 2056, "website": null}, {"id": "20220615.eth", "name": "\u8d44\u7ba1", "twitter": null, "proposalsCount": 2, "votesCount": 3, "followersCount": 1, "website": null}]