[{"id": "fvbok.eth", "name": "fvbok", "twitter": null, "proposalsCount": 3, "votesCount": 5, "followersCount": 2, "website": null}, {"id": "hiobo.eth", "name": "Hi", "twitter": null, "proposalsCount": 3, "votesCount": 5, "followersCount": 2, "website": null}, {"id": "iotexnetwork.eth", "name": "USDT Test Space", "twitter": null, "proposalsCount": 0, "votesCount": 0, "followersCount": 310, "website": null}, {"id": "liftkitchen.eth", "name": "Lift.Kitchen", "twitter": "liftdao", "proposalsCount": 22, "votesCount": 487, "followersCount": 1, "website": null}, {"id": "linmk.eth", "name": "linm", "twitter": null, "proposalsCount": 3, "votesCount": 5, "followersCount": 2, "website": null}, {"id": "lovev.eth", "name": "love", "twitter": null, "proposalsCount": 3, "votesCount": 5, "followersCount": 2, "website": null}, {"id": "luncs.eth", "name": "luncs", "twitter": null, "proposalsCount": 3, "votesCount": 5, "followersCount": 2, "website": null}, {"id": "opsui.eth", "name": "op", "twitter": null, "proposalsCount": 4, "votesCount": 4, "followersCount": 2, "website": null}, {"id": "zecoin.eth", "name": "ze", "twitter": null, "proposalsCount": 3, "votesCount": 5, "followersCount": 2, "website": null}, {"id": "etherorcsdao.eth", "name": "Ether Orcs DAO", "twitter": "EtherOrcs", "proposalsCount": 10, "votesCount": 454, "followersCount": 45, "website": "https://etherorcs.com/"}, {"id": "jiucaishequ.eth", "name": "leek", "twitter": "baifei666", "proposalsCount": 5, "votesCount": 485, "followersCount": 19, "website": "http://www.leek.la/"}, {"id": "nfbeez.eth", "name": "NFBeez", "twitter": "1HiveNFBeez", "proposalsCount": 9, "votesCount": 256, "followersCount": 94, "website": null}, {"id": "themetahousemafia.eth", "name": "Meta House Mafia", "twitter": "metahousemafia", "proposalsCount": 6, "votesCount": 473, "followersCount": 29, "website": "https://discord.gg/metahousemafia"}, {"id": "demigodsuniverse.eth", "name": "Demi Gods Universe", "twitter": null, "proposalsCount": 5, "votesCount": 496, "followersCount": 6, "website": null}, {"id": "diatomfund.eth", "name": "Diatom DAO", "twitter": "diatomdao", "proposalsCount": 2, "votesCount": 488, "followersCount": 17, "website": null}, {"id": "agilitydao.eth", "name": "Agility DAO", "twitter": "agility_lsd", "proposalsCount": 11, "votesCount": 323, "followersCount": 172, "website": "https://agilitylsd.com/"}, {"id": "flypedao.eth", "name": "Flype DAO", "twitter": "FlypeProtocol", "proposalsCount": 22, "votesCount": 444, "followersCount": 39, "website": "https://flype.fi/"}, {"id": "donotgogentleintothatgoodnight.eth", "name": "myspaceofvote", "twitter": null, "proposalsCount": 20, "votesCount": 19, "followersCount": 15, "website": null}, {"id": "bastardpenguinsdao.eth", "name": "Bastard Penguins", "twitter": "BastardPenguins", "proposalsCount": 18, "votesCount": 459, "followersCount": 23, "website": null}, {"id": "dotfinance.eth", "name": "DotFinance", "twitter": "dot_finance", "proposalsCount": 3, "votesCount": 364, "followersCount": 131, "website": null}]