[{"id": "consulting.joints.eth", "name": "CONSULTDAO", "twitter": null, "proposalsCount": 1, "votesCount": 1, "followersCount": 1, "website": null}, {"id": "cool.ensmaxisfam.eth", "name": "COOLDAO", "twitter": null, "proposalsCount": 1, "votesCount": 1, "followersCount": 1, "website": null}, {"id": "cool.joints.eth", "name": "coolDAO", "twitter": null, "proposalsCount": 1, "votesCount": 1, "followersCount": 1, "website": null}, {"id": "coolery.eth", "name": "\u8001\u5927\u4e0d\u5c0f", "twitter": null, "proposalsCount": 1, "votesCount": 1, "followersCount": 1, "website": null}, {"id": "coreguilds.eth", "name": "Core Guilds", "twitter": null, "proposalsCount": 3, "votesCount": 0, "followersCount": 0, "website": null}, {"id": "cosmorobot.eth", "name": "zx1", "twitter": null, "proposalsCount": 1, "votesCount": 1, "followersCount": 1, "website": null}, {"id": "cosmos.freesubs.eth", "name": "COSMOSDAO", "twitter": null, "proposalsCount": 1, "votesCount": 1, "followersCount": 1, "website": null}, {"id": "cost96.eth", "name": "cost96", "twitter": null, "proposalsCount": 1, "votesCount": 1, "followersCount": 1, "website": null}, {"id": "coyotecartelnft.eth", "name": "Billionaire Coyote Cartel", "twitter": "coyotecartelnft", "proposalsCount": 0, "votesCount": 0, "followersCount": 3, "website": "https://billionairecoyotecartel.com/"}, {"id": "cpa.joints.eth", "name": "CPADAO", "twitter": null, "proposalsCount": 1, "votesCount": 1, "followersCount": 1, "website": null}, {"id": "crazypark.eth", "name": "CrazyPark", "twitter": null, "proposalsCount": 2, "votesCount": 0, "followersCount": 1, "website": null}, {"id": "credit.freesubs.eth", "name": "CREDITDA0", "twitter": null, "proposalsCount": 1, "votesCount": 1, "followersCount": 1, "website": null}, {"id": "credit.joints.eth", "name": "creditDAO", "twitter": null, "proposalsCount": 1, "votesCount": 1, "followersCount": 1, "website": null}, {"id": "criptoarchi.eth", "name": "Cripto Archi Finance", "twitter": "criptoarchi", "proposalsCount": 0, "votesCount": 0, "followersCount": 3, "website": null}, {"id": "cro.freesubs.eth", "name": "CRODAO", "twitter": null, "proposalsCount": 1, "votesCount": 1, "followersCount": 1, "website": null}, {"id": "croblins.eth", "name": "Croblins", "twitter": "croblins", "proposalsCount": 0, "votesCount": 0, "followersCount": 3, "website": null}, {"id": "crop31.eth", "name": "crop31", "twitter": null, "proposalsCount": 1, "votesCount": 1, "followersCount": 1, "website": null}, {"id": "crv.freesubs.eth", "name": "CRVDAO", "twitter": null, "proposalsCount": 1, "votesCount": 1, "followersCount": 1, "website": null}, {"id": "cryme.eth", "name": "SPACE GUINAZ", "twitter": null, "proposalsCount": 1, "votesCount": 1, "followersCount": 1, "website": null}, {"id": "crypto-cafe.eth", "name": "Crypto-Caf\u00e9", "twitter": null, "proposalsCount": 1, "votesCount": 0, "followersCount": 2, "website": null}]