[{"id": "ellegabul.eth", "name": "Elly Gabul group", "twitter": null, "proposalsCount": 8, "votesCount": 16, "followersCount": 10, "website": null}, {"id": "elon00.eth", "name": "Jay", "twitter": null, "proposalsCount": 0, "votesCount": 0, "followersCount": 1, "website": null}, {"id": "elon154.eth", "name": "bumba", "twitter": "SouravR53300240", "proposalsCount": 0, "votesCount": 0, "followersCount": 1, "website": null}, {"id": "elon6.eth", "name": "BigDAO", "twitter": null, "proposalsCount": 5, "votesCount": 702, "followersCount": 6, "website": null}, {"id": "elonmusk33.eth", "name": "abdel", "twitter": null, "proposalsCount": 0, "votesCount": 0, "followersCount": 1, "website": null}, {"id": "elonmusktwit.eth", "name": "elonmusktwit", "twitter": "yaochuhai88", "proposalsCount": 1, "votesCount": 2, "followersCount": 1, "website": null}, {"id": "elseone.eth", "name": "elseoneDAO", "twitter": null, "proposalsCount": 4, "votesCount": 18, "followersCount": 2, "website": null}, {"id": "elsewheredao.eth", "name": "Elsewhere DAO", "twitter": null, "proposalsCount": 0, "votesCount": 0, "followersCount": 0, "website": null}, {"id": "embr.eth", "name": "Mattr One", "twitter": "embrdotorg", "proposalsCount": 0, "votesCount": 0, "followersCount": 4, "website": "https://embr.org"}, {"id": "emdx.eth", "name": "EMDX ", "twitter": "emdx_io", "proposalsCount": 9, "votesCount": 11242, "followersCount": 1171, "website": "https://emdx.io/"}, {"id": "emelya.eth", "name": "1", "twitter": null, "proposalsCount": 36, "votesCount": 78, "followersCount": 26, "website": null}, {"id": "emijaop.eth", "name": "Emjjaop", "twitter": "Emijaop", "proposalsCount": 0, "votesCount": 0, "followersCount": 1, "website": null}, {"id": "eminemsuperman.eth", "name": "Alex", "twitter": null, "proposalsCount": 1, "votesCount": 3, "followersCount": 0, "website": null}, {"id": "emirbursa.eth", "name": "Yeni100 Deneme", "twitter": null, "proposalsCount": 8, "votesCount": 10, "followersCount": 3, "website": null}, {"id": "emmagracie.eth", "name": "emmagracie DAO", "twitter": null, "proposalsCount": 1, "votesCount": 1, "followersCount": 1, "website": null}, {"id": "emmama.eth", "name": "mirror", "twitter": null, "proposalsCount": 1, "votesCount": 1, "followersCount": 1, "website": null}, {"id": "emohcrypto.eth", "name": "emohcrypto.eth", "twitter": "Arvind86861", "proposalsCount": 0, "votesCount": 0, "followersCount": 0, "website": null}, {"id": "empeiria.eth", "name": "Empe.iria Web3 Freelance economy", "twitter": "Empe_io", "proposalsCount": 0, "votesCount": 0, "followersCount": 0, "website": "https://linktr.ee/empe_io"}, {"id": "emperorcoin.eth", "name": "Emperor \ud83d\udc51", "twitter": null, "proposalsCount": 74, "votesCount": 77, "followersCount": 16, "website": "https://t.me/sova_invest"}, {"id": "empirestatefuture.eth", "name": "Fantomas", "twitter": null, "proposalsCount": 0, "votesCount": 0, "followersCount": 0, "website": null}]