[{"id": "testhist0x.eth", "name": "testHist0x", "twitter": null, "proposalsCount": 3, "votesCount": 1, "followersCount": 2, "website": null}, {"id": "testingleaddao.eth", "name": "TestNetwork", "twitter": "kleros_io", "proposalsCount": 0, "votesCount": 0, "followersCount": 0, "website": "https://safe.global/"}, {"id": "testkleros.eth", "name": "RecoveryDAO", "twitter": null, "proposalsCount": 0, "votesCount": 0, "followersCount": 0, "website": null}, {"id": "testnow.eth", "name": "testnow", "twitter": null, "proposalsCount": 0, "votesCount": 0, "followersCount": 0, "website": null}, {"id": "testnuon.eth", "name": "Nuon", "twitter": null, "proposalsCount": 31, "votesCount": 31, "followersCount": 17, "website": "https://app.nuon.fi"}, {"id": "testqqq.eth", "name": "Ilya", "twitter": null, "proposalsCount": 0, "votesCount": 0, "followersCount": 0, "website": null}, {"id": "testsnap-safe-nn.eth", "name": "test new ens", "twitter": null, "proposalsCount": 0, "votesCount": 0, "followersCount": 0, "website": null}, {"id": "testsnap-safe.eth", "name": "Testsnap-safe", "twitter": null, "proposalsCount": 0, "votesCount": 0, "followersCount": 0, "website": null}, {"id": "testsnap.eth", "name": "TestDAO", "twitter": "sdff", "proposalsCount": 102, "votesCount": 110, "followersCount": 36, "website": null}, {"id": "testsnapnew.eth", "name": "test", "twitter": null, "proposalsCount": 0, "votesCount": 0, "followersCount": 0, "website": null}, {"id": "tevaera.eth", "name": "Tevaera", "twitter": "tevaera", "proposalsCount": 0, "votesCount": 0, "followersCount": 1, "website": "https://tevaera.com/"}, {"id": "tezzah.eth", "name": "Tezza Antares", "twitter": null, "proposalsCount": 1, "votesCount": 2, "followersCount": 4, "website": null}, {"id": "thalerdao.eth", "name": "Thaler Dao", "twitter": null, "proposalsCount": 1, "votesCount": 1, "followersCount": 2, "website": null}, {"id": "thaloz.eth", "name": "Thaloz", "twitter": "thalozus", "proposalsCount": 0, "votesCount": 0, "followersCount": 2, "website": "https://thaloz.com"}, {"id": "thanghuynh.eth", "name": "Thang Network", "twitter": null, "proposalsCount": 1, "votesCount": 1, "followersCount": 2, "website": null}, {"id": "thanku.eth", "name": "Thanku.eth test Space", "twitter": "chaituvr_s", "proposalsCount": 122, "votesCount": 298, "followersCount": 8, "website": null}, {"id": "thawood37.eth", "name": "Billy", "twitter": "ThaWood37", "proposalsCount": 0, "votesCount": 0, "followersCount": 0, "website": null}, {"id": "the-abducting-collective.eth", "name": "the abducting collective ", "twitter": "AbductingCo", "proposalsCount": 7, "votesCount": 198, "followersCount": 24, "website": "https://www.theabductingcollective.com/"}, {"id": "the-alex.eth", "name": "TheAlex Research", "twitter": "Alex96358280", "proposalsCount": 3, "votesCount": 125, "followersCount": 1, "website": "https://twitter.com/Alex96358280"}, {"id": "the-buidler.eth", "name": "The Buidler", "twitter": "the_buidler", "proposalsCount": 0, "votesCount": 0, "followersCount": 2, "website": null}]