[{"id": "coyotecartel.eth", "name": "Coyote Cartel", "twitter": null, "proposalsCount": 8, "votesCount": 690, "followersCount": 73, "website": null}, {"id": "onesex.eth", "name": "ETH2.0", "twitter": null, "proposalsCount": 17, "votesCount": 404, "followersCount": 147, "website": null}, {"id": "325152.eth", "name": "fsdsd", "twitter": null, "proposalsCount": 12, "votesCount": 3, "followersCount": 0, "website": null}, {"id": "spherefinance.eth", "name": "Sphere Finance", "twitter": "SphereDefi", "proposalsCount": 1, "votesCount": 394, "followersCount": 370, "website": "https://sphere.finance/"}, {"id": "zhenhaoyun.eth", "name": "Talk Dao", "twitter": null, "proposalsCount": 3, "votesCount": 11, "followersCount": 1, "website": null}, {"id": "groverbeard.eth", "name": "xfrtgh", "twitter": null, "proposalsCount": 5, "votesCount": 5, "followersCount": 5, "website": null}, {"id": "samchenq.eth", "name": "samchen", "twitter": null, "proposalsCount": 4, "votesCount": 6, "followersCount": 5, "website": null}, {"id": "moonbankvoting.eth", "name": "MoonBank Voting", "twitter": "MoonlingsNFT", "proposalsCount": 7, "votesCount": 723, "followersCount": 34, "website": "https://www.moonlings.space/"}, {"id": "rot", "name": "Rotten Swap", "twitter": null, "proposalsCount": 57, "votesCount": 662, "followersCount": 45, "website": null}, {"id": "chenl.eth", "name": "chenl", "twitter": null, "proposalsCount": 6, "votesCount": 757, "followersCount": 1, "website": null}, {"id": "openoceandao.eth", "name": "OpenOcean", "twitter": "OpenOceanGlobal", "proposalsCount": 2, "votesCount": 56, "followersCount": 204, "website": "https://openocean.finance/"}, {"id": "678dao.eth", "name": "678dao", "twitter": null, "proposalsCount": 6, "votesCount": 753, "followersCount": 2, "website": null}, {"id": "168dao.eth", "name": "168dao", "twitter": null, "proposalsCount": 7, "votesCount": 750, "followersCount": 3, "website": null}, {"id": "occamrazer.eth", "name": "OccamFi", "twitter": "OccamFi", "proposalsCount": 10, "votesCount": 668, "followersCount": 80, "website": null}, {"id": "facash.eth", "name": "FA", "twitter": "FA_cash_", "proposalsCount": 2, "votesCount": 402, "followersCount": 353, "website": "https://dao.fa.cash/"}, {"id": "ubi-voting.eth", "name": "UBI DAO", "twitter": "ubidoteth", "proposalsCount": 7, "votesCount": 453, "followersCount": 296, "website": "https://ubi.eth.limo"}, {"id": "cryptoalienbabes.eth", "name": "Star Command DAO", "twitter": "cryptoalienbabe", "proposalsCount": 10, "votesCount": 689, "followersCount": 55, "website": null}, {"id": "cryptogs.eth", "name": "Cryptogs Reborn", "twitter": "CryptogsReborn", "proposalsCount": 2, "votesCount": 575, "followersCount": 175, "website": null}, {"id": "avroradao.eth", "name": "Avrora", "twitter": null, "proposalsCount": 18, "votesCount": 721, "followersCount": 12, "website": "https://avrora-market.com/"}, {"id": "soulswap.eth", "name": "Soul", "twitter": "SoulSwapFinance", "proposalsCount": 29, "votesCount": 556, "followersCount": 165, "website": "https://soul.sh"}]