[{"id": "0x74520.eth", "name": "sss", "twitter": null, "proposalsCount": 3, "votesCount": 4, "followersCount": 0, "website": null}, {"id": "0x7749.eth", "name": "RUD DAO", "twitter": null, "proposalsCount": 5, "votesCount": 111, "followersCount": 54, "website": null}, {"id": "0x851111.eth", "name": "apple", "twitter": null, "proposalsCount": 1, "votesCount": 2, "followersCount": 2, "website": null}, {"id": "0x851122.eth", "name": "\u5730\u4e3b\u5916\u5b85", "twitter": null, "proposalsCount": 1, "votesCount": 2, "followersCount": 2, "website": null}, {"id": "0x88066.eth", "name": "0x88066", "twitter": null, "proposalsCount": 3, "votesCount": 6, "followersCount": 1, "website": null}, {"id": "0x88566.eth", "name": "0x88566", "twitter": null, "proposalsCount": 3, "votesCount": 3, "followersCount": 1, "website": null}, {"id": "0x887766.eth", "name": "LING NETWORK", "twitter": null, "proposalsCount": 15, "votesCount": 28, "followersCount": 7, "website": null}, {"id": "0x98777.eth", "name": "XIN NETWORK", "twitter": null, "proposalsCount": 2, "votesCount": 3, "followersCount": 100, "website": null}, {"id": "0x988688.eth", "name": "btcholder", "twitter": null, "proposalsCount": 2, "votesCount": 3, "followersCount": 0, "website": null}, {"id": "0x9u9.eth", "name": "\u5965\u91cc\u7ed9", "twitter": null, "proposalsCount": 0, "votesCount": 0, "followersCount": 1, "website": null}, {"id": "0xadrien.eth", "name": "Future", "twitter": null, "proposalsCount": 1, "votesCount": 1, "followersCount": 0, "website": null}, {"id": "0xalex0.eth", "name": "0xalex0.eth", "twitter": null, "proposalsCount": 0, "votesCount": 0, "followersCount": 0, "website": null}, {"id": "0xalphabeta.eth", "name": "AlphaBeta", "twitter": "0xalib", "proposalsCount": 1, "votesCount": 2, "followersCount": 3, "website": null}, {"id": "0xarmani.eth", "name": "Armani NFT", "twitter": null, "proposalsCount": 2, "votesCount": 2, "followersCount": 2, "website": null}, {"id": "0xasics.eth", "name": "Asics NFT", "twitter": null, "proposalsCount": 10, "votesCount": 41, "followersCount": 6, "website": null}, {"id": "0xasu.eth", "name": "ValkyrieDao", "twitter": null, "proposalsCount": 0, "votesCount": 0, "followersCount": 2, "website": null}, {"id": "0xbaddie.eth", "name": "Kryptoria DaoMaker Votes", "twitter": "Kryptoria", "proposalsCount": 1, "votesCount": 24, "followersCount": 6, "website": "https://kryptoria.io/"}, {"id": "0xbattleground.eth", "name": "0xBattleGround", "twitter": "0xBattleground", "proposalsCount": 31, "votesCount": 1174, "followersCount": 508, "website": "https://www.0xbattleground.com/"}, {"id": "0xbbg.eth", "name": "BBG DAO", "twitter": null, "proposalsCount": 0, "votesCount": 0, "followersCount": 3, "website": null}, {"id": "0xbeaf.eth", "name": "BeeDao", "twitter": null, "proposalsCount": 27, "votesCount": 39, "followersCount": 9, "website": null}]