[{"id": "starledger.eth", "name": "SQUID", "twitter": null, "proposalsCount": 1, "votesCount": 25, "followersCount": 30, "website": null}, {"id": "taco", "name": "Taconomics", "twitter": null, "proposalsCount": 6, "votesCount": 49, "followersCount": 1, "website": null}, {"id": "thehuemans.eth", "name": "HUES", "twitter": "huesnft", "proposalsCount": 1, "votesCount": 0, "followersCount": 5, "website": null}, {"id": "toastfi.eth", "name": "TOAST", "twitter": "toastswap", "proposalsCount": 4, "votesCount": 51, "followersCount": 1, "website": null}, {"id": "voxel-ville-official.eth", "name": "Voxel Ville", "twitter": "villevoxel", "proposalsCount": 0, "votesCount": 0, "followersCount": 6, "website": null}, {"id": "yinfinance.eth", "name": "YIN Finance", "twitter": "YinFinance", "proposalsCount": 7, "votesCount": 11, "followersCount": 38, "website": null}, {"id": "zhqgit.eth", "name": "SBLabs", "twitter": "zhqgit", "proposalsCount": 1, "votesCount": 0, "followersCount": 5, "website": null}, {"id": "asicminer.eth", "name": "DaoLabs", "twitter": null, "proposalsCount": 3, "votesCount": 32, "followersCount": 21, "website": null}, {"id": "ghouldao.eth", "name": "GhoulDAO", "twitter": "poltergeistlabs", "proposalsCount": 4, "votesCount": 36, "followersCount": 16, "website": "https://ghoul.finance"}, {"id": "ondefinance.eth", "name": "Onde Finance", "twitter": "ondefinance", "proposalsCount": 1, "votesCount": 47, "followersCount": 8, "website": "https://onde.finance"}, {"id": "swaping.eth", "name": "mierk", "twitter": null, "proposalsCount": 12, "votesCount": 21, "followersCount": 23, "website": null}, {"id": "069944.eth", "name": "Linea Network", "twitter": null, "proposalsCount": 1, "votesCount": 1, "followersCount": 3, "website": null}, {"id": "a8dao-999.eth", "name": "\u79d1\u5b66\u81f4\u5bcc", "twitter": "kexuezhifu", "proposalsCount": 2, "votesCount": 1, "followersCount": 2, "website": "https://twitter.com/kexuezhifu"}, {"id": "aimonkeynft.eth", "name": "Ai Monkey DAO", "twitter": "Ai_Monkey_NFT", "proposalsCount": 0, "votesCount": 0, "followersCount": 5, "website": "https://ai-monkey-nft.com"}, {"id": "carabela.eth", "name": "Carabela", "twitter": "carabela_guild", "proposalsCount": 5, "votesCount": 28, "followersCount": 22, "website": null}, {"id": "decomposer.eth", "name": "Decomposer DAO", "twitter": "foliafoliafolia", "proposalsCount": 7, "votesCount": 36, "followersCount": 12, "website": "https://decomposer.folia.app"}, {"id": "defi0.eth", "name": "dfei0", "twitter": null, "proposalsCount": 6, "votesCount": 39, "followersCount": 10, "website": null}, {"id": "fastfooddao.eth", "name": "Fast Food DAO", "twitter": "fast_food_dao", "proposalsCount": 1, "votesCount": 43, "followersCount": 11, "website": null}, {"id": "fastfoodfamily.eth", "name": "Fast Food Frens", "twitter": "fastfoodfrens", "proposalsCount": 2, "votesCount": 40, "followersCount": 13, "website": null}, {"id": "g1999.eth", "name": "G1999", "twitter": null, "proposalsCount": 1, "votesCount": 3, "followersCount": 1, "website": null}]