[{"id": "decentralizepsychedelics.eth", "name": "Decentralize Psychedelics", "twitter": null, "proposalsCount": 2, "votesCount": 2, "followersCount": 4, "website": null}, {"id": "declanliang.eth", "name": "test space", "twitter": null, "proposalsCount": 4, "votesCount": 1, "followersCount": 3, "website": null}, {"id": "deepcryptodive.eth", "name": "DC TEST", "twitter": "deepcryptodive", "proposalsCount": 4, "votesCount": 1, "followersCount": 3, "website": null}, {"id": "deepworkrep.eth", "name": "Deep Work Representatives", "twitter": null, "proposalsCount": 4, "votesCount": 3, "followersCount": 1, "website": null}, {"id": "didierst-pierre.eth", "name": "adapt", "twitter": null, "proposalsCount": 4, "votesCount": 4, "followersCount": 0, "website": null}, {"id": "dimoo.eth", "name": "NewDAO", "twitter": null, "proposalsCount": 3, "votesCount": 5, "followersCount": 0, "website": null}, {"id": "discdao.eth", "name": "discDAO", "twitter": "discDAOdgr", "proposalsCount": 2, "votesCount": 4, "followersCount": 2, "website": "https://discdao.net"}, {"id": "dixmix.eth", "name": "EYE-DAO", "twitter": null, "proposalsCount": 3, "votesCount": 3, "followersCount": 2, "website": null}, {"id": "earthwindfirewater.eth", "name": "Radicle Funding Sandbox", "twitter": null, "proposalsCount": 1, "votesCount": 2, "followersCount": 5, "website": null}, {"id": "easyshop.eth", "name": "easyshop", "twitter": "Mark25886184", "proposalsCount": 2, "votesCount": 3, "followersCount": 3, "website": null}, {"id": "eedee.eth", "name": "\u3055\u3068test", "twitter": null, "proposalsCount": 5, "votesCount": 1, "followersCount": 2, "website": null}, {"id": "eosvc.eth", "name": "Bitcoin", "twitter": null, "proposalsCount": 2, "votesCount": 2, "followersCount": 4, "website": null}, {"id": "etcbayc.eth", "name": "ETCBAYC", "twitter": null, "proposalsCount": 1, "votesCount": 5, "followersCount": 2, "website": null}, {"id": "eth009.eth", "name": "GM", "twitter": null, "proposalsCount": 1, "votesCount": 0, "followersCount": 7, "website": null}, {"id": "etherheads.eth", "name": "EtherHeads", "twitter": "TehEtherheads", "proposalsCount": 1, "votesCount": 4, "followersCount": 3, "website": "https://etherheads.xyz/"}, {"id": "fortube-rinkeby", "name": "ForTube(Rinkeby)", "twitter": null, "proposalsCount": 1, "votesCount": 0, "followersCount": 7, "website": null}, {"id": "frogfortest.eth", "name": "FrogTestSwap", "twitter": "FrogSwapKEK", "proposalsCount": 3, "votesCount": 2, "followersCount": 3, "website": "https://www.frogamm.com/"}, {"id": "glicpixv1.eth", "name": "GLICPIX V1", "twitter": "bganpunks", "proposalsCount": 7, "votesCount": 0, "followersCount": 1, "website": null}, {"id": "glion.eth", "name": "ENS", "twitter": null, "proposalsCount": 1, "votesCount": 1, "followersCount": 6, "website": null}, {"id": "go1999.eth", "name": "crypto", "twitter": null, "proposalsCount": 2, "votesCount": 4, "followersCount": 2, "website": null}]