[{"id": "jiada.eth", "name": "jiada", "twitter": null, "proposalsCount": 1, "votesCount": 1, "followersCount": 1, "website": null}, {"id": "jiajiaok.eth", "name": "jiajiaok", "twitter": null, "proposalsCount": 2, "votesCount": 3, "followersCount": 2, "website": null}, {"id": "jiamikongtou.eth", "name": "\u52a0\u5bc6\u561f\u561f", "twitter": null, "proposalsCount": 3, "votesCount": 3, "followersCount": 6, "website": null}, {"id": "jiamiwangluo.eth", "name": "timeswap", "twitter": null, "proposalsCount": 1, "votesCount": 0, "followersCount": 30, "website": null}, {"id": "jianchayuan.eth", "name": "artrix28", "twitter": null, "proposalsCount": 0, "votesCount": 0, "followersCount": 2, "website": "https://linktr.ee/artrix28"}, {"id": "jianfenglu.eth", "name": "Sendinglabs-Finance", "twitter": null, "proposalsCount": 2, "votesCount": 9, "followersCount": 2, "website": null}, {"id": "jiangxinrui.eth", "name": "test", "twitter": null, "proposalsCount": 2, "votesCount": 3, "followersCount": 0, "website": null}, {"id": "jiangyixin.eth", "name": "blackpink", "twitter": null, "proposalsCount": 1, "votesCount": 2, "followersCount": 0, "website": null}, {"id": "jianshuo.eth", "name": "Huixianju", "twitter": null, "proposalsCount": 3, "votesCount": 4, "followersCount": 1, "website": null}, {"id": "jibadan.eth", "name": "jibadan", "twitter": null, "proposalsCount": 1, "votesCount": 1, "followersCount": 1, "website": null}, {"id": "jiedata.eth", "name": "JieData", "twitter": "JieData_Com", "proposalsCount": 0, "votesCount": 0, "followersCount": 5, "website": null}, {"id": "jingsanpeng.eth", "name": "sanpeng", "twitter": null, "proposalsCount": 0, "votesCount": 0, "followersCount": 1, "website": null}, {"id": "jingshu.eth", "name": "jingshu", "twitter": null, "proposalsCount": 1, "votesCount": 4, "followersCount": 4, "website": null}, {"id": "jinja99.eth", "name": "ASHISH", "twitter": "Ashish_boy_19", "proposalsCount": 0, "votesCount": 0, "followersCount": 0, "website": "https://twitter.com/Ashish_boy_19"}, {"id": "jinpeng.eth", "name": "Athena", "twitter": null, "proposalsCount": 1, "votesCount": 8, "followersCount": 0, "website": null}, {"id": "jiujitsu-bot.eth", "name": "Testing Space", "twitter": null, "proposalsCount": 0, "votesCount": 0, "followersCount": 0, "website": null}, {"id": "jjkimg.eth", "name": "big time", "twitter": null, "proposalsCount": 2, "votesCount": 15, "followersCount": 9, "website": null}, {"id": "jlyvrs.eth", "name": "Jellyverse", "twitter": "jlyvrs", "proposalsCount": 0, "votesCount": 0, "followersCount": 1, "website": "https://jellyverse.org/"}, {"id": "joaof.eth", "name": "nayser", "twitter": "nayser", "proposalsCount": 0, "votesCount": 0, "followersCount": 0, "website": null}, {"id": "johnmartinqx.eth", "name": "JOHN DAO", "twitter": null, "proposalsCount": 1, "votesCount": 2, "followersCount": 2, "website": null}]