[{"id": "personar.eth", "name": "PersonalOp", "twitter": null, "proposalsCount": 15, "votesCount": 47, "followersCount": 4, "website": null}, {"id": "moonwell-governance.eth", "name": "Moonwell Governance", "twitter": "MoonwellDeFi", "proposalsCount": 11, "votesCount": 1985, "followersCount": 607, "website": "https://moonwell.fi/"}, {"id": "saynotorug.eth", "name": "RuGenerous DAO", "twitter": "RUGenerous", "proposalsCount": 33, "votesCount": 2846, "followersCount": 471, "website": null}, {"id": "1.ethid.eth", "name": "\u5c0f\u5200", "twitter": null, "proposalsCount": 34, "votesCount": 42, "followersCount": 6, "website": null}, {"id": "busd.joints.eth", "name": "BUSDDAO", "twitter": null, "proposalsCount": 33, "votesCount": 33, "followersCount": 2, "website": null}, {"id": "haohao666.eth", "name": "hiseven", "twitter": null, "proposalsCount": 14, "votesCount": 39, "followersCount": 12, "website": null}, {"id": "azkrale.eth", "name": "Azkrale", "twitter": "azkrale", "proposalsCount": 40, "votesCount": 36, "followersCount": 39, "website": null}, {"id": "erpang.eth", "name": "web3 trader", "twitter": null, "proposalsCount": 2, "votesCount": 100, "followersCount": 4, "website": null}, {"id": "iceyybin.eth", "name": "iceyybin", "twitter": "iceyybin", "proposalsCount": 1, "votesCount": 244, "followersCount": 3, "website": "https://twitter.com/iceyybin"}, {"id": "duoking.eth", "name": "duoking", "twitter": null, "proposalsCount": 8, "votesCount": 1282, "followersCount": 129, "website": null}, {"id": "axiao.eth", "name": "xiao", "twitter": "zhengxiao1231", "proposalsCount": 14, "votesCount": 39, "followersCount": 11, "website": "http://www.qq.com"}, {"id": "chaingptai.eth", "name": "ChainGPT AI", "twitter": "chain_gpt", "proposalsCount": 6, "votesCount": 103, "followersCount": 2655, "website": "https://www.ChainGPT.org"}, {"id": "btcismylove.eth", "name": "BTC-DAO", "twitter": null, "proposalsCount": 6, "votesCount": 2330, "followersCount": 873, "website": "https://lenster.xyz/u/dwell.lens"}, {"id": "polygon.goodghosting.eth", "name": "GG @ Polygon", "twitter": "goodghosting", "proposalsCount": 20, "votesCount": 2976, "followersCount": 161, "website": "https://goodghosting.com/"}, {"id": "liquiddriver.eth", "name": "Liquid Driver", "twitter": null, "proposalsCount": 13, "votesCount": 2405, "followersCount": 833, "website": null}, {"id": "qvgame.hopr.eth", "name": "HOPR DAO Voting Games", "twitter": "hoprnet", "proposalsCount": 11, "votesCount": 3052, "followersCount": 162, "website": "https://t.me/hoprnet"}, {"id": "catblox.eth", "name": "CatBlox ", "twitter": "catbloxstudios", "proposalsCount": 23, "votesCount": 3108, "followersCount": 70, "website": null}, {"id": "halodao.eth", "name": "HaloDAO", "twitter": "halodaoofficial", "proposalsCount": 9, "votesCount": 58, "followersCount": 3129, "website": null}, {"id": "ecashxec.eth", "name": "rabbithole\u5154\u5b50\u6d1eFans", "twitter": null, "proposalsCount": 1, "votesCount": 34, "followersCount": 2905, "website": null}, {"id": "saddlefinance.eth", "name": "Saddle", "twitter": "saddlefinance", "proposalsCount": 87, "votesCount": 2641, "followersCount": 359, "website": "https://saddle.finance"}]