[{"id": "quoquo.eth", "name": "aassd11", "twitter": null, "proposalsCount": 4, "votesCount": 4, "followersCount": 4, "website": null}, {"id": "tiamonds-governance.eth", "name": "Tiamonds ", "twitter": "Tiamonds", "proposalsCount": 1, "votesCount": 14, "followersCount": 47, "website": "https://tiamonds.com/"}, {"id": "vote.gatenet.eth", "name": "GATENet", "twitter": "GATENetOfficial", "proposalsCount": 6, "votesCount": 47, "followersCount": 9, "website": "https://gatenet.io/"}, {"id": "xiaogua.eth", "name": "nfgokdf", "twitter": null, "proposalsCount": 3, "votesCount": 5, "followersCount": 4, "website": null}, {"id": "yanxudong.eth", "name": "HNY", "twitter": null, "proposalsCount": 10, "votesCount": 37, "followersCount": 15, "website": null}, {"id": "\u5c45\u9ad8\u58f0\u81ea\u8fdc.eth", "name": "cake\u793e\u533a", "twitter": null, "proposalsCount": 3, "votesCount": 5, "followersCount": 4, "website": null}, {"id": "collectivedegendao.eth", "name": "Collective Degen DAO", "twitter": null, "proposalsCount": 5, "votesCount": 52, "followersCount": 4, "website": "https://t.me/CollectiveDegenDAO"}, {"id": "cryptopackagedgoods.eth", "name": "Crypto Packaged Goods", "twitter": "cpgclub", "proposalsCount": 1, "votesCount": 54, "followersCount": 6, "website": null}, {"id": "kycohen.eth", "name": "BNC_DAO", "twitter": null, "proposalsCount": 4, "votesCount": 3, "followersCount": 4, "website": null}, {"id": "vote-steakhouse.eth", "name": "Steak House", "twitter": "ammsteakhouse", "proposalsCount": 6, "votesCount": 53, "followersCount": 2, "website": null}, {"id": "bankofryoshideployer.eth", "name": "Bank Of Ryoshi", "twitter": null, "proposalsCount": 1, "votesCount": 58, "followersCount": 2, "website": null}, {"id": "cnddao.eth", "name": "CND DAO", "twitter": "cindicator", "proposalsCount": 6, "votesCount": 40, "followersCount": 15, "website": "https://cindicator.com/"}, {"id": "cosmic-wyverns.eth", "name": "Cosmic Wyverns", "twitter": null, "proposalsCount": 1, "votesCount": 2, "followersCount": 58, "website": null}, {"id": "dexfolio.eth", "name": "Dexfolio", "twitter": null, "proposalsCount": 1, "votesCount": 60, "followersCount": 0, "website": null}, {"id": "dog88.eth", "name": "Gorgeous Insurance DAO", "twitter": null, "proposalsCount": 1, "votesCount": 30, "followersCount": 30, "website": null}, {"id": "dxd.eth", "name": "DXD Signal", "twitter": null, "proposalsCount": 3, "votesCount": 48, "followersCount": 10, "website": null}, {"id": "elvestreasury.eth", "name": "ElvesForest ", "twitter": "ElvesForest", "proposalsCount": 4, "votesCount": 44, "followersCount": 13, "website": "https://elvesforest.net/"}, {"id": "fild.eth", "name": "FILD", "twitter": null, "proposalsCount": 3, "votesCount": 49, "followersCount": 9, "website": null}, {"id": "inhop.eth", "name": "inhop family", "twitter": null, "proposalsCount": 10, "votesCount": 39, "followersCount": 12, "website": null}, {"id": "lnrz.eth", "name": "LNRZ", "twitter": "lnrzxyz", "proposalsCount": 2, "votesCount": 43, "followersCount": 16, "website": "https://lnrz.xyz/"}]