[{"id": "home.ensmaxisfam.eth", "name": "homeDAO", "twitter": null, "proposalsCount": 1, "votesCount": 1, "followersCount": 1, "website": null}, {"id": "home83.eth", "name": "home83", "twitter": null, "proposalsCount": 1, "votesCount": 1, "followersCount": 1, "website": null}, {"id": "homes.freesubs.eth", "name": "HOMESDAO", "twitter": null, "proposalsCount": 1, "votesCount": 1, "followersCount": 1, "website": null}, {"id": "homes.joints.eth", "name": "homesDAO", "twitter": null, "proposalsCount": 1, "votesCount": 1, "followersCount": 1, "website": null}, {"id": "homes.lovesyou.eth", "name": "HOMESDAO", "twitter": null, "proposalsCount": 1, "votesCount": 1, "followersCount": 1, "website": null}, {"id": "hongkong.ensmaxisfam.eth", "name": "HKDAO", "twitter": null, "proposalsCount": 1, "votesCount": 1, "followersCount": 1, "website": null}, {"id": "hongkong.joints.eth", "name": "hongkongDAO", "twitter": null, "proposalsCount": 1, "votesCount": 1, "followersCount": 1, "website": null}, {"id": "host.ethtag.eth", "name": "HOSTDAO", "twitter": null, "proposalsCount": 1, "votesCount": 1, "followersCount": 1, "website": null}, {"id": "hosting.joints.eth", "name": "HOSTDAO", "twitter": null, "proposalsCount": 1, "votesCount": 1, "followersCount": 1, "website": null}, {"id": "hotballs.eth", "name": "996", "twitter": null, "proposalsCount": 1, "votesCount": 1, "followersCount": 1, "website": null}, {"id": "hotel.criptotwitter.eth", "name": "hotelDAO", "twitter": null, "proposalsCount": 1, "votesCount": 1, "followersCount": 1, "website": null}, {"id": "hotel.joints.eth", "name": "HOTELDAO", "twitter": null, "proposalsCount": 1, "votesCount": 1, "followersCount": 1, "website": null}, {"id": "hotel.lovesyou.eth", "name": "HOTELDAO", "twitter": null, "proposalsCount": 1, "votesCount": 1, "followersCount": 1, "website": null}, {"id": "hotgame.eth", "name": "hotgame", "twitter": null, "proposalsCount": 1, "votesCount": 2, "followersCount": 0, "website": null}, {"id": "houbingyan.eth", "name": "Have Fun", "twitter": null, "proposalsCount": 1, "votesCount": 1, "followersCount": 1, "website": null}, {"id": "house.joints.eth", "name": "HOUSEDAO", "twitter": null, "proposalsCount": 1, "votesCount": 1, "followersCount": 1, "website": null}, {"id": "house.openuse.eth", "name": "HOUSEDAO", "twitter": null, "proposalsCount": 1, "votesCount": 1, "followersCount": 1, "website": null}, {"id": "houston.joints.eth", "name": "HOUSTONDAO", "twitter": null, "proposalsCount": 1, "votesCount": 1, "followersCount": 1, "website": null}, {"id": "ht122.eth", "name": "huuthe2010", "twitter": "nht2010", "proposalsCount": 1, "votesCount": 1, "followersCount": 1, "website": null}, {"id": "hua93.eth", "name": "huashao_ceshi", "twitter": "huashao1993", "proposalsCount": 1, "votesCount": 1, "followersCount": 1, "website": null}]