[{"id": "dcfcdao.eth", "name": "Dogechain Fan Club", "twitter": "DogechainFC", "proposalsCount": 2, "votesCount": 6, "followersCount": 20, "website": null}, {"id": "definerorg.eth", "name": "DeFiner", "twitter": "DEFINERORG", "proposalsCount": 4, "votesCount": 16, "followersCount": 8, "website": "https://definer.org"}, {"id": "dippiestash.eth", "name": "DIPPIES", "twitter": "dippiesnft", "proposalsCount": 0, "votesCount": 0, "followersCount": 28, "website": null}, {"id": "enreachgov.eth", "name": "Enreach", "twitter": "EnreachUAE", "proposalsCount": 1, "votesCount": 21, "followersCount": 6, "website": "https://enreach.io/"}, {"id": "everlens1.eth", "name": "Everlens", "twitter": "everlensnft", "proposalsCount": 0, "votesCount": 0, "followersCount": 28, "website": "https://everlens.io/"}, {"id": "evolutionlandatlantis.eth", "name": "Evolution Land Atlantis", "twitter": null, "proposalsCount": 2, "votesCount": 0, "followersCount": 26, "website": null}, {"id": "fengzikai.eth", "name": "fenngzikai", "twitter": null, "proposalsCount": 10, "votesCount": 9, "followersCount": 9, "website": null}, {"id": "grandrisingcommunity.eth", "name": "Grand Rising", "twitter": "GrandRisingCR", "proposalsCount": 4, "votesCount": 14, "followersCount": 10, "website": null}, {"id": "hepa.eth", "name": "Hepa Finance", "twitter": "hepafinance", "proposalsCount": 1, "votesCount": 25, "followersCount": 2, "website": null}, {"id": "hotdoge.eth", "name": "Wasder", "twitter": null, "proposalsCount": 4, "votesCount": 11, "followersCount": 13, "website": null}, {"id": "joelarmstrong.eth", "name": "adjustment", "twitter": null, "proposalsCount": 5, "votesCount": 17, "followersCount": 6, "website": null}, {"id": "joeyhuang.eth", "name": "BLOCKVERSE LIMITIED", "twitter": "BLOCKVERSE_LTD", "proposalsCount": 1, "votesCount": 0, "followersCount": 27, "website": null}, {"id": "kyaiyy.eth", "name": "kyaiyy", "twitter": "lky_ee", "proposalsCount": 1, "votesCount": 1, "followersCount": 26, "website": null}, {"id": "maskpoc.eth", "name": "maskpoc", "twitter": null, "proposalsCount": 2, "votesCount": 1, "followersCount": 25, "website": null}, {"id": "menacedao.eth", "name": "Fantom Menace DAO", "twitter": "FantomMenaceDAO", "proposalsCount": 2, "votesCount": 13, "followersCount": 13, "website": null}, {"id": "mesofinance.eth", "name": "Meso", "twitter": "mesofinance", "proposalsCount": 2, "votesCount": 1, "followersCount": 25, "website": null}, {"id": "mybid.eth", "name": "InsightDao", "twitter": null, "proposalsCount": 1, "votesCount": 11, "followersCount": 16, "website": null}, {"id": "nilshakansson.eth", "name": "ability", "twitter": null, "proposalsCount": 11, "votesCount": 11, "followersCount": 6, "website": null}, {"id": "official-0xdr.eth", "name": "0xDR", "twitter": null, "proposalsCount": 2, "votesCount": 26, "followersCount": 0, "website": null}, {"id": "review888.eth", "name": "review", "twitter": null, "proposalsCount": 2, "votesCount": 9, "followersCount": 17, "website": null}]