[{"id": "khara.eth", "name": "ShangHaiDAO", "twitter": null, "proposalsCount": 0, "votesCount": 0, "followersCount": 1, "website": null}, {"id": "khashayarshah.eth", "name": "hedi", "twitter": null, "proposalsCount": 0, "votesCount": 0, "followersCount": 1, "website": null}, {"id": "khepimaa.eth", "name": "Biswajit Ghosh", "twitter": null, "proposalsCount": 0, "votesCount": 0, "followersCount": 1, "website": null}, {"id": "kibbledao.eth", "name": "Kibble DAO", "twitter": "kibbleswap", "proposalsCount": 6, "votesCount": 28, "followersCount": 32, "website": "https://www.kibbleswap.dog/"}, {"id": "kid20.eth", "name": "test1", "twitter": null, "proposalsCount": 1, "votesCount": 0, "followersCount": 1, "website": null}, {"id": "kidzz.eth", "name": "KIDZZZZZ", "twitter": null, "proposalsCount": 1, "votesCount": 1, "followersCount": 1, "website": null}, {"id": "kienweb3.eth", "name": "kienweb3", "twitter": null, "proposalsCount": 1, "votesCount": 2, "followersCount": 2, "website": null}, {"id": "kikidao.eth", "name": "KikiDAO", "twitter": "KikiCityNFT", "proposalsCount": 2, "votesCount": 9, "followersCount": 3, "website": "https://kikicitynft.com/"}, {"id": "kikio.eth", "name": "kio", "twitter": null, "proposalsCount": 1, "votesCount": 1, "followersCount": 1, "website": null}, {"id": "killanigga.eth", "name": "killanaga", "twitter": null, "proposalsCount": 1, "votesCount": 1, "followersCount": 1, "website": null}, {"id": "killbee.eth", "name": "good-job", "twitter": null, "proposalsCount": 1, "votesCount": 154, "followersCount": 1, "website": null}, {"id": "killerattitude.eth", "name": "Maran's Crypto", "twitter": "MaransCrypto", "proposalsCount": 3, "votesCount": 163, "followersCount": 35, "website": "https://tinyurl.com/Maranscrypto"}, {"id": "kilokoya.eth", "name": "GioDAO", "twitter": null, "proposalsCount": 3, "votesCount": 3, "followersCount": 0, "website": null}, {"id": "kindblocks.eth", "name": "Kind Blocks", "twitter": "kindblocksxyz", "proposalsCount": 0, "votesCount": 0, "followersCount": 2, "website": "https://kindblocks.xyz"}, {"id": "kine.eth", "name": "cybereastern", "twitter": null, "proposalsCount": 0, "votesCount": 0, "followersCount": 1, "website": null}, {"id": "king-bitcoin.eth", "name": "Sismo Uni Horse", "twitter": "King__Bitcoin", "proposalsCount": 1, "votesCount": 9, "followersCount": 2, "website": null}, {"id": "kingdomproject.eth", "name": "Kingdom", "twitter": "kingdomperiod", "proposalsCount": 0, "votesCount": 0, "followersCount": 2, "website": "https://www.kingdomperiod.com"}, {"id": "kingmalt.eth", "name": "kingmalt", "twitter": null, "proposalsCount": 1, "votesCount": 18, "followersCount": 7, "website": null}, {"id": "kinight9.eth", "name": "\u6728\u6613\u6768", "twitter": null, "proposalsCount": 1, "votesCount": 1, "followersCount": 1, "website": null}, {"id": "kinodao.eth", "name": "Kino DAO", "twitter": null, "proposalsCount": 0, "votesCount": 0, "followersCount": 6, "website": null}]