[{"id": "cocsmile.eth", "name": "CoralSquad", "twitter": null, "proposalsCount": 0, "votesCount": 0, "followersCount": 2, "website": null}, {"id": "code77753.eth", "name": "helly", "twitter": null, "proposalsCount": 0, "votesCount": 0, "followersCount": 0, "website": null}, {"id": "coffee-and-cats.eth", "name": "coffee talk", "twitter": null, "proposalsCount": 5, "votesCount": 2, "followersCount": 1, "website": null}, {"id": "coffeeliu.eth", "name": "coffee.liu", "twitter": null, "proposalsCount": 0, "votesCount": 0, "followersCount": 0, "website": null}, {"id": "coffeexchange.eth", "name": "CoffeeXChange", "twitter": "coffeexchange_", "proposalsCount": 0, "votesCount": 0, "followersCount": 3, "website": "https://coffeexchange.net"}, {"id": "coherenetwork.eth", "name": "Cohere", "twitter": "coherenetwork", "proposalsCount": 0, "votesCount": 0, "followersCount": 2, "website": "https://www.cohere.network/"}, {"id": "coin8888.eth", "name": "KFCoinDAO", "twitter": null, "proposalsCount": 0, "votesCount": 0, "followersCount": 5, "website": null}, {"id": "coinbanks.eth", "name": "Block Horizen", "twitter": "qukuaishijie", "proposalsCount": 4, "votesCount": 32, "followersCount": 99, "website": "https://link3.to/blockhorizon"}, {"id": "coinrecycle.eth", "name": "coinrecycle", "twitter": null, "proposalsCount": 1, "votesCount": 1, "followersCount": 1, "website": null}, {"id": "coinspectorxyz.eth", "name": "CoinSpector", "twitter": "coinspector_", "proposalsCount": 0, "votesCount": 0, "followersCount": 0, "website": "https://www.coinspector.xyz"}, {"id": "cokie.eth", "name": "Twali", "twitter": null, "proposalsCount": 2, "votesCount": 1, "followersCount": 1, "website": null}, {"id": "coliseumdao.eth", "name": "Anticentra", "twitter": null, "proposalsCount": 0, "votesCount": 0, "followersCount": 1, "website": null}, {"id": "collectibleavatarsdao.eth", "name": "CollectibeAvatarsDAO", "twitter": "DAOAvatars", "proposalsCount": 1, "votesCount": 5, "followersCount": 2, "website": null}, {"id": "collectorsdefi.eth", "name": "Collectors Defi", "twitter": null, "proposalsCount": 4, "votesCount": 1, "followersCount": 9, "website": null}, {"id": "collectorstreasure.eth", "name": "Smartt Collectors Treasure", "twitter": null, "proposalsCount": 1, "votesCount": 2, "followersCount": 2, "website": null}, {"id": "collton.eth", "name": "collton", "twitter": null, "proposalsCount": 1, "votesCount": 1, "followersCount": 1, "website": null}, {"id": "colonists.eth", "name": "Colony", "twitter": "ColonyNFT", "proposalsCount": 1, "votesCount": 5, "followersCount": 5, "website": null}, {"id": "colony3.eth", "name": "Colony3 DAO", "twitter": null, "proposalsCount": 0, "votesCount": 0, "followersCount": 1, "website": null}, {"id": "colyas.eth", "name": "Frank", "twitter": null, "proposalsCount": 1, "votesCount": 2, "followersCount": 1, "website": null}, {"id": "combdao.eth", "name": "combdao", "twitter": null, "proposalsCount": 1, "votesCount": 156, "followersCount": 1, "website": null}]