[{"id": "manablog-org.eth", "name": "MMT", "twitter": "manabubannai", "proposalsCount": 3, "votesCount": 532, "followersCount": 164, "website": null}, {"id": "pawthereum.eth", "name": "Pawthereum", "twitter": "pawthereum", "proposalsCount": 11, "votesCount": 706, "followersCount": 27, "website": null}, {"id": "braindancedao.eth", "name": "BrainDanceDAO", "twitter": "BraindanceMeta", "proposalsCount": 3, "votesCount": 162, "followersCount": 525, "website": null}, {"id": "printerfinancial.eth", "name": "Printer Financial (Fantom)", "twitter": "FinancePrinter", "proposalsCount": 42, "votesCount": 678, "followersCount": 19, "website": null}, {"id": "aradao.eth", "name": "HollywoodDAO - ARA", "twitter": "AraBlocks", "proposalsCount": 2, "votesCount": 686, "followersCount": 51, "website": "https://ara.one"}, {"id": "hamdao.eth", "name": "HamDAO", "twitter": null, "proposalsCount": 16, "votesCount": 620, "followersCount": 96, "website": null}, {"id": "wolferfinance.eth", "name": "Wolfer Finance", "twitter": "wolferfinance", "proposalsCount": 2, "votesCount": 649, "followersCount": 81, "website": "https://wolfer.finance/"}, {"id": "yaypegs.eth", "name": "Yaypegs", "twitter": "yaypegs", "proposalsCount": 6, "votesCount": 704, "followersCount": 22, "website": "https://yaypegs.com/"}, {"id": "usebraintrust.eth", "name": "Braintrust", "twitter": "usebraintrust", "proposalsCount": 18, "votesCount": 269, "followersCount": 393, "website": null}, {"id": "crosschaincapitaldao.eth", "name": "Cross-Chain Capital", "twitter": "cchaincap", "proposalsCount": 14, "votesCount": 536, "followersCount": 130, "website": null}, {"id": "unuverse.eth", "name": "Energy Crisis", "twitter": "EnergyCrisisNF", "proposalsCount": 7, "votesCount": 18, "followersCount": 5, "website": "https://energycrisis.xyz/"}, {"id": "altrucoin.eth", "name": "Altruism Protocol", "twitter": "AltruProtocol", "proposalsCount": 12, "votesCount": 656, "followersCount": 59, "website": "https://altrucoin.com"}, {"id": "tecommons.eth", "name": "Token Engineering Commons", "twitter": "tecmns", "proposalsCount": 22, "votesCount": 558, "followersCount": 147, "website": null}, {"id": "yfbeta", "name": "yfBeta", "twitter": null, "proposalsCount": 15, "votesCount": 708, "followersCount": 3, "website": null}, {"id": "baebaecafe.eth", "name": "BaeCafe", "twitter": "baebaecafe", "proposalsCount": 7, "votesCount": 642, "followersCount": 77, "website": "https://baecafe.xyz"}, {"id": "Tripplite.eth", "name": "Matic DAO", "twitter": null, "proposalsCount": 2, "votesCount": 9, "followersCount": 112, "website": null}, {"id": "whileweb3.eth", "name": "JpegPalaceDAO", "twitter": "JpegPalace", "proposalsCount": 36, "votesCount": 630, "followersCount": 57, "website": "https://twitter.com/JpegPalace"}, {"id": "loserchick.eth", "name": "LoserChick", "twitter": "Chick_Labs", "proposalsCount": 8, "votesCount": 538, "followersCount": 76, "website": null}, {"id": "savehuobidao.eth", "name": "SaveHuobiDao", "twitter": "savehuobidao", "proposalsCount": 5, "votesCount": 0, "followersCount": 716, "website": null}, {"id": "wlitidao.eth", "name": "Wolf Works DAO", "twitter": "wolfworksdao", "proposalsCount": 10, "votesCount": 671, "followersCount": 40, "website": "https://wolfworks.io/"}]