[{"id": "tokendamo.eth", "name": "TokenDamo", "twitter": null, "proposalsCount": 1, "votesCount": 2, "followersCount": 1, "website": null}, {"id": "tokenversedao.eth", "name": "Tokenverse DAO", "twitter": null, "proposalsCount": 1, "votesCount": 1, "followersCount": 2, "website": null}, {"id": "top123.eth", "name": "123", "twitter": null, "proposalsCount": 1, "votesCount": 1, "followersCount": 2, "website": null}, {"id": "touchkiss.eth", "name": "touchkiss", "twitter": null, "proposalsCount": 3, "votesCount": 0, "followersCount": 1, "website": null}, {"id": "translatordao.eth", "name": "TranslatorDAO", "twitter": null, "proposalsCount": 0, "votesCount": 0, "followersCount": 4, "website": null}, {"id": "trinitycollege.eth", "name": "trinitycollege", "twitter": null, "proposalsCount": 1, "votesCount": 0, "followersCount": 3, "website": null}, {"id": "try2king.eth", "name": "PLAY", "twitter": null, "proposalsCount": 3, "votesCount": 0, "followersCount": 1, "website": null}, {"id": "ubuntuvillage.eth", "name": "Ubuntu Village", "twitter": null, "proposalsCount": 0, "votesCount": 0, "followersCount": 4, "website": "http://uvz.ubuntu.international/"}, {"id": "ukgor666.eth", "name": "yan network", "twitter": null, "proposalsCount": 3, "votesCount": 0, "followersCount": 1, "website": null}, {"id": "uni8888.eth", "name": "eth  or btc", "twitter": null, "proposalsCount": 2, "votesCount": 0, "followersCount": 2, "website": null}, {"id": "unique-adress.eth", "name": "Unique DAO", "twitter": null, "proposalsCount": 1, "votesCount": 1, "followersCount": 2, "website": null}, {"id": "upheal.eth", "name": "Up Heal DAO", "twitter": "UpHealDAO", "proposalsCount": 1, "votesCount": 1, "followersCount": 2, "website": "https://uphealdao.xyz/"}, {"id": "usaflorida.eth", "name": "usfl dao", "twitter": null, "proposalsCount": 1, "votesCount": 1, "followersCount": 2, "website": null}, {"id": "usdm.marsecosystem.com", "name": "USDm", "twitter": "MarsEcosystem", "proposalsCount": 0, "votesCount": 0, "followersCount": 4, "website": "https://app.marsecosystem.com"}, {"id": "uwblockchainclub.eth", "name": "UW Blockchain", "twitter": "uw_blockchain", "proposalsCount": 1, "votesCount": 1, "followersCount": 2, "website": "https://www.uwblockchain.ca"}, {"id": "v-vendetta.eth", "name": "flomasterDAO", "twitter": null, "proposalsCount": 1, "votesCount": 1, "followersCount": 2, "website": null}, {"id": "verygoods.eth", "name": "Niubi", "twitter": null, "proposalsCount": 1, "votesCount": 2, "followersCount": 1, "website": null}, {"id": "visario.eth", "name": "`giol", "twitter": null, "proposalsCount": 2, "votesCount": 2, "followersCount": 0, "website": null}, {"id": "visualchina.eth", "name": "wolfgame", "twitter": null, "proposalsCount": 2, "votesCount": 0, "followersCount": 2, "website": null}, {"id": "viza-card.eth", "name": "dota2", "twitter": null, "proposalsCount": 1, "votesCount": 2, "followersCount": 1, "website": null}]