[{"id": "zhaoruichen.eth", "name": "zhaoruichen", "twitter": null, "proposalsCount": 18, "votesCount": 44, "followersCount": 14, "website": null}, {"id": "nongcunren.eth", "name": "PPO", "twitter": null, "proposalsCount": 25, "votesCount": 50, "followersCount": 1, "website": null}, {"id": "dappradar.eth", "name": "DappRadar", "twitter": "dappradar", "proposalsCount": 13, "votesCount": 2153, "followersCount": 1582, "website": "https://dappradar.com"}, {"id": "fastnofast.eth", "name": "link3", "twitter": null, "proposalsCount": 23, "votesCount": 37, "followersCount": 15, "website": null}, {"id": "tiantain.eth", "name": "SUU", "twitter": null, "proposalsCount": 25, "votesCount": 50, "followersCount": 0, "website": null}, {"id": "xiaoxiongtongxue.eth", "name": "UHI", "twitter": null, "proposalsCount": 25, "votesCount": 50, "followersCount": 0, "website": null}, {"id": "\u8239\u5230\u6865\u5934\u81ea\u7136\u6c89.eth", "name": "YOLO", "twitter": null, "proposalsCount": 25, "votesCount": 50, "followersCount": 0, "website": null}, {"id": "tenderfi.eth", "name": "Tender fi", "twitter": "tender_fi", "proposalsCount": 2, "votesCount": 123, "followersCount": 38, "website": "https://tender.fi"}, {"id": "kumitenft.eth", "name": "Kumite Vortex Tournament", "twitter": "kumitenft", "proposalsCount": 44, "votesCount": 3613, "followersCount": 146, "website": "https://www.kumitenft.com/"}, {"id": "cult-dao.eth", "name": "wearecultdao", "twitter": "wearecultdao", "proposalsCount": 47, "votesCount": 3436, "followersCount": 311, "website": null}, {"id": "blid.eth", "name": "Bolide", "twitter": "bolide_fi", "proposalsCount": 52, "votesCount": 335, "followersCount": 352, "website": null}, {"id": "dogelondao.eth", "name": "Dogelon DAO", "twitter": "dogelonmars", "proposalsCount": 18, "votesCount": 1001, "followersCount": 456, "website": "https://dogelonmars.com"}, {"id": "echelonassembly.eth", "name": "Echelon Assembly", "twitter": "EchelonFND", "proposalsCount": 9, "votesCount": 3353, "followersCount": 298, "website": "https://echelon.io/"}, {"id": "punksforever.eth", "name": "SeiPunks", "twitter": "SeiPunks_NFTs", "proposalsCount": 2, "votesCount": 145, "followersCount": 60, "website": "https://seipunks.online/"}, {"id": "elfi.eth", "name": "Element DAO", "twitter": "element_fi", "proposalsCount": 22, "votesCount": 3266, "followersCount": 414, "website": "https://www.element.fi/"}, {"id": "othree.eth", "name": "linea", "twitter": null, "proposalsCount": 3, "votesCount": 272, "followersCount": 57, "website": null}, {"id": "iotex.eth", "name": "IoTeX Network", "twitter": "iotex_io", "proposalsCount": 7, "votesCount": 1773, "followersCount": 1584, "website": "https://iotex.io/"}, {"id": "harmony-mainnet.eth", "name": "Harmony Mainnet", "twitter": "harmonyprotocol", "proposalsCount": 17, "votesCount": 629, "followersCount": 517, "website": null}, {"id": "mmfinance.eth", "name": "MM Finance", "twitter": "MMFcrypto", "proposalsCount": 5, "votesCount": 3517, "followersCount": 128, "website": null}, {"id": "dpet.eth", "name": "My DeFi Pet BSC", "twitter": "MyDeFiPet", "proposalsCount": 7, "votesCount": 3283, "followersCount": 329, "website": "https://mydefipet.com/"}]