[{"id": "857857.eth", "name": "857DAO", "twitter": null, "proposalsCount": 6, "votesCount": 19, "followersCount": 10, "website": null}, {"id": "andajun.eth", "name": "FlyingTigers DAO", "twitter": null, "proposalsCount": 1, "votesCount": 11, "followersCount": 23, "website": null}, {"id": "azathoth.eth", "name": "AZT-DAO", "twitter": null, "proposalsCount": 8, "votesCount": 17, "followersCount": 10, "website": null}, {"id": "coffeeswap.eth", "name": "CoffeeSwap", "twitter": null, "proposalsCount": 4, "votesCount": 25, "followersCount": 6, "website": null}, {"id": "culturebathes.eth", "name": "166-170", "twitter": null, "proposalsCount": 5, "votesCount": 25, "followersCount": 5, "website": null}, {"id": "demon1990.eth", "name": "Nike", "twitter": null, "proposalsCount": 16, "votesCount": 0, "followersCount": 19, "website": null}, {"id": "fancafe.eth", "name": "NFT LIFE(\u65b0\u30d7\u30ed\u30b8\u30a7\u30af\u30c8\u6e96\u5099\u7528)", "twitter": "nft_life_jp", "proposalsCount": 1, "votesCount": 24, "followersCount": 10, "website": null}, {"id": "findartsociety.eth", "name": "Find Art Society", "twitter": "findartsociety", "proposalsCount": 4, "votesCount": 29, "followersCount": 2, "website": "https://www.findartsociety.com/"}, {"id": "firesidedao.eth", "name": "Fireside DAO", "twitter": null, "proposalsCount": 8, "votesCount": 22, "followersCount": 5, "website": null}, {"id": "fndzdao.eth", "name": "FNDZ DAO", "twitter": "fndzDAO", "proposalsCount": 1, "votesCount": 16, "followersCount": 18, "website": "https://fndz.io/"}, {"id": "godblessme.eth", "name": "Zappys", "twitter": null, "proposalsCount": 2, "votesCount": 24, "followersCount": 9, "website": null}, {"id": "kingsmetaverse.eth", "name": "live-Floater", "twitter": "wyecho", "proposalsCount": 1, "votesCount": 16, "followersCount": 18, "website": null}, {"id": "likecandy.eth", "name": "176-180 candy", "twitter": null, "proposalsCount": 5, "votesCount": 25, "followersCount": 5, "website": null}, {"id": "mate70x.eth", "name": "mate70x.eth", "twitter": null, "proposalsCount": 1, "votesCount": 12, "followersCount": 22, "website": null}, {"id": "oldapple.eth", "name": "An old apple sat down once more", "twitter": null, "proposalsCount": 5, "votesCount": 25, "followersCount": 5, "website": null}, {"id": "qimen.eth", "name": "Biteye", "twitter": "BiteyeCN", "proposalsCount": 0, "votesCount": 0, "followersCount": 35, "website": "https://biteye.info/"}, {"id": "ryiunity.eth", "name": "RYI Unity", "twitter": null, "proposalsCount": 5, "votesCount": 27, "followersCount": 3, "website": null}, {"id": "starseeds-dao.eth", "name": "StarSeeds DAO", "twitter": null, "proposalsCount": 9, "votesCount": 11, "followersCount": 15, "website": "https://starseeds-protocol.eth.limo/#/"}, {"id": "suzuverse-dao.eth", "name": "SUZUVERSE DAO ", "twitter": "suzu_suzuverse", "proposalsCount": 5, "votesCount": 15, "followersCount": 15, "website": "https://linktr.ee/suzuverseofficial"}, {"id": "taxir.eth", "name": "Taxir", "twitter": "were_taxir", "proposalsCount": 4, "votesCount": 24, "followersCount": 7, "website": "https://taxir.xyz/"}]