[{"id": "gdo.eth", "name": "GDO", "twitter": "GroupDAOIO", "proposalsCount": 7, "votesCount": 201, "followersCount": 108, "website": null}, {"id": "fractionmining.eth", "name": "Fraction Mining ", "twitter": "fractionmining", "proposalsCount": 2, "votesCount": 206, "followersCount": 57, "website": "https://fractionmining.com"}, {"id": "ethfreedom.eth", "name": "ETHFREEDOM", "twitter": null, "proposalsCount": 4, "votesCount": 300, "followersCount": 10, "website": null}, {"id": "lilbabydoodlesx.eth", "name": "LBDX DAO ", "twitter": "LilBabyDoodlesX", "proposalsCount": 5, "votesCount": 299, "followersCount": 10, "website": "Https://LilBabyDoodlesX.com"}, {"id": "nagadao.eth", "name": "Naga DAO", "twitter": "The_NagaDAO", "proposalsCount": 22, "votesCount": 275, "followersCount": 17, "website": "https://www.nagadaonft.com/"}, {"id": "polygon.bzx.eth", "name": "bZx on Polygon", "twitter": null, "proposalsCount": 7, "votesCount": 243, "followersCount": 14, "website": null}, {"id": "monkeybet.eth", "name": "MonkeyBetDAO", "twitter": null, "proposalsCount": 2, "votesCount": 91, "followersCount": 220, "website": null}, {"id": "theculturedao.eth", "name": "The Culture DAO", "twitter": "theculturedao", "proposalsCount": 16, "votesCount": 264, "followersCount": 33, "website": null}, {"id": "0xmaycnft.eth", "name": "0xMAYC ", "twitter": "0xMAYC", "proposalsCount": 5, "votesCount": 233, "followersCount": 75, "website": "https://0xmaycnft.xyz/"}, {"id": "nfttravelclub.eth", "name": "Beach Bums vs Exotic Apes", "twitter": "bbvsea", "proposalsCount": 2, "votesCount": 77, "followersCount": 184, "website": "https://bbvsea.com"}, {"id": "ampleforth", "name": "Ampleforth", "twitter": null, "proposalsCount": 0, "votesCount": 0, "followersCount": 312, "website": null}, {"id": "dextfprotocol.eth", "name": "DOMANI Governance", "twitter": "DomaniProtocol", "proposalsCount": 11, "votesCount": 277, "followersCount": 24, "website": null}, {"id": "gogo-protocol.eth", "name": "GOGO Protocol", "twitter": "GOGO_coin", "proposalsCount": 7, "votesCount": 210, "followersCount": 95, "website": "https://gogocoin.io"}, {"id": "caelmux.eth", "name": "Cael Mux", "twitter": "caelmux", "proposalsCount": 1, "votesCount": 8, "followersCount": 3, "website": "https://story.caelmux.com/"}, {"id": "daogov.eth", "name": "SmartDAO", "twitter": null, "proposalsCount": 20, "votesCount": 152, "followersCount": 139, "website": null}, {"id": "m.club.eth", "name": "mCLUB", "twitter": "mclubdao", "proposalsCount": 11, "votesCount": 257, "followersCount": 43, "website": null}, {"id": "daoofdiamonds.eth", "name": "DiamondDAO", "twitter": "DAOofDiamonds", "proposalsCount": 6, "votesCount": 285, "followersCount": 18, "website": null}, {"id": "curatorssociety.eth", "name": "Curators Society", "twitter": "CuratorsSociety", "proposalsCount": 3, "votesCount": 281, "followersCount": 25, "website": "https://www.curatorssociety.io/"}, {"id": "feederfinance.eth", "name": "Feeder Finance", "twitter": "FeederFinance", "proposalsCount": 7, "votesCount": 290, "followersCount": 12, "website": null}, {"id": "fire001.eth", "name": "FireUSDC", "twitter": null, "proposalsCount": 7, "votesCount": 28, "followersCount": 24, "website": null}]