[{"id": "pingpinglove.eth", "name": "WOW pingping", "twitter": "pingping3611", "proposalsCount": 6, "votesCount": 41, "followersCount": 13, "website": null}, {"id": "seedao.eth", "name": "SeeDAO", "twitter": "see_dao", "proposalsCount": 3, "votesCount": 14, "followersCount": 43, "website": "https://www.seedao.xyz/"}, {"id": "tribe-dao.eth", "name": "Tribe DAO", "twitter": null, "proposalsCount": 2, "votesCount": 36, "followersCount": 22, "website": null}, {"id": "votedeluxe.eth", "name": "Bears Deluxe", "twitter": "bears_deluxe", "proposalsCount": 0, "votesCount": 0, "followersCount": 60, "website": null}, {"id": "wearenobody.eth", "name": "It's Nothing", "twitter": "itsnothing_nft", "proposalsCount": 4, "votesCount": 24, "followersCount": 32, "website": "http://itsnothing.xyz/"}, {"id": "worldwarinu.eth", "name": "World War Inu DOW", "twitter": null, "proposalsCount": 3, "votesCount": 44, "followersCount": 13, "website": null}, {"id": "creditblockchain.eth", "name": "Secret", "twitter": null, "proposalsCount": 12, "votesCount": 46, "followersCount": 1, "website": null}, {"id": "dynamicfi.eth", "name": "Dynamic", "twitter": "fi_dynamic", "proposalsCount": 3, "votesCount": 40, "followersCount": 16, "website": "https://dynamic.fi"}, {"id": "karmaapp.eth", "name": "Mr. Beast Fan Token", "twitter": "MrBeastFanToke", "proposalsCount": 2, "votesCount": 40, "followersCount": 17, "website": "https://mrbeastfantoken.com/"}, {"id": "mangabank.eth", "name": "MangaBank", "twitter": "cryptomanganft", "proposalsCount": 3, "votesCount": 27, "followersCount": 29, "website": null}, {"id": "mintclub.eth", "name": "Mint Club DAO", "twitter": "MintClubPro", "proposalsCount": 8, "votesCount": 17, "followersCount": 34, "website": null}, {"id": "niopay.eth", "name": "ARB fans DAO", "twitter": null, "proposalsCount": 5, "votesCount": 2, "followersCount": 2, "website": null}, {"id": "scc.eth", "name": "SCC", "twitter": "sccdao", "proposalsCount": 6, "votesCount": 0, "followersCount": 3, "website": null}, {"id": "unravelling.eth", "name": "UnravellingDAO", "twitter": "unravelling_xyz", "proposalsCount": 1, "votesCount": 56, "followersCount": 2, "website": null}, {"id": "adijo.eth", "name": "DAOConnect", "twitter": "amplituhedron", "proposalsCount": 26, "votesCount": 22, "followersCount": 11, "website": null}, {"id": "baseball.joints.eth", "name": "BASEDAO", "twitter": null, "proposalsCount": 1, "votesCount": 4, "followersCount": 4, "website": null}, {"id": "bnbnb.eth", "name": "bnbnb", "twitter": null, "proposalsCount": 1, "votesCount": 0, "followersCount": 8, "website": null}, {"id": "duoshou.eth", "name": "duoshou", "twitter": null, "proposalsCount": 5, "votesCount": 41, "followersCount": 13, "website": null}, {"id": "forcedao.eth", "name": "Force DAO", "twitter": null, "proposalsCount": 0, "votesCount": 0, "followersCount": 59, "website": null}, {"id": "licrazy.eth", "name": "licrazy", "twitter": null, "proposalsCount": 4, "votesCount": 47, "followersCount": 8, "website": null}]