[{"id": "frenchiefriendsclub.eth", "name": "Frenchie Friends Club", "twitter": null, "proposalsCount": 1, "votesCount": 1, "followersCount": 0, "website": null}, {"id": "frostks.eth", "name": "forst", "twitter": null, "proposalsCount": 1, "votesCount": 1, "followersCount": 0, "website": null}, {"id": "gainerg.eth", "name": "gainers dao", "twitter": null, "proposalsCount": 1, "votesCount": 1, "followersCount": 0, "website": null}, {"id": "gematogen.eth", "name": "Gemsnap", "twitter": null, "proposalsCount": 0, "votesCount": 0, "followersCount": 2, "website": null}, {"id": "gha12lens.eth", "name": "gha12lens", "twitter": null, "proposalsCount": 1, "votesCount": 1, "followersCount": 0, "website": null}, {"id": "gov.thirstythirsty.eth", "name": "Thirsty Thirsty", "twitter": null, "proposalsCount": 10, "votesCount": 78, "followersCount": 14, "website": "https://www.thirstythirsty.org"}, {"id": "gshjdbf.eth", "name": "dsrfgdsf", "twitter": null, "proposalsCount": 1, "votesCount": 1, "followersCount": 0, "website": null}, {"id": "gubdg.eth", "name": "sfdsd", "twitter": null, "proposalsCount": 1, "votesCount": 1, "followersCount": 0, "website": null}, {"id": "halopska.eth", "name": "sdfsd", "twitter": null, "proposalsCount": 1, "votesCount": 1, "followersCount": 0, "website": null}, {"id": "harveygh.eth", "name": "anay", "twitter": null, "proposalsCount": 1, "votesCount": 1, "followersCount": 0, "website": null}, {"id": "helloyo.eth", "name": "helloyo", "twitter": null, "proposalsCount": 1, "votesCount": 47, "followersCount": 54, "website": null}, {"id": "hgtydc.eth", "name": "jhkj", "twitter": null, "proposalsCount": 1, "votesCount": 1, "followersCount": 0, "website": null}, {"id": "hiphonic.eth", "name": "Hiphonic", "twitter": null, "proposalsCount": 0, "votesCount": 0, "followersCount": 2, "website": null}, {"id": "hipposolanus.eth", "name": "Hippo Solanus", "twitter": null, "proposalsCount": 1, "votesCount": 1, "followersCount": 0, "website": null}, {"id": "hjghg.eth", "name": "sdfsd", "twitter": null, "proposalsCount": 1, "votesCount": 1, "followersCount": 0, "website": null}, {"id": "hollygshore.eth", "name": "Yam net", "twitter": null, "proposalsCount": 1, "votesCount": 1, "followersCount": 0, "website": null}, {"id": "hsjgd.eth", "name": "xcfvgfc", "twitter": null, "proposalsCount": 1, "votesCount": 1, "followersCount": 0, "website": null}, {"id": "htrssv.eth", "name": "ghfg", "twitter": null, "proposalsCount": 1, "votesCount": 1, "followersCount": 0, "website": null}, {"id": "hunsas.eth", "name": "le", "twitter": null, "proposalsCount": 1, "votesCount": 1, "followersCount": 0, "website": null}, {"id": "imtherich.eth", "name": "zxc", "twitter": null, "proposalsCount": 1, "votesCount": 1, "followersCount": 0, "website": null}]