[{"id": "theuplift.eth", "name": "The Uplift DAO", "twitter": null, "proposalsCount": 169, "votesCount": 4611, "followersCount": 174, "website": null}, {"id": "leagueoflils.eth", "name": "League of Lils", "twitter": "lilnounsdao", "proposalsCount": 205, "votesCount": 4181, "followersCount": 164, "website": "https://lilnouns.wtf"}, {"id": "haidee9.eth", "name": "gshga", "twitter": null, "proposalsCount": 28, "votesCount": 59, "followersCount": 55, "website": null}, {"id": "loopringdao.eth", "name": "Loopring", "twitter": "loopringorg", "proposalsCount": 14, "votesCount": 4892, "followersCount": 2159, "website": "https://loopring.org/"}, {"id": "korea.criptotwitter.eth", "name": "koreaDAO", "twitter": null, "proposalsCount": 67, "votesCount": 75, "followersCount": 2, "website": null}, {"id": "xole.eth", "name": "OpenLeverage", "twitter": "OpenLeverage", "proposalsCount": 44, "votesCount": 4355, "followersCount": 370, "website": "https://openleverage.finance"}, {"id": "meridianbymattdeslauriers.eth", "name": "yixing1", "twitter": null, "proposalsCount": 32, "votesCount": 64, "followersCount": 42, "website": null}, {"id": "mantra-dao", "name": "MANTRA DAO", "twitter": null, "proposalsCount": 76, "votesCount": 6887, "followersCount": 41, "website": null}, {"id": "034720.eth", "name": "Elizabeth Bailey", "twitter": null, "proposalsCount": 34, "votesCount": 69, "followersCount": 34, "website": null}, {"id": "037890.eth", "name": "Gabriel Ross", "twitter": null, "proposalsCount": 33, "votesCount": 66, "followersCount": 38, "website": null}, {"id": "halloweenbearsdao.eth", "name": "HalloweenBearsDAO", "twitter": "halloweenbears", "proposalsCount": 29, "votesCount": 6349, "followersCount": 600, "website": null}, {"id": "awsbcommunity.eth", "name": "Allan Wall Street Bets (aWSB)", "twitter": "aWSBclub", "proposalsCount": 149, "votesCount": 5938, "followersCount": 851, "website": null}, {"id": "test.joints.eth", "name": "TESTDAO", "twitter": null, "proposalsCount": 76, "votesCount": 135, "followersCount": 30, "website": null}, {"id": "034290.eth", "name": "Lily Adams", "twitter": null, "proposalsCount": 33, "votesCount": 65, "followersCount": 37, "website": null}, {"id": "038321.eth", "name": "Isabella Griffin", "twitter": null, "proposalsCount": 33, "votesCount": 65, "followersCount": 37, "website": null}, {"id": "041130.eth", "name": "Julia Green", "twitter": null, "proposalsCount": 33, "votesCount": 65, "followersCount": 37, "website": null}, {"id": "042465.eth", "name": "Audrey Sullivan", "twitter": null, "proposalsCount": 33, "votesCount": 73, "followersCount": 29, "website": null}, {"id": "138855.eth", "name": "Claire Jenkins", "twitter": null, "proposalsCount": 33, "votesCount": 68, "followersCount": 34, "website": null}, {"id": "140470.eth", "name": "Jennifer Parker", "twitter": null, "proposalsCount": 33, "votesCount": 65, "followersCount": 37, "website": null}, {"id": "fx202247.eth", "name": "\u95ee\u9898\u89e3\u51b3", "twitter": null, "proposalsCount": 32, "votesCount": 67, "followersCount": 36, "website": null}]