[{"id": "caitlyn1.eth", "name": "l", "twitter": null, "proposalsCount": 0, "votesCount": 0, "followersCount": 0, "website": null}, {"id": "caiyuangungun.eth", "name": "BBQ", "twitter": "Sxcer2", "proposalsCount": 8, "votesCount": 18, "followersCount": 7, "website": null}, {"id": "calebrezzy.eth", "name": "crust DAO", "twitter": null, "proposalsCount": 0, "votesCount": 0, "followersCount": 0, "website": null}, {"id": "camarzana.eth", "name": "Camarzana", "twitter": "Camarzana3", "proposalsCount": 1, "votesCount": 1, "followersCount": 2, "website": "https://twitter.com/Camarzana3"}, {"id": "cambocrypto.eth", "name": "CamboCrypto", "twitter": null, "proposalsCount": 0, "votesCount": 0, "followersCount": 1, "website": null}, {"id": "camelliayang.eth", "name": "CY CIRCLE", "twitter": "camelliayang", "proposalsCount": 1, "votesCount": 2, "followersCount": 1, "website": "https://cycircle.camelliayang.com/"}, {"id": "camom.eth", "name": "cat6262", "twitter": null, "proposalsCount": 27, "votesCount": 51, "followersCount": 26, "website": null}, {"id": "camoufly.eth", "name": "camoufly", "twitter": null, "proposalsCount": 0, "votesCount": 0, "followersCount": 0, "website": null}, {"id": "can.devsalwaysdoingsomething.eth", "name": "Can Devs Do Something", "twitter": null, "proposalsCount": 5, "votesCount": 640, "followersCount": 4, "website": null}, {"id": "canada\u262freferendum.eth", "name": "canada\u262freferendum.eth", "twitter": null, "proposalsCount": 0, "votesCount": 0, "followersCount": 1, "website": null}, {"id": "canadaotreasury.eth", "name": "CanaDAO", "twitter": "canadao", "proposalsCount": 0, "votesCount": 0, "followersCount": 1, "website": "https://canadao.net"}, {"id": "cand.eth", "name": "canD", "twitter": "can_d_xyz", "proposalsCount": 2, "votesCount": 17, "followersCount": 1, "website": "https://cand.xyz/"}, {"id": "candybazaar.eth", "name": "Candy Bazaar ", "twitter": "candybazaar", "proposalsCount": 1, "votesCount": 2, "followersCount": 3, "website": "https://candybazaar.com"}, {"id": "candychain.eth", "name": "CandyChain", "twitter": null, "proposalsCount": 0, "votesCount": 0, "followersCount": 0, "website": null}, {"id": "candychen5688.eth", "name": "candychen", "twitter": null, "proposalsCount": 1, "votesCount": 1, "followersCount": 0, "website": null}, {"id": "canedao.eth", "name": "canedao", "twitter": null, "proposalsCount": 0, "votesCount": 0, "followersCount": 1, "website": null}, {"id": "cannagov.eth", "name": "Canna", "twitter": null, "proposalsCount": 2, "votesCount": 10, "followersCount": 4, "website": null}, {"id": "caos\ud83d\udc68\u200d\ud83d\udcbb.eth", "name": "T", "twitter": null, "proposalsCount": 0, "votesCount": 0, "followersCount": 1, "website": null}, {"id": "cap3collective.eth", "name": "BlahBlah", "twitter": null, "proposalsCount": 0, "votesCount": 0, "followersCount": 0, "website": null}, {"id": "capitalclubdao.eth", "name": "Acquisitions Capital Club DAO", "twitter": null, "proposalsCount": 0, "votesCount": 0, "followersCount": 1, "website": null}]