[{"id": "yingdo1988.eth", "name": "yingdo1988.eth", "twitter": null, "proposalsCount": 1, "votesCount": 1, "followersCount": 1, "website": null}, {"id": "yinii.eth", "name": "y6", "twitter": null, "proposalsCount": 2, "votesCount": 2, "followersCount": 2, "website": null}, {"id": "yinip.eth", "name": "y15", "twitter": null, "proposalsCount": 1, "votesCount": 1, "followersCount": 1, "website": null}, {"id": "yinjiaodawang.eth", "name": "yinjiaodawang", "twitter": null, "proposalsCount": 1, "votesCount": 2, "followersCount": 3, "website": null}, {"id": "yinoo.eth", "name": "22", "twitter": null, "proposalsCount": 2, "votesCount": 2, "followersCount": 2, "website": null}, {"id": "yinss.eth", "name": "23", "twitter": null, "proposalsCount": 6, "votesCount": 6, "followersCount": 6, "website": null}, {"id": "yinuu.eth", "name": "16", "twitter": null, "proposalsCount": 2, "votesCount": 2, "followersCount": 2, "website": null}, {"id": "yiqikuiqian.eth", "name": "\u4e00\u8d77\u4e8f\u94b1", "twitter": null, "proposalsCount": 1, "votesCount": 2, "followersCount": 1, "website": null}, {"id": "yjh666.eth", "name": "\u5929\u6c14\u9884\u6d4b", "twitter": null, "proposalsCount": 1, "votesCount": 5, "followersCount": 5, "website": null}, {"id": "yjh999.eth", "name": "Prediction Space", "twitter": null, "proposalsCount": 5, "votesCount": 21, "followersCount": 7, "website": null}, {"id": "yogendrarai.eth", "name": "Yogendra", "twitter": "09876yogendra", "proposalsCount": 1, "votesCount": 4, "followersCount": 3, "website": "https://twitter.com/09876yogendra"}, {"id": "yoginth.eth", "name": "Yoginth", "twitter": "yogicodes", "proposalsCount": 1, "votesCount": 120780, "followersCount": 6776, "website": "https://lenster.xyz/u/lenster"}, {"id": "yolosea.eth", "name": "sea", "twitter": "cnwangyang", "proposalsCount": 1, "votesCount": 2, "followersCount": 2, "website": null}, {"id": "yooshicat.eth", "name": "XIyooshicat.eth", "twitter": null, "proposalsCount": 2, "votesCount": 2, "followersCount": 1, "website": null}, {"id": "yorko.eth", "name": "\u4e00\u5207\u90fd\u662f\u4e3a\u4e86CC", "twitter": null, "proposalsCount": 32, "votesCount": 41, "followersCount": 43, "website": null}, {"id": "yoroi.eth", "name": "Project Galaxy", "twitter": null, "proposalsCount": 2, "votesCount": 238, "followersCount": 206, "website": null}, {"id": "youand.eth", "name": "gril", "twitter": "JiJ98877540", "proposalsCount": 2, "votesCount": 2, "followersCount": 1, "website": "https://twitter.com/JiJ98877540"}, {"id": "youbettermove.eth", "name": "uiuuu6u6", "twitter": null, "proposalsCount": 1, "votesCount": 1, "followersCount": 1, "website": null}, {"id": "youbie.eth", "name": "Youbie.tv", "twitter": null, "proposalsCount": 0, "votesCount": 0, "followersCount": 1, "website": "https://youbie.tv"}, {"id": "youngmodel.eth", "name": "youngmodel", "twitter": null, "proposalsCount": 2, "votesCount": 0, "followersCount": 1, "website": null}]