[{"id": "greeeeeek.eth", "name": "Grek", "twitter": null, "proposalsCount": 2, "votesCount": 2, "followersCount": 2, "website": null}, {"id": "khonggo.eth", "name": "Khong", "twitter": null, "proposalsCount": 2, "votesCount": 2, "followersCount": 2, "website": null}, {"id": "kingkingking.eth", "name": "arb king", "twitter": null, "proposalsCount": 1, "votesCount": 3, "followersCount": 2, "website": null}, {"id": "kupayfinance.eth", "name": "KuPay", "twitter": "kupayfinance", "proposalsCount": 11, "votesCount": 210, "followersCount": 35, "website": "https://kupay.finance/"}, {"id": "life2earn.eth", "name": "life2earn", "twitter": null, "proposalsCount": 3, "votesCount": 3, "followersCount": 0, "website": null}, {"id": "mendlchu.eth", "name": "Mendl DAO", "twitter": null, "proposalsCount": 1, "votesCount": 3, "followersCount": 2, "website": null}, {"id": "mikaboshidao.eth", "name": "Amatsu-Mikaboshi - Mikaboshi DAO", "twitter": null, "proposalsCount": 5, "votesCount": 210, "followersCount": 91, "website": "https://mikaboshidao.com/"}, {"id": "never996.eth", "name": "never996", "twitter": null, "proposalsCount": 3, "votesCount": 3, "followersCount": 0, "website": null}, {"id": "nevershy.eth", "name": "nevershy", "twitter": null, "proposalsCount": 3, "votesCount": 3, "followersCount": 0, "website": null}, {"id": "qqbank.eth", "name": "arb bank", "twitter": null, "proposalsCount": 1, "votesCount": 3, "followersCount": 2, "website": null}, {"id": "safeforest.eth", "name": "Zihuatanejo Dao", "twitter": null, "proposalsCount": 1, "votesCount": 3, "followersCount": 2, "website": null}, {"id": "sibil4elik.eth", "name": "Monkey DAO", "twitter": null, "proposalsCount": 1, "votesCount": 3, "followersCount": 2, "website": null}, {"id": "therez.eth", "name": "rabby Testnets", "twitter": null, "proposalsCount": 1, "votesCount": 2, "followersCount": 3, "website": null}, {"id": "tipad.eth", "name": "tipad", "twitter": null, "proposalsCount": 2, "votesCount": 2, "followersCount": 2, "website": null}, {"id": "arthera.eth", "name": "Arthera Chain", "twitter": "artherachain", "proposalsCount": 0, "votesCount": 0, "followersCount": 6, "website": "https://docs.arthera.net/"}, {"id": "sicxaaa.eth", "name": "Sicxa", "twitter": null, "proposalsCount": 2, "votesCount": 2, "followersCount": 2, "website": null}, {"id": "0x0924.eth", "name": "lunese", "twitter": null, "proposalsCount": 1, "votesCount": 4, "followersCount": 1, "website": null}, {"id": "0x0962.eth", "name": "nsyoene", "twitter": null, "proposalsCount": 1, "votesCount": 4, "followersCount": 1, "website": null}, {"id": "0x2651.eth", "name": "yamese", "twitter": null, "proposalsCount": 1, "votesCount": 5, "followersCount": 0, "website": null}, {"id": "0x5084.eth", "name": "dffreg", "twitter": null, "proposalsCount": 1, "votesCount": 5, "followersCount": 0, "website": null}]