[{"id": "dao08.eth", "name": "luckydao", "twitter": "lokentop", "proposalsCount": 1, "votesCount": 1, "followersCount": 4, "website": "https://twitter.com/lokentop"}, {"id": "daoconstitution.eth", "name": "ConstitutionDao", "twitter": null, "proposalsCount": 0, "votesCount": 0, "followersCount": 6, "website": null}, {"id": "deboni.eth", "name": "Bastard Gan Punks", "twitter": "", "proposalsCount": 2, "votesCount": 2, "followersCount": 2, "website": null}, {"id": "deepspacenine.eth", "name": "CNMDAO", "twitter": null, "proposalsCount": 1, "votesCount": 1, "followersCount": 4, "website": null}, {"id": "defietf.eth", "name": "CrowdfundingDao", "twitter": null, "proposalsCount": 2, "votesCount": 2, "followersCount": 2, "website": null}, {"id": "defikingdomsguild.eth", "name": "DeFi Kingdoms Guild", "twitter": null, "proposalsCount": 1, "votesCount": 1, "followersCount": 4, "website": null}, {"id": "degatedex.eth", "name": "dagatedex", "twitter": null, "proposalsCount": 1, "votesCount": 3, "followersCount": 2, "website": null}, {"id": "degensbetdao.eth", "name": "Degens", "twitter": null, "proposalsCount": 2, "votesCount": 2, "followersCount": 2, "website": "Https://Www.degens.com"}, {"id": "denitesdao.eth", "name": "Denites DAO", "twitter": "denitesdao", "proposalsCount": 1, "votesCount": 3, "followersCount": 2, "website": "https://denites.com"}, {"id": "dizzydragons.eth", "name": "Dizzy Dragons", "twitter": "DizzyDragonsNFT", "proposalsCount": 0, "votesCount": 0, "followersCount": 6, "website": null}, {"id": "dmx.amun.eth", "name": "Amun DeFi Momentum Index Token", "twitter": null, "proposalsCount": 1, "votesCount": 1, "followersCount": 4, "website": null}, {"id": "dogperson.eth", "name": "CoffeeDAO", "twitter": null, "proposalsCount": 1, "votesCount": 3, "followersCount": 2, "website": null}, {"id": "doomies.eth", "name": "DOOM Token", "twitter": "", "proposalsCount": 2, "votesCount": 4, "followersCount": 0, "website": null}, {"id": "edifier.eth", "name": "edifier", "twitter": null, "proposalsCount": 1, "votesCount": 1, "followersCount": 4, "website": null}, {"id": "ediseau.eth", "name": "Mmbig Dao", "twitter": null, "proposalsCount": 1, "votesCount": 2, "followersCount": 3, "website": null}, {"id": "eggs.eth", "name": "Samurai Guild", "twitter": null, "proposalsCount": 0, "votesCount": 0, "followersCount": 6, "website": null}, {"id": "emilyzh.eth", "name": "DAOSquare Matrix", "twitter": "DAOSquare", "proposalsCount": 0, "votesCount": 0, "followersCount": 6, "website": "https://daosquare.io"}, {"id": "empyrealdao.eth", "name": "Empyreal Network", "twitter": "empyrealarb", "proposalsCount": 1, "votesCount": 3, "followersCount": 2, "website": "https://empyreal.app"}, {"id": "ersdl.eth", "name": "linkmyworld", "twitter": null, "proposalsCount": 2, "votesCount": 0, "followersCount": 4, "website": null}, {"id": "ethaprotocol.eth", "name": "ETHA Lend", "twitter": "ethalend", "proposalsCount": 0, "votesCount": 0, "followersCount": 6, "website": "https://ethalend.org/"}]