[{"id": "600174.eth", "name": "ETH(MATIC)", "twitter": "MariellenRashad", "proposalsCount": 130, "votesCount": 22, "followersCount": 115, "website": null}, {"id": "povlakekpovlakek222.eth", "name": "ddss", "twitter": null, "proposalsCount": 42, "votesCount": 72, "followersCount": 20, "website": null}, {"id": "metaverse-pro.eth", "name": "MetaversePro", "twitter": "MetaverseProDAO", "proposalsCount": 16, "votesCount": 5728, "followersCount": 1085, "website": null}, {"id": "baovotes.eth", "name": "baovotes.eth", "twitter": null, "proposalsCount": 70, "votesCount": 6258, "followersCount": 425, "website": null}, {"id": "fx202262.eth", "name": "fengxi", "twitter": null, "proposalsCount": 32, "votesCount": 64, "followersCount": 35, "website": null}, {"id": "041895.eth", "name": "33654", "twitter": null, "proposalsCount": 32, "votesCount": 65, "followersCount": 33, "website": null}, {"id": "nicholasgrace.eth", "name": "blue", "twitter": null, "proposalsCount": 32, "votesCount": 62, "followersCount": 36, "website": null}, {"id": "0vix-protocol.eth", "name": "0VIX Protocol", "twitter": "0vixProtocol", "proposalsCount": 4, "votesCount": 684, "followersCount": 148, "website": "https://0vix.com"}, {"id": "pillheadsnft.eth", "name": "yixing7", "twitter": null, "proposalsCount": 32, "votesCount": 63, "followersCount": 34, "website": null}, {"id": "xmyzz.eth", "name": "Universe Dao", "twitter": "UniverseProtoct", "proposalsCount": 11, "votesCount": 4704, "followersCount": 1823, "website": "https://t.me/xmyzz"}, {"id": "goldfinch.eth", "name": "Goldfinch", "twitter": "goldfinch_fi", "proposalsCount": 55, "votesCount": 2985, "followersCount": 647, "website": "https://goldfinch.finance/"}, {"id": "036480.eth", "name": "Margaret Murphy", "twitter": null, "proposalsCount": 33, "votesCount": 61, "followersCount": 33, "website": null}, {"id": "thorfinancial.eth", "name": "Thor Financial", "twitter": "thornodes", "proposalsCount": 8, "votesCount": 6239, "followersCount": 200, "website": null}, {"id": "fantomecosystem.eth", "name": "Fantom", "twitter": null, "proposalsCount": 245, "votesCount": 3886, "followersCount": 1754, "website": null}, {"id": "blockchainminers.eth", "name": "Blockchain Miners Club", "twitter": "BMC_NFT", "proposalsCount": 18, "votesCount": 5716, "followersCount": 609, "website": null}, {"id": "bertdickens.eth", "name": "dtyj", "twitter": null, "proposalsCount": 31, "votesCount": 62, "followersCount": 32, "website": null}, {"id": "monstercave-precioustorchphoto.eth", "name": "fgasrhtah", "twitter": null, "proposalsCount": 32, "votesCount": 62, "followersCount": 31, "website": null}, {"id": "rareships.eth", "name": "Rareships DAO", "twitter": "rareshipsNFT", "proposalsCount": 7, "votesCount": 991, "followersCount": 297, "website": "https://rareships.games"}, {"id": "dorothy8.eth", "name": "ghas", "twitter": null, "proposalsCount": 35, "votesCount": 35, "followersCount": 52, "website": null}, {"id": "fx202207.eth", "name": "xiaoxitongxue", "twitter": null, "proposalsCount": 31, "votesCount": 61, "followersCount": 30, "website": null}]