[{"id": "chocodoge.eth", "name": "ChocoDoge", "twitter": "ChocoDoge_", "proposalsCount": 0, "votesCount": 0, "followersCount": 3, "website": "https://chocodoge.dog/"}, {"id": "chocolatemilkclub.eth", "name": "Chocolate Milk Club", "twitter": "ChocolateCowNFT", "proposalsCount": 0, "votesCount": 0, "followersCount": 3, "website": "https://chocolatemilkclub.com"}, {"id": "christmas.joints.eth", "name": "CHRISTMASDAO", "twitter": null, "proposalsCount": 1, "votesCount": 1, "followersCount": 1, "website": null}, {"id": "chunbi.eth", "name": "bi", "twitter": null, "proposalsCount": 1, "votesCount": 1, "followersCount": 1, "website": null}, {"id": "chz.freesubs.eth", "name": "OHZDAO", "twitter": null, "proposalsCount": 1, "votesCount": 1, "followersCount": 1, "website": null}, {"id": "cid00.eth", "name": "vdfv dao", "twitter": null, "proposalsCount": 1, "votesCount": 1, "followersCount": 1, "website": null}, {"id": "cinema.ensmaxisfam.eth", "name": "CINEMADAO", "twitter": null, "proposalsCount": 1, "votesCount": 1, "followersCount": 1, "website": null}, {"id": "cinema.joints.eth", "name": "CINEMADAO", "twitter": null, "proposalsCount": 1, "votesCount": 1, "followersCount": 1, "website": null}, {"id": "cirnocrypt0.eth", "name": "Cirno", "twitter": null, "proposalsCount": 1, "votesCount": 1, "followersCount": 1, "website": null}, {"id": "cisnenegro.eth", "name": "GG DAO", "twitter": null, "proposalsCount": 1, "votesCount": 1, "followersCount": 1, "website": null}, {"id": "city.joints.eth", "name": "CITYDAO", "twitter": null, "proposalsCount": 1, "votesCount": 1, "followersCount": 1, "website": null}, {"id": "city.lovesyou.eth", "name": "CITYDAO", "twitter": null, "proposalsCount": 1, "votesCount": 1, "followersCount": 1, "website": null}, {"id": "claimfighter.eth", "name": "claimfighter", "twitter": null, "proposalsCount": 1, "votesCount": 1, "followersCount": 1, "website": null}, {"id": "clonc.eth", "name": "clonc", "twitter": null, "proposalsCount": 1, "votesCount": 1, "followersCount": 1, "website": null}, {"id": "club.joints.eth", "name": "CLUBDAO", "twitter": null, "proposalsCount": 1, "votesCount": 1, "followersCount": 1, "website": null}, {"id": "club.lovesyou.eth", "name": "CLUBDAO", "twitter": null, "proposalsCount": 1, "votesCount": 1, "followersCount": 1, "website": null}, {"id": "club721marketing.eth", "name": "test", "twitter": null, "proposalsCount": 1, "votesCount": 0, "followersCount": 2, "website": null}, {"id": "clubs.ethtag.eth", "name": "CLUBSDAO", "twitter": null, "proposalsCount": 1, "votesCount": 1, "followersCount": 1, "website": null}, {"id": "cmnwlth.eth", "name": "Commonwealth", "twitter": null, "proposalsCount": 1, "votesCount": 0, "followersCount": 2, "website": null}, {"id": "cn152.eth", "name": "QWERASDF", "twitter": null, "proposalsCount": 1, "votesCount": 1, "followersCount": 1, "website": null}]