[{"id": "unidexapp.eth", "name": "UniDex", "twitter": null, "proposalsCount": 39, "votesCount": 1027, "followersCount": 261, "website": "https://www.unidex.exchange/"}, {"id": "lodestarfinance.eth", "name": "Lodestar Finance", "twitter": "LodestarFinance", "proposalsCount": 11, "votesCount": 330, "followersCount": 79, "website": "https://www.lodestarfinance.io/"}, {"id": "therugdao.eth", "name": "the rug dao", "twitter": "rugburners", "proposalsCount": 28, "votesCount": 1455, "followersCount": 79, "website": null}, {"id": "sunrisegaming.eth", "name": "Sunrise Gaming by Dao", "twitter": "SunriseGaming_d", "proposalsCount": 2, "votesCount": 619, "followersCount": 939, "website": null}, {"id": "familypartygames.eth", "name": "FamilyParty", "twitter": "FamilyPartyGame", "proposalsCount": 2, "votesCount": 839, "followersCount": 696, "website": "https://www.familyparty.io"}, {"id": "thedreamdao.eth", "name": "Dream DAO", "twitter": "DreamDAO_", "proposalsCount": 78, "votesCount": 1280, "followersCount": 76, "website": null}, {"id": "lympodao.eth", "name": "LympoDAO", "twitter": "LympoDAO", "proposalsCount": 0, "votesCount": 0, "followersCount": 30, "website": "https://Lympo.io"}, {"id": "withoutequal.eth", "name": "200linea", "twitter": null, "proposalsCount": 5, "votesCount": 20, "followersCount": 5, "website": null}, {"id": "celindacelindacelindacelindacelindacelinda.eth", "name": "canddgg", "twitter": null, "proposalsCount": 10, "votesCount": 10, "followersCount": 10, "website": null}, {"id": "freedombtz.eth", "name": "Bitazza", "twitter": "bitazzaofficial", "proposalsCount": 2, "votesCount": 416, "followersCount": 8, "website": "https://bitazza.com"}, {"id": "latticegov.eth", "name": "Lattice", "twitter": "LatticeExchange", "proposalsCount": 8, "votesCount": 1182, "followersCount": 232, "website": null}, {"id": "xwg.eth", "name": "X World Games", "twitter": "xwg_games", "proposalsCount": 10, "votesCount": 862, "followersCount": 646, "website": null}, {"id": "mimo.eth", "name": "Parallel", "twitter": "ParallelMoney", "proposalsCount": 96, "votesCount": 990, "followersCount": 81, "website": "https://app.mimo.capital/"}, {"id": "pacoca.eth", "name": "Pacoca.io", "twitter": "pacoca_io", "proposalsCount": 10, "votesCount": 1319, "followersCount": 187, "website": null}, {"id": "superumans.eth", "name": "SuperUMAn DAO", "twitter": "superumans", "proposalsCount": 45, "votesCount": 1409, "followersCount": 58, "website": null}, {"id": "suxuxu.eth", "name": "arb lite ", "twitter": null, "proposalsCount": 22, "votesCount": 25, "followersCount": 14, "website": null}, {"id": "alluo.eth", "name": "Alluo", "twitter": "AlluoApp", "proposalsCount": 288, "votesCount": 1043, "followersCount": 117, "website": "https://alluo.com"}, {"id": "9x9x9.eth", "name": "Club721", "twitter": "club721official", "proposalsCount": 5, "votesCount": 1296, "followersCount": 196, "website": null}, {"id": "legendofarcadia.eth", "name": "Legend of Arcadia", "twitter": "LegendofArcadi", "proposalsCount": 6, "votesCount": 1474, "followersCount": 17, "website": null}, {"id": "120120120.eth", "name": "ARB TO THE MOON", "twitter": null, "proposalsCount": 4, "votesCount": 30, "followersCount": 8, "website": null}]