[{"id": "luglug.eth", "name": "lugovoy", "twitter": null, "proposalsCount": 0, "votesCount": 0, "followersCount": 1, "website": null}, {"id": "luigivampa.eth", "name": "fsTVL DAO", "twitter": null, "proposalsCount": 3, "votesCount": 4, "followersCount": 2, "website": null}, {"id": "luke35.eth", "name": "sunshine", "twitter": null, "proposalsCount": 1, "votesCount": 1, "followersCount": 1, "website": null}, {"id": "luko.eth", "name": "Squigglyverse DAO Mumbai v1", "twitter": "Squigglyverse", "proposalsCount": 1, "votesCount": 0, "followersCount": 3, "website": null}, {"id": "lulubcet04.eth", "name": "lulubcet", "twitter": null, "proposalsCount": 0, "votesCount": 0, "followersCount": 0, "website": null}, {"id": "lumaoge.eth", "name": "\u716e\u9152\u8bba\u82f1\u96c4", "twitter": null, "proposalsCount": 2, "votesCount": 31, "followersCount": 22, "website": null}, {"id": "lumination.eth", "name": "Lumination DAO", "twitter": null, "proposalsCount": 0, "votesCount": 0, "followersCount": 1, "website": null}, {"id": "luna\u2764.eth", "name": "Reunit DAO", "twitter": null, "proposalsCount": 1, "votesCount": 0, "followersCount": 2, "website": null}, {"id": "lunarsun.eth", "name": "HANUMAN", "twitter": "Soumya82225", "proposalsCount": 1, "votesCount": 1, "followersCount": 1, "website": "https://twitter.com/Soumya8225"}, {"id": "lunaswap.eth", "name": "LUNASwapDAO", "twitter": null, "proposalsCount": 1, "votesCount": 2, "followersCount": 4, "website": null}, {"id": "lunch-dao.eth", "name": "LunchDao", "twitter": "LunchDAO", "proposalsCount": 2, "votesCount": 136, "followersCount": 83, "website": "https://www.lunchdao.com/"}, {"id": "luo888.eth", "name": "luo888", "twitter": null, "proposalsCount": 1, "votesCount": 13, "followersCount": 13, "website": null}, {"id": "luobotou.eth", "name": "luobotou", "twitter": null, "proposalsCount": 2, "votesCount": 4, "followersCount": 2, "website": null}, {"id": "luoshi.eth", "name": "luoshi", "twitter": null, "proposalsCount": 1, "votesCount": 13, "followersCount": 12, "website": null}, {"id": "luosho.eth", "name": "Dionne", "twitter": null, "proposalsCount": 1, "votesCount": 13, "followersCount": 13, "website": null}, {"id": "luoshp.eth", "name": "Jolyn", "twitter": null, "proposalsCount": 1, "votesCount": 13, "followersCount": 13, "website": null}, {"id": "luoshu.eth", "name": "Katherine", "twitter": null, "proposalsCount": 1, "votesCount": 13, "followersCount": 13, "website": null}, {"id": "lushier.eth", "name": "mayday", "twitter": null, "proposalsCount": 1, "votesCount": 2, "followersCount": 0, "website": null}, {"id": "lushnikov.eth", "name": "Harm4ul", "twitter": "main49425160", "proposalsCount": 0, "votesCount": 0, "followersCount": 0, "website": "https://twitter.com/main49425160"}, {"id": "lusso88.eth", "name": "Lusso", "twitter": null, "proposalsCount": 0, "votesCount": 0, "followersCount": 0, "website": null}]