[{"id": "music", "name": "Music DAO", "twitter": null, "proposalsCount": 5, "votesCount": 4, "followersCount": 0, "website": null}, {"id": "neonblue.eth", "name": "Neon", "twitter": null, "proposalsCount": 4, "votesCount": 0, "followersCount": 5, "website": null}, {"id": "nococaine.eth", "name": "NoCocaine.finance", "twitter": null, "proposalsCount": 1, "votesCount": 7, "followersCount": 1, "website": null}, {"id": "numbersdao.eth", "name": "Numbers Protocol", "twitter": "numbersprotocol", "proposalsCount": 0, "votesCount": 0, "followersCount": 9, "website": null}, {"id": "okjose.eth", "name": "JoseDAO", "twitter": null, "proposalsCount": 6, "votesCount": 1, "followersCount": 2, "website": null}, {"id": "onepoolfinance.eth", "name": "One Pool", "twitter": "onepoolfinance", "proposalsCount": 8, "votesCount": 0, "followersCount": 1, "website": null}, {"id": "o\u028anlij\u0259.eth", "name": "o\u028anlij\u0259", "twitter": null, "proposalsCount": 3, "votesCount": 3, "followersCount": 3, "website": null}, {"id": "pacdao.eth", "name": "PAC DAO", "twitter": "PACDAO", "proposalsCount": 0, "votesCount": 0, "followersCount": 9, "website": "https://pac.xyz/"}, {"id": "pamogi.eth", "name": "Pamogi", "twitter": "pamogi_official", "proposalsCount": 3, "votesCount": 3, "followersCount": 3, "website": "https://pamogi.org"}, {"id": "pawnfiprotocol.eth", "name": "Pawnfi", "twitter": "pawnfiofficial", "proposalsCount": 0, "votesCount": 0, "followersCount": 9, "website": "https://www.pawnfi.com/"}, {"id": "phil.brightmoments.eth", "name": "philm.eth", "twitter": "philmohun", "proposalsCount": 1, "votesCount": 6, "followersCount": 2, "website": null}, {"id": "pinnerdao.eth", "name": "PinnerDAO", "twitter": null, "proposalsCount": 4, "votesCount": 4, "followersCount": 1, "website": null}, {"id": "pump1.eth", "name": "Reflect Doge DAO", "twitter": "reflectdogebsc", "proposalsCount": 1, "votesCount": 2, "followersCount": 6, "website": "https://www.reflectdogebsc.com"}, {"id": "radiantrobots.eth", "name": "Radiant Robots", "twitter": "RadiantRobots", "proposalsCount": 2, "votesCount": 2, "followersCount": 5, "website": null}, {"id": "rainiewt.eth", "name": "rainiewt", "twitter": null, "proposalsCount": 6, "votesCount": 1, "followersCount": 2, "website": null}, {"id": "rebelteam-testing.eth", "name": "Testing Rebel Team", "twitter": "rebelteamcom", "proposalsCount": 2, "votesCount": 4, "followersCount": 3, "website": "https://www.rebelteam.com/"}, {"id": "refeng.eth", "name": "\u70ed\u98ce", "twitter": null, "proposalsCount": 3, "votesCount": 3, "followersCount": 3, "website": null}, {"id": "resourcefinance.eth", "name": "ReSource", "twitter": null, "proposalsCount": 0, "votesCount": 0, "followersCount": 9, "website": null}, {"id": "rinkeby.ssvnetwork.eth", "name": "SSV.Network Tesitng", "twitter": null, "proposalsCount": 6, "votesCount": 2, "followersCount": 1, "website": null}, {"id": "rizzledao.eth", "name": "RizzleDao", "twitter": "NFTland", "proposalsCount": 2, "votesCount": 6, "followersCount": 1, "website": null}]