[{"id": "test1.snapback.eth", "name": "Gitcoin Test DAO for Grants", "twitter": null, "proposalsCount": 53, "votesCount": 77, "followersCount": 35, "website": null}, {"id": "test1.testsnap.eth", "name": "E2EOne", "twitter": null, "proposalsCount": 9, "votesCount": 2, "followersCount": 1, "website": null}, {"id": "test111.testsnap-safe.eth", "name": "test 1", "twitter": null, "proposalsCount": 0, "votesCount": 0, "followersCount": 0, "website": null}, {"id": "test11111.eth", "name": "test123123", "twitter": null, "proposalsCount": 10, "votesCount": 12, "followersCount": 1, "website": null}, {"id": "test122.testsnapnew.eth", "name": "test", "twitter": null, "proposalsCount": 0, "votesCount": 0, "followersCount": 1, "website": null}, {"id": "test2.metrox.eth", "name": "Test2", "twitter": null, "proposalsCount": 0, "votesCount": 0, "followersCount": 0, "website": null}, {"id": "test2.shot.eth", "name": "Test space", "twitter": null, "proposalsCount": 1, "votesCount": 1, "followersCount": 5, "website": null}, {"id": "test2.testsnap.eth", "name": "E2EThree", "twitter": null, "proposalsCount": 9, "votesCount": 2, "followersCount": 1, "website": null}, {"id": "test2.testsnapnew.eth", "name": "Test", "twitter": null, "proposalsCount": 1, "votesCount": 0, "followersCount": 1, "website": null}, {"id": "test22.testsnap.eth", "name": "test", "twitter": null, "proposalsCount": 0, "votesCount": 0, "followersCount": 0, "website": null}, {"id": "test23.testsnap.eth", "name": "test", "twitter": null, "proposalsCount": 0, "votesCount": 0, "followersCount": 0, "website": null}, {"id": "test24.testsnap.eth", "name": "test", "twitter": null, "proposalsCount": 0, "votesCount": 0, "followersCount": 0, "website": null}, {"id": "test3.shot.eth", "name": "Gwydce-test", "twitter": "testasd", "proposalsCount": 17, "votesCount": 2, "followersCount": 12, "website": null}, {"id": "test4.metrox.eth", "name": "Test", "twitter": null, "proposalsCount": 0, "votesCount": 0, "followersCount": 0, "website": null}, {"id": "test5.metrox.eth", "name": "Test space", "twitter": null, "proposalsCount": 1, "votesCount": 1, "followersCount": 0, "website": "https://snapshot.org"}, {"id": "test6.shot.eth", "name": "Strio", "twitter": "StrioDAO", "proposalsCount": 46, "votesCount": 1593, "followersCount": 105, "website": null}, {"id": "test7.testsnap.eth", "name": "Mdao", "twitter": null, "proposalsCount": 0, "votesCount": 0, "followersCount": 0, "website": null}, {"id": "test8.testsnap.eth", "name": "Controller test", "twitter": null, "proposalsCount": 0, "votesCount": 0, "followersCount": 0, "website": null}, {"id": "testcascadia.eth", "name": "Cascadia Foundation", "twitter": "CascadiaSystems", "proposalsCount": 2, "votesCount": 3, "followersCount": 2, "website": "https://cascadia.foundation"}, {"id": "testdemo.testsnap.eth", "name": "E2ETwo", "twitter": null, "proposalsCount": 13, "votesCount": 12, "followersCount": 2, "website": null}]