[{"id": "webaster.eth", "name": "best project", "twitter": null, "proposalsCount": 2, "votesCount": 2, "followersCount": 0, "website": null}, {"id": "webpy.eth", "name": "arb\u751f\u6001\u8ba8\u8bba", "twitter": null, "proposalsCount": 1, "votesCount": 2, "followersCount": 1, "website": null}, {"id": "xtrex.eth", "name": "Hasanbaba", "twitter": null, "proposalsCount": 1, "votesCount": 2, "followersCount": 1, "website": null}, {"id": "yananchina.eth", "name": "yanan", "twitter": null, "proposalsCount": 1, "votesCount": 1, "followersCount": 2, "website": null}, {"id": "zjpjjhl0523.eth", "name": "zjpjjhl0523", "twitter": null, "proposalsCount": 3, "votesCount": 0, "followersCount": 1, "website": null}, {"id": "zk168.eth", "name": "Ross", "twitter": null, "proposalsCount": 2, "votesCount": 1, "followersCount": 1, "website": null}, {"id": "zk918.eth", "name": "Torres", "twitter": null, "proposalsCount": 2, "votesCount": 1, "followersCount": 1, "website": null}, {"id": "zksync00.eth", "name": "Cooper", "twitter": null, "proposalsCount": 2, "votesCount": 1, "followersCount": 1, "website": null}, {"id": "0x5098.eth", "name": "dfaefe", "twitter": null, "proposalsCount": 1, "votesCount": 3, "followersCount": 0, "website": null}, {"id": "324534.eth", "name": "324534", "twitter": null, "proposalsCount": 2, "votesCount": 2, "followersCount": 0, "website": null}, {"id": "0x26999.eth", "name": "FGIO", "twitter": null, "proposalsCount": 1, "votesCount": 2, "followersCount": 1, "website": null}, {"id": "0x77e8.eth", "name": "KLOP", "twitter": null, "proposalsCount": 1, "votesCount": 2, "followersCount": 1, "website": null}, {"id": "aimab.eth", "name": "rwa\u8d5b\u9053\u8ba8\u8bba", "twitter": null, "proposalsCount": 1, "votesCount": 2, "followersCount": 1, "website": null}, {"id": "lovejj.eth", "name": "apelove", "twitter": null, "proposalsCount": 1, "votesCount": 2, "followersCount": 1, "website": null}, {"id": "op101.eth", "name": "OP summer vs ZK summet", "twitter": null, "proposalsCount": 1, "votesCount": 2, "followersCount": 1, "website": null}, {"id": "cucat.eth", "name": "\u725b\u5e02\u7684\u6545\u4e8b", "twitter": null, "proposalsCount": 1, "votesCount": 2, "followersCount": 1, "website": null}, {"id": "ngofi.eth", "name": "NFT\u8fdb\u5165\u6b7b\u4ea1\u8c37", "twitter": null, "proposalsCount": 1, "votesCount": 2, "followersCount": 1, "website": null}, {"id": "wetimes.eth", "name": "Campbell", "twitter": null, "proposalsCount": 2, "votesCount": 1, "followersCount": 1, "website": null}, {"id": "1314528.eth", "name": "Morgan", "twitter": null, "proposalsCount": 2, "votesCount": 1, "followersCount": 1, "website": null}, {"id": "665288.eth", "name": "Gabriel", "twitter": null, "proposalsCount": 2, "votesCount": 1, "followersCount": 1, "website": null}]