[{"id": "lostsouls.eth", "name": "Soul DAO", "twitter": "lostsoulsnft", "proposalsCount": 2, "votesCount": 48, "followersCount": 11, "website": null}, {"id": "mcnventures.eth", "name": "MCN Ventures", "twitter": "MCNVentures", "proposalsCount": 5, "votesCount": 37, "followersCount": 19, "website": null}, {"id": "peptoshi.eth", "name": "Mithical", "twitter": "Mithical_io", "proposalsCount": 1, "votesCount": 0, "followersCount": 10, "website": "https://www.mithical.io/"}, {"id": "thecreative.eth", "name": "Creative platform", "twitter": "creativecrtv", "proposalsCount": 32, "votesCount": 14, "followersCount": 15, "website": "https://creativeplatform.xyz"}, {"id": "thievestreasury.eth", "name": "Thieves List DAO", "twitter": "ThievesList", "proposalsCount": 1, "votesCount": 19, "followersCount": 41, "website": "https://www.thieveslist.io"}, {"id": "tomotech.eth", "name": "PolyTechDAO", "twitter": null, "proposalsCount": 12, "votesCount": 35, "followersCount": 14, "website": null}, {"id": "wdaf.eth", "name": "World Digital Art Fair", "twitter": "hyoun_mi", "proposalsCount": 5, "votesCount": 0, "followersCount": 6, "website": null}, {"id": "zestymarket.eth", "name": "Zesty Market", "twitter": "zestymarket", "proposalsCount": 4, "votesCount": 45, "followersCount": 12, "website": "https://zesty.market"}, {"id": "boozebears.eth", "name": "Booze Bears DAO", "twitter": "BoozeBears", "proposalsCount": 2, "votesCount": 51, "followersCount": 7, "website": "https://boozebears.io/"}, {"id": "hypnotube.eth", "name": "Hypno.Finance", "twitter": null, "proposalsCount": 4, "votesCount": 55, "followersCount": 1, "website": null}, {"id": "ironsaildao.eth", "name": "Iron Sail DAO", "twitter": "IronSailCrew", "proposalsCount": 2, "votesCount": 52, "followersCount": 6, "website": "https://ironsail.io/"}, {"id": "kyotoswap.eth", "name": "KyotoSwap", "twitter": "kyotoswap", "proposalsCount": 1, "votesCount": 53, "followersCount": 6, "website": "https://www.kyotoswap.io"}, {"id": "raid-guild", "name": "Raid Guild", "twitter": null, "proposalsCount": 7, "votesCount": 39, "followersCount": 14, "website": null}, {"id": "traditionow.eth", "name": "TraditioNow", "twitter": "TraditioNow", "proposalsCount": 1, "votesCount": 55, "followersCount": 4, "website": "https://www.traditionow.xyz"}, {"id": "v3phunkscommunity.eth", "name": "V3 Phunks", "twitter": "v3phunksy", "proposalsCount": 2, "votesCount": 51, "followersCount": 7, "website": "https://v3phunks.io/"}, {"id": "zingan.eth", "name": "GEMON Research", "twitter": "movegem", "proposalsCount": 30, "votesCount": 28, "followersCount": 2, "website": "https://gemon.xyz"}, {"id": "0xlion.eth", "name": "Xxin DAO", "twitter": null, "proposalsCount": 4, "votesCount": 40, "followersCount": 16, "website": null}, {"id": "bar777.eth", "name": "Republic of Taiwan", "twitter": null, "proposalsCount": 9, "votesCount": 50, "followersCount": 1, "website": null}, {"id": "binancevip.eth", "name": "binancevip.eth", "twitter": null, "proposalsCount": 4, "votesCount": 0, "followersCount": 6, "website": null}, {"id": "coldbank.eth", "name": "Coldbank", "twitter": "ColdbankETH", "proposalsCount": 10, "votesCount": 27, "followersCount": 23, "website": null}]