[{"id": "twitterxyz.eth", "name": "ggb", "twitter": null, "proposalsCount": 2, "votesCount": 1, "followersCount": 1, "website": null}, {"id": "twitwee.eth", "name": "Twi-space", "twitter": null, "proposalsCount": 0, "votesCount": 0, "followersCount": 0, "website": null}, {"id": "twoaces.eth", "name": "Vladimir", "twitter": null, "proposalsCount": 0, "votesCount": 0, "followersCount": 0, "website": null}, {"id": "twoocean.eth", "name": "twoocean", "twitter": null, "proposalsCount": 0, "votesCount": 0, "followersCount": 1, "website": null}, {"id": "twtcoin.eth", "name": "dfwe", "twitter": null, "proposalsCount": 10, "votesCount": 11, "followersCount": 2, "website": null}, {"id": "txlibra.eth", "name": "test", "twitter": null, "proposalsCount": 1, "votesCount": 1, "followersCount": 0, "website": null}, {"id": "ty1.testsnap.eth", "name": "sdf", "twitter": null, "proposalsCount": 0, "votesCount": 0, "followersCount": 0, "website": null}, {"id": "ty2.testsnap.eth", "name": "te", "twitter": null, "proposalsCount": 0, "votesCount": 0, "followersCount": 0, "website": null}, {"id": "typeitdao.eth", "name": "TypeIt!", "twitter": null, "proposalsCount": 0, "votesCount": 0, "followersCount": 2, "website": "https://www.typeit.net/"}, {"id": "tyrishkin.eth", "name": "Serpmagazine dao", "twitter": null, "proposalsCount": 30, "votesCount": 287, "followersCount": 12, "website": null}, {"id": "tytanfi.eth", "name": "Tytan Finance", "twitter": null, "proposalsCount": 0, "votesCount": 0, "followersCount": 1, "website": null}, {"id": "tytytytytyty.eth", "name": "TY", "twitter": null, "proposalsCount": 0, "votesCount": 0, "followersCount": 0, "website": null}, {"id": "uachamp.eth", "name": "giol", "twitter": null, "proposalsCount": 1, "votesCount": 1, "followersCount": 0, "website": null}, {"id": "uaevision.eth", "name": "dubai", "twitter": null, "proposalsCount": 0, "votesCount": 0, "followersCount": 2, "website": null}, {"id": "ubiloan.eth", "name": "Ubiloan", "twitter": "ubiloan", "proposalsCount": 0, "votesCount": 0, "followersCount": 1, "website": "https://ubiloan.io/"}, {"id": "ucassicaha.eth", "name": "GM", "twitter": null, "proposalsCount": 1, "votesCount": 1, "followersCount": 1, "website": null}, {"id": "ufin.eth", "name": "UFIN", "twitter": "ufinuk", "proposalsCount": 0, "votesCount": 0, "followersCount": 1, "website": "https://ufin.org/"}, {"id": "uhdap.eth", "name": "Uhdap", "twitter": "uh_dap", "proposalsCount": 0, "votesCount": 0, "followersCount": 1, "website": "https://barracuda.io/uhdap"}, {"id": "ui8.eth", "name": "UI8", "twitter": "ui8", "proposalsCount": 0, "votesCount": 0, "followersCount": 3, "website": "https://ui8.net"}, {"id": "uihgo.eth", "name": "Uihgo Fam", "twitter": "uihgo", "proposalsCount": 0, "votesCount": 0, "followersCount": 1, "website": null}]