[{"id": "another.nftgoingtozero.eth", "name": "Another NFT DAO", "twitter": null, "proposalsCount": 4, "votesCount": 3600, "followersCount": 4, "website": null}, {"id": "zerozero.eth", "name": "zerozero DAO", "twitter": "zerozero_fdtn", "proposalsCount": 7, "votesCount": 2391, "followersCount": 1046, "website": "https://www.zeroze.ro/"}, {"id": "dego", "name": "dego.finance", "twitter": null, "proposalsCount": 8, "votesCount": 3438, "followersCount": 110, "website": null}, {"id": "nation3.eth", "name": "Nation3", "twitter": "Nation3DAO", "proposalsCount": 48, "votesCount": 2217, "followersCount": 1128, "website": "https://nation3.org"}, {"id": "halin0129.eth", "name": "adg", "twitter": null, "proposalsCount": 14, "votesCount": 39, "followersCount": 16, "website": null}, {"id": "deri.eth", "name": "Deri Protocol", "twitter": "DeriProtocol", "proposalsCount": 8, "votesCount": 62, "followersCount": 3398, "website": null}, {"id": "onyx.eth", "name": "Onyx ", "twitter": "OnyxProtocol", "proposalsCount": 0, "votesCount": 0, "followersCount": 3465, "website": "https://onyx.org"}, {"id": "xxtka.eth", "name": "xToken", "twitter": "xtokenterminal", "proposalsCount": 7, "votesCount": 277, "followersCount": 3200, "website": null}, {"id": "fortressdao.eth", "name": "Fortress DAO", "twitter": "FortressDAO", "proposalsCount": 22, "votesCount": 2900, "followersCount": 559, "website": null}, {"id": "kulong.eth", "name": "Ramona666", "twitter": null, "proposalsCount": 15, "votesCount": 40, "followersCount": 13, "website": null}, {"id": "floordao.eth", "name": "FloorDAO", "twitter": "FloorDAO", "proposalsCount": 56, "votesCount": 1928, "followersCount": 179, "website": "https://floor.xyz"}, {"id": "polycatfi.eth", "name": "Polycat Finance", "twitter": "PolycatFinance", "proposalsCount": 12, "votesCount": 2632, "followersCount": 57, "website": null}, {"id": "pantherprotocol.eth", "name": "Panther Protocol", "twitter": "ZkPanther", "proposalsCount": 15, "votesCount": 2659, "followersCount": 679, "website": "https://pantherprotocol.io/"}, {"id": "bearempire.eth", "name": "Phantabear", "twitter": "EzekClub", "proposalsCount": 9, "votesCount": 3320, "followersCount": 56, "website": null}, {"id": "acryptos", "name": "ACryptoS", "twitter": null, "proposalsCount": 127, "votesCount": 3149, "followersCount": 106, "website": null}, {"id": "galaxygoggle.eth", "name": "GalaxyGoggleDAO", "twitter": "GalaxyGoggleDAO", "proposalsCount": 1, "votesCount": 3056, "followersCount": 319, "website": null}, {"id": "firegilr.eth", "name": "\u5c0f\u7f8a", "twitter": null, "proposalsCount": 19, "votesCount": 83, "followersCount": 21, "website": null}, {"id": "ipswap.eth", "name": "ipswap", "twitter": null, "proposalsCount": 46, "votesCount": 0, "followersCount": 27, "website": null}, {"id": "pnounsdao.eth", "name": "pNounsDAO", "twitter": "pNounsOFFICIAL", "proposalsCount": 130, "votesCount": 2321, "followersCount": 166, "website": "https://pnouns.wtf/"}, {"id": "willsoneline.eth", "name": "DataRightsNetwork", "twitter": null, "proposalsCount": 4, "votesCount": 60, "followersCount": 2, "website": "https://dogecoin.com/"}]