[{"id": "thousandfacesdapp.eth", "name": "TF test", "twitter": null, "proposalsCount": 3, "votesCount": 4, "followersCount": 2, "website": null}, {"id": "tigeryuan8129.eth", "name": "Tigeryuan8129\u7684\u7a7a\u95f4", "twitter": null, "proposalsCount": 2, "votesCount": 5, "followersCount": 2, "website": null}, {"id": "ufode.eth", "name": "UFO Finance", "twitter": null, "proposalsCount": 4, "votesCount": 3, "followersCount": 2, "website": null}, {"id": "wagiedev.eth", "name": "WAGIE", "twitter": "wagieverse", "proposalsCount": 2, "votesCount": 0, "followersCount": 7, "website": "https://wagie.io"}, {"id": "whaleking.eth", "name": "Mana", "twitter": "highschoolrapp1", "proposalsCount": 2, "votesCount": 5, "followersCount": 2, "website": "https://www.partybid.app/buy/0x63752b3f92d29fcf997f29b5b3d4cb146527f20d"}, {"id": "wraithsdao.eth", "name": "FAILED DAO", "twitter": null, "proposalsCount": 1, "votesCount": 1, "followersCount": 7, "website": null}, {"id": "yugee.eth", "name": "Testing", "twitter": "AviumWorld", "proposalsCount": 3, "votesCount": 4, "followersCount": 2, "website": "https://www.avium.world/"}, {"id": "0x5918.eth", "name": "money dao", "twitter": null, "proposalsCount": 2, "votesCount": 3, "followersCount": 4, "website": "https://app.syndicate.io/clubs/0x9bfdb374fa4e6ce8649e93aa7c9cc412bbbc905f/manage?chain=mainnet"}, {"id": "0xclipper.eth", "name": "clipper", "twitter": null, "proposalsCount": 1, "votesCount": 2, "followersCount": 6, "website": null}, {"id": "10086818.eth", "name": "10086818", "twitter": null, "proposalsCount": 0, "votesCount": 0, "followersCount": 9, "website": null}, {"id": "110312.eth", "name": "123-DAO", "twitter": null, "proposalsCount": 4, "votesCount": 2, "followersCount": 3, "website": null}, {"id": "133118.eth", "name": "B2DAO", "twitter": null, "proposalsCount": 2, "votesCount": 4, "followersCount": 3, "website": null}, {"id": "191688.eth", "name": "Golf ", "twitter": null, "proposalsCount": 1, "votesCount": 3, "followersCount": 5, "website": "https://app.syndicate.io/collectives/0xfb27eb7eff1694cf111c69909bfb04fff48a6222?chain=mainnet"}, {"id": "389688.eth", "name": "389688", "twitter": null, "proposalsCount": 1, "votesCount": 4, "followersCount": 4, "website": null}, {"id": "424343.eth", "name": "zerion", "twitter": "Rosalin1693713", "proposalsCount": 1, "votesCount": 3, "followersCount": 5, "website": null}, {"id": "680980.eth", "name": "eec ho", "twitter": null, "proposalsCount": 3, "votesCount": 2, "followersCount": 4, "website": null}, {"id": "680988.eth", "name": "680988", "twitter": null, "proposalsCount": 2, "votesCount": 3, "followersCount": 4, "website": null}, {"id": "7lrad.eth", "name": "LRAD", "twitter": null, "proposalsCount": 2, "votesCount": 3, "followersCount": 4, "website": "https://link3.to/lrad123"}, {"id": "88777.eth", "name": "88777", "twitter": null, "proposalsCount": 3, "votesCount": 3, "followersCount": 3, "website": null}, {"id": "9night.eth", "name": "9NIGHT", "twitter": null, "proposalsCount": 1, "votesCount": 4, "followersCount": 4, "website": null}]