[{"id": "gonnaberich36.eth", "name": "21", "twitter": null, "proposalsCount": 3, "votesCount": 3, "followersCount": 2, "website": null}, {"id": "habitatdao.eth", "name": "Habitat", "twitter": null, "proposalsCount": 4, "votesCount": 1, "followersCount": 3, "website": null}, {"id": "hakuto-dao.eth", "name": "HAKUTO", "twitter": null, "proposalsCount": 2, "votesCount": 4, "followersCount": 2, "website": "https://www.hakuto.io/"}, {"id": "hanks6.eth", "name": "Seven Club", "twitter": null, "proposalsCount": 2, "votesCount": 3, "followersCount": 3, "website": null}, {"id": "highfi.eth", "name": "highfi", "twitter": null, "proposalsCount": 3, "votesCount": 2, "followersCount": 3, "website": null}, {"id": "hittite.eth", "name": "Colony", "twitter": null, "proposalsCount": 2, "votesCount": 0, "followersCount": 6, "website": null}, {"id": "horizon1.eth", "name": "Horizon 1", "twitter": null, "proposalsCount": 5, "votesCount": 0, "followersCount": 3, "website": null}, {"id": "hothotel.eth", "name": "hothotel", "twitter": null, "proposalsCount": 4, "votesCount": 0, "followersCount": 4, "website": null}, {"id": "huangwanying.eth", "name": "\u9ec4\u7684\u4e00\u751f", "twitter": null, "proposalsCount": 1, "votesCount": 1, "followersCount": 6, "website": null}, {"id": "hzyb.eth", "name": "HZYB", "twitter": "Hugh18920862", "proposalsCount": 3, "votesCount": 1, "followersCount": 4, "website": null}, {"id": "iamjazz.eth", "name": "Nic Wong", "twitter": "nicwwd", "proposalsCount": 2, "votesCount": 4, "followersCount": 2, "website": "https://twitter.com/nicwwd"}, {"id": "ibizatoken.eth", "name": "Ibiza Token", "twitter": "ibizatoken", "proposalsCount": 1, "votesCount": 0, "followersCount": 7, "website": null}, {"id": "iftip.eth", "name": "IFTip", "twitter": "iftipbot", "proposalsCount": 1, "votesCount": 4, "followersCount": 3, "website": null}, {"id": "ilvcommunity.eth", "name": "Illuvium Community Votes", "twitter": null, "proposalsCount": 1, "votesCount": 1, "followersCount": 6, "website": null}, {"id": "ironchain.eth", "name": "IronchainDAO", "twitter": null, "proposalsCount": 1, "votesCount": 4, "followersCount": 3, "website": null}, {"id": "jackydai.eth", "name": "ENS by jackydai", "twitter": null, "proposalsCount": 1, "votesCount": 2, "followersCount": 5, "website": null}, {"id": "jm-crypto.eth", "name": "Crytolabs22", "twitter": null, "proposalsCount": 1, "votesCount": 1, "followersCount": 6, "website": "https://cryptolabs22.com"}, {"id": "jseam.eth", "name": "Jseam", "twitter": "henlojseam", "proposalsCount": 3, "votesCount": 4, "followersCount": 1, "website": null}, {"id": "junjeat.eth", "name": "JunJeat Space", "twitter": null, "proposalsCount": 2, "votesCount": 4, "followersCount": 2, "website": null}, {"id": "kangaroocourt.eth", "name": "Kangaroo Court", "twitter": null, "proposalsCount": 2, "votesCount": 0, "followersCount": 6, "website": null}]