[{"id": "002858.eth", "name": "Earth", "twitter": null, "proposalsCount": 1, "votesCount": 2, "followersCount": 2, "website": null}, {"id": "007773.eth", "name": "Azuki party", "twitter": "OlimpioCrypto", "proposalsCount": 1, "votesCount": 2, "followersCount": 2, "website": "https://www.partybid.app/buy/0xdffebd44942af351440d8e3ab05d7e507c8296df"}, {"id": "054340.eth", "name": "\u65b0\u7f51\u7edc", "twitter": null, "proposalsCount": 2, "votesCount": 0, "followersCount": 3, "website": null}, {"id": "0x0x0x0x0x0x0x0x0x0x0x0.eth", "name": "OXOX DAO", "twitter": null, "proposalsCount": 1, "votesCount": 2, "followersCount": 2, "website": null}, {"id": "0x1x0x1x0x1.eth", "name": "SCORE T\u0130ME", "twitter": null, "proposalsCount": 1, "votesCount": 2, "followersCount": 2, "website": null}, {"id": "0xbiao.eth", "name": "0xbiao dao", "twitter": null, "proposalsCount": 2, "votesCount": 2, "followersCount": 1, "website": "http://link3.to/harmony"}, {"id": "0xddd.eth", "name": "0xddd.eth", "twitter": null, "proposalsCount": 1, "votesCount": 0, "followersCount": 4, "website": null}, {"id": "0xdivas.eth", "name": "0xDivas", "twitter": "joanwestenberg", "proposalsCount": 0, "votesCount": 0, "followersCount": 5, "website": "https://0xdivas.com/"}, {"id": "0xefrain.eth", "name": "Canto crowd", "twitter": null, "proposalsCount": 1, "votesCount": 0, "followersCount": 4, "website": "https://www.cantocrowd.xyz/"}, {"id": "0xfe87.eth", "name": "Light Network", "twitter": null, "proposalsCount": 2, "votesCount": 2, "followersCount": 1, "website": null}, {"id": "0xkf73.eth", "name": "Soul Protocol", "twitter": null, "proposalsCount": 3, "votesCount": 0, "followersCount": 2, "website": null}, {"id": "0xnxyz.eth", "name": "nxyz", "twitter": null, "proposalsCount": 1, "votesCount": 2, "followersCount": 2, "website": null}, {"id": "0xutopia0.eth", "name": "BAB FANS CLUB", "twitter": "babfans_club", "proposalsCount": 0, "votesCount": 0, "followersCount": 5, "website": "https://babfans.club/"}, {"id": "0xxdec.eth", "name": "December", "twitter": null, "proposalsCount": 1, "votesCount": 0, "followersCount": 4, "website": null}, {"id": "0xyingzi.eth", "name": "0x Lads", "twitter": null, "proposalsCount": 1, "votesCount": 3, "followersCount": 1, "website": null}, {"id": "100168.eth", "name": "100168 DAO", "twitter": null, "proposalsCount": 2, "votesCount": 0, "followersCount": 3, "website": null}, {"id": "138388.eth", "name": "Three 003 Club", "twitter": null, "proposalsCount": 2, "votesCount": 2, "followersCount": 1, "website": null}, {"id": "17000.eth", "name": "17000.eth", "twitter": null, "proposalsCount": 1, "votesCount": 0, "followersCount": 4, "website": null}, {"id": "197812.eth", "name": "HUANXI.ETH", "twitter": null, "proposalsCount": 0, "votesCount": 0, "followersCount": 5, "website": null}, {"id": "19860626.eth", "name": "YUDAO", "twitter": null, "proposalsCount": 3, "votesCount": 1, "followersCount": 1, "website": null}]