[{"id": "magicappstore.eth", "name": "Magic Square", "twitter": "MagicSquareio", "proposalsCount": 108, "votesCount": 667455, "followersCount": 15325, "website": "https://magic.store/"}, {"id": "stgdao.eth", "name": "Stargate DAO", "twitter": "stargatefinance", "proposalsCount": 54, "votesCount": 4205534, "followersCount": 556684, "website": "https://stargate.finance/"}, {"id": "aave.eth", "name": "Aave", "twitter": "AaveAave", "proposalsCount": 354, "votesCount": 1828501, "followersCount": 116733, "website": null}, {"id": "arbitrumfoundation.eth", "name": "Arbitrum DAO", "twitter": "arbitrum", "proposalsCount": 7, "votesCount": 267706, "followersCount": 206438, "website": "https://arbitrum.foundation"}, {"id": "opcollective.eth", "name": "Optimism Collective", "twitter": "optimismPBC", "proposalsCount": 93, "votesCount": 1144462, "followersCount": 160141, "website": "https://optimism.io"}, {"id": "cakevote.eth", "name": "PancakeSwap", "twitter": null, "proposalsCount": 2805, "votesCount": 552558, "followersCount": 87039, "website": null}, {"id": "gitcoindao.eth", "name": "Gitcoin", "twitter": "gitcoin", "proposalsCount": 108, "votesCount": 99171, "followersCount": 109351, "website": "https://gitcoin.co"}, {"id": "uniswap", "name": "Uniswap", "twitter": "uniswap", "proposalsCount": 96, "votesCount": 240056, "followersCount": 102788, "website": "https://uniswap.org"}, {"id": "aavegotchi.eth", "name": "Aavegotchi", "twitter": "aavegotchi", "proposalsCount": 405, "votesCount": 306402, "followersCount": 24287, "website": "https://aavegotchi.com"}, {"id": "bitdao.eth", "name": "BitDAO", "twitter": "BitDAO_Official", "proposalsCount": 24, "votesCount": 24304, "followersCount": 67676, "website": "https://bitdao.io"}, {"id": "ens.eth", "name": "ENS", "twitter": "ensdomains", "proposalsCount": 46, "votesCount": 115736, "followersCount": 105764, "website": null}, {"id": "shellprotocol.eth", "name": "Shell Protocol", "twitter": "ShellProtocol", "proposalsCount": 23, "votesCount": 169360, "followersCount": 39887, "website": "https://www.shellprotocol.io"}, {"id": "snapshot.dcl.eth", "name": "Decentraland", "twitter": "decentraland", "proposalsCount": 1946, "votesCount": 113826, "followersCount": 31018, "website": null}, {"id": "apecoin.eth", "name": "ApeCoin DAO", "twitter": "apecoin", "proposalsCount": 109, "votesCount": 77646, "followersCount": 17883, "website": "https://www.apecoin.com"}, {"id": "balancer.eth", "name": "Balancer", "twitter": "balancer", "proposalsCount": 493, "votesCount": 110802, "followersCount": 29558, "website": "https://balancer.fi/"}, {"id": "radiantcapital.eth", "name": "Radiant Capital", "twitter": "RDNTCapital", "proposalsCount": 19, "votesCount": 41570, "followersCount": 22619, "website": "https://radiant.capital"}, {"id": "sushigov.eth", "name": "Sushi", "twitter": "SushiSwap", "proposalsCount": 213, "votesCount": 46111, "followersCount": 62043, "website": "https://www.sushi.com/"}, {"id": "thegurudao.eth", "name": "\u00a0GuruDAO Bootstrap Phase", "twitter": "dexguru", "proposalsCount": 12, "votesCount": 97730, "followersCount": 17186, "website": "https://dex.guru/season-pass"}, {"id": "gal.eth", "name": "Galxe", "twitter": "galxe", "proposalsCount": 8, "votesCount": 27367, "followersCount": 28055, "website": "https://gal.org"}, {"id": "lido-snapshot.eth", "name": "Lido", "twitter": null, "proposalsCount": 151, "votesCount": 56496, "followersCount": 15992, "website": null}]