[{"id": "wsgcoin.eth", "name": "WSG (Wall Street Games)", "twitter": null, "proposalsCount": 1, "votesCount": 0, "followersCount": 8, "website": null}, {"id": "xbeer.eth", "name": "ENSDAO", "twitter": null, "proposalsCount": 2, "votesCount": 4, "followersCount": 3, "website": null}, {"id": "xendfi.eth", "name": "Xend Finance", "twitter": "xendfinance", "proposalsCount": 0, "votesCount": 0, "followersCount": 9, "website": null}, {"id": "xialinxia666.eth", "name": "Web3 Token", "twitter": null, "proposalsCount": 1, "votesCount": 4, "followersCount": 4, "website": null}, {"id": "yoko0.eth", "name": "0xKEY", "twitter": "FEIlXIE", "proposalsCount": 1, "votesCount": 2, "followersCount": 6, "website": "https://linktr.ee/0xkey"}, {"id": "yorkie-inu.eth", "name": "Yorkie-Inu", "twitter": "YorkieInu", "proposalsCount": 2, "votesCount": 4, "followersCount": 3, "website": "https://yorkie-inu.com"}, {"id": "youngcryptowolf.eth", "name": "Lore Team Snapshot", "twitter": "loredotxyz", "proposalsCount": 1, "votesCount": 5, "followersCount": 3, "website": "https://lore.xyz/"}, {"id": "zhaokk.eth", "name": "zhaokk", "twitter": null, "proposalsCount": 2, "votesCount": 4, "followersCount": 3, "website": null}, {"id": "zhonyon.eth", "name": "nuonuo", "twitter": null, "proposalsCount": 1, "votesCount": 2, "followersCount": 6, "website": null}, {"id": "zomta.eth", "name": "Zomta ", "twitter": "zomtalabs", "proposalsCount": 4, "votesCount": 2, "followersCount": 3, "website": null}, {"id": "\u4e2d\u56fd\u4ee5\u592a\u574a.eth", "name": "\u64b8\u7a7a\u6295\u7684\u72d7\u6bd4\u4eec", "twitter": "richbaofu", "proposalsCount": 3, "votesCount": 1, "followersCount": 5, "website": null}, {"id": "\u53ef\u7231\u5c0f\u5411\u665a.eth", "name": "DAO TEST", "twitter": null, "proposalsCount": 3, "votesCount": 3, "followersCount": 3, "website": null}, {"id": "\u5b87\u5b99\u6392\u9669\u8005.eth", "name": "\u6392\u9669\u8005", "twitter": null, "proposalsCount": 3, "votesCount": 3, "followersCount": 3, "website": null}, {"id": "\u6e38\u57ce\u5341\u4ee399.eth", "name": "\u6e38\u620f\u738b\u5927\u519b", "twitter": null, "proposalsCount": 5, "votesCount": 1, "followersCount": 3, "website": null}, {"id": "\u725b\u903c666.eth", "name": "Soul DAO", "twitter": null, "proposalsCount": 2, "votesCount": 3, "followersCount": 4, "website": null}, {"id": "\u964d\u9f9918\u638c.eth", "name": "\u964d\u9f99\u5341\u516b\u638c", "twitter": null, "proposalsCount": 3, "votesCount": 3, "followersCount": 3, "website": null}, {"id": "\ud83d\udcb0verse.eth", "name": "Verse", "twitter": "BitcoinCom", "proposalsCount": 0, "votesCount": 0, "followersCount": 9, "website": "https://verse.bitcoin.com"}, {"id": "0.robonomics.eth", "name": "Aira holders ", "twitter": "AIRA_Robonomics", "proposalsCount": 4, "votesCount": 0, "followersCount": 4, "website": "https://robonomics.network/"}, {"id": "000x111.eth", "name": "whaleking", "twitter": "highschoolrapp1", "proposalsCount": 2, "votesCount": 3, "followersCount": 3, "website": "https://twitter.com/highschoolrapp1"}, {"id": "0x\u5218\u534e\u5f3a.eth", "name": "Sink", "twitter": null, "proposalsCount": 5, "votesCount": 1, "followersCount": 2, "website": null}]