[{"id": "pillarwallet.eth", "name": "Pillar", "twitter": "pillarwallet", "proposalsCount": 18, "votesCount": 144, "followersCount": 15, "website": "https://pillar.fi"}, {"id": "rngvictory.eth", "name": "nifansu CLUB", "twitter": null, "proposalsCount": 15, "votesCount": 146, "followersCount": 16, "website": null}, {"id": "insuredao.eth", "name": "InsureDAO", "twitter": "insuredao", "proposalsCount": 11, "votesCount": 112, "followersCount": 53, "website": null}, {"id": "toamtos.eth", "name": "Tomatos", "twitter": "TomatosToken", "proposalsCount": 1, "votesCount": 67, "followersCount": 108, "website": "https://tomatotoken.club"}, {"id": "varbariancollection.eth", "name": "VARBARIAN GANG", "twitter": "varbarianNFT", "proposalsCount": 3, "votesCount": 161, "followersCount": 12, "website": "https://www.varbariancollectionmint.com/"}, {"id": "alphagang.eth", "name": "Gang Labs", "twitter": "gang_labs", "proposalsCount": 3, "votesCount": 46, "followersCount": 77, "website": "https://ganglabs.xyz"}, {"id": "chubbykaijus.eth", "name": "ChubbyKaijuDAO - Vote", "twitter": null, "proposalsCount": 1, "votesCount": 173, "followersCount": 2, "website": null}, {"id": "geojam.xyz", "name": "Geojam", "twitter": "geojamofficial", "proposalsCount": 34, "votesCount": 96, "followersCount": 46, "website": "https://geojam.com"}, {"id": "losercoin.eth", "name": "LoserCoin(LOWB)", "twitter": null, "proposalsCount": 3, "votesCount": 173, "followersCount": 0, "website": null}, {"id": "naboxdao.eth", "name": "Nabox", "twitter": "naboxwallet", "proposalsCount": 2, "votesCount": 23, "followersCount": 51, "website": "https://nabox.io/"}, {"id": "retroactivedao.eth", "name": "RetroDAO", "twitter": "eyebuson2", "proposalsCount": 5, "votesCount": 151, "followersCount": 20, "website": "https://link3.to/seotaiji"}, {"id": "secondskin.eth", "name": "ALTAVA Second Skin Metamorphosis", "twitter": null, "proposalsCount": 2, "votesCount": 168, "followersCount": 6, "website": null}, {"id": "ens520.eth", "name": "ConstitutionDAO", "twitter": null, "proposalsCount": 8, "votesCount": 48, "followersCount": 120, "website": null}, {"id": "reneth.eth", "name": "juzuqing DAO", "twitter": null, "proposalsCount": 15, "votesCount": 141, "followersCount": 20, "website": null}, {"id": "skindiamond.eth", "name": "peng club", "twitter": null, "proposalsCount": 15, "votesCount": 141, "followersCount": 20, "website": null}, {"id": "alphaquark.eth", "name": "Alpha Quark", "twitter": "Alphaquark_", "proposalsCount": 1, "votesCount": 1, "followersCount": 173, "website": null}, {"id": "index.jpeg\u2019d.eth", "name": "JPEG Index", "twitter": "JPEGd_69", "proposalsCount": 6, "votesCount": 55, "followersCount": 14, "website": "https://jpegd.io/"}, {"id": "mooncatcommunity.eth", "name": "MoonCatRescue", "twitter": "mooncatrescue", "proposalsCount": 1, "votesCount": 158, "followersCount": 16, "website": "https://mooncat.community/"}, {"id": "moonrobots.eth", "name": "Moon Robots", "twitter": null, "proposalsCount": 3, "votesCount": 167, "followersCount": 5, "website": null}, {"id": "ragnarokdao.eth", "name": "RagnarokDAO", "twitter": "RagnarokDAO", "proposalsCount": 1, "votesCount": 153, "followersCount": 21, "website": null}]