[{"id": "smolfrogz.eth", "name": "Smol Frogz DAO", "twitter": "smolfrogz", "proposalsCount": 1, "votesCount": 9, "followersCount": 23, "website": null}, {"id": "tastefinance.eth", "name": "Taste Finance", "twitter": null, "proposalsCount": 5, "votesCount": 27, "followersCount": 1, "website": null}, {"id": "toast", "name": "Toast.finance", "twitter": null, "proposalsCount": 7, "votesCount": 25, "followersCount": 1, "website": null}, {"id": "trustfiorg.eth", "name": "TrustFi Network DAO", "twitter": "trustfiorg", "proposalsCount": 2, "votesCount": 25, "followersCount": 6, "website": "https://www.trustfi.org/"}, {"id": "trypto.eth", "name": "Loot Network", "twitter": "LootNetwork_", "proposalsCount": 1, "votesCount": 24, "followersCount": 8, "website": null}, {"id": "users.eth", "name": "System Users", "twitter": null, "proposalsCount": 0, "votesCount": 0, "followersCount": 33, "website": null}, {"id": "vsrat.eth", "name": "KOKODI.WORLD", "twitter": "KOKODI_NFT", "proposalsCount": 1, "votesCount": 28, "followersCount": 4, "website": "https://kokodi.world"}, {"id": "wrappedwinterbears.eth", "name": "Save Winter Bears", "twitter": "savewinterbears", "proposalsCount": 2, "votesCount": 30, "followersCount": 1, "website": null}, {"id": "\u4eba\u5728\u6c5f\u6e56\u6f02.eth", "name": "\u4e2d\u6587ENS\u57df\u540d\u7231\u597d\u8005", "twitter": null, "proposalsCount": 3, "votesCount": 23, "followersCount": 7, "website": null}, {"id": "andron228.eth", "name": "Lol", "twitter": null, "proposalsCount": 13, "votesCount": 11, "followersCount": 9, "website": null}, {"id": "dogshit.eth", "name": "Dogshit", "twitter": null, "proposalsCount": 3, "votesCount": 30, "followersCount": 0, "website": null}, {"id": "game-swap.eth", "name": "GameSwap-Finance", "twitter": "financeswap", "proposalsCount": 6, "votesCount": 12, "followersCount": 15, "website": null}, {"id": "meedsdao.eth", "name": "Meeds DAO", "twitter": "IoMeeds", "proposalsCount": 2, "votesCount": 12, "followersCount": 19, "website": "https://www.meeds.io/"}, {"id": "noloss\ud83c\udfc8.eth", "name": "No Loss \ud83c\udfc8", "twitter": null, "proposalsCount": 3, "votesCount": 21, "followersCount": 9, "website": null}, {"id": "octopets.eth", "name": "OctoPets", "twitter": "octopetsnft", "proposalsCount": 4, "votesCount": 29, "followersCount": 0, "website": "https://octopets.art"}, {"id": "apewell.eth", "name": "ApeWell", "twitter": "TheApeWell", "proposalsCount": 3, "votesCount": 28, "followersCount": 1, "website": "https://apewell.com"}, {"id": "bsaepfl.eth", "name": "Blockchain Student Association", "twitter": "bsa_epfl", "proposalsCount": 3, "votesCount": 28, "followersCount": 1, "website": null}, {"id": "douglasqian.eth", "name": "RedemptionDAO", "twitter": "RedemptionDAO", "proposalsCount": 1, "votesCount": 17, "followersCount": 14, "website": "https://www.redemptiondao.org"}, {"id": "forthecup.eth", "name": "For The Cup", "twitter": "wc49358", "proposalsCount": 1, "votesCount": 17, "followersCount": 14, "website": "https://www.forthecup.xyz/"}, {"id": "serenitycapital.io", "name": "Serenity Capital", "twitter": null, "proposalsCount": 1, "votesCount": 28, "followersCount": 3, "website": null}]