[{"id": "wsndy.eth", "name": "wsndy", "twitter": null, "proposalsCount": 1, "votesCount": 2, "followersCount": 1, "website": null}, {"id": "wssxhjlove.eth", "name": "bnc", "twitter": null, "proposalsCount": 2, "votesCount": 2, "followersCount": 0, "website": null}, {"id": "wsy922.eth", "name": "dfsdg", "twitter": null, "proposalsCount": 0, "votesCount": 0, "followersCount": 0, "website": null}, {"id": "wtfdad.eth", "name": "3", "twitter": null, "proposalsCount": 1, "votesCount": 1, "followersCount": 1, "website": null}, {"id": "wuestenigel.eth", "name": "Wuestenigel", "twitter": "Wuestenigel", "proposalsCount": 0, "votesCount": 0, "followersCount": 11, "website": "https://Wuestenigel.com"}, {"id": "wuhade.eth", "name": "wuha", "twitter": "mosjwi", "proposalsCount": 1, "votesCount": 20, "followersCount": 0, "website": "https://wuhade.com"}, {"id": "wuhai.eth", "name": "\u968f\u5fc3\u6240\u6b32\uff0c\u6b32\u7f62\u4e0d\u80fd", "twitter": null, "proposalsCount": 1, "votesCount": 5, "followersCount": 2, "website": null}, {"id": "wusimpl.eth", "name": "WUSIMPL", "twitter": "wusimpl", "proposalsCount": 3, "votesCount": 3, "followersCount": 3, "website": null}, {"id": "wuzi38324.eth", "name": "wuzi", "twitter": null, "proposalsCount": 1, "votesCount": 2, "followersCount": 1, "website": null}, {"id": "wvrpsbywarpsound.eth", "name": "BuzhiDAO", "twitter": "BobGooofy", "proposalsCount": 11, "votesCount": 43, "followersCount": 14, "website": "https://twitter.com/BobGooofy"}, {"id": "wwcci1919.eth", "name": "WWcc Web3 CLUB", "twitter": "wwcci1919", "proposalsCount": 4, "votesCount": 26, "followersCount": 22, "website": null}, {"id": "wwdss.eth", "name": "wwds", "twitter": "ShauntaeChalle1", "proposalsCount": 0, "votesCount": 0, "followersCount": 1, "website": null}, {"id": "wwuwowu.eth", "name": "wwuwowu.web3", "twitter": null, "proposalsCount": 3, "votesCount": 5, "followersCount": 5, "website": null}, {"id": "wwyyd.eth", "name": "bnm", "twitter": "JashuaCoddingt1", "proposalsCount": 0, "votesCount": 0, "followersCount": 1, "website": null}, {"id": "wxpwxp.eth", "name": "WXP", "twitter": "wang_xuping", "proposalsCount": 0, "votesCount": 0, "followersCount": 1, "website": null}, {"id": "wyc0571.eth", "name": "WYC", "twitter": "qianwan0019290", "proposalsCount": 0, "votesCount": 0, "followersCount": 1, "website": null}, {"id": "wyy994699.eth", "name": "5251.W", "twitter": null, "proposalsCount": 0, "votesCount": 0, "followersCount": 0, "website": null}, {"id": "x-kds.eth", "name": "kds", "twitter": null, "proposalsCount": 16, "votesCount": 20, "followersCount": 3, "website": "https://land.philand.xyz/x-kds.eth"}, {"id": "x0215481.eth", "name": "110", "twitter": null, "proposalsCount": 0, "votesCount": 0, "followersCount": 1, "website": null}, {"id": "x047.eth", "name": "Musk TOKEN", "twitter": null, "proposalsCount": 0, "votesCount": 0, "followersCount": 1, "website": null}]