[{"id": "sd4f76.eth", "name": "\u75af\u72c2\u9ea6\u514b\u65af", "twitter": null, "proposalsCount": 1, "votesCount": 1, "followersCount": 2, "website": null}, {"id": "sdgfd.eth", "name": "ffg", "twitter": null, "proposalsCount": 2, "votesCount": 1, "followersCount": 1, "website": null}, {"id": "sdyfi.eth", "name": "sdYFI", "twitter": null, "proposalsCount": 1, "votesCount": 3, "followersCount": 0, "website": null}, {"id": "secoin.eth", "name": "secoin", "twitter": null, "proposalsCount": 1, "votesCount": 1, "followersCount": 2, "website": null}, {"id": "seekswr.eth", "name": "Seekusd IG", "twitter": null, "proposalsCount": 1, "votesCount": 1, "followersCount": 2, "website": null}, {"id": "seeul8er.eth", "name": "Seel8", "twitter": null, "proposalsCount": 3, "votesCount": 0, "followersCount": 1, "website": null}, {"id": "seiry\u00fc.eth", "name": "Azure Dragon DAO", "twitter": null, "proposalsCount": 0, "votesCount": 0, "followersCount": 4, "website": null}, {"id": "sendl.eth", "name": "DAAAA", "twitter": null, "proposalsCount": 2, "votesCount": 2, "followersCount": 0, "website": null}, {"id": "sergil3.eth", "name": "Serg", "twitter": "sergi_l3", "proposalsCount": 2, "votesCount": 2, "followersCount": 0, "website": "https://twitter.com/sergi_l3"}, {"id": "sergioarizav.eth", "name": "Test", "twitter": null, "proposalsCount": 2, "votesCount": 1, "followersCount": 1, "website": null}, {"id": "seswap-finance.eth", "name": "Seswap", "twitter": null, "proposalsCount": 2, "votesCount": 1, "followersCount": 1, "website": null}, {"id": "sexan.eth", "name": "sexan", "twitter": null, "proposalsCount": 1, "votesCount": 2, "followersCount": 1, "website": null}, {"id": "sexgm.eth", "name": "sherifali's space", "twitter": null, "proposalsCount": 1, "votesCount": 2, "followersCount": 1, "website": null}, {"id": "sexiseverything.eth", "name": "TestDAO", "twitter": null, "proposalsCount": 2, "votesCount": 0, "followersCount": 2, "website": null}, {"id": "she.kaolaclub.eth", "name": "zksool", "twitter": null, "proposalsCount": 1, "votesCount": 1, "followersCount": 2, "website": null}, {"id": "shena.eth", "name": "shena", "twitter": null, "proposalsCount": 1, "votesCount": 2, "followersCount": 1, "website": null}, {"id": "shhakamola505.eth", "name": "rtq", "twitter": null, "proposalsCount": 1, "votesCount": 2, "followersCount": 1, "website": null}, {"id": "shimul.eth", "name": "Arafat Shimul", "twitter": "ArafatShimul14", "proposalsCount": 1, "votesCount": 1, "followersCount": 2, "website": null}, {"id": "shiyao.eth", "name": "Shiyao", "twitter": "", "proposalsCount": 2, "votesCount": 1, "followersCount": 1, "website": null}, {"id": "short-lived.eth", "name": "short-lived", "twitter": "tangMr9", "proposalsCount": 1, "votesCount": 1, "followersCount": 2, "website": null}]