[{"id": "utokyo.eth", "name": "cypto group in u-tokyo", "twitter": null, "proposalsCount": 3, "votesCount": 1, "followersCount": 2, "website": null}, {"id": "va1ikmc.eth", "name": "001k.DAO", "twitter": null, "proposalsCount": 3, "votesCount": 1, "followersCount": 2, "website": null}, {"id": "valueact.eth", "name": "valueact", "twitter": null, "proposalsCount": 1, "votesCount": 3, "followersCount": 2, "website": null}, {"id": "vangadao.eth", "name": "Vanga DAO", "twitter": "tidi_tada", "proposalsCount": 0, "votesCount": 0, "followersCount": 6, "website": "https://www.tiditada.com"}, {"id": "vector37.eth", "name": "Vector37", "twitter": "Vector37DAO", "proposalsCount": 0, "votesCount": 0, "followersCount": 6, "website": null}, {"id": "venompunk.eth", "name": "venompunk", "twitter": null, "proposalsCount": 1, "votesCount": 2, "followersCount": 3, "website": null}, {"id": "vhs.eth", "name": "ZED Token", "twitter": "zed_run", "proposalsCount": 0, "votesCount": 0, "followersCount": 6, "website": "https://zed.run"}, {"id": "virtualbacon.eth", "name": "VirtualBacon DAO", "twitter": null, "proposalsCount": 0, "votesCount": 0, "followersCount": 6, "website": null}, {"id": "vladan.eth", "name": "Polaris", "twitter": null, "proposalsCount": 2, "votesCount": 4, "followersCount": 0, "website": null}, {"id": "volumedao.eth", "name": "VolumeDAO", "twitter": "VolumeDAO", "proposalsCount": 0, "votesCount": 0, "followersCount": 6, "website": "https://www.volumedao.xyz/"}, {"id": "wables.eth", "name": "$scoop", "twitter": "scoop_pc69", "proposalsCount": 2, "votesCount": 2, "followersCount": 2, "website": "https://pc69.xyz/scoop"}, {"id": "wanxutao.eth", "name": "\u533a\u5757\u94fe\u91cd\u5e86", "twitter": null, "proposalsCount": 2, "votesCount": 0, "followersCount": 4, "website": null}, {"id": "web3nftfuture.eth", "name": "airdropnews", "twitter": null, "proposalsCount": 1, "votesCount": 3, "followersCount": 2, "website": null}, {"id": "webcs.eth", "name": "wbe", "twitter": null, "proposalsCount": 2, "votesCount": 2, "followersCount": 2, "website": null}, {"id": "wekey.eth", "name": "wedao", "twitter": null, "proposalsCount": 2, "votesCount": 2, "followersCount": 2, "website": null}, {"id": "wenwenprotocol.eth", "name": "WENWEN", "twitter": "wenwenprotocol", "proposalsCount": 4, "votesCount": 0, "followersCount": 2, "website": null}, {"id": "windyhill.eth", "name": "windyhill", "twitter": null, "proposalsCount": 3, "votesCount": 0, "followersCount": 3, "website": null}, {"id": "xcv.eth", "name": "XCarnival", "twitter": "XCarnival_Lab", "proposalsCount": 0, "votesCount": 0, "followersCount": 6, "website": "https://xcarnival.fi/"}, {"id": "xiaoyuwan.eth", "name": "xiaoyuwan", "twitter": null, "proposalsCount": 4, "votesCount": 0, "followersCount": 2, "website": null}, {"id": "xibeijia.eth", "name": "SUNDAO", "twitter": null, "proposalsCount": 2, "votesCount": 1, "followersCount": 3, "website": null}]