[{"id": "888888888888888.eth", "name": "xiaohua", "twitter": null, "proposalsCount": 2, "votesCount": 10, "followersCount": 6, "website": null}, {"id": "apkdao.eth", "name": "APEKING Dao", "twitter": "APEKING_DAO", "proposalsCount": 1, "votesCount": 7, "followersCount": 10, "website": null}, {"id": "astronos.eth", "name": "Astronos", "twitter": "astronos_io", "proposalsCount": 2, "votesCount": 13, "followersCount": 3, "website": "https://astronos.io"}, {"id": "avanyan.eth", "name": "AvaNyan", "twitter": "ANYANtoken", "proposalsCount": 1, "votesCount": 9, "followersCount": 8, "website": null}, {"id": "bakeddao.eth", "name": "Baked DAO", "twitter": "baked_dao", "proposalsCount": 1, "votesCount": 5, "followersCount": 12, "website": "https://bakeddao.com"}, {"id": "bianhua.eth", "name": "bianhua", "twitter": null, "proposalsCount": 7, "votesCount": 0, "followersCount": 11, "website": null}, {"id": "blockchaintrials.eth", "name": "PCTY Engage-2-Earn Events", "twitter": null, "proposalsCount": 4, "votesCount": 9, "followersCount": 5, "website": "https://go2.pivot.city/"}, {"id": "bobaswap", "name": "Bobaswap", "twitter": null, "proposalsCount": 0, "votesCount": 0, "followersCount": 18, "website": null}, {"id": "butterd.eth", "name": "Butter", "twitter": "butterymoney", "proposalsCount": 1, "votesCount": 11, "followersCount": 6, "website": "https://buttery.money"}, {"id": "chenxiaomao.eth", "name": "chenxiaomao", "twitter": null, "proposalsCount": 5, "votesCount": 2, "followersCount": 11, "website": null}, {"id": "chilledoutbears.eth", "name": "ChilledOutBears", "twitter": "chilledoutbears", "proposalsCount": 2, "votesCount": 12, "followersCount": 4, "website": null}, {"id": "chinpokies.eth", "name": "Chin Pokies", "twitter": "ChinPokies", "proposalsCount": 2, "votesCount": 10, "followersCount": 6, "website": "https://chinpokies.com"}, {"id": "crisech.eth", "name": "Crisech", "twitter": null, "proposalsCount": 6, "votesCount": 9, "followersCount": 3, "website": null}, {"id": "dpcprotocol.eth", "name": "DPC\u2502DAO", "twitter": "DPCProtocol", "proposalsCount": 2, "votesCount": 8, "followersCount": 8, "website": "https://dpcprotocol.com/"}, {"id": "duetdao.eth", "name": "DUET Protocol", "twitter": null, "proposalsCount": 2, "votesCount": 10, "followersCount": 6, "website": null}, {"id": "edufi.eth", "name": "Sipher", "twitter": "SIPHERxyz", "proposalsCount": 6, "votesCount": 3, "followersCount": 9, "website": null}, {"id": "ethercats.eth", "name": "EtherCats", "twitter": "EtherCats", "proposalsCount": 2, "votesCount": 11, "followersCount": 5, "website": null}, {"id": "grantcomp.eth", "name": "Comp Granting", "twitter": null, "proposalsCount": 1, "votesCount": 15, "followersCount": 2, "website": null}, {"id": "hawaiianlions.eth", "name": "Hawaiian Lions", "twitter": null, "proposalsCount": 1, "votesCount": 11, "followersCount": 6, "website": null}, {"id": "hodorfi.eth", "name": "Hodor", "twitter": "hodor_finance", "proposalsCount": 3, "votesCount": 15, "followersCount": 0, "website": null}]