[{"id": "zys888.eth", "name": "MATIC 2021", "twitter": null, "proposalsCount": 335, "votesCount": 2987, "followersCount": 929, "website": null}, {"id": "aitd.eth", "name": "AITD Network", "twitter": "BlockchainAitd", "proposalsCount": 3, "votesCount": 65213, "followersCount": 454, "website": "https://www.aitd.io/"}, {"id": "bitembassy.eth", "name": "BIT Embassy", "twitter": "bitembassy", "proposalsCount": 26, "votesCount": 23432, "followersCount": 6719, "website": "https://crew3.xyz/c/embassy"}, {"id": "dao.spaceid.eth", "name": "SPACE ID DAO", "twitter": "spaceidprotocol", "proposalsCount": 3, "votesCount": 16364, "followersCount": 17204, "website": "https://space.id"}, {"id": "forum.nftgoingtozero.eth", "name": "NFT DAO Forum", "twitter": null, "proposalsCount": 96, "votesCount": 61057, "followersCount": 12, "website": null}, {"id": "boboat321.eth", "name": "MATIC DAO DAO", "twitter": null, "proposalsCount": 330, "votesCount": 1485, "followersCount": 703, "website": null}, {"id": "9679999.eth", "name": "\u6d3e\u5927\u661f", "twitter": "Salipmbniusare1", "proposalsCount": 48, "votesCount": 262, "followersCount": 832, "website": "https://twitter.com/Salipmbniusare1"}, {"id": "mavxyz.eth", "name": "Maverick Protocol", "twitter": "mavprotocol", "proposalsCount": 6, "votesCount": 23766, "followersCount": 8254, "website": "https://www.mav.xyz/"}, {"id": "\u2713\u2713\u2713\u2713\u2713.eth", "name": "BNB2.0", "twitter": null, "proposalsCount": 294, "votesCount": 3187, "followersCount": 522, "website": null}, {"id": "14cat.eth", "name": "MATIC Test Space", "twitter": null, "proposalsCount": 376, "votesCount": 3512, "followersCount": 1134, "website": null}, {"id": "vote.nftgoingtozero.eth", "name": "NFT DAO Forum", "twitter": null, "proposalsCount": 80, "votesCount": 45052, "followersCount": 11, "website": null}, {"id": "biteren.eth", "name": "poly dao", "twitter": null, "proposalsCount": 186, "votesCount": 1647, "followersCount": 248, "website": null}, {"id": "visavis.eth", "name": "visavis", "twitter": "visavis19790405", "proposalsCount": 2, "votesCount": 1424, "followersCount": 293, "website": "https://twitter.com/visavis19790405"}, {"id": "flygame.eth", "name": "dappback", "twitter": null, "proposalsCount": 107, "votesCount": 9554, "followersCount": 2734, "website": null}, {"id": "wdswap.eth", "name": "WdDao", "twitter": null, "proposalsCount": 326, "votesCount": 1010, "followersCount": 402, "website": null}, {"id": "fansweet.eth", "name": "Web3 Fans Dao", "twitter": null, "proposalsCount": 194, "votesCount": 462, "followersCount": 169, "website": null}, {"id": "nexttrialrun.eth", "name": "Trial and Error (NTR)", "twitter": null, "proposalsCount": 24, "votesCount": 10538, "followersCount": 127, "website": "https://www.nexttrialrun.io/"}, {"id": "fistdex.eth", "name": "FstSwap", "twitter": "FstSwapbright", "proposalsCount": 6, "votesCount": 28363, "followersCount": 3922, "website": "https://app.fstswap.exchange"}, {"id": "hashflowdao.eth", "name": "Hashflow", "twitter": "hashflow", "proposalsCount": 21, "votesCount": 11432, "followersCount": 3864, "website": "https://hashflow.com"}, {"id": "ppyaa.eth", "name": "PaoPao", "twitter": null, "proposalsCount": 397, "votesCount": 28128, "followersCount": 789, "website": null}]