[{"id": "cn2521.eth", "name": "aabbc", "twitter": null, "proposalsCount": 1, "votesCount": 1, "followersCount": 1, "website": null}, {"id": "coat16.eth", "name": "coat16", "twitter": null, "proposalsCount": 1, "votesCount": 1, "followersCount": 1, "website": null}, {"id": "coffee.joints.eth", "name": "COFFEEDAO", "twitter": null, "proposalsCount": 1, "votesCount": 1, "followersCount": 1, "website": null}, {"id": "coinee.eth", "name": "coinee", "twitter": null, "proposalsCount": 1, "votesCount": 1, "followersCount": 1, "website": null}, {"id": "colderthanwinter.eth", "name": "cold", "twitter": null, "proposalsCount": 1, "votesCount": 1, "followersCount": 1, "website": null}, {"id": "coldpaly.eth", "name": "btc", "twitter": null, "proposalsCount": 1, "votesCount": 0, "followersCount": 2, "website": null}, {"id": "college.ethtag.eth", "name": "collegeDAO", "twitter": null, "proposalsCount": 1, "votesCount": 1, "followersCount": 1, "website": null}, {"id": "college.joints.eth", "name": "COLLEGEDAO", "twitter": null, "proposalsCount": 1, "votesCount": 1, "followersCount": 1, "website": null}, {"id": "com.ensmaxisfam.eth", "name": "COMDAO", "twitter": null, "proposalsCount": 1, "votesCount": 1, "followersCount": 1, "website": null}, {"id": "commerce.ensmaxisfam.eth", "name": "COMRDAO", "twitter": null, "proposalsCount": 1, "votesCount": 1, "followersCount": 1, "website": null}, {"id": "commerce.joints.eth", "name": "COMMERCEDAO", "twitter": null, "proposalsCount": 1, "votesCount": 1, "followersCount": 1, "website": null}, {"id": "communitywalletrc.eth", "name": "Retirement Club", "twitter": "partygrandpanft", "proposalsCount": 2, "votesCount": 0, "followersCount": 1, "website": "https://retirementclubnft.com"}, {"id": "company.joints.eth", "name": "COMPANYDAO", "twitter": null, "proposalsCount": 1, "votesCount": 1, "followersCount": 1, "website": null}, {"id": "compound.joints.eth", "name": "ICOMPOUNDAO", "twitter": null, "proposalsCount": 1, "votesCount": 1, "followersCount": 1, "website": null}, {"id": "computer.ensmaxisfam.eth", "name": "computerDAO", "twitter": null, "proposalsCount": 1, "votesCount": 1, "followersCount": 1, "website": null}, {"id": "computer.joints.eth", "name": "CMTdao", "twitter": null, "proposalsCount": 1, "votesCount": 1, "followersCount": 1, "website": null}, {"id": "computers.freesubs.eth", "name": "COMPUTERSDAO", "twitter": null, "proposalsCount": 1, "votesCount": 1, "followersCount": 1, "website": null}, {"id": "computers.joints.eth", "name": "computersDAO", "twitter": null, "proposalsCount": 1, "votesCount": 1, "followersCount": 1, "website": null}, {"id": "construction.joints.eth", "name": "CONDAO", "twitter": null, "proposalsCount": 1, "votesCount": 1, "followersCount": 1, "website": null}, {"id": "consul.eth", "name": "Consul DAO", "twitter": null, "proposalsCount": 1, "votesCount": 1, "followersCount": 1, "website": null}]