[{"id": "pragmafinance.eth", "name": "pragma.finance", "twitter": null, "proposalsCount": 1, "votesCount": 2, "followersCount": 1, "website": null}, {"id": "prehub.eth", "name": "Pre Hub", "twitter": null, "proposalsCount": 0, "votesCount": 0, "followersCount": 4, "website": null}, {"id": "product.metrix.itau.eth", "name": "Metrix -Infrastructure Committee", "twitter": null, "proposalsCount": 1, "votesCount": 1, "followersCount": 2, "website": "https://metrix.fund/"}, {"id": "project-xy.eth", "name": "LOVE DAO </3", "twitter": null, "proposalsCount": 1, "votesCount": 1, "followersCount": 2, "website": null}, {"id": "promesx.eth", "name": "Promesx", "twitter": "promesx", "proposalsCount": 3, "votesCount": 0, "followersCount": 1, "website": null}, {"id": "ps3udo.eth", "name": "Spacex", "twitter": null, "proposalsCount": 1, "votesCount": 0, "followersCount": 3, "website": null}, {"id": "pubdaovote.eth", "name": "PubDAO", "twitter": "pub_DAO", "proposalsCount": 1, "votesCount": 0, "followersCount": 3, "website": "https://pubdao.space/"}, {"id": "puma-puma.eth", "name": "puma-puma", "twitter": null, "proposalsCount": 1, "votesCount": 2, "followersCount": 1, "website": null}, {"id": "purplebuds.eth", "name": "StrainNFT", "twitter": "StrainNFT", "proposalsCount": 0, "votesCount": 0, "followersCount": 4, "website": "https://strainnft.io"}, {"id": "qianshenclub.eth", "name": "QIANSHENCLUB.RABBITHOLE", "twitter": null, "proposalsCount": 2, "votesCount": 1, "followersCount": 1, "website": null}, {"id": "qihang.eth", "name": "qihang", "twitter": null, "proposalsCount": 1, "votesCount": 2, "followersCount": 1, "website": null}, {"id": "qijixiaoj.eth", "name": "qijixiaoj", "twitter": null, "proposalsCount": 3, "votesCount": 0, "followersCount": 1, "website": null}, {"id": "qingniu.eth", "name": "PLAY DAO", "twitter": null, "proposalsCount": 1, "votesCount": 1, "followersCount": 2, "website": "https://app.syndicate.io/clubs/0x51a02b41d1f1cf9e91f442dfdbe41d2dd04ffa6a?chain=mainnet"}, {"id": "qqlmx16889.eth", "name": "qqlmx16889.eth/settings", "twitter": null, "proposalsCount": 0, "votesCount": 0, "followersCount": 4, "website": null}, {"id": "radioreum.eth", "name": "Radioreum DAO", "twitter": "radioreum", "proposalsCount": 1, "votesCount": 3, "followersCount": 0, "website": null}, {"id": "raheemdg.eth", "name": "we test", "twitter": null, "proposalsCount": 1, "votesCount": 2, "followersCount": 1, "website": null}, {"id": "raptordao.eth", "name": "RaptorDAO", "twitter": "RaptorDAO", "proposalsCount": 0, "votesCount": 0, "followersCount": 4, "website": null}, {"id": "rastambaev.eth", "name": "rastambaev.eth", "twitter": null, "proposalsCount": 3, "votesCount": 0, "followersCount": 1, "website": null}, {"id": "rax3wen.eth", "name": "how", "twitter": null, "proposalsCount": 1, "votesCount": 2, "followersCount": 1, "website": null}, {"id": "raynharr.eth", "name": "Rayn", "twitter": null, "proposalsCount": 2, "votesCount": 1, "followersCount": 1, "website": null}]