[{"id": "2305843009213693951.eth", "name": "230584", "twitter": null, "proposalsCount": 1, "votesCount": 1, "followersCount": 0, "website": null}, {"id": "23333333.eth", "name": "Madders", "twitter": "MadZ00125997", "proposalsCount": 3, "votesCount": 4, "followersCount": 6, "website": "https://www.rachow.cc"}, {"id": "2338.eth", "name": "0Xdao", "twitter": null, "proposalsCount": 0, "votesCount": 0, "followersCount": 0, "website": null}, {"id": "235623.eth", "name": "yad load", "twitter": null, "proposalsCount": 0, "votesCount": 0, "followersCount": 1, "website": null}, {"id": "23665.eth", "name": "23665", "twitter": null, "proposalsCount": 1, "votesCount": 8, "followersCount": 8, "website": null}, {"id": "23wywy.eth", "name": "Hopik", "twitter": null, "proposalsCount": 34, "votesCount": 40, "followersCount": 3, "website": null}, {"id": "246824.eth", "name": "ens work", "twitter": null, "proposalsCount": 1, "votesCount": 1, "followersCount": 1, "website": null}, {"id": "25388.eth", "name": "ens", "twitter": "bei191", "proposalsCount": 2, "votesCount": 19, "followersCount": 12, "website": null}, {"id": "25666.eth", "name": "25666", "twitter": null, "proposalsCount": 3, "votesCount": 3, "followersCount": 1, "website": null}, {"id": "258999.eth", "name": "258999", "twitter": null, "proposalsCount": 2, "votesCount": 4, "followersCount": 1, "website": null}, {"id": "259758.eth", "name": "259758", "twitter": null, "proposalsCount": 2, "votesCount": 4, "followersCount": 1, "website": null}, {"id": "295529.eth", "name": "tom", "twitter": null, "proposalsCount": 31, "votesCount": 31, "followersCount": 3, "website": null}, {"id": "2akura.eth", "name": "ETH", "twitter": null, "proposalsCount": 1, "votesCount": 1, "followersCount": 1, "website": null}, {"id": "2totwo.eth", "name": "2totwoDAO", "twitter": null, "proposalsCount": 0, "votesCount": 0, "followersCount": 0, "website": null}, {"id": "2\u20e3\u27952\u20e3.eth", "name": "dust", "twitter": null, "proposalsCount": 1, "votesCount": 1, "followersCount": 1, "website": null}, {"id": "303oo.eth", "name": "01", "twitter": null, "proposalsCount": 1, "votesCount": 1, "followersCount": 1, "website": null}, {"id": "30680.eth", "name": "web3", "twitter": "guone01", "proposalsCount": 2, "votesCount": 16, "followersCount": 11, "website": null}, {"id": "313070.eth", "name": "GTH BoD", "twitter": null, "proposalsCount": 0, "votesCount": 0, "followersCount": 1, "website": null}, {"id": "314capital.eth", "name": "314capital", "twitter": null, "proposalsCount": 3, "votesCount": 1, "followersCount": 3, "website": null}, {"id": "314dao.eth", "name": "314DAO", "twitter": null, "proposalsCount": 4, "votesCount": 176, "followersCount": 12, "website": null}]