[{"id": "minicat34.eth", "name": "minicat", "twitter": null, "proposalsCount": 2, "votesCount": 165, "followersCount": 6, "website": null}, {"id": "minig.eth", "name": "minig", "twitter": null, "proposalsCount": 1, "votesCount": 1, "followersCount": 2, "website": null}, {"id": "minipolygon.eth", "name": "super mega", "twitter": null, "proposalsCount": 0, "votesCount": 0, "followersCount": 3, "website": null}, {"id": "mintimerka.eth", "name": "9k dao - 3", "twitter": null, "proposalsCount": 237, "votesCount": 1878, "followersCount": 445, "website": "https://t.me/Pro_Deng1"}, {"id": "minty\ud83d\udca5.eth", "name": "minty\ud83d\udca5", "twitter": null, "proposalsCount": 0, "votesCount": 0, "followersCount": 1, "website": null}, {"id": "minvarka.eth", "name": "mika", "twitter": null, "proposalsCount": 1, "votesCount": 1, "followersCount": 0, "website": null}, {"id": "miphguy.eth", "name": "miph", "twitter": "miphguy", "proposalsCount": 0, "votesCount": 0, "followersCount": 2, "website": "https://snowforge.xyz"}, {"id": "miragex.eth", "name": "MirageX", "twitter": "miragex_network", "proposalsCount": 0, "votesCount": 0, "followersCount": 5, "website": null}, {"id": "mirlik.eth", "name": "mirlik", "twitter": null, "proposalsCount": 1, "votesCount": 1, "followersCount": 1, "website": null}, {"id": "mishaser.eth", "name": "SER DAO", "twitter": null, "proposalsCount": 4, "votesCount": 4, "followersCount": 6, "website": null}, {"id": "mishuvai.eth", "name": "Mishu", "twitter": "mishuvai35", "proposalsCount": 1, "votesCount": 4, "followersCount": 1, "website": null}, {"id": "misris.eth", "name": "dw", "twitter": null, "proposalsCount": 2, "votesCount": 2, "followersCount": 0, "website": null}, {"id": "missionhelios.eth", "name": "Helios DAO", "twitter": "missionhelios", "proposalsCount": 3, "votesCount": 35, "followersCount": 4, "website": "https://www.missionhelios.io"}, {"id": "misso.eth", "name": "misso", "twitter": null, "proposalsCount": 1, "votesCount": 1, "followersCount": 1, "website": null}, {"id": "missovetova.eth", "name": "missovetova", "twitter": null, "proposalsCount": 0, "votesCount": 0, "followersCount": 1, "website": null}, {"id": "mistald.eth", "name": "WT", "twitter": null, "proposalsCount": 0, "votesCount": 0, "followersCount": 1, "website": null}, {"id": "mistdao.eth", "name": "mistdao.eth", "twitter": "nuannua98711493", "proposalsCount": 1, "votesCount": 3, "followersCount": 2, "website": null}, {"id": "misteranderson.eth", "name": "MisterAnderson", "twitter": null, "proposalsCount": 1, "votesCount": 2, "followersCount": 1, "website": null}, {"id": "mistmetaverse.eth", "name": "xiangnanfei", "twitter": null, "proposalsCount": 1, "votesCount": 2, "followersCount": 1, "website": null}, {"id": "mithatpolat.eth", "name": "mithat polat", "twitter": "mpolat12", "proposalsCount": 0, "votesCount": 0, "followersCount": 0, "website": null}]