[{"id": "aaa555.eth", "name": "aaa555.eth", "twitter": null, "proposalsCount": 1, "votesCount": 2, "followersCount": 1, "website": null}, {"id": "aadad.eth", "name": "aada", "twitter": "meifangye2", "proposalsCount": 0, "votesCount": 0, "followersCount": 1, "website": null}, {"id": "aaiss.eth", "name": "shenbaise", "twitter": "ssnft7", "proposalsCount": 13, "votesCount": 53, "followersCount": 13, "website": null}, {"id": "aapi.eth", "name": "GoldenDAO", "twitter": "goldendaoxyz", "proposalsCount": 1, "votesCount": 0, "followersCount": 3, "website": "https://www.goldendao.xyz/"}, {"id": "aavadao.eth", "name": "AAVADAO", "twitter": null, "proposalsCount": 0, "votesCount": 0, "followersCount": 2, "website": null}, {"id": "ab999.eth", "name": "woxuyao1yi", "twitter": null, "proposalsCount": 3, "votesCount": 5, "followersCount": 4, "website": null}, {"id": "abarameh.eth", "name": "Abarameh", "twitter": "abarameh", "proposalsCount": 0, "votesCount": 0, "followersCount": 0, "website": null}, {"id": "abasta.eth", "name": "Abasta Club", "twitter": "abastaclub", "proposalsCount": 1, "votesCount": 5, "followersCount": 11, "website": "https://www.abasta.club/"}, {"id": "abcos.eth", "name": "Happy Day", "twitter": null, "proposalsCount": 3, "votesCount": 200, "followersCount": 174, "website": null}, {"id": "abenben.eth", "name": "abenben", "twitter": "abenben", "proposalsCount": 2, "votesCount": 7, "followersCount": 4, "website": "https://connpass.com/user/abenben/"}, {"id": "abenkwan.eth", "name": "abekwan community", "twitter": null, "proposalsCount": 2, "votesCount": 2, "followersCount": 0, "website": null}, {"id": "abhicrypto.eth", "name": "abhicrypto", "twitter": "Abhishe6326035", "proposalsCount": 0, "votesCount": 0, "followersCount": 1, "website": null}, {"id": "abmcrypro.eth", "name": "abm", "twitter": null, "proposalsCount": 1, "votesCount": 2, "followersCount": 0, "website": null}, {"id": "aborriginal.eth", "name": "ABORRIGINAL", "twitter": "aborriginal", "proposalsCount": 1, "votesCount": 1, "followersCount": 1, "website": null}, {"id": "abouteth.eth", "name": "Just for fun", "twitter": null, "proposalsCount": 1, "votesCount": 1, "followersCount": 2, "website": "https://twitter.com/noahmitchelleth"}, {"id": "abrara.eth", "name": "gangsterallstar", "twitter": null, "proposalsCount": 1, "votesCount": 1, "followersCount": 0, "website": null}, {"id": "abrdtest.eth", "name": "ABRD", "twitter": null, "proposalsCount": 1, "votesCount": 0, "followersCount": 0, "website": null}, {"id": "abruzz1.eth", "name": "1", "twitter": null, "proposalsCount": 1, "votesCount": 1, "followersCount": 1, "website": null}, {"id": "acet.eth", "name": "tt5", "twitter": null, "proposalsCount": 43, "votesCount": 52, "followersCount": 1, "website": null}, {"id": "achilletogna.eth", "name": "Billy Milligan", "twitter": null, "proposalsCount": 1, "votesCount": 2, "followersCount": 3, "website": null}]