[{"id": "xmooney.eth", "name": "xMooney", "twitter": "xmooneytoken", "proposalsCount": 5, "votesCount": 127, "followersCount": 7, "website": null}, {"id": "yonkovault.eth", "name": "Yonko Dao", "twitter": "Yonkotoken", "proposalsCount": 4, "votesCount": 131, "followersCount": 4, "website": "Https://yonkotoken.io"}, {"id": "bertugoymak.eth", "name": "Bertug Airdrop ", "twitter": null, "proposalsCount": 4, "votesCount": 133, "followersCount": 1, "website": null}, {"id": "emanueleferrariph-cw.eth", "name": "Moongirls by Emanuele Ferrari", "twitter": "eferrariph", "proposalsCount": 3, "votesCount": 131, "followersCount": 4, "website": "http://www.emanueleferrari.it"}, {"id": "wizardao.eth", "name": "The WizarDAO", "twitter": "pixalyfe", "proposalsCount": 5, "votesCount": 88, "followersCount": 45, "website": null}, {"id": "deborrow.eth", "name": "Deborrow", "twitter": null, "proposalsCount": 2, "votesCount": 82, "followersCount": 54, "website": null}, {"id": "supervip.eth", "name": "ConstitutionDAO", "twitter": null, "proposalsCount": 7, "votesCount": 66, "followersCount": 65, "website": null}, {"id": "verybanking.eth", "name": "Very Banking", "twitter": "verybanking", "proposalsCount": 2, "votesCount": 62, "followersCount": 74, "website": "https://verybanking.org"}, {"id": "aggregatedfinance.eth", "name": "Aggregated Finance", "twitter": "AGFI_Official", "proposalsCount": 14, "votesCount": 119, "followersCount": 4, "website": "https://aggregated.finance"}, {"id": "cadeyu.eth", "name": "cade's club", "twitter": null, "proposalsCount": 2, "votesCount": 85, "followersCount": 50, "website": null}, {"id": "dacdao.eth", "name": "DACDAO", "twitter": null, "proposalsCount": 7, "votesCount": 102, "followersCount": 28, "website": null}, {"id": "jihwan.eth", "name": "Blockchain at Yonsei Investment", "twitter": "BlockchainatYU", "proposalsCount": 14, "votesCount": 111, "followersCount": 12, "website": "https://www.blockchainatyonsei.com/"}, {"id": "lineapunks.eth", "name": "Linea Punks", "twitter": null, "proposalsCount": 1, "votesCount": 1, "followersCount": 35, "website": null}, {"id": "wolfimemes.eth", "name": "Wolfi Meme Show", "twitter": "wolfilandnfts", "proposalsCount": 2, "votesCount": 76, "followersCount": 9, "website": "https://linktr.ee/wolfiland"}, {"id": "zombiecomics.eth", "name": "Zombie Comics", "twitter": null, "proposalsCount": 4, "votesCount": 119, "followersCount": 14, "website": "https://zombiecomics.io"}, {"id": "commonsstack.eth", "name": "Commons Stack", "twitter": null, "proposalsCount": 2, "votesCount": 102, "followersCount": 32, "website": null}, {"id": "cryptokek.eth", "name": "Cryptokek.com - ETH VOTING ", "twitter": "kektoken", "proposalsCount": 6, "votesCount": 121, "followersCount": 9, "website": null}, {"id": "dualityxo.eth", "name": "Duality STG", "twitter": null, "proposalsCount": 36, "votesCount": 72, "followersCount": 28, "website": "https://link3.to/duality"}, {"id": "korbievote.eth", "name": "Korbie Vote Token", "twitter": "official_kpio", "proposalsCount": 1, "votesCount": 133, "followersCount": 2, "website": "https://www.kyotoprotocol.io/"}, {"id": "spongefinance.eth", "name": "Sponge.finance", "twitter": null, "proposalsCount": 14, "votesCount": 121, "followersCount": 1, "website": null}]