[{"id": "fyzxc.eth", "name": "sumei", "twitter": null, "proposalsCount": 1, "votesCount": 5, "followersCount": 5, "website": null}, {"id": "fz999.eth", "name": "FZ999 team for Coin ", "twitter": null, "proposalsCount": 0, "votesCount": 0, "followersCount": 1, "website": null}, {"id": "g1.testsnap-safe.eth", "name": "test safe", "twitter": null, "proposalsCount": 0, "votesCount": 0, "followersCount": 0, "website": null}, {"id": "g1lind.eth", "name": "Crypton Proposal", "twitter": null, "proposalsCount": 1, "votesCount": 68, "followersCount": 0, "website": null}, {"id": "g3vc.eth", "name": "G3VC", "twitter": null, "proposalsCount": 0, "votesCount": 0, "followersCount": 0, "website": null}, {"id": "gachiverse.eth", "name": "Ruslan", "twitter": "ruslan5091985", "proposalsCount": 3, "votesCount": 16, "followersCount": 8, "website": null}, {"id": "gagaus.eth", "name": "Gagaus", "twitter": "SerfuAnton", "proposalsCount": 0, "votesCount": 0, "followersCount": 2, "website": null}, {"id": "gaianet.eth", "name": "Gaia-Net Network", "twitter": "IncGaia", "proposalsCount": 1, "votesCount": 1, "followersCount": 1, "website": null}, {"id": "gaika.eth", "name": "fdf", "twitter": null, "proposalsCount": 1, "votesCount": 1, "followersCount": 0, "website": null}, {"id": "gajju.eth", "name": "Bharat Goyal", "twitter": "BharatGoyal101", "proposalsCount": 1, "votesCount": 2, "followersCount": 2, "website": null}, {"id": "galafart.eth", "name": "karapet", "twitter": null, "proposalsCount": 1, "votesCount": 1, "followersCount": 1, "website": null}, {"id": "galaxyallbridge.eth", "name": "Galaxy All Bridge Network", "twitter": null, "proposalsCount": 1, "votesCount": 2, "followersCount": 0, "website": null}, {"id": "galchon.eth", "name": "dwd", "twitter": null, "proposalsCount": 1, "votesCount": 1, "followersCount": 0, "website": null}, {"id": "gallusanonimus966.eth", "name": "Kris$", "twitter": null, "proposalsCount": 0, "votesCount": 0, "followersCount": 1, "website": null}, {"id": "gamblefidao.eth", "name": "GambleFi", "twitter": "gamblefinance", "proposalsCount": 1, "votesCount": 129, "followersCount": 13, "website": "https://gamblefi.io"}, {"id": "game666.eth", "name": "gamefi", "twitter": null, "proposalsCount": 0, "votesCount": 0, "followersCount": 0, "website": null}, {"id": "gamefi888.eth", "name": "gamefi888.eth", "twitter": null, "proposalsCount": 1, "votesCount": 1, "followersCount": 2, "website": null}, {"id": "gamesmeta.eth", "name": "MetaGame", "twitter": null, "proposalsCount": 0, "votesCount": 0, "followersCount": 0, "website": null}, {"id": "ganchang.eth", "name": "GanchangDAO", "twitter": null, "proposalsCount": 2, "votesCount": 10, "followersCount": 2, "website": null}, {"id": "gangls.eth", "name": "test", "twitter": null, "proposalsCount": 0, "votesCount": 0, "followersCount": 0, "website": null}]