[{"id": "goodgodz.eth", "name": "Good Godz NFT", "twitter": "goodgodznft", "proposalsCount": 5, "votesCount": 180, "followersCount": 5, "website": "https://goodgodznft.com"}, {"id": "pretzeldao.eth", "name": "Pretzel DAO", "twitter": "PretzelDAO", "proposalsCount": 12, "votesCount": 152, "followersCount": 26, "website": "https://www.pretzeldao.com/"}, {"id": "no51948.eth", "name": "DominickErtman", "twitter": null, "proposalsCount": 15, "votesCount": 157, "followersCount": 18, "website": null}, {"id": "snapshot.movedao.eth", "name": "Movement DAO: Consensus Space", "twitter": "movedao_eth", "proposalsCount": 24, "votesCount": 139, "followersCount": 27, "website": "https://discord.gg/daolabs"}, {"id": "souni.eth", "name": "Souni", "twitter": "souniio", "proposalsCount": 5, "votesCount": 143, "followersCount": 42, "website": "https://souni.io"}, {"id": "untara.eth", "name": "EfrenSilbaugh DAO", "twitter": null, "proposalsCount": 16, "votesCount": 153, "followersCount": 21, "website": null}, {"id": "anuradao.eth", "name": "Anura DAO", "twitter": "anuradao", "proposalsCount": 7, "votesCount": 142, "followersCount": 40, "website": null}, {"id": "biketoearn.eth", "name": "Biken.app", "twitter": "bikenapp", "proposalsCount": 1, "votesCount": 178, "followersCount": 10, "website": "https://biken.app/"}, {"id": "scarychaincapital.eth", "name": "Scary Chain Capital ", "twitter": "SChainCapital", "proposalsCount": 3, "votesCount": 177, "followersCount": 9, "website": null}, {"id": "bfrfinance.eth", "name": "Buffer Finance\ud83d\udc19", "twitter": "Buffer_finance", "proposalsCount": 1, "votesCount": 146, "followersCount": 42, "website": "https://buffer.finance/"}, {"id": "eamotive.eth", "name": "BruceCar  DAO", "twitter": null, "proposalsCount": 16, "votesCount": 146, "followersCount": 27, "website": null}, {"id": "liddao.eth", "name": "Lid Dao", "twitter": null, "proposalsCount": 14, "votesCount": 174, "followersCount": 1, "website": null}, {"id": "shinyclub.eth", "name": "Shiny Club", "twitter": "shinyDAO", "proposalsCount": 32, "votesCount": 130, "followersCount": 26, "website": "https://shiny.club"}, {"id": "tiptap.eth", "name": "Tapex", "twitter": null, "proposalsCount": 13, "votesCount": 165, "followersCount": 10, "website": null}, {"id": "wagmigotchi-dao.eth", "name": "WAGMIGOTCHI", "twitter": null, "proposalsCount": 2, "votesCount": 124, "followersCount": 62, "website": null}, {"id": "sidewallet.eth", "name": "SIDE.xyz", "twitter": "sidexyz", "proposalsCount": 1, "votesCount": 20, "followersCount": 16, "website": "https://side.xyz"}, {"id": "stackervc.eth", "name": "Stacker Ventures", "twitter": "stackerventures", "proposalsCount": 9, "votesCount": 160, "followersCount": 18, "website": null}, {"id": "xsp.eth", "name": "XSwap Protocol", "twitter": "XSwapProtocol", "proposalsCount": 5, "votesCount": 101, "followersCount": 81, "website": "https://xspswap.finance"}, {"id": "dennisjohnsen.eth", "name": "NormandStipek DAO", "twitter": null, "proposalsCount": 16, "votesCount": 151, "followersCount": 20, "website": null}, {"id": "egvictory.eth", "name": "RoarkJude DAO", "twitter": null, "proposalsCount": 15, "votesCount": 148, "followersCount": 24, "website": null}]