[{"id": "hertzlook.eth", "name": "qcoin", "twitter": null, "proposalsCount": 6, "votesCount": 4, "followersCount": 16, "website": null}, {"id": "hkdoll.eth", "name": "Fxxk DAO", "twitter": null, "proposalsCount": 1, "votesCount": 1, "followersCount": 24, "website": null}, {"id": "jinzizhuo.eth", "name": "jimk", "twitter": null, "proposalsCount": 10, "votesCount": 13, "followersCount": 3, "website": null}, {"id": "kingoftheworld.eth", "name": "TMWSTW", "twitter": "TMWSTW_NFT", "proposalsCount": 1, "votesCount": 20, "followersCount": 5, "website": "https://tmwstw.io/"}, {"id": "kisgno.eth", "name": "Kishibe & Gnosis DAO", "twitter": null, "proposalsCount": 7, "votesCount": 14, "followersCount": 5, "website": null}, {"id": "larssontorbjor.eth", "name": "adolescent", "twitter": null, "proposalsCount": 5, "votesCount": 16, "followersCount": 5, "website": null}, {"id": "mice.eth", "name": "MICE", "twitter": "2012_mice", "proposalsCount": 0, "votesCount": 0, "followersCount": 26, "website": "https://mice.eth.limo"}, {"id": "mllll.eth", "name": "candyDAO\u5c0f\u7ec4", "twitter": "tw70742277", "proposalsCount": 3, "votesCount": 13, "followersCount": 10, "website": null}, {"id": "odosxyz.eth", "name": "Odos", "twitter": null, "proposalsCount": 1, "votesCount": 4, "followersCount": 21, "website": null}, {"id": "one123.eth", "name": "one123", "twitter": null, "proposalsCount": 6, "votesCount": 14, "followersCount": 6, "website": null}, {"id": "pandascore.eth", "name": "PandaScore", "twitter": "pandascore", "proposalsCount": 2, "votesCount": 20, "followersCount": 4, "website": "https://www.pandascore.co"}, {"id": "permabullish.eth", "name": "PERMABULL", "twitter": "permabulleth", "proposalsCount": 7, "votesCount": 16, "followersCount": 3, "website": "https://www.permabull.io"}, {"id": "qfinance.eth", "name": "QFinance", "twitter": "qfinancedefi", "proposalsCount": 1, "votesCount": 25, "followersCount": 0, "website": null}, {"id": "redmocracia.eth", "name": "Redmocracia", "twitter": "RedmocraciaORG", "proposalsCount": 3, "votesCount": 10, "followersCount": 13, "website": null}, {"id": "roninclub.eth", "name": "RoninDAO", "twitter": "daoronin", "proposalsCount": 2, "votesCount": 21, "followersCount": 3, "website": null}, {"id": "safuchain.eth", "name": "Safuchain", "twitter": "RealSafuChain", "proposalsCount": 1, "votesCount": 0, "followersCount": 25, "website": "https://safuchain.net/"}, {"id": "sanjifan.eth", "name": "OnePiece", "twitter": null, "proposalsCount": 3, "votesCount": 11, "followersCount": 12, "website": null}, {"id": "skiddo.eth", "name": "Success Kid DAO", "twitter": "SuccessSKIDDO", "proposalsCount": 5, "votesCount": 20, "followersCount": 1, "website": null}, {"id": "stepa.eth", "name": "Crypto Club", "twitter": null, "proposalsCount": 9, "votesCount": 7, "followersCount": 10, "website": null}, {"id": "strudel.eth", "name": "Strudel Finance", "twitter": "EnterTheStrudel", "proposalsCount": 7, "votesCount": 15, "followersCount": 4, "website": null}]