[{"id": "chenlujia.eth", "name": "funny", "twitter": null, "proposalsCount": 1, "votesCount": 2, "followersCount": 0, "website": null}, {"id": "chenning.eth", "name": "Funderclub2.0", "twitter": null, "proposalsCount": 1, "votesCount": 0, "followersCount": 1, "website": null}, {"id": "chenwudi.eth", "name": "wudi", "twitter": null, "proposalsCount": 2, "votesCount": 3, "followersCount": 1, "website": null}, {"id": "chenxiaoyun.eth", "name": "lucky7", "twitter": null, "proposalsCount": 1, "votesCount": 2, "followersCount": 0, "website": null}, {"id": "chenyiling.eth", "name": "chenyiling", "twitter": null, "proposalsCount": 5, "votesCount": 15, "followersCount": 1, "website": null}, {"id": "cherryblossom.eth", "name": "Cherry Blossom Bio Research", "twitter": null, "proposalsCount": 0, "votesCount": 0, "followersCount": 2, "website": "https://www.sakura.bio/"}, {"id": "chi-dao.eth", "name": "ChiDAO", "twitter": null, "proposalsCount": 2, "votesCount": 3, "followersCount": 2, "website": null}, {"id": "chicagodao.eth", "name": "ChicagoDAO", "twitter": "chicagodao_io", "proposalsCount": 9, "votesCount": 31, "followersCount": 8, "website": "https://chicagodao.io/"}, {"id": "chiemarzo.eth", "name": "New", "twitter": null, "proposalsCount": 2, "votesCount": 1, "followersCount": 2, "website": null}, {"id": "chigrash.eth", "name": "Chigrash protocol", "twitter": null, "proposalsCount": 7, "votesCount": 14, "followersCount": 10, "website": null}, {"id": "china007.shanghai007.eth", "name": "\u52a0\u5bc6\u9a9a\u732a", "twitter": null, "proposalsCount": 17, "votesCount": 101, "followersCount": 22, "website": null}, {"id": "chinafund.eth", "name": "chinafund", "twitter": null, "proposalsCount": 7, "votesCount": 18, "followersCount": 10, "website": "https://snapshot.org/#/setup/profile/chinafund.eth"}, {"id": "chinagroup.eth", "name": "ethsign", "twitter": null, "proposalsCount": 6, "votesCount": 24, "followersCount": 10, "website": "https://snapshot.org/#/setup/profile/chinagroup.eth"}, {"id": "chinatesla.eth", "name": "chinaDao", "twitter": null, "proposalsCount": 3, "votesCount": 4, "followersCount": 0, "website": null}, {"id": "chineseceramics.eth", "name": "ZDXFC", "twitter": null, "proposalsCount": 2, "votesCount": 2, "followersCount": 0, "website": null}, {"id": "chiniushi.eth", "name": "chiniushi network", "twitter": null, "proposalsCount": 1, "votesCount": 1, "followersCount": 0, "website": null}, {"id": "chiphell.eth", "name": "Degen Dao", "twitter": null, "proposalsCount": 1, "votesCount": 1, "followersCount": 0, "website": null}, {"id": "chloebuzz.eth", "name": "chloebuzz", "twitter": null, "proposalsCount": 2, "votesCount": 3, "followersCount": 1, "website": null}, {"id": "chocolatefinancial.eth", "name": "Chocolate Financial", "twitter": null, "proposalsCount": 0, "votesCount": 0, "followersCount": 0, "website": null}, {"id": "choucow.eth", "name": "synDAO", "twitter": null, "proposalsCount": 1, "votesCount": 5, "followersCount": 5, "website": null}]