[{"id": "oinajana.eth", "name": "yamn", "twitter": null, "proposalsCount": 1, "votesCount": 3, "followersCount": 1, "website": null}, {"id": "oissai.eth", "name": "test", "twitter": null, "proposalsCount": 32, "votesCount": 37, "followersCount": 4, "website": null}, {"id": "okay123.eth", "name": "9cf3", "twitter": null, "proposalsCount": 1, "votesCount": 1, "followersCount": 0, "website": null}, {"id": "okhotkinnn.eth", "name": "Okhotkin", "twitter": "okhotkinnn", "proposalsCount": 1, "votesCount": 1, "followersCount": 1, "website": null}, {"id": "okoronkvo.eth", "name": "Isaacs Chamber", "twitter": null, "proposalsCount": 2, "votesCount": 2, "followersCount": 2, "website": null}, {"id": "olacrypto.eth", "name": "Cryptodon", "twitter": null, "proposalsCount": 0, "votesCount": 0, "followersCount": 1, "website": null}, {"id": "oldandbroke.eth", "name": "oldandbroke network", "twitter": null, "proposalsCount": 2, "votesCount": 2, "followersCount": 1, "website": null}, {"id": "oldspice\ud83e\uddf4.eth", "name": "Oldspice", "twitter": null, "proposalsCount": 1, "votesCount": 1, "followersCount": 1, "website": null}, {"id": "olegomuha.eth", "name": "Muha Leha OLEGO", "twitter": null, "proposalsCount": 2, "votesCount": 11, "followersCount": 10, "website": null}, {"id": "olenevod.eth", "name": "Olenevod family", "twitter": null, "proposalsCount": 7, "votesCount": 15, "followersCount": 12, "website": null}, {"id": "olier.eth", "name": "adas123456", "twitter": null, "proposalsCount": 1, "votesCount": 1, "followersCount": 1, "website": null}, {"id": "oliko.eth", "name": "Oli chat", "twitter": null, "proposalsCount": 5, "votesCount": 14, "followersCount": 10, "website": null}, {"id": "oliopasta.eth", "name": "Oliopasta Vote Game", "twitter": null, "proposalsCount": 25, "votesCount": 124, "followersCount": 101, "website": null}, {"id": "oliverz.eth", "name": "Pro-Crypto", "twitter": null, "proposalsCount": 0, "votesCount": 0, "followersCount": 1, "website": null}, {"id": "olivier1977.eth", "name": "Olivier1977", "twitter": null, "proposalsCount": 1, "votesCount": 0, "followersCount": 0, "website": null}, {"id": "ollll.eth", "name": "CCC", "twitter": null, "proposalsCount": 1, "votesCount": 13, "followersCount": 1, "website": null}, {"id": "omegacollective.eth", "name": "OMEGA COLLECTIVE", "twitter": null, "proposalsCount": 0, "votesCount": 0, "followersCount": 3, "website": null}, {"id": "omgcaps.eth", "name": "OMG", "twitter": null, "proposalsCount": 1, "votesCount": 0, "followersCount": 2, "website": null}, {"id": "omnirabbitdao.eth", "name": "omnirabbitdao", "twitter": "OmniRabbit", "proposalsCount": 11, "votesCount": 120, "followersCount": 9, "website": null}, {"id": "omnisccan.eth", "name": "Shuvoahmed", "twitter": "Onlineairdropp", "proposalsCount": 1, "votesCount": 4, "followersCount": 6, "website": null}]