[{"id": "thesymmetrical.eth", "name": "The Symmetrical", "twitter": "thesymmetrical", "proposalsCount": 27, "votesCount": 205, "followersCount": 31, "website": "https://www.thesymmetrical.org/"}, {"id": "hamachigovernance.eth", "name": "Hamachi Finance", "twitter": "hamachifinance", "proposalsCount": 7, "votesCount": 139, "followersCount": 116, "website": "https://hamachi.finance"}, {"id": "teenrebelapeclub.eth", "name": "TRAC Student Council", "twitter": "TeenRebelApe", "proposalsCount": 11, "votesCount": 226, "followersCount": 25, "website": null}, {"id": "amplesense", "name": "AmpleSense", "twitter": null, "proposalsCount": 4, "votesCount": 208, "followersCount": 49, "website": null}, {"id": "chibidao.eth", "name": "Chibi Labs DAO", "twitter": "ChibiLabs", "proposalsCount": 6, "votesCount": 233, "followersCount": 22, "website": null}, {"id": "aspindarkfire.eth", "name": "Oh Canada Eh", "twitter": "ohcaneh", "proposalsCount": 3, "votesCount": 254, "followersCount": 4, "website": "https://discord.gg/bvpT9vrw"}, {"id": "nft11official.eth", "name": "NFT11 Premier DAO", "twitter": null, "proposalsCount": 2, "votesCount": 256, "followersCount": 3, "website": "https://nft11.io/"}, {"id": "cybertime.eth", "name": "CyberTime Finance", "twitter": "cybertime_eth", "proposalsCount": 15, "votesCount": 243, "followersCount": 2, "website": null}, {"id": "jay3.eth", "name": "j3snap", "twitter": null, "proposalsCount": 2, "votesCount": 255, "followersCount": 3, "website": null}, {"id": "manvinder.eth", "name": "Time Traveler's Community ", "twitter": null, "proposalsCount": 3, "votesCount": 171, "followersCount": 85, "website": null}, {"id": "thekapitaldao.eth", "name": "Kapital DAO", "twitter": "kapitaldao", "proposalsCount": 6, "votesCount": 157, "followersCount": 96, "website": "https://kapital.gg"}, {"id": "shinedao.eth", "name": "ShineDAO", "twitter": "ShineDAO_", "proposalsCount": 20, "votesCount": 216, "followersCount": 22, "website": "https://www.shinedao.finance/"}, {"id": "bsc.freesubs.eth", "name": "BSCDAO", "twitter": null, "proposalsCount": 4, "votesCount": 2, "followersCount": 2, "website": null}, {"id": "dividao.eth", "name": "Divi DAO", "twitter": "diviproject", "proposalsCount": 9, "votesCount": 177, "followersCount": 72, "website": "https://diviproject.org"}, {"id": "creditum.eth", "name": "Creditum Finance", "twitter": "RevenantFinance", "proposalsCount": 7, "votesCount": 228, "followersCount": 23, "website": "https://revenantlabs.io/creditum"}, {"id": "metadexens.eth", "name": "MetaDex", "twitter": "metadexdao", "proposalsCount": 7, "votesCount": 224, "followersCount": 26, "website": "https://metadex.io/"}, {"id": "bracebridgecapital.eth", "name": "bracebridgecapital", "twitter": null, "proposalsCount": 2, "votesCount": 253, "followersCount": 2, "website": null}, {"id": "dongdo.eth", "name": "Labdao", "twitter": null, "proposalsCount": 13, "votesCount": 223, "followersCount": 21, "website": null}, {"id": "golff", "name": "Golff Finance", "twitter": null, "proposalsCount": 32, "votesCount": 222, "followersCount": 3, "website": null}, {"id": "myzealit.eth", "name": "myzealit", "twitter": null, "proposalsCount": 1, "votesCount": 254, "followersCount": 2, "website": null}]