[{"id": "mucheng.eth", "name": "mucheng", "twitter": null, "proposalsCount": 1, "votesCount": 2, "followersCount": 3, "website": null}, {"id": "mylittlenameservice.eth", "name": "MLNS", "twitter": null, "proposalsCount": 2, "votesCount": 4, "followersCount": 0, "website": null}, {"id": "mysticcollective.eth", "name": "Mystic Collective", "twitter": null, "proposalsCount": 2, "votesCount": 0, "followersCount": 4, "website": null}, {"id": "nameclub.eth", "name": "Name Club", "twitter": null, "proposalsCount": 0, "votesCount": 0, "followersCount": 6, "website": "https://nameclub.biz"}, {"id": "nami.eth", "name": "Nami Shah", "twitter": "nami_sh", "proposalsCount": 1, "votesCount": 1, "followersCount": 4, "website": null}, {"id": "nba62.eth", "name": "Blala", "twitter": null, "proposalsCount": 2, "votesCount": 2, "followersCount": 2, "website": null}, {"id": "neko2.eth", "name": "neko2", "twitter": null, "proposalsCount": 3, "votesCount": 0, "followersCount": 3, "website": null}, {"id": "neosdao.eth", "name": "Neos DAO", "twitter": "neos_vr", "proposalsCount": 0, "votesCount": 0, "followersCount": 6, "website": null}, {"id": "nftcoop.eth", "name": "NFTCoop.io", "twitter": "Nftcoop_io", "proposalsCount": 1, "votesCount": 2, "followersCount": 3, "website": "https://www.nftcoop.io"}, {"id": "nftut.eth", "name": "NFTUT Labs", "twitter": "fuckfi886", "proposalsCount": 2, "votesCount": 4, "followersCount": 0, "website": null}, {"id": "nicetry.eth", "name": "\u0e40\u0e25\u0e37\u0e2d\u0e01\u0e15\u0e31\u0e49\u0e07\u0e1b\u0e23\u0e30\u0e40\u0e17\u0e28\u0e44\u0e17\u0e22", "twitter": null, "proposalsCount": 2, "votesCount": 0, "followersCount": 4, "website": null}, {"id": "nikalex.eth", "name": "nikandalex", "twitter": null, "proposalsCount": 4, "votesCount": 0, "followersCount": 2, "website": null}, {"id": "nini.nikonikoni.eth", "name": "kil", "twitter": null, "proposalsCount": 0, "votesCount": 0, "followersCount": 6, "website": null}, {"id": "nyolingsdao.eth", "name": "Nyolings family DAO", "twitter": null, "proposalsCount": 1, "votesCount": 3, "followersCount": 2, "website": null}, {"id": "okexc2c.eth", "name": "ATH AirDrop", "twitter": null, "proposalsCount": 1, "votesCount": 1, "followersCount": 4, "website": null}, {"id": "okfine.eth", "name": "okfinedao", "twitter": null, "proposalsCount": 2, "votesCount": 0, "followersCount": 4, "website": null}, {"id": "omigod.eth", "name": "OMI DAO", "twitter": null, "proposalsCount": 2, "votesCount": 2, "followersCount": 2, "website": null}, {"id": "ornis.eth", "name": "Linea", "twitter": null, "proposalsCount": 1, "votesCount": 1, "followersCount": 4, "website": null}, {"id": "pixsoul.eth", "name": "SBDAO", "twitter": null, "proposalsCount": 2, "votesCount": 4, "followersCount": 0, "website": null}, {"id": "planbdao.eth", "name": "PlanB DAO", "twitter": "PlanBDAO", "proposalsCount": 0, "votesCount": 0, "followersCount": 6, "website": "https://www.planbdao.com/"}]