[{"id": "starknet2023.eth", "name": "starknet2023", "twitter": null, "proposalsCount": 1, "votesCount": 1, "followersCount": 0, "website": null}, {"id": "tammya.eth", "name": "ssw", "twitter": null, "proposalsCount": 1, "votesCount": 1, "followersCount": 0, "website": null}, {"id": "threeam.eth", "name": "3am", "twitter": null, "proposalsCount": 1, "votesCount": 1, "followersCount": 0, "website": null}, {"id": "tracyi.eth", "name": "anay", "twitter": null, "proposalsCount": 1, "votesCount": 1, "followersCount": 0, "website": null}, {"id": "traveltriangle.eth", "name": "Traveltriangle", "twitter": null, "proposalsCount": 1, "votesCount": 1, "followersCount": 0, "website": null}, {"id": "trinhthanhbinh.eth", "name": "ethw", "twitter": null, "proposalsCount": 0, "votesCount": 0, "followersCount": 2, "website": null}, {"id": "trueeth.eth", "name": "AMir", "twitter": "amiro_ir", "proposalsCount": 0, "votesCount": 0, "followersCount": 2, "website": null}, {"id": "ulysseser.eth", "name": "ulysseser", "twitter": null, "proposalsCount": 1, "votesCount": 1, "followersCount": 0, "website": null}, {"id": "uptona.eth", "name": "zsds", "twitter": null, "proposalsCount": 1, "votesCount": 1, "followersCount": 0, "website": null}, {"id": "vatik.eth", "name": "Vatik DAO", "twitter": null, "proposalsCount": 1, "votesCount": 1, "followersCount": 0, "website": null}, {"id": "vcdfg.eth", "name": "Venus", "twitter": null, "proposalsCount": 1, "votesCount": 1, "followersCount": 0, "website": null}, {"id": "vxsdf.eth", "name": "fghft", "twitter": null, "proposalsCount": 1, "votesCount": 1, "followersCount": 0, "website": null}, {"id": "watermaloney.eth", "name": "WATER MALONE", "twitter": null, "proposalsCount": 1, "votesCount": 1, "followersCount": 0, "website": null}, {"id": "weloveguac.eth", "name": "The Blue Chips", "twitter": "justbluechips", "proposalsCount": 6, "votesCount": 82, "followersCount": 14, "website": "http://weloveguac.org"}, {"id": "wopsm.eth", "name": "opsa", "twitter": null, "proposalsCount": 1, "votesCount": 1, "followersCount": 0, "website": null}, {"id": "xcfgfgh.eth", "name": "dfgdf", "twitter": null, "proposalsCount": 1, "votesCount": 1, "followersCount": 0, "website": null}, {"id": "xzw888.eth", "name": "new", "twitter": null, "proposalsCount": 0, "votesCount": 0, "followersCount": 2, "website": null}, {"id": "yao555.eth", "name": "sdwyxj", "twitter": null, "proposalsCount": 1, "votesCount": 1, "followersCount": 0, "website": null}, {"id": "yixiao99.eth", "name": "\u91cd\u5e86985", "twitter": null, "proposalsCount": 1, "votesCount": 1, "followersCount": 0, "website": null}, {"id": "youageyouage.eth", "name": "maimoa", "twitter": null, "proposalsCount": 1, "votesCount": 1, "followersCount": 0, "website": null}]