[{"id": "050207.eth", "name": "050207 ", "twitter": null, "proposalsCount": 6, "votesCount": 33, "followersCount": 8, "website": null}, {"id": "clubraredao.eth", "name": "ClubRare DAO", "twitter": "clubrare_nft", "proposalsCount": 1, "votesCount": 19, "followersCount": 27, "website": "https://agov.clubrare.xyz"}, {"id": "elpisbattle.eth", "name": "Elpis Battle DAO", "twitter": "ElpisBattle", "proposalsCount": 2, "votesCount": 40, "followersCount": 5, "website": "https://elpis.game/"}, {"id": "gumpdao.eth", "name": "GumpDAO", "twitter": "gumpdao", "proposalsCount": 5, "votesCount": 23, "followersCount": 19, "website": "https://gumpdao.org"}, {"id": "nobibi.eth", "name": "babylon Dao", "twitter": null, "proposalsCount": 7, "votesCount": 22, "followersCount": 18, "website": null}, {"id": "pelosi69capital.eth", "name": "Pelosi Capital", "twitter": null, "proposalsCount": 33, "votesCount": 12, "followersCount": 2, "website": null}, {"id": "786543.eth", "name": "786543DAO", "twitter": null, "proposalsCount": 11, "votesCount": 33, "followersCount": 3, "website": null}, {"id": "avyc.eth", "name": "AV Yacht Club", "twitter": "avycnft", "proposalsCount": 0, "votesCount": 0, "followersCount": 47, "website": null}, {"id": "constitutionbridge.eth", "name": "ConstitutionDAO", "twitter": "constitutionDAO", "proposalsCount": 1, "votesCount": 2, "followersCount": 44, "website": null}, {"id": "dogown.eth", "name": "Dog Owner", "twitter": "DogOwnerBSC", "proposalsCount": 2, "votesCount": 42, "followersCount": 3, "website": null}, {"id": "dougrosman.eth", "name": "AbunDAO", "twitter": null, "proposalsCount": 8, "votesCount": 22, "followersCount": 17, "website": null}, {"id": "eglvote.eth", "name": "EGL Vote", "twitter": "ETH_EGL", "proposalsCount": 1, "votesCount": 10, "followersCount": 36, "website": null}, {"id": "ensway.eth", "name": "Web3People", "twitter": null, "proposalsCount": 2, "votesCount": 20, "followersCount": 25, "website": null}, {"id": "hanlei.eth", "name": "hanlei", "twitter": "hanleiwowo", "proposalsCount": 4, "votesCount": 42, "followersCount": 1, "website": null}, {"id": "massnomis.eth", "name": "21Fi", "twitter": null, "proposalsCount": 17, "votesCount": 29, "followersCount": 1, "website": null}, {"id": "nestprotocols.eth", "name": "NEST", "twitter": null, "proposalsCount": 5, "votesCount": 30, "followersCount": 12, "website": null}, {"id": "spaceboysnft.eth", "name": "SpaceBoysNFT", "twitter": null, "proposalsCount": 2, "votesCount": 42, "followersCount": 3, "website": null}, {"id": "starkwar.eth", "name": "starkwar", "twitter": null, "proposalsCount": 1, "votesCount": 5, "followersCount": 41, "website": null}, {"id": "tanqijuan.eth", "name": "tanqijuandao", "twitter": null, "proposalsCount": 1, "votesCount": 21, "followersCount": 25, "website": null}, {"id": "tntcl.eth", "name": "Tentacle.Finance", "twitter": null, "proposalsCount": 3, "votesCount": 3, "followersCount": 41, "website": null}]