[{"id": "bigshrimp.eth", "name": "BigShrimp", "twitter": null, "proposalsCount": 5, "votesCount": 16, "followersCount": 13, "website": null}, {"id": "bscpad.eth", "name": "bscpad", "twitter": null, "proposalsCount": 3, "votesCount": 20, "followersCount": 11, "website": null}, {"id": "caldron.eth", "name": "Caldron-rinkeby", "twitter": null, "proposalsCount": 25, "votesCount": 7, "followersCount": 2, "website": null}, {"id": "carboncommons.earthfund.eth", "name": "Carbon Commons", "twitter": "cdr_dao", "proposalsCount": 2, "votesCount": 27, "followersCount": 5, "website": "https://carboncommons.earthfund.io/"}, {"id": "cargroup.eth", "name": "cargroup", "twitter": null, "proposalsCount": 3, "votesCount": 26, "followersCount": 5, "website": null}, {"id": "changmen.eth", "name": "Lazarus' resurrection", "twitter": null, "proposalsCount": 11, "votesCount": 21, "followersCount": 2, "website": null}, {"id": "civ.eth", "name": "Civ.Eth", "twitter": null, "proposalsCount": 1, "votesCount": 32, "followersCount": 1, "website": null}, {"id": "cryptobrelgin.eth", "name": "Crypto Brelgin", "twitter": "rroydds", "proposalsCount": 9, "votesCount": 11, "followersCount": 14, "website": "https://t.me/cryptobrelgin"}, {"id": "dappchaser.eth", "name": "DAppChaser", "twitter": "dappchaser", "proposalsCount": 5, "votesCount": 22, "followersCount": 7, "website": null}, {"id": "hughesliu.eth", "name": "Hughes Liu", "twitter": null, "proposalsCount": 1, "votesCount": 13, "followersCount": 20, "website": null}, {"id": "indexvotes.eth", "name": "nftindex.tech", "twitter": null, "proposalsCount": 3, "votesCount": 26, "followersCount": 5, "website": null}, {"id": "irstha.eth", "name": "Irstha", "twitter": "IrsthaEth", "proposalsCount": 14, "votesCount": 14, "followersCount": 6, "website": null}, {"id": "mrdonuts.eth", "name": "\u533b\u52d9\u5ba4 -Potion Room-", "twitter": "WinstonDreamer", "proposalsCount": 3, "votesCount": 25, "followersCount": 6, "website": "https://home-wearable-donuts.notion.site/X-Potion-9614ee113a8b4cc7a4fa421a8e93c384"}, {"id": "qilinprotocol.eth", "name": "Qilin", "twitter": "QilinProtocol", "proposalsCount": 0, "votesCount": 0, "followersCount": 34, "website": "https://qilin.fi/"}, {"id": "shibonkdao.eth", "name": "Shibonk DAO", "twitter": "SHIBONKSOL", "proposalsCount": 7, "votesCount": 14, "followersCount": 13, "website": "https://shibonkcoin.com/"}, {"id": "utopia42.eth", "name": "Utopia42", "twitter": "Utopia42C", "proposalsCount": 6, "votesCount": 14, "followersCount": 14, "website": null}, {"id": "wse.eth", "name": "WhiteSwap", "twitter": null, "proposalsCount": 7, "votesCount": 22, "followersCount": 5, "website": null}, {"id": "82828.eth", "name": "82828DAO", "twitter": null, "proposalsCount": 3, "votesCount": 18, "followersCount": 13, "website": null}, {"id": "afrofuture.eth", "name": "AfrofutureDAO", "twitter": null, "proposalsCount": 2, "votesCount": 17, "followersCount": 15, "website": null}, {"id": "alpha-bsc", "name": "Alpha Finance (BSC)", "twitter": null, "proposalsCount": 1, "votesCount": 11, "followersCount": 22, "website": null}]