[{"id": "lenarval.eth", "name": "lenarick@morty/", "twitter": null, "proposalsCount": 1, "votesCount": 1, "followersCount": 1, "website": null}, {"id": "lens.jefee.eth", "name": "Lens survey", "twitter": null, "proposalsCount": 0, "votesCount": 0, "followersCount": 3, "website": null}, {"id": "letbe.eth", "name": "letbe", "twitter": null, "proposalsCount": 1, "votesCount": 1, "followersCount": 1, "website": null}, {"id": "liangsai.eth", "name": "705faysad", "twitter": null, "proposalsCount": 0, "votesCount": 0, "followersCount": 3, "website": null}, {"id": "licai888.eth", "name": "88621", "twitter": null, "proposalsCount": 1, "votesCount": 1, "followersCount": 1, "website": null}, {"id": "lingshop.eth", "name": "11", "twitter": null, "proposalsCount": 1, "votesCount": 1, "followersCount": 1, "website": null}, {"id": "livealway.eth", "name": "livealDAO", "twitter": null, "proposalsCount": 1, "votesCount": 1, "followersCount": 1, "website": null}, {"id": "logidao.eth", "name": "LEIDIAN", "twitter": null, "proposalsCount": 1, "votesCount": 1, "followersCount": 1, "website": null}, {"id": "long001.eth", "name": "longjing", "twitter": null, "proposalsCount": 1, "votesCount": 1, "followersCount": 1, "website": null}, {"id": "luciena.eth", "name": "dui", "twitter": null, "proposalsCount": 1, "votesCount": 1, "followersCount": 1, "website": null}, {"id": "luckybro.eth", "name": "lucky value", "twitter": null, "proposalsCount": 38, "votesCount": 72, "followersCount": 43, "website": null}, {"id": "macinar.eth", "name": "sd", "twitter": null, "proposalsCount": 1, "votesCount": 1, "followersCount": 1, "website": null}, {"id": "magictavern.eth", "name": "212", "twitter": null, "proposalsCount": 1, "votesCount": 1, "followersCount": 1, "website": null}, {"id": "marihurry.eth", "name": "mar", "twitter": null, "proposalsCount": 1, "votesCount": 1, "followersCount": 1, "website": null}, {"id": "maxsubaev.eth", "name": "Maxik", "twitter": null, "proposalsCount": 1, "votesCount": 1, "followersCount": 1, "website": null}, {"id": "minat.eth", "name": "\u6bcf\u5468\u884c\u60c5\u9884\u6d4b", "twitter": null, "proposalsCount": 1, "votesCount": 1, "followersCount": 1, "website": null}, {"id": "mingjp.eth", "name": "mingjp", "twitter": null, "proposalsCount": 1, "votesCount": 1, "followersCount": 1, "website": null}, {"id": "miriama.eth", "name": "chun", "twitter": null, "proposalsCount": 1, "votesCount": 1, "followersCount": 1, "website": null}, {"id": "mjie398.eth", "name": "mjie", "twitter": null, "proposalsCount": 1, "votesCount": 1, "followersCount": 1, "website": null}, {"id": "mohammadgh.eth", "name": "armin", "twitter": null, "proposalsCount": 1, "votesCount": 1, "followersCount": 1, "website": null}]