[{"id": "chatpuppy.eth", "name": "ChatPuppy", "twitter": "chatpuppynft", "proposalsCount": 1, "votesCount": 104, "followersCount": 62, "website": null}, {"id": "iotexshiba.io", "name": "IoTexShiba", "twitter": "IoTexShiba", "proposalsCount": 0, "votesCount": 0, "followersCount": 17, "website": "https://www.iotexshiba.io/"}, {"id": "polygaj.eth", "name": "Gaj Finance", "twitter": "polygaj", "proposalsCount": 15, "votesCount": 144, "followersCount": 8, "website": null}, {"id": "richsadcat.eth", "name": "Rich Sad Cat", "twitter": "richsadcatnft", "proposalsCount": 1, "votesCount": 158, "followersCount": 7, "website": null}, {"id": "bossbunniesnft.eth", "name": "Boss Bunnies NFT", "twitter": "BossBunniesNFT", "proposalsCount": 3, "votesCount": 148, "followersCount": 15, "website": null}, {"id": "corruptions.eth", "name": "Corruptions", "twitter": null, "proposalsCount": 1, "votesCount": 138, "followersCount": 27, "website": null}, {"id": "voltswap.eth", "name": "VoltSwap DAO", "twitter": null, "proposalsCount": 24, "votesCount": 115, "followersCount": 27, "website": null}, {"id": "orbitalswap.eth", "name": "OrbitalSwap", "twitter": null, "proposalsCount": 2, "votesCount": 156, "followersCount": 7, "website": "https://orbitalswap.com"}, {"id": "ox1845.eth", "name": "\u5173\u4e8e\u7a7a\u6295\u7684\u91ca\u653e", "twitter": null, "proposalsCount": 9, "votesCount": 147, "followersCount": 9, "website": null}, {"id": "0xmccree.eth", "name": "AirLabs", "twitter": null, "proposalsCount": 31, "votesCount": 31, "followersCount": 53, "website": null}, {"id": "heavin.eth", "name": "DandurandJimmie CLUB", "twitter": null, "proposalsCount": 15, "votesCount": 132, "followersCount": 18, "website": null}, {"id": "zolaecosystem.eth", "name": "Zola DAO", "twitter": "ZolaEcosystem", "proposalsCount": 0, "votesCount": 0, "followersCount": 115, "website": "https://zolacoin.com/"}, {"id": "bossdao.wiedzmin.eth", "name": "Link3 fanaty", "twitter": null, "proposalsCount": 49, "votesCount": 92, "followersCount": 23, "website": null}, {"id": "bruhpillsdao.eth", "name": "Bruh Pills DAO", "twitter": "pills_bruh", "proposalsCount": 4, "votesCount": 133, "followersCount": 27, "website": "https://www.bruhpills.com/"}, {"id": "finsbeachbar.eth", "name": "Fin's Beach Bar", "twitter": "finsbeachbar", "proposalsCount": 3, "votesCount": 86, "followersCount": 75, "website": "http://www.fins.wtf"}, {"id": "fotfdao.eth", "name": "Fury of the Fur", "twitter": "furyofthefurnft", "proposalsCount": 7, "votesCount": 148, "followersCount": 9, "website": "https://furyofthefur.com"}, {"id": "zksync\u64b8\u5b83500\u4e07.eth", "name": "crypto", "twitter": null, "proposalsCount": 3, "votesCount": 4, "followersCount": 7, "website": null}, {"id": "676660.eth", "name": "Linea Testnet", "twitter": null, "proposalsCount": 1, "votesCount": 1, "followersCount": 12, "website": null}, {"id": "vote.metricsdao.eth", "name": "MetricsDAO Governor Vote", "twitter": "MetricsDAO", "proposalsCount": 15, "votesCount": 133, "followersCount": 16, "website": "https://metricsdao.xyz/"}, {"id": "guildw.eth", "name": "Guild W", "twitter": "marrowdao", "proposalsCount": 7, "votesCount": 128, "followersCount": 28, "website": null}]