[{"id": "eghbal88.eth", "name": "eghbal", "twitter": null, "proposalsCount": 0, "votesCount": 0, "followersCount": 1, "website": null}, {"id": "egorik.eth", "name": "dwd", "twitter": null, "proposalsCount": 1, "votesCount": 1, "followersCount": 0, "website": null}, {"id": "eigenlayers.eth", "name": "Eigenlayers", "twitter": null, "proposalsCount": 1, "votesCount": 1, "followersCount": 3, "website": null}, {"id": "eigh8t.eth", "name": "eigh8cc", "twitter": null, "proposalsCount": 1, "votesCount": 2, "followersCount": 1, "website": null}, {"id": "eight8888888.eight8888888.eth", "name": "8", "twitter": null, "proposalsCount": 1, "votesCount": 1, "followersCount": 1, "website": null}, {"id": "eip1234.eth", "name": "eip1234", "twitter": "keduoshou007", "proposalsCount": 1, "votesCount": 9, "followersCount": 9, "website": null}, {"id": "ekophilic.eth", "name": "EKOPHILIC", "twitter": "ekophilic", "proposalsCount": 0, "votesCount": 0, "followersCount": 1, "website": "https://ekophilic.quest"}, {"id": "elbertxu.eth", "name": "elbertxu", "twitter": null, "proposalsCount": 1, "votesCount": 1, "followersCount": 2, "website": null}, {"id": "elcontador.eth", "name": "Test", "twitter": null, "proposalsCount": 0, "votesCount": 0, "followersCount": 0, "website": null}, {"id": "electrodeless.eth", "name": "Electrodeless DAO", "twitter": null, "proposalsCount": 1, "votesCount": 1, "followersCount": 1, "website": null}, {"id": "elementinu.eth", "name": "ElementInu", "twitter": "elementinu", "proposalsCount": 0, "votesCount": 0, "followersCount": 3, "website": "https://www.elementinu.com/"}, {"id": "elementnft.eth", "name": "elementnft", "twitter": null, "proposalsCount": 1, "votesCount": 8, "followersCount": 8, "website": null}, {"id": "elementz.eth", "name": "elementz network", "twitter": "elementz01", "proposalsCount": 3, "votesCount": 4, "followersCount": 1, "website": null}, {"id": "elemintsclub.eth", "name": "elemints.club", "twitter": "elemintsclub", "proposalsCount": 0, "votesCount": 0, "followersCount": 4, "website": "https://elemints.club"}, {"id": "elen30.eth", "name": "yam yam", "twitter": null, "proposalsCount": 2, "votesCount": 2, "followersCount": 1, "website": null}, {"id": "elephon.eth", "name": "Elephont Dive.", "twitter": null, "proposalsCount": 1, "votesCount": 2, "followersCount": 1, "website": null}, {"id": "elger.eth", "name": "Ravi", "twitter": null, "proposalsCount": 0, "votesCount": 0, "followersCount": 1, "website": null}, {"id": "elijahmadonia.eth", "name": "Elijah's Test", "twitter": null, "proposalsCount": 1, "votesCount": 0, "followersCount": 1, "website": null}, {"id": "eliteapeshk.eth", "name": "Elite Apes HK ", "twitter": "EliteApesHK", "proposalsCount": 0, "votesCount": 0, "followersCount": 34, "website": "https://www.baychk.org/en/home/"}, {"id": "elkeson.eth", "name": "Elkeson", "twitter": null, "proposalsCount": 0, "votesCount": 0, "followersCount": 1, "website": null}]