[{"id": "clurbcapital.eth", "name": "Clurb DAO", "twitter": "clurbcapital", "proposalsCount": 5, "votesCount": 0, "followersCount": 4, "website": null}, {"id": "col4bs.eth", "name": "COL4BS", "twitter": "col4bs", "proposalsCount": 3, "votesCount": 0, "followersCount": 6, "website": "https://col4bs.com"}, {"id": "cronoskingdom.eth", "name": "Cronos Kingdom", "twitter": "CronosKingdom", "proposalsCount": 1, "votesCount": 4, "followersCount": 4, "website": "https://www.cronoskingdom.com"}, {"id": "cryptokekbsc.eth", "name": "Cryptokek.com - BSC Depreciated", "twitter": "kektoken", "proposalsCount": 1, "votesCount": 8, "followersCount": 0, "website": null}, {"id": "cryptolol.eth", "name": "shitcoiners", "twitter": null, "proposalsCount": 2, "votesCount": 3, "followersCount": 4, "website": null}, {"id": "cryptonimals.eth", "name": "Cryptonimals DAO", "twitter": "cryptonimals", "proposalsCount": 1, "votesCount": 4, "followersCount": 4, "website": null}, {"id": "cryptorare21.eth", "name": "CryptoRare-Test-Snapshot", "twitter": null, "proposalsCount": 1, "votesCount": 0, "followersCount": 8, "website": null}, {"id": "cubandogedao.eth", "name": "CubanDoge DAO", "twitter": "CubanDogeNFT", "proposalsCount": 0, "votesCount": 0, "followersCount": 9, "website": null}, {"id": "cupdao.eth", "name": "\u5e72 DAO", "twitter": null, "proposalsCount": 2, "votesCount": 6, "followersCount": 1, "website": null}, {"id": "czsbf.eth", "name": "czsbfDAO", "twitter": null, "proposalsCount": 4, "votesCount": 2, "followersCount": 3, "website": null}, {"id": "daniell-mesquita-xdai", "name": "Daniell Mesquita - L2 (XDAI)", "twitter": null, "proposalsCount": 1, "votesCount": 5, "followersCount": 3, "website": null}, {"id": "deathpunk.eth", "name": "DEATH PUNK ", "twitter": "_death_punk", "proposalsCount": 1, "votesCount": 0, "followersCount": 8, "website": null}, {"id": "degen24.eth", "name": "degen", "twitter": null, "proposalsCount": 2, "votesCount": 1, "followersCount": 6, "website": null}, {"id": "dmcdao.eth", "name": "Dance Music Chain", "twitter": null, "proposalsCount": 0, "votesCount": 0, "followersCount": 9, "website": null}, {"id": "dogetomoon.eth", "name": "NFT Labs", "twitter": null, "proposalsCount": 4, "votesCount": 1, "followersCount": 4, "website": null}, {"id": "equalitytokyo.eth", "name": "Equality", "twitter": null, "proposalsCount": 2, "votesCount": 3, "followersCount": 4, "website": null}, {"id": "ethbitcoin.eth", "name": "bitcoinsky", "twitter": null, "proposalsCount": 3, "votesCount": 1, "followersCount": 5, "website": null}, {"id": "evolutionlanddawning.eth", "name": "Evolution Land Dawning", "twitter": null, "proposalsCount": 0, "votesCount": 0, "followersCount": 9, "website": null}, {"id": "fucker3.eth", "name": "fucker3", "twitter": "ElaineT20219213", "proposalsCount": 2, "votesCount": 6, "followersCount": 1, "website": "https://twitter.com/ElaineT20219213"}, {"id": "gaindao.eth", "name": "Gain DAO", "twitter": "gaindao", "proposalsCount": 1, "votesCount": 3, "followersCount": 5, "website": null}]