[{"id": "shrimpfund.eth", "name": "Shrimp DAO", "twitter": null, "proposalsCount": 126, "votesCount": 8257, "followersCount": 504, "website": null}, {"id": "derify.eth", "name": "Derify Protocol", "twitter": "DerifyProtocol", "proposalsCount": 36, "votesCount": 6999, "followersCount": 1831, "website": "https://derify.finance/"}, {"id": "launchdao.eth", "name": "LaunchDAO (Panther Protocol)", "twitter": "ZKPanther", "proposalsCount": 3, "votesCount": 6824, "followersCount": 2018, "website": "https://docs.pantherprotocol.io/launchdao/"}, {"id": "faye5.eth", "name": "ghahfa", "twitter": null, "proposalsCount": 34, "votesCount": 103, "followersCount": 37, "website": null}, {"id": "tcgverse.eth", "name": "TCGC DAO", "twitter": "tcgverse", "proposalsCount": 35, "votesCount": 2240, "followersCount": 365, "website": "https://tcgverse.xyz/"}, {"id": "julswap.eth", "name": "JulSwap", "twitter": null, "proposalsCount": 73, "votesCount": 8532, "followersCount": 43, "website": null}, {"id": "fuse.eth", "name": "Rari Capital DAO", "twitter": "", "proposalsCount": 314, "votesCount": 4382, "followersCount": 3944, "website": null}, {"id": "undeadpastelnft.eth", "name": "Undead Pastel Club", "twitter": "UndeadPastelNFT", "proposalsCount": 21, "votesCount": 8174, "followersCount": 386, "website": null}, {"id": "dolly2.eth", "name": "sfasfa", "twitter": null, "proposalsCount": 32, "votesCount": 100, "followersCount": 37, "website": null}, {"id": "imeihua.eth", "name": "oooltrbed", "twitter": null, "proposalsCount": 32, "votesCount": 103, "followersCount": 34, "website": null}, {"id": "babydogevote.eth", "name": "Baby Doge", "twitter": "babydogecoin", "proposalsCount": 38, "votesCount": 7119, "followersCount": 816, "website": "https://babydoge.com"}, {"id": "githa1.eth", "name": "ghshsfa", "twitter": null, "proposalsCount": 32, "votesCount": 101, "followersCount": 34, "website": null}, {"id": "linnea9.eth", "name": "gsjajf", "twitter": null, "proposalsCount": 32, "votesCount": 94, "followersCount": 41, "website": null}, {"id": "hubbleexchange.eth", "name": "Hubble Exchange", "twitter": "HubbleExchange", "proposalsCount": 25, "votesCount": 7735, "followersCount": 593, "website": null}, {"id": "thegooddao.eth", "name": "GoodDollar DAO", "twitter": "gooddollarorg", "proposalsCount": 15, "votesCount": 1955, "followersCount": 904, "website": "https://gooddollar.org"}, {"id": "kelseymiller.eth", "name": "love", "twitter": null, "proposalsCount": 35, "votesCount": 88, "followersCount": 42, "website": null}, {"id": "apollodao.eth", "name": "WEALTHDAO", "twitter": "zhiyuan_2007", "proposalsCount": 618, "votesCount": 4008, "followersCount": 1466, "website": null}, {"id": "nexondao.eth", "name": "Eralend", "twitter": "Era_Lend", "proposalsCount": 3, "votesCount": 4738, "followersCount": 3085, "website": "https://eralend.com"}, {"id": "dengding.eth", "name": "760dsfgsdf", "twitter": null, "proposalsCount": 32, "votesCount": 97, "followersCount": 34, "website": null}, {"id": "xsuannai.eth", "name": "beidao888", "twitter": null, "proposalsCount": 32, "votesCount": 89, "followersCount": 42, "website": null}]