[{"id": "scrszjzzq.eth", "name": "scrszjzzq", "twitter": null, "proposalsCount": 5, "votesCount": 13, "followersCount": 12, "website": null}, {"id": "ulydev.eth", "name": "test", "twitter": null, "proposalsCount": 18, "votesCount": 11, "followersCount": 1, "website": null}, {"id": "worldcupcoin.eth", "name": "Worldcupcoin", "twitter": null, "proposalsCount": 1, "votesCount": 7, "followersCount": 22, "website": null}, {"id": "yax.meme0xb1.eth", "name": "MEME x 0xB1 Comp: $YAX", "twitter": null, "proposalsCount": 1, "votesCount": 29, "followersCount": 0, "website": null}, {"id": "yesportsgg.eth", "name": "Yesports", "twitter": "Yesports_gg", "proposalsCount": 0, "votesCount": 0, "followersCount": 30, "website": "https://yesports.gg"}, {"id": "zkp-dev.eth", "name": "Namespaces for dev tests only", "twitter": null, "proposalsCount": 10, "votesCount": 12, "followersCount": 8, "website": null}, {"id": "\ud83c\udf6fdao.eth", "name": "THE FEETPIX DAO", "twitter": "feetlabshq", "proposalsCount": 6, "votesCount": 11, "followersCount": 13, "website": "https://feetpix.finance"}, {"id": "2022dao.eth", "name": "2022DAO", "twitter": "2022DaoToken", "proposalsCount": 1, "votesCount": 19, "followersCount": 9, "website": null}, {"id": "3acliquidator.eth", "name": "THE DAO", "twitter": null, "proposalsCount": 13, "votesCount": 9, "followersCount": 7, "website": null}, {"id": "600043.eth", "name": "600043", "twitter": "zhutngfng2", "proposalsCount": 1, "votesCount": 16, "followersCount": 12, "website": null}, {"id": "audiogrants.eth", "name": "Audio Grants Committee", "twitter": "audiogrants", "proposalsCount": 2, "votesCount": 14, "followersCount": 13, "website": null}, {"id": "bowenwang.spiritmaster.eth", "name": "bowen", "twitter": "Sabina56750804", "proposalsCount": 7, "votesCount": 14, "followersCount": 8, "website": null}, {"id": "commanderdefi.eth", "name": "Commander DAO", "twitter": "commander_defi", "proposalsCount": 1, "votesCount": 11, "followersCount": 17, "website": "https://commanderdefi.io/"}, {"id": "craftbrain.eth", "name": "LonelyAlienSpaceClub", "twitter": null, "proposalsCount": 1, "votesCount": 0, "followersCount": 28, "website": null}, {"id": "degendaodca.eth", "name": "Degen DAO", "twitter": "DegenCronosApes", "proposalsCount": 1, "votesCount": 16, "followersCount": 12, "website": "https://www.degencronosapes.com/"}, {"id": "diamondhandsracing.eth", "name": "Diamond Hands Racing", "twitter": null, "proposalsCount": 2, "votesCount": 14, "followersCount": 13, "website": null}, {"id": "gnolifegnomes.eth", "name": "Gno Life Gnomes", "twitter": "gnolifegnomes", "proposalsCount": 2, "votesCount": 26, "followersCount": 1, "website": "https://gnolife.wtf"}, {"id": "greennet.eth", "name": "Green Network", "twitter": "greenair_", "proposalsCount": 3, "votesCount": 16, "followersCount": 10, "website": "https://www.thegreenair.com"}, {"id": "igive.eth", "name": "BCharity Improvement Proposals ", "twitter": "bcharityfi", "proposalsCount": 4, "votesCount": 14, "followersCount": 11, "website": null}, {"id": "johnnyproduce.eth", "name": "WellBuiltCity.eth", "twitter": null, "proposalsCount": 5, "votesCount": 22, "followersCount": 2, "website": "https://www.wellbuilt.city"}]