[{"id": "cosmicswap.eth", "name": "CosmicSwap", "twitter": "CosmicSwap", "proposalsCount": 6, "votesCount": 10, "followersCount": 8, "website": null}, {"id": "creeps.eth", "name": "Creeps", "twitter": "powerdada", "proposalsCount": 3, "votesCount": 13, "followersCount": 8, "website": null}, {"id": "cropunks.eth", "name": "CroPunks DAO", "twitter": "PUNKSONCRONOS", "proposalsCount": 1, "votesCount": 12, "followersCount": 11, "website": null}, {"id": "deanzk9.eth", "name": "DeanZK9", "twitter": null, "proposalsCount": 4, "votesCount": 12, "followersCount": 8, "website": null}, {"id": "elfdao.eth", "name": "elfDAO", "twitter": "elf_DAO", "proposalsCount": 2, "votesCount": 10, "followersCount": 12, "website": null}, {"id": "eth6666.eth", "name": "BBS Network", "twitter": null, "proposalsCount": 1, "votesCount": 6, "followersCount": 17, "website": null}, {"id": "faircastle.eth", "name": "Faircastle DAO", "twitter": "FaircastleDAO", "proposalsCount": 0, "votesCount": 0, "followersCount": 24, "website": null}, {"id": "gloriousreality.eth", "name": "Glorious Reality", "twitter": "gloriousrealnft", "proposalsCount": 3, "votesCount": 18, "followersCount": 3, "website": "https://gloriousreality.com"}, {"id": "gmt", "name": "GoldMining Token", "twitter": null, "proposalsCount": 2, "votesCount": 21, "followersCount": 1, "website": null}, {"id": "hannalidao.eth", "name": "HannaliDAO", "twitter": "HannaliDAO", "proposalsCount": 3, "votesCount": 13, "followersCount": 8, "website": null}, {"id": "hb666.eth", "name": "HB666", "twitter": null, "proposalsCount": 7, "votesCount": 12, "followersCount": 5, "website": null}, {"id": "jiangchuan.eth", "name": "silima", "twitter": null, "proposalsCount": 3, "votesCount": 18, "followersCount": 3, "website": null}, {"id": "jujingyi.eth", "name": "EthLoverinYZ", "twitter": null, "proposalsCount": 4, "votesCount": 2, "followersCount": 18, "website": null}, {"id": "lens.punkess.eth", "name": "getting started ... April", "twitter": null, "proposalsCount": 1, "votesCount": 18, "followersCount": 5, "website": "https://lenster.xyz/posts/0x0f85-0x1452"}, {"id": "luna-inu.eth", "name": "LUNA INU $LINU - SENATE", "twitter": "luna_inu_erc20", "proposalsCount": 1, "votesCount": 2, "followersCount": 21, "website": "https://luna-inu.com/"}, {"id": "mfersunchained.eth", "name": "Mfers Unchained", "twitter": "MfersUnchained", "proposalsCount": 1, "votesCount": 6, "followersCount": 17, "website": "https://mfersunchained.com/"}, {"id": "minitaurs.eth", "name": "Minitaurs Reborn", "twitter": "minitaursreborn", "proposalsCount": 2, "votesCount": 9, "followersCount": 13, "website": null}, {"id": "moneyheistcrypto.eth", "name": "Money Heist DAO", "twitter": "moneyheistcrypt", "proposalsCount": 1, "votesCount": 15, "followersCount": 8, "website": "https://www.moneyheistcrypto.net"}, {"id": "opanda.eth", "name": "Option Panda", "twitter": "opanda", "proposalsCount": 5, "votesCount": 6, "followersCount": 13, "website": null}, {"id": "pandao.eth", "name": "PANDAO", "twitter": "pppandasnft", "proposalsCount": 0, "votesCount": 0, "followersCount": 24, "website": null}]