[{"id": "blueroller.eth", "name": "Pepe Network", "twitter": null, "proposalsCount": 1, "votesCount": 1, "followersCount": 1, "website": null}, {"id": "blure.eth", "name": "vova", "twitter": "agadbuild", "proposalsCount": 1, "votesCount": 1, "followersCount": 1, "website": null}, {"id": "blutfelsen66.eth", "name": "   blutfelsen66.eth", "twitter": null, "proposalsCount": 1, "votesCount": 8, "followersCount": 7, "website": null}, {"id": "bmwm3333.eth", "name": "m3", "twitter": null, "proposalsCount": 1, "votesCount": 1, "followersCount": 1, "website": null}, {"id": "bnbboon.eth", "name": "BNBBOON", "twitter": "Bnbboon", "proposalsCount": 1, "votesCount": 1, "followersCount": 5, "website": "https://www.bnbboon.finance/"}, {"id": "bnkslord.eth", "name": "bnkslord", "twitter": null, "proposalsCount": 1, "votesCount": 2, "followersCount": 0, "website": null}, {"id": "bns89.eth", "name": "Mehedi", "twitter": "Mehedih5440658", "proposalsCount": 2, "votesCount": 18, "followersCount": 5, "website": null}, {"id": "bnycdao.eth", "name": "BNYC DAO", "twitter": null, "proposalsCount": 0, "votesCount": 0, "followersCount": 1, "website": "https://www.bnyc.us"}, {"id": "boatsdao.eth", "name": "boatsdao", "twitter": null, "proposalsCount": 0, "votesCount": 0, "followersCount": 2, "website": null}, {"id": "bobertx3.eth", "name": "minted", "twitter": null, "proposalsCount": 1, "votesCount": 0, "followersCount": 0, "website": null}, {"id": "bobodao.eth", "name": "boboDAO", "twitter": null, "proposalsCount": 1, "votesCount": 2, "followersCount": 2, "website": null}, {"id": "boboli.eth", "name": "boboli", "twitter": null, "proposalsCount": 1, "votesCount": 12, "followersCount": 0, "website": null}, {"id": "bodmitcrypt.eth", "name": "Bodmit Network", "twitter": "richbodmit", "proposalsCount": 0, "votesCount": 0, "followersCount": 0, "website": null}, {"id": "boiero.eth", "name": "dao_test", "twitter": null, "proposalsCount": 20, "votesCount": 31, "followersCount": 6, "website": null}, {"id": "bojasper.eth", "name": "bojasper", "twitter": null, "proposalsCount": 1, "votesCount": 1, "followersCount": 1, "website": null}, {"id": "bokhaled.eth", "name": "test", "twitter": "Guildcall", "proposalsCount": 0, "votesCount": 0, "followersCount": 2, "website": null}, {"id": "bokrugby.eth", "name": "Rugby", "twitter": null, "proposalsCount": 1, "votesCount": 2, "followersCount": 1, "website": null}, {"id": "bolax.eth", "name": "1", "twitter": null, "proposalsCount": 1, "votesCount": 2, "followersCount": 1, "website": null}, {"id": "boltnode.eth", "name": "TEDX", "twitter": null, "proposalsCount": 2, "votesCount": 9, "followersCount": 0, "website": null}, {"id": "bomo.eth", "name": "kokodi community voting", "twitter": null, "proposalsCount": 0, "votesCount": 0, "followersCount": 0, "website": null}]