[{"id": "datamesh.eth", "name": "opendao", "twitter": null, "proposalsCount": 2, "votesCount": 0, "followersCount": 8, "website": null}, {"id": "degochain.eth", "name": "degochain", "twitter": null, "proposalsCount": 1, "votesCount": 5, "followersCount": 4, "website": null}, {"id": "desertrat.eth", "name": "TestFujiRinkeby", "twitter": null, "proposalsCount": 3, "votesCount": 3, "followersCount": 4, "website": null}, {"id": "dfking.eth", "name": "Defiking", "twitter": null, "proposalsCount": 2, "votesCount": 4, "followersCount": 4, "website": null}, {"id": "dittomoney.eth", "name": "Ditto", "twitter": null, "proposalsCount": 0, "votesCount": 0, "followersCount": 10, "website": null}, {"id": "dropmesomething.eth", "name": "Droper DAO", "twitter": null, "proposalsCount": 1, "votesCount": 2, "followersCount": 7, "website": null}, {"id": "duckling.eth", "name": "Duckling Nation", "twitter": null, "proposalsCount": 4, "votesCount": 3, "followersCount": 3, "website": null}, {"id": "dupontvictor.eth", "name": "add", "twitter": null, "proposalsCount": 5, "votesCount": 5, "followersCount": 0, "website": null}, {"id": "ecoactive.eth", "name": "Turtle DAO", "twitter": null, "proposalsCount": 5, "votesCount": 3, "followersCount": 2, "website": "http://www.cartagenaturtles.com"}, {"id": "ele-dao.eth", "name": "ELEDAO", "twitter": "Element_Market", "proposalsCount": 2, "votesCount": 0, "followersCount": 8, "website": "https://eledao.io/"}, {"id": "ensnation.eth", "name": "ENSnation", "twitter": null, "proposalsCount": 3, "votesCount": 1, "followersCount": 6, "website": null}, {"id": "eth18.eth", "name": "eth123", "twitter": null, "proposalsCount": 1, "votesCount": 5, "followersCount": 4, "website": null}, {"id": "fabriik.eth", "name": "fabriik", "twitter": null, "proposalsCount": 2, "votesCount": 4, "followersCount": 4, "website": null}, {"id": "factprotocol.eth", "name": "Fact Protocol", "twitter": "factprotocol", "proposalsCount": 1, "votesCount": 2, "followersCount": 7, "website": "https://fact.technology"}, {"id": "fastyield.eth", "name": "Fastyield", "twitter": "fastyieldapp", "proposalsCount": 1, "votesCount": 5, "followersCount": 4, "website": null}, {"id": "feistydogenft.eth", "name": "NFD FeistyDogeNFT", "twitter": "cryptopathic", "proposalsCount": 1, "votesCount": 2, "followersCount": 7, "website": null}, {"id": "fivezero.eth", "name": "ForFun", "twitter": null, "proposalsCount": 5, "votesCount": 0, "followersCount": 5, "website": null}, {"id": "fontcommunity.eth", "name": "Font Community", "twitter": "fontcommunity", "proposalsCount": 3, "votesCount": 7, "followersCount": 0, "website": null}, {"id": "foundance.eth", "name": "Foundance", "twitter": "FoundanceDAO", "proposalsCount": 2, "votesCount": 4, "followersCount": 4, "website": "https://foundance.org"}, {"id": "fweb3.eth", "name": "Fweb3", "twitter": null, "proposalsCount": 1, "votesCount": 7, "followersCount": 2, "website": null}]