[{"id": "019556.eth", "name": "Rahe011", "twitter": "Rahe0111", "proposalsCount": 0, "votesCount": 0, "followersCount": 1, "website": null}, {"id": "020560.eth", "name": "DALIM", "twitter": null, "proposalsCount": 0, "votesCount": 0, "followersCount": 0, "website": null}, {"id": "02304.eth", "name": "02304", "twitter": null, "proposalsCount": 1, "votesCount": 1, "followersCount": 0, "website": null}, {"id": "02353.eth", "name": "02353", "twitter": null, "proposalsCount": 1, "votesCount": 1, "followersCount": 0, "website": null}, {"id": "030680.eth", "name": "Tender Star", "twitter": null, "proposalsCount": 3, "votesCount": 6, "followersCount": 3, "website": null}, {"id": "033433.eth", "name": "033", "twitter": null, "proposalsCount": 1, "votesCount": 1, "followersCount": 1, "website": null}, {"id": "03397.eth", "name": "03397", "twitter": null, "proposalsCount": 1, "votesCount": 1, "followersCount": 0, "website": null}, {"id": "03677.eth", "name": "test", "twitter": null, "proposalsCount": 1, "votesCount": 1, "followersCount": 0, "website": null}, {"id": "03813.eth", "name": "03813", "twitter": null, "proposalsCount": 1, "votesCount": 1, "followersCount": 0, "website": null}, {"id": "03932.eth", "name": "03932", "twitter": null, "proposalsCount": 1, "votesCount": 1, "followersCount": 0, "website": null}, {"id": "04026.eth", "name": "sly456", "twitter": null, "proposalsCount": 0, "votesCount": 0, "followersCount": 1, "website": null}, {"id": "04047.eth", "name": "Coindao", "twitter": "hanhealf", "proposalsCount": 3, "votesCount": 192, "followersCount": 83, "website": "https://examples.com"}, {"id": "04331.eth", "name": "04331", "twitter": null, "proposalsCount": 1, "votesCount": 1, "followersCount": 0, "website": null}, {"id": "05712.eth", "name": "05712", "twitter": null, "proposalsCount": 1, "votesCount": 5, "followersCount": 0, "website": null}, {"id": "06127.eth", "name": "06127", "twitter": null, "proposalsCount": 1, "votesCount": 1, "followersCount": 0, "website": null}, {"id": "06306.eth", "name": "China NB", "twitter": "AmberAr24873554", "proposalsCount": 1, "votesCount": 198, "followersCount": 30, "website": "https://examples.com"}, {"id": "06479.eth", "name": "06479", "twitter": null, "proposalsCount": 1, "votesCount": 1, "followersCount": 0, "website": null}, {"id": "06911690.eth", "name": "OKSET", "twitter": null, "proposalsCount": 1, "votesCount": 1, "followersCount": 2, "website": null}, {"id": "069years.eth", "name": "jytjytjytjtyj", "twitter": null, "proposalsCount": 37, "votesCount": 28, "followersCount": 37, "website": null}, {"id": "07699670.eth", "name": "gp test", "twitter": null, "proposalsCount": 4, "votesCount": 4, "followersCount": 2, "website": null}]