[{"id": "triumphdao.eth", "name": "TriumphDAO", "twitter": null, "proposalsCount": 1, "votesCount": 2, "followersCount": 1, "website": null}, {"id": "trongvx.eth", "name": "Tivi", "twitter": "GnortPoum", "proposalsCount": 0, "votesCount": 0, "followersCount": 0, "website": null}, {"id": "truefrosty.eth", "name": "TrueFrostY", "twitter": null, "proposalsCount": 0, "votesCount": 0, "followersCount": 1, "website": null}, {"id": "truegoddess.eth", "name": "truedao", "twitter": null, "proposalsCount": 5, "votesCount": 9, "followersCount": 5, "website": null}, {"id": "trumol.eth", "name": "Trumol", "twitter": null, "proposalsCount": 0, "votesCount": 0, "followersCount": 0, "website": null}, {"id": "trumpenergydao.eth", "name": "Big Trump Energy", "twitter": null, "proposalsCount": 0, "votesCount": 0, "followersCount": 0, "website": null}, {"id": "trusteth.eth", "name": "Revvo", "twitter": "Akash_lens", "proposalsCount": 0, "votesCount": 0, "followersCount": 1, "website": null}, {"id": "trustkey.eth", "name": "Hubble Dao", "twitter": null, "proposalsCount": 0, "votesCount": 0, "followersCount": 0, "website": null}, {"id": "tsumichara.eth", "name": "BANANA X", "twitter": "tsumichara", "proposalsCount": 1, "votesCount": 5, "followersCount": 1, "website": "https://banana-x.studio.site/"}, {"id": "ttxxn.eth", "name": "TTXXN", "twitter": null, "proposalsCount": 0, "votesCount": 0, "followersCount": 1, "website": null}, {"id": "tugouclub.eth", "name": "\u517b\u8001\u9662", "twitter": null, "proposalsCount": 1, "votesCount": 1, "followersCount": 0, "website": null}, {"id": "turboelonmusk.eth", "name": "fdf", "twitter": null, "proposalsCount": 1, "votesCount": 1, "followersCount": 0, "website": null}, {"id": "turkeyankara.eth", "name": "turkey", "twitter": null, "proposalsCount": 5, "votesCount": 8, "followersCount": 3, "website": null}, {"id": "tushen.eth", "name": "TUGOU", "twitter": null, "proposalsCount": 0, "votesCount": 0, "followersCount": 1, "website": null}, {"id": "tutis.eth", "name": "Safe Test DAO", "twitter": null, "proposalsCount": 19, "votesCount": 3, "followersCount": 20, "website": null}, {"id": "tuzya.eth", "name": "cxcxc", "twitter": null, "proposalsCount": 2, "votesCount": 2, "followersCount": 1, "website": null}, {"id": "twali.eth", "name": "Twali", "twitter": "twalixyz", "proposalsCount": 1, "votesCount": 18, "followersCount": 5, "website": null}, {"id": "tweetles.eth", "name": "tweetles", "twitter": null, "proposalsCount": 7, "votesCount": 1484, "followersCount": 1, "website": null}, {"id": "twitcom.eth", "name": "twitcom.eth", "twitter": null, "proposalsCount": 0, "votesCount": 0, "followersCount": 1, "website": null}, {"id": "twitterind.eth", "name": "Twitter India Fam", "twitter": "tradevardhan", "proposalsCount": 1, "votesCount": 0, "followersCount": 1, "website": null}]