[{"id": "battlemancer.eth", "name": "BattleMancers", "twitter": "BattleMancers", "proposalsCount": 1, "votesCount": 32, "followersCount": 0, "website": "https://www.battlemancers.com/"}, {"id": "blazedcatsvote.eth", "name": "Blazed Cats", "twitter": null, "proposalsCount": 1, "votesCount": 26, "followersCount": 6, "website": null}, {"id": "climatecoindao.eth", "name": "Climatecoin", "twitter": "climatecoin", "proposalsCount": 1, "votesCount": 18, "followersCount": 14, "website": "https://www.climatecoin.com"}, {"id": "commitdao.eth", "name": "Commit DAO", "twitter": "commit_hq", "proposalsCount": 1, "votesCount": 18, "followersCount": 14, "website": "https://commit.press"}, {"id": "contribute", "name": "Contribute", "twitter": null, "proposalsCount": 1, "votesCount": 32, "followersCount": 0, "website": null}, {"id": "dickmfer.eth", "name": "dickmfer.eth", "twitter": "DickmferWTF", "proposalsCount": 2, "votesCount": 30, "followersCount": 1, "website": "https://www.dickmfer.wtf/"}, {"id": "goatcoin.eth", "name": "Goatcoin", "twitter": null, "proposalsCount": 4, "votesCount": 28, "followersCount": 1, "website": null}, {"id": "hotya.eth", "name": "zaps.dao", "twitter": null, "proposalsCount": 6, "votesCount": 16, "followersCount": 11, "website": null}, {"id": "hpos10i.eth", "name": "HarryPotterObamaSonic10Inu", "twitter": "HPOS10INU", "proposalsCount": 4, "votesCount": 17, "followersCount": 12, "website": null}, {"id": "kitpics.eth", "name": "KitPicsNFT", "twitter": "KitPicsNFT", "proposalsCount": 1, "votesCount": 9, "followersCount": 23, "website": null}, {"id": "kryptokarenz.eth", "name": "Krypto Karenz", "twitter": "KryptoKarenz", "proposalsCount": 2, "votesCount": 25, "followersCount": 6, "website": null}, {"id": "ksfswap.eth", "name": "KsfSwap DAO", "twitter": "KsfSwap", "proposalsCount": 1, "votesCount": 5, "followersCount": 27, "website": null}, {"id": "liujiao.eth", "name": "SCHR\u00d6DINGER DAO", "twitter": null, "proposalsCount": 6, "votesCount": 20, "followersCount": 7, "website": null}, {"id": "mashbean.eth", "name": "\u7b11\u9f20\u738b\u570b", "twitter": "FAB_DAO", "proposalsCount": 2, "votesCount": 24, "followersCount": 7, "website": "https://project.fab.tw/"}, {"id": "memedaocommunity.eth", "name": "Meme DAO", "twitter": "memedaoofficial", "proposalsCount": 3, "votesCount": 14, "followersCount": 16, "website": "https://memedao.org/"}, {"id": "neophyte54.eth", "name": "My first DAO", "twitter": null, "proposalsCount": 15, "votesCount": 14, "followersCount": 4, "website": null}, {"id": "otterspace.mirror.xyz", "name": "Otterspace", "twitter": "otterspace_xyz", "proposalsCount": 7, "votesCount": 17, "followersCount": 9, "website": "https://www.otterspace.xyz/"}, {"id": "paul.mrsigner.eth", "name": "TestSNap", "twitter": null, "proposalsCount": 15, "votesCount": 12, "followersCount": 6, "website": null}, {"id": "poolpartydao.eth", "name": "Pool Party DAO", "twitter": "PoolPartyInvest", "proposalsCount": 5, "votesCount": 21, "followersCount": 7, "website": null}, {"id": "regency.eth", "name": "Regency Protocols", "twitter": null, "proposalsCount": 1, "votesCount": 1, "followersCount": 31, "website": null}]