[{"id": "realdefiplaza.eth", "name": "DefiPlaza", "twitter": "defiplaza", "proposalsCount": 17, "votesCount": 391, "followersCount": 50, "website": "https://defiplaza.net"}, {"id": "stonedapez420.eth", "name": "Stoned Apez", "twitter": null, "proposalsCount": 10, "votesCount": 282, "followersCount": 166, "website": null}, {"id": "boringvote.eth", "name": "BoringDAO", "twitter": null, "proposalsCount": 43, "votesCount": 333, "followersCount": 81, "website": "https://www.boringdao.com/"}, {"id": "blockhorizon.eth", "name": "binanceDAO", "twitter": null, "proposalsCount": 13, "votesCount": 12, "followersCount": 79, "website": null}, {"id": "parakeetdao.eth", "name": "Parakeet DAO", "twitter": "ParakeetDAO", "proposalsCount": 13, "votesCount": 0, "followersCount": 440, "website": "https://parakeetdao.com"}, {"id": "rabbitholenft.eth", "name": "RabbitHole NFT", "twitter": null, "proposalsCount": 8, "votesCount": 397, "followersCount": 48, "website": null}, {"id": "drctoken.eth", "name": "Digital Reserve Currency", "twitter": "DRCToken", "proposalsCount": 16, "votesCount": 375, "followersCount": 11, "website": null}, {"id": "castledao.eth", "name": "CastleDAO", "twitter": "castlesdao2", "proposalsCount": 5, "votesCount": 93, "followersCount": 353, "website": null}, {"id": "youngapeclub.eth", "name": "Spoiled Young Ape Club", "twitter": null, "proposalsCount": 3, "votesCount": 442, "followersCount": 6, "website": null}, {"id": "metasoccer.eth", "name": "Champions Council", "twitter": "MetaSoccer_EN", "proposalsCount": 3, "votesCount": 327, "followersCount": 120, "website": "https://metasoccer.com/"}, {"id": "angelnodes.eth", "name": "AngeL Nodes", "twitter": "AngelNodes", "proposalsCount": 1, "votesCount": 336, "followersCount": 112, "website": "https://angelnodes.finance/"}, {"id": "coffeejunkieclub.eth", "name": "Coffee Junkie Club", "twitter": "coffeejunkienft", "proposalsCount": 6, "votesCount": 386, "followersCount": 57, "website": null}, {"id": "rabbitholes.eth", "name": "RabbitDAO", "twitter": null, "proposalsCount": 11, "votesCount": 184, "followersCount": 254, "website": null}, {"id": "starcollectordao.eth", "name": "StarCollector DAO", "twitter": "StarboysNFT", "proposalsCount": 13, "votesCount": 340, "followersCount": 96, "website": "https://starboysnft.io/"}, {"id": "cafeswapfinance.eth", "name": "CafeSwap.Finance", "twitter": "cafeswapfinance", "proposalsCount": 21, "votesCount": 398, "followersCount": 29, "website": null}, {"id": "meao.eth", "name": "MEAO", "twitter": null, "proposalsCount": 14, "votesCount": 380, "followersCount": 54, "website": null}, {"id": "unsh.eth", "name": "unshETH", "twitter": "unsheth_xyz", "proposalsCount": 5, "votesCount": 79, "followersCount": 14, "website": "https://unsheth.xyz"}, {"id": "gmdgovernance.eth", "name": "GM DAO", "twitter": "GMDprotocol", "proposalsCount": 3, "votesCount": 269, "followersCount": 176, "website": "https://gmdprotocol.com/"}, {"id": "defrostfinance.eth", "name": "Defrost Finance", "twitter": null, "proposalsCount": 15, "votesCount": 404, "followersCount": 27, "website": null}, {"id": "gfanchan11.eth", "name": "USDC-DAO-Polygon", "twitter": null, "proposalsCount": 23, "votesCount": 132, "followersCount": 91, "website": null}]