[{"id": "22221314.eth", "name": "2222dao", "twitter": null, "proposalsCount": 1, "votesCount": 3, "followersCount": 1, "website": null}, {"id": "22999.eth", "name": "NFTDAO", "twitter": null, "proposalsCount": 1, "votesCount": 2, "followersCount": 2, "website": null}, {"id": "313168.eth", "name": "1", "twitter": null, "proposalsCount": 2, "votesCount": 2, "followersCount": 1, "website": null}, {"id": "334inadaze.eth", "name": "334inadaze", "twitter": null, "proposalsCount": 2, "votesCount": 0, "followersCount": 3, "website": null}, {"id": "383848.eth", "name": "cc", "twitter": null, "proposalsCount": 4, "votesCount": 0, "followersCount": 1, "website": null}, {"id": "3flower.eth", "name": "wine", "twitter": "kepiaoboss", "proposalsCount": 1, "votesCount": 1, "followersCount": 3, "website": null}, {"id": "42fund.eth", "name": "\u6b22\u8fce\u63d0\u6848", "twitter": null, "proposalsCount": 1, "votesCount": 1, "followersCount": 3, "website": null}, {"id": "4ever9.eth", "name": "0xLander", "twitter": null, "proposalsCount": 2, "votesCount": 1, "followersCount": 2, "website": "https://0xlander.com"}, {"id": "520541.eth", "name": "520541", "twitter": null, "proposalsCount": 1, "votesCount": 1, "followersCount": 3, "website": null}, {"id": "5222s.eth", "name": "jnns", "twitter": null, "proposalsCount": 2, "votesCount": 2, "followersCount": 1, "website": null}, {"id": "5stars.eth", "name": "5Stars Dao", "twitter": null, "proposalsCount": 3, "votesCount": 0, "followersCount": 2, "website": null}, {"id": "625459.eth", "name": "\u52a8\u7269\u56ed", "twitter": null, "proposalsCount": 1, "votesCount": 3, "followersCount": 1, "website": null}, {"id": "639669.eth", "name": "639669", "twitter": null, "proposalsCount": 2, "votesCount": 2, "followersCount": 1, "website": null}, {"id": "669968.eth", "name": "996 crypto dao", "twitter": null, "proposalsCount": 1, "votesCount": 2, "followersCount": 2, "website": null}, {"id": "696101.eth", "name": "kui gas club", "twitter": null, "proposalsCount": 1, "votesCount": 3, "followersCount": 1, "website": null}, {"id": "699101.eth", "name": "LUO BO", "twitter": null, "proposalsCount": 1, "votesCount": 3, "followersCount": 1, "website": null}, {"id": "6a6a6.eth", "name": "6a6a6", "twitter": null, "proposalsCount": 3, "votesCount": 1, "followersCount": 1, "website": null}, {"id": "78910.eth", "name": "78910", "twitter": null, "proposalsCount": 1, "votesCount": 0, "followersCount": 4, "website": null}, {"id": "79999.eth", "name": "TIANDAO", "twitter": null, "proposalsCount": 2, "votesCount": 1, "followersCount": 2, "website": null}, {"id": "861486.eth", "name": "996", "twitter": null, "proposalsCount": 2, "votesCount": 2, "followersCount": 1, "website": null}]