[{"id": "nuetaalumniassociation.eth", "name": "Nu Eta Alumni Association", "twitter": null, "proposalsCount": 30, "votesCount": 84, "followersCount": 13, "website": null}, {"id": "snowyowl.eth", "name": "Snowy Owl Finance", "twitter": "snowyowlfinance", "proposalsCount": 2, "votesCount": 121, "followersCount": 4, "website": null}, {"id": "thefledge.eth", "name": "The Fledge", "twitter": "twitter", "proposalsCount": 13, "votesCount": 58, "followersCount": 56, "website": null}, {"id": "younicorns.eth", "name": "YOUnicorns", "twitter": "younicorns_xyz", "proposalsCount": 1, "votesCount": 117, "followersCount": 9, "website": null}, {"id": "coiners.eth", "name": "CoinerDao", "twitter": null, "proposalsCount": 6, "votesCount": 30, "followersCount": 90, "website": null}, {"id": "cultdaoart.eth", "name": "CultDAO.art", "twitter": "cultdao_art", "proposalsCount": 24, "votesCount": 84, "followersCount": 18, "website": "https://cultdao.art"}, {"id": "fomodao.eth", "name": "FomoDAO", "twitter": "thefomodao", "proposalsCount": 3, "votesCount": 73, "followersCount": 50, "website": null}, {"id": "mithcash2.eth", "name": "MITH Cash 2", "twitter": null, "proposalsCount": 7, "votesCount": 119, "followersCount": 0, "website": null}, {"id": "nftpadfi.eth", "name": "NFTPad", "twitter": "nftpadofficial", "proposalsCount": 2, "votesCount": 84, "followersCount": 40, "website": "https://nftpad.fi/"}, {"id": "penguin-party", "name": "\ud83d\udc27Penguin Party Fish\ud83d\udc1f ", "twitter": null, "proposalsCount": 9, "votesCount": 116, "followersCount": 1, "website": null}, {"id": "phantomgalaxiesgame.eth", "name": "Phantom Galaxies", "twitter": "the_phantom_g", "proposalsCount": 1, "votesCount": 91, "followersCount": 34, "website": "https://phantomgalaxies.com/"}, {"id": "tendiefrenco.eth", "name": "FrenDAO", "twitter": "tendiefrenco", "proposalsCount": 8, "votesCount": 85, "followersCount": 33, "website": null}, {"id": "ushi.eth", "name": "USHI DAO", "twitter": "USHI_ETH", "proposalsCount": 1, "votesCount": 119, "followersCount": 6, "website": "https://ushi.pro/"}, {"id": "vip666.eth", "name": "ccdao", "twitter": null, "proposalsCount": 10, "votesCount": 12, "followersCount": 4, "website": null}, {"id": "zombiezebras.eth", "name": "Zombie DAO", "twitter": "ZombieZebrasNFT", "proposalsCount": 4, "votesCount": 101, "followersCount": 21, "website": null}, {"id": "flooredape.eth", "name": "flooredApe", "twitter": "flooredApe", "proposalsCount": 10, "votesCount": 104, "followersCount": 11, "website": "https://flooredApe.io"}, {"id": "0xdot.eth", "name": "OracleDAO", "twitter": null, "proposalsCount": 8, "votesCount": 74, "followersCount": 43, "website": null}, {"id": "gamerpassport.eth", "name": "Gamer Passport DAO", "twitter": null, "proposalsCount": 1, "votesCount": 37, "followersCount": 37, "website": "https://www.gamerpassport.org"}, {"id": "moonbeamnetwork.eth", "name": "Moonbeam Network", "twitter": "moonbeamnetwork", "proposalsCount": 1, "votesCount": 7, "followersCount": 67, "website": null}, {"id": "parachutedao.eth", "name": "Parachute DAO", "twitter": null, "proposalsCount": 12, "votesCount": 76, "followersCount": 37, "website": null}]