[{"id": "tomilly.eth", "name": "tomm", "twitter": null, "proposalsCount": 1, "votesCount": 1, "followersCount": 1, "website": null}, {"id": "tommydavis.eth", "name": "TommyDavis", "twitter": null, "proposalsCount": 1, "votesCount": 2, "followersCount": 2, "website": "https://mirror.xyz/tommydavis.eth"}, {"id": "tommymy.eth", "name": "Voltz", "twitter": null, "proposalsCount": 1, "votesCount": 1, "followersCount": 1, "website": null}, {"id": "tomsdao.eth", "name": "DAI", "twitter": null, "proposalsCount": 1, "votesCount": 0, "followersCount": 0, "website": null}, {"id": "toniponi10.eth", "name": "Toniponi10", "twitter": "ToniPoni10", "proposalsCount": 0, "votesCount": 0, "followersCount": 0, "website": null}, {"id": "tonop.eth", "name": "BlockWork", "twitter": null, "proposalsCount": 1, "votesCount": 1, "followersCount": 1, "website": null}, {"id": "tony72.eth", "name": "Ryan Leslie Competition", "twitter": null, "proposalsCount": 14, "votesCount": 8, "followersCount": 3, "website": null}, {"id": "toobigtofall.eth", "name": "BigDao", "twitter": null, "proposalsCount": 4, "votesCount": 24, "followersCount": 5, "website": null}, {"id": "toool.eth", "name": "toool", "twitter": null, "proposalsCount": 0, "votesCount": 0, "followersCount": 1, "website": null}, {"id": "tooret.eth", "name": "Tooret", "twitter": "tooret", "proposalsCount": 0, "votesCount": 0, "followersCount": 1, "website": "https://tooret.vc"}, {"id": "topimpacto.eth", "name": "TEST", "twitter": null, "proposalsCount": 1, "votesCount": 1, "followersCount": 0, "website": null}, {"id": "topxprofits.eth", "name": "TopX", "twitter": null, "proposalsCount": 1, "votesCount": 3, "followersCount": 7, "website": "https://t.me/TopXProfits"}, {"id": "torahdao.eth", "name": "Torah Finance", "twitter": "TorahFinance", "proposalsCount": 2, "votesCount": 84, "followersCount": 163, "website": null}, {"id": "torkpad.eth", "name": "TorkPad", "twitter": "TorkPad", "proposalsCount": 0, "votesCount": 0, "followersCount": 1, "website": "https://torkpad.io/"}, {"id": "torrent5.eth", "name": "torrent", "twitter": null, "proposalsCount": 1, "votesCount": 1, "followersCount": 0, "website": null}, {"id": "torusorg.eth", "name": "Torus", "twitter": null, "proposalsCount": 3, "votesCount": 25, "followersCount": 15, "website": null}, {"id": "toshaio.eth", "name": "ToshaDAO", "twitter": "ToshaDAO", "proposalsCount": 0, "votesCount": 0, "followersCount": 5, "website": "https://tosha.io"}, {"id": "tothemoonsoon.eth", "name": "tothemoonsoon", "twitter": null, "proposalsCount": 0, "votesCount": 0, "followersCount": 0, "website": "https://twitter.com/radziohan"}, {"id": "touchmeta.eth", "name": "TouchMeta", "twitter": null, "proposalsCount": 23, "votesCount": 48, "followersCount": 32, "website": null}, {"id": "tousheng.eth", "name": "xzcdvfr", "twitter": null, "proposalsCount": 2, "votesCount": 2, "followersCount": 0, "website": null}]