[{"id": "orangefinancial.eth", "name": "Orange Financial", "twitter": "orangefi_", "proposalsCount": 2, "votesCount": 40, "followersCount": 12, "website": "https://orange.financial"}, {"id": "qian-eth", "name": "QIAN(ETH)", "twitter": null, "proposalsCount": 9, "votesCount": 44, "followersCount": 1, "website": null}, {"id": "soulectionplus.eth", "name": "Soulection+", "twitter": "soulection", "proposalsCount": 2, "votesCount": 45, "followersCount": 7, "website": "https://www.soulection.plus/"}, {"id": "spacestation.eth", "name": "Spacestation", "twitter": "SpacestationDAO", "proposalsCount": 4, "votesCount": 48, "followersCount": 2, "website": null}, {"id": "spanchbob.eth", "name": "mfg", "twitter": null, "proposalsCount": 1, "votesCount": 1, "followersCount": 2, "website": null}, {"id": "tomasmika.eth", "name": "MIKA MUSIC", "twitter": "tomasmika_music", "proposalsCount": 2, "votesCount": 41, "followersCount": 11, "website": "https://www.flowcode.com/page/tomas.mika"}, {"id": "voicegov.eth", "name": "Voice", "twitter": "mute_io", "proposalsCount": 1, "votesCount": 44, "followersCount": 9, "website": "https://mute.io"}, {"id": "whalesgame.eth", "name": "Whales Game", "twitter": "whales_game", "proposalsCount": 1, "votesCount": 44, "followersCount": 9, "website": null}, {"id": "woaimofang.eth", "name": "monacodao", "twitter": "woaimofang", "proposalsCount": 2, "votesCount": 1, "followersCount": 1, "website": null}, {"id": "wojakcoin.eth", "name": "Wojak Coin", "twitter": "wojakcoineth", "proposalsCount": 2, "votesCount": 40, "followersCount": 12, "website": "https://www.wojak.finance"}, {"id": "zksyncid.eth", "name": "\u5154\u5b50\u6d1e\u8ba8\u8bba\u7ec4", "twitter": null, "proposalsCount": 1, "votesCount": 1, "followersCount": 2, "website": null}, {"id": "zk\ud83e\uddd1\u200d\ud83d\udcbb.eth", "name": "Linea Community Member", "twitter": null, "proposalsCount": 0, "votesCount": 0, "followersCount": 4, "website": "https://linea.build/"}, {"id": "pixelfoxes.eth", "name": "Pixel Foxes", "twitter": "pixelfoxes", "proposalsCount": 3, "votesCount": 42, "followersCount": 9, "website": null}, {"id": "566fvc.eth", "name": "taobao ", "twitter": "taohengxu", "proposalsCount": 2, "votesCount": 0, "followersCount": 1, "website": "https://twitter.com/taohengxu"}, {"id": "afropolitan.eth", "name": "Afropolitan", "twitter": "afropolitan", "proposalsCount": 0, "votesCount": 0, "followersCount": 3, "website": "https://afropolitan.io/"}, {"id": "anifi.eth", "name": "AniFi World", "twitter": "AniFiWorld", "proposalsCount": 4, "votesCount": 23, "followersCount": 26, "website": "https://anifi.io/"}, {"id": "binance-bnb.eth", "name": "Airdrop", "twitter": null, "proposalsCount": 1, "votesCount": 0, "followersCount": 2, "website": null}, {"id": "biodefense.eth", "name": "Biodefense Foundation", "twitter": null, "proposalsCount": 18, "votesCount": 0, "followersCount": 35, "website": null}, {"id": "claritycollective.eth", "name": "Clarity Collective", "twitter": "claritycollectv", "proposalsCount": 1, "votesCount": 48, "followersCount": 4, "website": "https://claritycollectv.com/"}, {"id": "creator-dao.eth", "name": "Create DAO", "twitter": null, "proposalsCount": 1, "votesCount": 21, "followersCount": 31, "website": "https://secretenergy.com"}]