[{"id": "anthonye.eth", "name": "Anthony's Secret Test", "twitter": null, "proposalsCount": 2, "votesCount": 0, "followersCount": 1, "website": null}, {"id": "anti-mage.eth", "name": "Keal", "twitter": null, "proposalsCount": 1, "votesCount": 0, "followersCount": 2, "website": null}, {"id": "antiques.joints.eth", "name": "ANTDAO", "twitter": null, "proposalsCount": 1, "votesCount": 1, "followersCount": 1, "website": null}, {"id": "antonida.eth", "name": "Antonida Boo", "twitter": "antonida_boo", "proposalsCount": 1, "votesCount": 1, "followersCount": 1, "website": null}, {"id": "aoteman9999.eth", "name": "\u706b\u4e91", "twitter": null, "proposalsCount": 1, "votesCount": 1, "followersCount": 1, "website": null}, {"id": "ape.freesubs.eth", "name": "APEDAO", "twitter": null, "proposalsCount": 1, "votesCount": 1, "followersCount": 1, "website": null}, {"id": "apeks.eth", "name": "GBSlab", "twitter": null, "proposalsCount": 1, "votesCount": 1, "followersCount": 1, "website": null}, {"id": "apptencent.eth", "name": "apptencent", "twitter": null, "proposalsCount": 1, "votesCount": 1, "followersCount": 1, "website": null}, {"id": "arb11.eth", "name": "bane club", "twitter": null, "proposalsCount": 1, "votesCount": 1, "followersCount": 1, "website": null}, {"id": "arbar.eth", "name": "arbar", "twitter": null, "proposalsCount": 1, "votesCount": 1, "followersCount": 1, "website": null}, {"id": "arbcd.eth", "name": "how", "twitter": null, "proposalsCount": 1, "votesCount": 1, "followersCount": 1, "website": null}, {"id": "arbitrum33.eth", "name": "arb\u751f\u6001\u8ba8\u8bba", "twitter": null, "proposalsCount": 1, "votesCount": 1, "followersCount": 1, "website": null}, {"id": "arbshib.eth", "name": "ARBSHIB DAO", "twitter": "ArbShib_io", "proposalsCount": 0, "votesCount": 0, "followersCount": 3, "website": "https://arbshib.io"}, {"id": "arelykendall.eth", "name": "02", "twitter": null, "proposalsCount": 1, "votesCount": 1, "followersCount": 1, "website": null}, {"id": "arenaxlabs.eth", "name": "ArenaX Labs", "twitter": null, "proposalsCount": 1, "votesCount": 0, "followersCount": 2, "website": null}, {"id": "argentina.joints.eth", "name": "ARGENDAO", "twitter": null, "proposalsCount": 1, "votesCount": 1, "followersCount": 1, "website": null}, {"id": "arkius.eth", "name": "Arkius", "twitter": "arkiusvm", "proposalsCount": 0, "votesCount": 0, "followersCount": 3, "website": null}, {"id": "arsdao.eth", "name": "ARTDAO", "twitter": null, "proposalsCount": 1, "votesCount": 0, "followersCount": 2, "website": null}, {"id": "art.criptotwitter.eth", "name": "artDAO", "twitter": null, "proposalsCount": 1, "votesCount": 1, "followersCount": 1, "website": null}, {"id": "art.joints.eth", "name": "ARTDAO", "twitter": null, "proposalsCount": 1, "votesCount": 1, "followersCount": 1, "website": null}]