[{"id": "elasticswap.eth", "name": "ElasticSwap", "twitter": "elasticswap", "proposalsCount": 4, "votesCount": 118, "followersCount": 33, "website": "https://elasticswap.org"}, {"id": "guoxinchen.eth", "name": "guoxinchen", "twitter": null, "proposalsCount": 143, "votesCount": 5, "followersCount": 7, "website": null}, {"id": "tadpolefinance.eth", "name": "Tadpole Finance", "twitter": null, "proposalsCount": 9, "votesCount": 143, "followersCount": 3, "website": null}, {"id": "x7community.eth", "name": "X7 Finance DAO", "twitter": "x7_finance", "proposalsCount": 5, "votesCount": 130, "followersCount": 20, "website": "http://x7.finance"}, {"id": "youlaiwuqu.eth", "name": "youlaiwuqu", "twitter": "sxdgod1", "proposalsCount": 3, "votesCount": 0, "followersCount": 2, "website": null}, {"id": "aceminersp2.eth", "name": "Ace Miners NFT - P2", "twitter": "AceMinersNFT", "proposalsCount": 2, "votesCount": 147, "followersCount": 5, "website": "https://aceminersnft.io/"}, {"id": "cuntbase.eth", "name": "noiseGPT", "twitter": "noisegpt", "proposalsCount": 1, "votesCount": 0, "followersCount": 3, "website": "https://noisegpt.com"}, {"id": "deboxsocial.eth", "name": "DeBox Guardians Penguin", "twitter": "DeBox_Social", "proposalsCount": 1, "votesCount": 88, "followersCount": 15, "website": "https://opensea.io/collection/debox-guardians-penguin/activity"}, {"id": "koshibe.eth", "name": "Rogue DAO", "twitter": "kisbackpro", "proposalsCount": 5, "votesCount": 102, "followersCount": 47, "website": "https://lenster.xyz/u/hanabi"}, {"id": "nouns.eth", "name": "Nouns", "twitter": "nounsdao", "proposalsCount": 21, "votesCount": 66, "followersCount": 67, "website": null}, {"id": "punksded.eth", "name": "PunksDed DAO", "twitter": "punksdeddao", "proposalsCount": 7, "votesCount": 138, "followersCount": 9, "website": null}, {"id": "redemit-dao.eth", "name": "Redemit DAO", "twitter": "RedemitETH", "proposalsCount": 3, "votesCount": 28, "followersCount": 23, "website": "https://redemit.io/"}, {"id": "ruggtoken.eth", "name": "GIGA LABS DAO", "twitter": "gigajoes", "proposalsCount": 1, "votesCount": 1, "followersCount": 2, "website": "https://www.test-rug.xyz/"}, {"id": "weenus", "name": "WEENUS", "twitter": null, "proposalsCount": 72, "votesCount": 54, "followersCount": 28, "website": null}, {"id": "wizardsvote.eth", "name": "Meta Wizards Magic Council", "twitter": "metawizardsnft", "proposalsCount": 2, "votesCount": 131, "followersCount": 21, "website": "https://www.metawizardsnft.com/"}, {"id": "xdaicoin.eth", "name": "xdai dao", "twitter": null, "proposalsCount": 2, "votesCount": 0, "followersCount": 2, "website": null}, {"id": "00vip.eth", "name": "wqw", "twitter": null, "proposalsCount": 1, "votesCount": 1, "followersCount": 1, "website": null}, {"id": "010033.eth", "name": "tqrew", "twitter": null, "proposalsCount": 1, "votesCount": 1, "followersCount": 1, "website": null}, {"id": "030240.eth", "name": "Steven Lawson", "twitter": null, "proposalsCount": 1, "votesCount": 1, "followersCount": 1, "website": null}, {"id": "035280.eth", "name": "Arthur Ward", "twitter": null, "proposalsCount": 1, "votesCount": 1, "followersCount": 1, "website": null}]