[{"id": "mongolnft.eth", "name": "MongolNFT", "twitter": "mongol__nft", "proposalsCount": 3, "votesCount": 10, "followersCount": 27, "website": "https://mongolnft.com"}, {"id": "peace.movedao.eth", "name": "PeaceDAO", "twitter": "thepeacedao", "proposalsCount": 2, "votesCount": 26, "followersCount": 12, "website": "https://peace.move.xyz"}, {"id": "phoodles.eth", "name": "Phoodles", "twitter": "NftNoodles", "proposalsCount": 1, "votesCount": 32, "followersCount": 7, "website": null}, {"id": "shenzhenshajing.eth", "name": "SAND DAO", "twitter": null, "proposalsCount": 4, "votesCount": 10, "followersCount": 26, "website": null}, {"id": "sishi.eth", "name": "Sishi Finance", "twitter": null, "proposalsCount": 3, "votesCount": 20, "followersCount": 17, "website": null}, {"id": "skullx-vault.eth", "name": "Skullx", "twitter": "Skullxnft", "proposalsCount": 1, "votesCount": 31, "followersCount": 8, "website": "https://www.skullx.com/"}, {"id": "smartlaw.eth", "name": "SmartLaw Protocols", "twitter": null, "proposalsCount": 2, "votesCount": 0, "followersCount": 38, "website": null}, {"id": "stndgov.eth", "name": "Standard", "twitter": "standarddefi", "proposalsCount": 6, "votesCount": 13, "followersCount": 21, "website": null}, {"id": "wolfage", "name": "wolfage.finance", "twitter": null, "proposalsCount": 2, "votesCount": 37, "followersCount": 1, "website": null}, {"id": "xcult.skullys.eth", "name": "xCult", "twitter": "cultnfts", "proposalsCount": 2, "votesCount": 31, "followersCount": 7, "website": "https://cult.farmgod.finance"}, {"id": "yfarm", "name": "YFARM", "twitter": null, "proposalsCount": 3, "votesCount": 35, "followersCount": 2, "website": null}, {"id": "zero48.eth", "name": "Zero48", "twitter": "ProjectZR_X", "proposalsCount": 1, "votesCount": 38, "followersCount": 1, "website": "https://www.zrx.xyz/"}, {"id": "\u9a6c\u4e91\u963f\u91cc\u5df4\u5df4.eth", "name": "\u9a6c\u4e91\u963f\u91cc\u5df4\u5df4", "twitter": null, "proposalsCount": 2, "votesCount": 19, "followersCount": 19, "website": null}, {"id": "earnnetwork.eth", "name": "EARN Network (EARN$ Legacy)", "twitter": "0xEarn", "proposalsCount": 4, "votesCount": 35, "followersCount": 1, "website": null}, {"id": "emameimei.eth", "name": "emameimei", "twitter": null, "proposalsCount": 3, "votesCount": 33, "followersCount": 4, "website": null}, {"id": "hc333.eth", "name": "HC CLUB", "twitter": null, "proposalsCount": 9, "votesCount": 24, "followersCount": 7, "website": null}, {"id": "philantrop.eth", "name": "Philantrop", "twitter": null, "proposalsCount": 26, "votesCount": 9, "followersCount": 5, "website": null}, {"id": "a51base.eth", "name": "AREA51", "twitter": "AREA51_Arbitru", "proposalsCount": 2, "votesCount": 20, "followersCount": 17, "website": "https://www.area51.financial/"}, {"id": "bosserp.eth", "name": "Boss Info ", "twitter": null, "proposalsCount": 1, "votesCount": 35, "followersCount": 3, "website": "https://www.bossinfo.com"}, {"id": "crypstarter.eth", "name": "Crypstarter", "twitter": "cst_blockchain", "proposalsCount": 1, "votesCount": 27, "followersCount": 11, "website": "https://crypstarter.network"}]