[{"id": "luckysama.eth", "name": "Luckysama", "twitter": "LuckySama__", "proposalsCount": 0, "votesCount": 0, "followersCount": 4, "website": "https://luckysama.com/"}, {"id": "ludan.eth", "name": "Bandot", "twitter": "hellobandot", "proposalsCount": 1, "votesCount": 2, "followersCount": 1, "website": null}, {"id": "luoquecrypto.eth", "name": "LUOQUE HOME", "twitter": null, "proposalsCount": 2, "votesCount": 1, "followersCount": 1, "website": null}, {"id": "luvnft.eth", "name": "LUV NFT", "twitter": "luvnft", "proposalsCount": 0, "votesCount": 0, "followersCount": 4, "website": null}, {"id": "luzhoulaojiao.eth", "name": "luzhoulaojiao", "twitter": "skyang900929", "proposalsCount": 1, "votesCount": 1, "followersCount": 2, "website": null}, {"id": "lyf66666.eth", "name": "lyfzs", "twitter": null, "proposalsCount": 1, "votesCount": 1, "followersCount": 2, "website": null}, {"id": "m222s.eth", "name": "vase", "twitter": null, "proposalsCount": 1, "votesCount": 2, "followersCount": 1, "website": null}, {"id": "maomao.eth", "name": "\u5965\u7279\u66fc\u6253\u5c0f\u602a\u517d", "twitter": null, "proposalsCount": 1, "votesCount": 0, "followersCount": 3, "website": null}, {"id": "massmatual.eth", "name": "massmatual", "twitter": null, "proposalsCount": 1, "votesCount": 1, "followersCount": 2, "website": null}, {"id": "matuman.eth", "name": "ggg", "twitter": null, "proposalsCount": 2, "votesCount": 2, "followersCount": 0, "website": null}, {"id": "maxibitman.eth", "name": "aaDAo", "twitter": null, "proposalsCount": 2, "votesCount": 2, "followersCount": 0, "website": null}, {"id": "maxwellbritten.eth", "name": "BarhiveDAOBeta", "twitter": null, "proposalsCount": 1, "votesCount": 0, "followersCount": 3, "website": null}, {"id": "maye00.eth", "name": "Maye", "twitter": null, "proposalsCount": 2, "votesCount": 1, "followersCount": 1, "website": null}, {"id": "mbcore.eth", "name": "MBCORE", "twitter": null, "proposalsCount": 1, "votesCount": 3, "followersCount": 0, "website": null}, {"id": "mcs.eth", "name": "MCS", "twitter": "guidedao", "proposalsCount": 0, "votesCount": 0, "followersCount": 4, "website": "https://guidedao.xyz"}, {"id": "mega-moon.eth", "name": "Megamoon", "twitter": null, "proposalsCount": 1, "votesCount": 0, "followersCount": 3, "website": "https://megamoon.space"}, {"id": "metapolitans.eth", "name": "Metapolitans", "twitter": "Metapolitans_io", "proposalsCount": 0, "votesCount": 0, "followersCount": 4, "website": "https://metapolitans.io"}, {"id": "metasys.eth", "name": "Metasys", "twitter": null, "proposalsCount": 1, "votesCount": 1, "followersCount": 2, "website": null}, {"id": "metaverse123.eth", "name": "metaverse", "twitter": null, "proposalsCount": 2, "votesCount": 0, "followersCount": 2, "website": null}, {"id": "metaversexdao.eth", "name": "MetaverseX", "twitter": "MetaverseX_NFT", "proposalsCount": 1, "votesCount": 1, "followersCount": 2, "website": null}]