[{"id": "20221206.eth", "name": "20221206", "twitter": null, "proposalsCount": 1, "votesCount": 1, "followersCount": 0, "website": null}, {"id": "20221314520.eth", "name": "lumao6", "twitter": null, "proposalsCount": 18, "votesCount": 313, "followersCount": 85, "website": null}, {"id": "2023520.eth", "name": "lumao12", "twitter": null, "proposalsCount": 2, "votesCount": 29, "followersCount": 40, "website": null}, {"id": "2023a9.eth", "name": "A9DAO", "twitter": null, "proposalsCount": 13, "votesCount": 150, "followersCount": 4, "website": null}, {"id": "2023baofu.eth", "name": "support", "twitter": null, "proposalsCount": 1, "votesCount": 17, "followersCount": 1, "website": null}, {"id": "20244202.eth", "name": "\u5154\u5b50\u6d1e\u6295\u7968\uff0c\u957f\u671f\u6709\u6548", "twitter": null, "proposalsCount": 7, "votesCount": 970, "followersCount": 134, "website": null}, {"id": "2024520.eth", "name": "lumao13", "twitter": null, "proposalsCount": 3, "votesCount": 44, "followersCount": 40, "website": null}, {"id": "202505.eth", "name": "505 ", "twitter": null, "proposalsCount": 2, "votesCount": 3, "followersCount": 1, "website": null}, {"id": "202606.eth", "name": "future dao", "twitter": null, "proposalsCount": 1, "votesCount": 1, "followersCount": 1, "website": null}, {"id": "202707.eth", "name": "777park", "twitter": null, "proposalsCount": 1, "votesCount": 1, "followersCount": 1, "website": null}, {"id": "20280101.eth", "name": "\u7334\u5b50nft", "twitter": null, "proposalsCount": 1, "votesCount": 1, "followersCount": 1, "website": null}, {"id": "20290101.eth", "name": "\u5c0f\u72d0\u72f8\u94b1\u5305", "twitter": "hanhan21021", "proposalsCount": 2, "votesCount": 60, "followersCount": 14, "website": null}, {"id": "20girl.eth", "name": "\u8272\u5373\u662f\u7a7aColor is emptiness", "twitter": null, "proposalsCount": 8, "votesCount": 50, "followersCount": 18, "website": null}, {"id": "21-m.eth", "name": "Insurance", "twitter": null, "proposalsCount": 2, "votesCount": 5, "followersCount": 2, "website": null}, {"id": "213197.eth", "name": "SouthDao", "twitter": null, "proposalsCount": 45, "votesCount": 55, "followersCount": 24, "website": null}, {"id": "221189.eth", "name": "Crypto Ninja Tamil", "twitter": "Ijavudeen4", "proposalsCount": 1, "votesCount": 18, "followersCount": 6, "website": "https://t.me/cntdiscuss"}, {"id": "2228822.eth", "name": "HOT NETWORK", "twitter": null, "proposalsCount": 27, "votesCount": 30, "followersCount": 98, "website": null}, {"id": "223411.eth", "name": "yangyang network", "twitter": null, "proposalsCount": 1, "votesCount": 1, "followersCount": 2, "website": null}, {"id": "22388.eth", "name": "22388", "twitter": null, "proposalsCount": 3, "votesCount": 3, "followersCount": 1, "website": null}, {"id": "227855.eth", "name": "piece", "twitter": null, "proposalsCount": 1, "votesCount": 1, "followersCount": 1, "website": null}]