[{"id": "berezka.eth", "name": "BerezkaDAO", "twitter": null, "proposalsCount": 2, "votesCount": 3, "followersCount": 8, "website": null}, {"id": "bestinshow.eth", "name": "PACDAO", "twitter": "PsychosisApe", "proposalsCount": 1, "votesCount": 11, "followersCount": 1, "website": "https://Psychosisapeclub.com"}, {"id": "bil-wallet.eth", "name": "BIL-WALLET", "twitter": null, "proposalsCount": 1, "votesCount": 1, "followersCount": 11, "website": null}, {"id": "bmcc.eth", "name": "Omnichain Governance", "twitter": null, "proposalsCount": 0, "votesCount": 0, "followersCount": 13, "website": "https://bmcc.finance"}, {"id": "board4cc.eth", "name": "CC testing", "twitter": "NFTCryptoChicks", "proposalsCount": 3, "votesCount": 7, "followersCount": 3, "website": null}, {"id": "cafeswappolygon.eth", "name": "Cafeswap Finance (Polygon)", "twitter": "cafeswapfinance", "proposalsCount": 3, "votesCount": 0, "followersCount": 10, "website": null}, {"id": "camelia.eth", "name": "projects competition", "twitter": null, "proposalsCount": 1, "votesCount": 6, "followersCount": 6, "website": null}, {"id": "cheemsx.eth", "name": "CheemsX", "twitter": "CheemsXmods", "proposalsCount": 1, "votesCount": 9, "followersCount": 3, "website": "https://cheemsx.org"}, {"id": "colormonsters.eth", "name": "ColorMonsters", "twitter": "colormonsterNFT", "proposalsCount": 1, "votesCount": 8, "followersCount": 4, "website": "https://colormonsters.io"}, {"id": "cowdao.eth", "name": "cowDAO", "twitter": "cowDA0", "proposalsCount": 1, "votesCount": 9, "followersCount": 3, "website": "https://www.cowdao.xyz/"}, {"id": "cryptosquar3.eth", "name": "Cryptosquare", "twitter": "Cryptosquare_be", "proposalsCount": 3, "votesCount": 5, "followersCount": 5, "website": "https://www.cryptosquare.be/"}, {"id": "cryptowhalesharks.eth", "name": "Crypto Whale Sharks", "twitter": "CWS_Community", "proposalsCount": 2, "votesCount": 8, "followersCount": 3, "website": "https://alpha.cryptowhalesharks.com/"}, {"id": "d5", "name": "D5", "twitter": null, "proposalsCount": 3, "votesCount": 10, "followersCount": 0, "website": null}, {"id": "daopanel.eth", "name": "DAO Panel", "twitter": null, "proposalsCount": 4, "votesCount": 5, "followersCount": 4, "website": null}, {"id": "daosacademy.eth", "name": "DAOsAcademy", "twitter": "ibaixauli", "proposalsCount": 2, "votesCount": 5, "followersCount": 6, "website": "https://daos.academy"}, {"id": "demodao.eth", "name": "Demo DAO", "twitter": null, "proposalsCount": 3, "votesCount": 5, "followersCount": 5, "website": null}, {"id": "derwal.eth", "name": "NFTSCAN", "twitter": null, "proposalsCount": 2, "votesCount": 6, "followersCount": 5, "website": null}, {"id": "dfi.amun.eth", "name": "Amun DeFi Index Token", "twitter": null, "proposalsCount": 3, "votesCount": 4, "followersCount": 6, "website": null}, {"id": "doragonland.eth", "name": "doragonland", "twitter": null, "proposalsCount": 1, "votesCount": 5, "followersCount": 7, "website": null}, {"id": "drinker.eth", "name": "ethdao", "twitter": null, "proposalsCount": 5, "votesCount": 3, "followersCount": 5, "website": null}]