[{"id": "snjbtc.eth", "name": "metaxuxu", "twitter": "xxggll2000", "proposalsCount": 6, "votesCount": 36, "followersCount": 7, "website": null}, {"id": "snoopfear.eth", "name": "SyncLab DAO", "twitter": "synclabteam", "proposalsCount": 4, "votesCount": 24, "followersCount": 21, "website": "https://synclab.team/"}, {"id": "takeprofitfi.eth", "name": "Take Profit Finance", "twitter": "TakeProfit_Fi", "proposalsCount": 7, "votesCount": 29, "followersCount": 13, "website": null}, {"id": "thestandardio.eth", "name": "The Standard DAO", "twitter": "thestandard_io", "proposalsCount": 2, "votesCount": 10, "followersCount": 37, "website": "https://www.thestandard.io/"}, {"id": "tosinshada.eth", "name": "Harmony zkDAO", "twitter": "harmonyzkdao", "proposalsCount": 1, "votesCount": 12, "followersCount": 36, "website": "https://zku.one"}, {"id": "uniquephoto.eth", "name": "Unique One Photo", "twitter": "UniquePhoto_", "proposalsCount": 3, "votesCount": 43, "followersCount": 3, "website": null}, {"id": "viv3.eth", "name": "Web3Lab", "twitter": null, "proposalsCount": 1, "votesCount": 45, "followersCount": 3, "website": null}, {"id": "0xadventures.eth", "name": "0xAdventures", "twitter": "0xAdventures", "proposalsCount": 2, "votesCount": 28, "followersCount": 18, "website": null}, {"id": "blockblend.eth", "name": "BlockBlend", "twitter": "blockblendIO", "proposalsCount": 1, "votesCount": 45, "followersCount": 2, "website": "https://blockblend.io"}, {"id": "decent-dao.eth", "name": "Decent DAO", "twitter": "decent_dao", "proposalsCount": 3, "votesCount": 38, "followersCount": 7, "website": "https://decent-dao.org"}, {"id": "radraptors.eth", "name": "RadRaptors", "twitter": "DinopunksNFT", "proposalsCount": 1, "votesCount": 13, "followersCount": 34, "website": null}, {"id": "tetuqi.eth", "name": "tetuQI", "twitter": "tetu_io", "proposalsCount": 2, "votesCount": 28, "followersCount": 18, "website": "https://app.tetu.io/tetuqi"}, {"id": "thecryptogeeks.eth", "name": "Crypto Geeks", "twitter": "CryptoGeeksETH", "proposalsCount": 2, "votesCount": 32, "followersCount": 14, "website": "https://cryptogeekseth.com/"}, {"id": "buzhidaotw.eth", "name": "Bu Zhi DAO", "twitter": "buzhidao_tw", "proposalsCount": 3, "votesCount": 36, "followersCount": 9, "website": null}, {"id": "casperdefi.eth", "name": "Casper DeFi", "twitter": "CasperTracker", "proposalsCount": 3, "votesCount": 45, "followersCount": 0, "website": null}, {"id": "crowboys.eth", "name": "Crowboys Online", "twitter": "CrowboysGameFi", "proposalsCount": 1, "votesCount": 38, "followersCount": 9, "website": "https://crowboys.online"}, {"id": "dongtomoon.eth", "name": "baakke", "twitter": null, "proposalsCount": 5, "votesCount": 31, "followersCount": 12, "website": null}, {"id": "dsbswap.eth", "name": "DSBSwap", "twitter": "dsbswap", "proposalsCount": 3, "votesCount": 45, "followersCount": 0, "website": null}, {"id": "emsvoting.eth", "name": "EMS", "twitter": null, "proposalsCount": 5, "votesCount": 33, "followersCount": 10, "website": null}, {"id": "fishfight.eth", "name": "FishFight.app DAO", "twitter": "FishFight1NFT", "proposalsCount": 6, "votesCount": 27, "followersCount": 15, "website": "https://FishFight.app"}]