[{"id": "peanutcommunity.eth", "name": "Peanut", "twitter": "peanut_nutbox", "proposalsCount": 1, "votesCount": 3, "followersCount": 6, "website": "https://walnut.nutbox.io/#/sub-community/home/?id=0xc54C1F0E7A75Fb405038891E316c973D26Bf0125"}, {"id": "pengdakwan.eth", "name": "Jim down", "twitter": null, "proposalsCount": 2, "votesCount": 3, "followersCount": 5, "website": null}, {"id": "pftolabs.eth", "name": "PFTO LABS", "twitter": "", "proposalsCount": 1, "votesCount": 7, "followersCount": 2, "website": "https://pftolabs.io/"}, {"id": "pigging.eth", "name": "pig", "twitter": null, "proposalsCount": 3, "votesCount": 4, "followersCount": 3, "website": null}, {"id": "pimoney.eth", "name": "pimoney", "twitter": null, "proposalsCount": 2, "votesCount": 6, "followersCount": 2, "website": null}, {"id": "pkgtoken.eth", "name": "PKG Token", "twitter": null, "proposalsCount": 8, "votesCount": 0, "followersCount": 2, "website": null}, {"id": "portye.eth", "name": "Cryptomark", "twitter": null, "proposalsCount": 1, "votesCount": 3, "followersCount": 6, "website": null}, {"id": "punksdeddao.eth", "name": "PunksDed", "twitter": "punksdeddao", "proposalsCount": 0, "votesCount": 0, "followersCount": 10, "website": null}, {"id": "qinfengjiedai.eth", "name": "UNI DAO", "twitter": null, "proposalsCount": 4, "votesCount": 4, "followersCount": 2, "website": null}, {"id": "raydex.eth", "name": "RayDex", "twitter": "raydexcrypto", "proposalsCount": 1, "votesCount": 1, "followersCount": 8, "website": "https://raydex.org"}, {"id": "rethe.eth", "name": "rethe", "twitter": null, "proposalsCount": 3, "votesCount": 5, "followersCount": 2, "website": null}, {"id": "richour.eth", "name": "HELLOWORLD", "twitter": null, "proposalsCount": 2, "votesCount": 0, "followersCount": 8, "website": null}, {"id": "rn969club.eth", "name": "Whaomi", "twitter": null, "proposalsCount": 4, "votesCount": 4, "followersCount": 2, "website": null}, {"id": "rocketfuel.realtwin.eth", "name": "RocketFuel", "twitter": null, "proposalsCount": 5, "votesCount": 2, "followersCount": 3, "website": null}, {"id": "rrdao.eth", "name": "RRDAO", "twitter": null, "proposalsCount": 4, "votesCount": 1, "followersCount": 5, "website": null}, {"id": "samogonshik.eth", "name": "sam", "twitter": null, "proposalsCount": 2, "votesCount": 6, "followersCount": 2, "website": "https://www.coingecko.com/uk"}, {"id": "sevde.eth", "name": "NON DAO", "twitter": null, "proposalsCount": 2, "votesCount": 2, "followersCount": 6, "website": null}, {"id": "shiteer7297.eth", "name": "shiteer7297\u7684\u7a7a\u95f4", "twitter": null, "proposalsCount": 2, "votesCount": 6, "followersCount": 2, "website": null}, {"id": "shouldberich.eth", "name": "rrr", "twitter": null, "proposalsCount": 5, "votesCount": 3, "followersCount": 2, "website": null}, {"id": "simsmono.eth", "name": "NBATOPSHOT", "twitter": null, "proposalsCount": 1, "votesCount": 3, "followersCount": 6, "website": null}]