[{"id": "astarrebots.eth", "name": "ASTAR ReBOTS DAO", "twitter": "ASTARReBOTS", "proposalsCount": 1, "votesCount": 91, "followersCount": 28, "website": "https://www.astarrebots.com/"}, {"id": "blazarforce.eth", "name": "Blazar Force", "twitter": "blazarforce", "proposalsCount": 9, "votesCount": 99, "followersCount": 12, "website": "https://www.flowcode.com/page/blazarbits"}, {"id": "curiovoters.eth", "name": "Curio Cards", "twitter": null, "proposalsCount": 2, "votesCount": 92, "followersCount": 26, "website": null}, {"id": "earthfund.eth", "name": "EarthFund", "twitter": null, "proposalsCount": 5, "votesCount": 78, "followersCount": 37, "website": null}, {"id": "swapx", "name": "swapx.org", "twitter": null, "proposalsCount": 7, "votesCount": 108, "followersCount": 5, "website": null}, {"id": "tweaks.eth", "name": "Tweaks", "twitter": "tweak_labs", "proposalsCount": 2, "votesCount": 104, "followersCount": 14, "website": "https://tweaklabs.xyz"}, {"id": "xxy01.eth", "name": "POET DAO", "twitter": null, "proposalsCount": 9, "votesCount": 100, "followersCount": 11, "website": null}, {"id": "blindex.eth", "name": "Blindex", "twitter": "BlinDEXio", "proposalsCount": 5, "votesCount": 73, "followersCount": 42, "website": "https://blindex.io"}, {"id": "familydao.eth", "name": "familydao", "twitter": null, "proposalsCount": 9, "votesCount": 74, "followersCount": 37, "website": null}, {"id": "impactplusdao.eth", "name": "Africa DAO", "twitter": null, "proposalsCount": 3, "votesCount": 98, "followersCount": 19, "website": null}, {"id": "libertarianuniverse.eth", "name": "Libertarian Universe", "twitter": "UniversidadeLi3", "proposalsCount": 17, "votesCount": 85, "followersCount": 18, "website": "https://dao.universidadelibertaria.com.br/"}, {"id": "losercoin-lowb.eth", "name": "LoserCoin", "twitter": "LoserCoin", "proposalsCount": 1, "votesCount": 78, "followersCount": 41, "website": null}, {"id": "m.bsnapshot.eth", "name": "mBProtocol", "twitter": null, "proposalsCount": 2, "votesCount": 117, "followersCount": 1, "website": null}, {"id": "newtopiadao.eth", "name": "NewtopiaDao", "twitter": "NewtopiaDao", "proposalsCount": 3, "votesCount": 85, "followersCount": 32, "website": "https://www.newtopiadao.xyz"}, {"id": "originvcdao.eth", "name": "ORIGIN VC DAO", "twitter": "Originvc_DAO", "proposalsCount": 1, "votesCount": 114, "followersCount": 5, "website": "https://www.originvcdao.com"}, {"id": "pfpsupplyco.eth", "name": "PFP Supply Co.", "twitter": "pfpsupplyco", "proposalsCount": 4, "votesCount": 100, "followersCount": 16, "website": "https://pfpsupply.co/"}, {"id": "slice-so.eth", "name": "Slice", "twitter": "slice__so", "proposalsCount": 21, "votesCount": 82, "followersCount": 17, "website": null}, {"id": "unitprotocol.eth", "name": "Unit protocol", "twitter": null, "proposalsCount": 1, "votesCount": 115, "followersCount": 4, "website": null}, {"id": "v2-multiplierfinance.eth", "name": "Multiplier V2", "twitter": "MultiplierMXX", "proposalsCount": 9, "votesCount": 88, "followersCount": 23, "website": null}, {"id": "dgnz.eth", "name": "DGNZ DAO", "twitter": "dgnznft", "proposalsCount": 11, "votesCount": 99, "followersCount": 9, "website": "https://dgnz.io/"}]