[{"id": "metaops.eth", "name": "metaops.eth \u2013\u00a0Governance", "twitter": null, "proposalsCount": 11, "votesCount": 0, "followersCount": 0, "website": null}, {"id": "metaplay2.eth", "name": "MetaPlay", "twitter": null, "proposalsCount": 2, "votesCount": 35, "followersCount": 4, "website": null}, {"id": "metasee.eth", "name": "Metasee", "twitter": null, "proposalsCount": 1, "votesCount": 1, "followersCount": 1, "website": null}, {"id": "metasingularity.eth", "name": "money", "twitter": null, "proposalsCount": 1, "votesCount": 3, "followersCount": 1, "website": null}, {"id": "metatreasure.eth", "name": "Meta Treasure DAO", "twitter": null, "proposalsCount": 0, "votesCount": 0, "followersCount": 12, "website": null}, {"id": "metavas.eth", "name": "MetaVas", "twitter": null, "proposalsCount": 0, "votesCount": 0, "followersCount": 2, "website": null}, {"id": "metaverse101.eth", "name": "Flabby Midnight", "twitter": null, "proposalsCount": 1, "votesCount": 4, "followersCount": 2, "website": "https://app.syndicate.io/clubs/0x18316b78aB134781660fA4Ca4565B9C300224d61?chain=mainnet"}, {"id": "metaverse30web.eth", "name": "Navdeep", "twitter": null, "proposalsCount": 1, "votesCount": 0, "followersCount": 1, "website": null}, {"id": "metaversebridge.eth", "name": "metabridge", "twitter": null, "proposalsCount": 1, "votesCount": 1, "followersCount": 0, "website": null}, {"id": "metaweb30.eth", "name": "metaweb30", "twitter": null, "proposalsCount": 1, "votesCount": 157, "followersCount": 2, "website": null}, {"id": "mete0r.eth", "name": "Xegma", "twitter": null, "proposalsCount": 1, "votesCount": 3, "followersCount": 1, "website": "https://xegma.io"}, {"id": "metise.eth", "name": "02b1", "twitter": null, "proposalsCount": 0, "votesCount": 0, "followersCount": 0, "website": null}, {"id": "metislab.eth", "name": "StepD", "twitter": null, "proposalsCount": 1, "votesCount": 47, "followersCount": 46, "website": null}, {"id": "metisniki.eth", "name": "metisniki", "twitter": null, "proposalsCount": 0, "votesCount": 0, "followersCount": 1, "website": "https://twitter.com/maomao526"}, {"id": "metisverse.eth", "name": "Metis Name Service", "twitter": "MetisDomains", "proposalsCount": 1, "votesCount": 10, "followersCount": 13, "website": "https://metis.domains/"}, {"id": "metrox.eth", "name": "Metrox", "twitter": null, "proposalsCount": 68, "votesCount": 2117, "followersCount": 479, "website": null}, {"id": "meysamyazdi.eth", "name": "meysam", "twitter": null, "proposalsCount": 0, "votesCount": 0, "followersCount": 1, "website": null}, {"id": "mferrocks.eth", "name": "Mfer Rocks", "twitter": null, "proposalsCount": 0, "votesCount": 0, "followersCount": 0, "website": null}, {"id": "mferweed.eth", "name": "Mfers Canna Co", "twitter": null, "proposalsCount": 1, "votesCount": 1, "followersCount": 1, "website": "https://www.mferscannabisco.com"}, {"id": "mibolu.eth", "name": "mibolu", "twitter": null, "proposalsCount": 2, "votesCount": 2, "followersCount": 1, "website": null}]