[{"id": "voxfinance.eth", "name": "Vox Finance 2.0", "twitter": "RealVoxFinance", "proposalsCount": 2, "votesCount": 56, "followersCount": 24, "website": "https://vox.finance"}, {"id": "aaacat.eth", "name": "aaacat", "twitter": null, "proposalsCount": 10, "votesCount": 25, "followersCount": 47, "website": null}, {"id": "gonewind.eth", "name": "Animata", "twitter": null, "proposalsCount": 6, "votesCount": 63, "followersCount": 13, "website": null}, {"id": "timmynfts.eth", "name": "Timmy The Turtle", "twitter": null, "proposalsCount": 6, "votesCount": 67, "followersCount": 9, "website": null}, {"id": "156ens.eth", "name": "156-160-L1", "twitter": null, "proposalsCount": 6, "votesCount": 20, "followersCount": 5, "website": null}, {"id": "6dcdao.eth", "name": "Six Dimension DAO", "twitter": "SixDCoin", "proposalsCount": 5, "votesCount": 39, "followersCount": 37, "website": "https://6deal.xyz/"}, {"id": "badcatsfightclub.eth", "name": "Bad Cats Fight Club", "twitter": "BadCatsFC", "proposalsCount": 6, "votesCount": 71, "followersCount": 4, "website": null}, {"id": "capitaldaoprotocol.eth", "name": "Capital DAO Protocol", "twitter": "Capital_DAO_P", "proposalsCount": 1, "votesCount": 74, "followersCount": 6, "website": "https://capital-dao.xyz/"}, {"id": "circleecho.eth", "name": "circleecho", "twitter": null, "proposalsCount": 2, "votesCount": 11, "followersCount": 18, "website": null}, {"id": "gummyinvasions.eth", "name": "Gummy Invasions", "twitter": "gummyinvasions", "proposalsCount": 5, "votesCount": 56, "followersCount": 20, "website": "https://gummyinvasions.io"}, {"id": "hztttao.eth", "name": "CakeGarden", "twitter": null, "proposalsCount": 1, "votesCount": 2, "followersCount": 28, "website": null}, {"id": "jbas-other-investments-dao.eth", "name": "JBAS Other Investments DAO", "twitter": "Japanese_BAPES", "proposalsCount": 2, "votesCount": 55, "followersCount": 24, "website": "https://www.japanesebornapesociety.com/"}, {"id": "pussyfinancialdao.eth", "name": "Pussy DAO", "twitter": "PUSSYFiancial", "proposalsCount": 2, "votesCount": 31, "followersCount": 48, "website": "https://pussy.financial/"}, {"id": "r-group.eth", "name": "R Group", "twitter": null, "proposalsCount": 16, "votesCount": 51, "followersCount": 14, "website": null}, {"id": "rdrcrypto.eth", "name": "Unknown", "twitter": "Drip_Cats", "proposalsCount": 31, "votesCount": 30, "followersCount": 20, "website": "https://dripcats.com/"}, {"id": "thecamp.eth", "name": "Circus Camp", "twitter": "DeadBitsNFT", "proposalsCount": 5, "votesCount": 58, "followersCount": 18, "website": null}, {"id": "661147.eth", "name": "zhangwuyi", "twitter": null, "proposalsCount": 22, "votesCount": 58, "followersCount": 1, "website": null}, {"id": "endutc.eth", "name": "End UTC", "twitter": "utc_24", "proposalsCount": 6, "votesCount": 65, "followersCount": 10, "website": "https://www.utc24.io/"}, {"id": "0x00x.eth", "name": "LBAC DAO", "twitter": "lilbabyapeclub", "proposalsCount": 2, "votesCount": 68, "followersCount": 10, "website": null}, {"id": "0xdaofi-unofficial.eth", "name": "0xDAO Unofficial", "twitter": null, "proposalsCount": 3, "votesCount": 75, "followersCount": 2, "website": null}]