[{"id": "chppp.eth", "name": "01", "twitter": null, "proposalsCount": 7, "votesCount": 8, "followersCount": 6, "website": null}, {"id": "chrisis.eth", "name": "adidas", "twitter": null, "proposalsCount": 1, "votesCount": 0, "followersCount": 0, "website": null}, {"id": "chuangshi.eth", "name": "geneth", "twitter": null, "proposalsCount": 2, "votesCount": 3, "followersCount": 1, "website": null}, {"id": "chuckbanger.eth", "name": "Chuck Banger", "twitter": null, "proposalsCount": 2, "votesCount": 2, "followersCount": 1, "website": null}, {"id": "chuhaixujingdf2938.eth", "name": "xujing", "twitter": null, "proposalsCount": 6, "votesCount": 6, "followersCount": 1, "website": null}, {"id": "chungao.eth", "name": "sdf", "twitter": null, "proposalsCount": 2, "votesCount": 2, "followersCount": 0, "website": null}, {"id": "chupacabrafinance.eth", "name": "CHUPA CABRA FINANCE", "twitter": null, "proposalsCount": 1, "votesCount": 2, "followersCount": 0, "website": null}, {"id": "chuxuan.eth", "name": "Bubble Hall", "twitter": "tixiaoyu1220", "proposalsCount": 1, "votesCount": 1, "followersCount": 1, "website": null}, {"id": "ciber0.eth", "name": "0", "twitter": null, "proposalsCount": 1, "votesCount": 1, "followersCount": 1, "website": null}, {"id": "cicada-cash.eth", "name": "Cicada Cash", "twitter": "cicadacash", "proposalsCount": 0, "votesCount": 0, "followersCount": 3, "website": "https://cicada.cash"}, {"id": "cici66.eth", "name": "\u51b2", "twitter": null, "proposalsCount": 1, "votesCount": 1, "followersCount": 1, "website": null}, {"id": "cidt.eth", "name": "CIDT", "twitter": null, "proposalsCount": 2, "votesCount": 0, "followersCount": 3, "website": "https://consideritdone.tech/"}, {"id": "cihdao.eth", "name": "CIHDAO", "twitter": "CIH_Monster", "proposalsCount": 1, "votesCount": 0, "followersCount": 13, "website": "https://cih.finance"}, {"id": "cilistia.eth", "name": "Jun Jun", "twitter": null, "proposalsCount": 1, "votesCount": 0, "followersCount": 1, "website": null}, {"id": "cincoechento.eth", "name": "Chincoechento", "twitter": "Tempes75", "proposalsCount": 3, "votesCount": 5, "followersCount": 3, "website": "https://twitter.com/Tempes75"}, {"id": "cinvest.eth", "name": "Gmoney", "twitter": null, "proposalsCount": 0, "votesCount": 0, "followersCount": 1, "website": null}, {"id": "cipherlabs.eth", "name": "Cipher Labs", "twitter": null, "proposalsCount": 1, "votesCount": 1, "followersCount": 1, "website": null}, {"id": "circle9.eth", "name": "circledao", "twitter": null, "proposalsCount": 1, "votesCount": 1, "followersCount": 1, "website": null}, {"id": "cityweb.eth", "name": "city", "twitter": null, "proposalsCount": 1, "votesCount": 19, "followersCount": 2, "website": null}, {"id": "ciudadex.eth", "name": "ciudadex", "twitter": "ciudadex_arg", "proposalsCount": 1, "votesCount": 2, "followersCount": 0, "website": "https://ciudadex.com.ar"}]