[{"id": "park3dao.eth", "name": "Park 3", "twitter": "park3official", "proposalsCount": 3, "votesCount": 8, "followersCount": 13, "website": "https://park3.org"}, {"id": "pinkpepe.eth", "name": "PinkPEPE", "twitter": "PinkPepeBSC", "proposalsCount": 1, "votesCount": 21, "followersCount": 2, "website": "https://pinkpepe.co/"}, {"id": "playdubbz.eth", "name": "Dubbz", "twitter": "playdubbz", "proposalsCount": 1, "votesCount": 6, "followersCount": 17, "website": "https://dubbz.com"}, {"id": "showmenft.eth", "name": "ShowMe", "twitter": "showmeNFT", "proposalsCount": 3, "votesCount": 12, "followersCount": 9, "website": null}, {"id": "smifkn.eth", "name": "Smifkn Investment Club", "twitter": null, "proposalsCount": 4, "votesCount": 18, "followersCount": 2, "website": null}, {"id": "streetrunnner.eth", "name": "Street Runner NFT", "twitter": "StreetRunnerNFT", "proposalsCount": 0, "votesCount": 0, "followersCount": 24, "website": "https://streetrunner.io/"}, {"id": "sullivanpeter.eth", "name": "abortion", "twitter": null, "proposalsCount": 11, "votesCount": 13, "followersCount": 0, "website": null}, {"id": "swamps.eth", "name": "SWAMPVERSE", "twitter": "SwampverseNFT", "proposalsCount": 1, "votesCount": 18, "followersCount": 5, "website": null}, {"id": "swingdao.eth", "name": "Swing DAO", "twitter": "swing_dao", "proposalsCount": 0, "votesCount": 0, "followersCount": 24, "website": "https://bananataskforceape.com/swing"}, {"id": "topgoal.eth", "name": "topgoal", "twitter": null, "proposalsCount": 16, "votesCount": 2, "followersCount": 6, "website": null}, {"id": "toterdao.eth", "name": "ToterDAO", "twitter": "ToterDAO", "proposalsCount": 2, "votesCount": 16, "followersCount": 6, "website": "https://fractional.art/vaults/toterdao-historic-trashart-vault"}, {"id": "unimulti.eth", "name": "Uni Finance", "twitter": "unifinance__", "proposalsCount": 1, "votesCount": 11, "followersCount": 12, "website": "https://ftm.unimulti.io/"}, {"id": "web3garage.eth", "name": "web3garage", "twitter": null, "proposalsCount": 2, "votesCount": 16, "followersCount": 6, "website": null}, {"id": "\u5929\u4e0a\u597d\u591a\u9e1f.eth", "name": "SStestnr2", "twitter": null, "proposalsCount": 6, "votesCount": 12, "followersCount": 6, "website": null}, {"id": "nftnet.eth", "name": "nftnetDAO", "twitter": null, "proposalsCount": 1, "votesCount": 14, "followersCount": 8, "website": null}, {"id": "0x00dao.eth", "name": "0x00DAO", "twitter": null, "proposalsCount": 9, "votesCount": 4, "followersCount": 10, "website": null}, {"id": "520ii.eth", "name": "CLUB520", "twitter": null, "proposalsCount": 2, "votesCount": 11, "followersCount": 10, "website": null}, {"id": "5858588.eth", "name": "pspdao", "twitter": null, "proposalsCount": 1, "votesCount": 3, "followersCount": 19, "website": null}, {"id": "58750000000000000000001.eth", "name": "Mergoooor-test", "twitter": null, "proposalsCount": 14, "votesCount": 7, "followersCount": 2, "website": null}, {"id": "688club.eth", "name": "zora", "twitter": "MaySimp5181977", "proposalsCount": 4, "votesCount": 16, "followersCount": 3, "website": "https://fractional.art/vaults/11dao"}]