[{"id": "builtwith\u2764.eth", "name": "ENS Maxis", "twitter": "ENSMaxisNFT", "proposalsCount": 1, "votesCount": 46, "followersCount": 4, "website": "https://ensmaxis.com"}, {"id": "bysbon.eth", "name": "tet", "twitter": null, "proposalsCount": 0, "votesCount": 0, "followersCount": 1, "website": null}, {"id": "ca22.eth", "name": "Cthulhu Armageddon 2022", "twitter": "cthulhuCA22", "proposalsCount": 1, "votesCount": 29, "followersCount": 21, "website": null}, {"id": "cetusfinance.eth", "name": "Matic DAO", "twitter": "elonmash", "proposalsCount": 0, "votesCount": 0, "followersCount": 1, "website": "https://pornhub.com"}, {"id": "ch0nkworld.eth", "name": "CH0NK", "twitter": "ch0nkworld", "proposalsCount": 0, "votesCount": 0, "followersCount": 1, "website": "https://ch0nk.world"}, {"id": "chainbasis.eth", "name": "chainbase", "twitter": "bruceheptock", "proposalsCount": 0, "votesCount": 0, "followersCount": 1, "website": "http://chainbase.com"}, {"id": "d09469.eth", "name": "Adao", "twitter": null, "proposalsCount": 0, "votesCount": 0, "followersCount": 1, "website": "https://snapshot.org"}, {"id": "daoos.eth", "name": "daoOS", "twitter": "daoOS", "proposalsCount": 18, "votesCount": 32, "followersCount": 1, "website": null}, {"id": "daytradings.eth", "name": "dfss", "twitter": null, "proposalsCount": 0, "votesCount": 0, "followersCount": 1, "website": null}, {"id": "dhnounsdao.eth", "name": "Downhill Nouns DAO", "twitter": "dcot15", "proposalsCount": 0, "votesCount": 0, "followersCount": 1, "website": "https://thatsgnar.ly/dhnouns"}, {"id": "do666.eth", "name": "testdao", "twitter": null, "proposalsCount": 0, "votesCount": 0, "followersCount": 1, "website": null}, {"id": "dpetkai.eth", "name": "My DeFi Pet Kardia", "twitter": "MyDeFiPet", "proposalsCount": 2, "votesCount": 39, "followersCount": 10, "website": "https://mydefipet.com/"}, {"id": "ecollective.eth", "name": "Ecollective", "twitter": null, "proposalsCount": 5, "votesCount": 18, "followersCount": 28, "website": null}, {"id": "ewwefmemee.eth", "name": "egor", "twitter": null, "proposalsCount": 0, "votesCount": 0, "followersCount": 1, "website": null}, {"id": "fbear.eth", "name": "Bears", "twitter": null, "proposalsCount": 12, "votesCount": 39, "followersCount": 0, "website": null}, {"id": "ffqwdqwko.eth", "name": "lckdao", "twitter": null, "proposalsCount": 0, "votesCount": 0, "followersCount": 1, "website": null}, {"id": "gen01.eth", "name": "KZ", "twitter": null, "proposalsCount": 0, "votesCount": 0, "followersCount": 1, "website": null}, {"id": "goldenjr.eth", "name": "Golden JR", "twitter": null, "proposalsCount": 0, "votesCount": 0, "followersCount": 1, "website": null}, {"id": "haomilk96.eth", "name": "Cyber", "twitter": null, "proposalsCount": 0, "votesCount": 0, "followersCount": 1, "website": null}, {"id": "hkermani.eth", "name": "kermani", "twitter": "ananimatorman", "proposalsCount": 0, "votesCount": 0, "followersCount": 1, "website": null}]