[{"id": "aspreybugatti.eth", "name": "sos", "twitter": null, "proposalsCount": 1, "votesCount": 1, "followersCount": 1, "website": null}, {"id": "assange-dao.eth", "name": "JusticeDAO-Official", "twitter": "Justice__DAO", "proposalsCount": 0, "votesCount": 0, "followersCount": 2, "website": "http://jdao.co/"}, {"id": "astar1000.eth", "name": "ben", "twitter": null, "proposalsCount": 1, "votesCount": 1, "followersCount": 1, "website": null}, {"id": "astardusta.eth", "name": "football", "twitter": null, "proposalsCount": 1, "votesCount": 2, "followersCount": 2, "website": null}, {"id": "astroinu.eth", "name": "Astro Inu", "twitter": "AstroInuToken", "proposalsCount": 1, "votesCount": 2, "followersCount": 1, "website": "https://astroinu.com"}, {"id": "asymetrix.eth", "name": "Asymetrix", "twitter": null, "proposalsCount": 1, "votesCount": 2, "followersCount": 8, "website": null}, {"id": "at12333.eth", "name": "Dogecoin Holders", "twitter": null, "proposalsCount": 1, "votesCount": 14, "followersCount": 1, "website": null}, {"id": "atatatatvedat.eth", "name": "Padik place", "twitter": null, "proposalsCount": 7, "votesCount": 16, "followersCount": 10, "website": null}, {"id": "atem.eth", "name": "Atem Network", "twitter": null, "proposalsCount": 1, "votesCount": 0, "followersCount": 2, "website": null}, {"id": "atlas3d.eth", "name": "Atlas Creator Network", "twitter": null, "proposalsCount": 0, "votesCount": 0, "followersCount": 1, "website": null}, {"id": "atomatomo.eth", "name": "Atom", "twitter": "atomatomo", "proposalsCount": 26, "votesCount": 255, "followersCount": 35, "website": null}, {"id": "atomize.eth", "name": "Atomzie", "twitter": "atomizexyz", "proposalsCount": 0, "votesCount": 0, "followersCount": 0, "website": "https://atomzie.xyz"}, {"id": "atong03.eth", "name": "skill", "twitter": null, "proposalsCount": 1, "votesCount": 3, "followersCount": 1, "website": null}, {"id": "attrace.eth", "name": "Attrace", "twitter": "AttraceNetwork", "proposalsCount": 0, "votesCount": 0, "followersCount": 4, "website": "https://attrace.com"}, {"id": "augustshah.eth", "name": "TEST", "twitter": null, "proposalsCount": 0, "votesCount": 0, "followersCount": 1, "website": null}, {"id": "aukfahim.eth", "name": "Aukfahim ", "twitter": null, "proposalsCount": 1, "votesCount": 4, "followersCount": 2, "website": null}, {"id": "autometafi.eth", "name": "InMathWeTrust", "twitter": null, "proposalsCount": 12, "votesCount": 6949, "followersCount": 471, "website": null}, {"id": "avaultfinance.eth", "name": "Avault", "twitter": "Avault_Astar", "proposalsCount": 0, "votesCount": 0, "followersCount": 4, "website": null}, {"id": "avaxcoin.eth", "name": "avaxcoin", "twitter": null, "proposalsCount": 1, "votesCount": 5, "followersCount": 44, "website": null}, {"id": "avctechnologies.eth", "name": "Test", "twitter": null, "proposalsCount": 0, "votesCount": 0, "followersCount": 1, "website": null}]