[{"id": "paydirt.game", "name": "Paydirt", "twitter": "PaydirtTheGame", "proposalsCount": 0, "votesCount": 0, "followersCount": 1, "website": "https://paydirt.game"}, {"id": "pc9527zxx.eth", "name": "usdc dao", "twitter": null, "proposalsCount": 1, "votesCount": 9, "followersCount": 6, "website": null}, {"id": "pdd001.eth", "name": "pdd001", "twitter": null, "proposalsCount": 1, "votesCount": 1, "followersCount": 0, "website": null}, {"id": "peacemakerdao.eth", "name": "PeaceMakerDAO", "twitter": "", "proposalsCount": 1, "votesCount": 23, "followersCount": 27, "website": null}, {"id": "peachparker.eth", "name": "Peach Parker DAO", "twitter": null, "proposalsCount": 0, "votesCount": 0, "followersCount": 1, "website": null}, {"id": "pear-dao.eth", "name": "PearDAO", "twitter": "PearDAOReal", "proposalsCount": 4, "votesCount": 36, "followersCount": 10, "website": "https://peardao.io/"}, {"id": "pearlbarley.eth", "name": "PearlDAO", "twitter": null, "proposalsCount": 1, "votesCount": 1, "followersCount": 1, "website": null}, {"id": "peckpeck.eth", "name": "suez", "twitter": null, "proposalsCount": 1, "votesCount": 1, "followersCount": 0, "website": null}, {"id": "pengmeili.eth", "name": "girlpower", "twitter": null, "proposalsCount": 1, "votesCount": 2, "followersCount": 2, "website": null}, {"id": "people2021.eth", "name": "Darkfi Research Club", "twitter": null, "proposalsCount": 2, "votesCount": 11, "followersCount": 9, "website": null}, {"id": "peopleplan.eth", "name": "Bai BTC CLUB", "twitter": "baixiaobai9979", "proposalsCount": 2, "votesCount": 5, "followersCount": 2, "website": null}, {"id": "peopleross.eth", "name": "Meng365 QQ ", "twitter": "laomeng365", "proposalsCount": 4, "votesCount": 28, "followersCount": 24, "website": null}, {"id": "peoplesdao.eth", "name": "The Peoples Dao", "twitter": "ThePepeDAOBSC", "proposalsCount": 0, "votesCount": 0, "followersCount": 8, "website": "https://peoplesdao.net/"}, {"id": "perche.eth", "name": "ENS\u4e2d\u6587\u793e\u533a", "twitter": null, "proposalsCount": 0, "votesCount": 0, "followersCount": 2, "website": null}, {"id": "perfectmak.eth", "name": "Perfects.Engineering", "twitter": null, "proposalsCount": 1, "votesCount": 0, "followersCount": 1, "website": null}, {"id": "perpetualyield.eth", "name": "AmpliFi", "twitter": "AmpliFiDeFi", "proposalsCount": 2, "votesCount": 12, "followersCount": 27, "website": "https://www.perpetualyield.io"}, {"id": "persiandao.eth", "name": "PersianDAO", "twitter": "PersianDAO", "proposalsCount": 0, "votesCount": 0, "followersCount": 5, "website": "https://persiandao.io"}, {"id": "petapower.eth", "name": "PETAVERSE DAO", "twitter": null, "proposalsCount": 0, "votesCount": 0, "followersCount": 0, "website": null}, {"id": "peter9699.eth", "name": "Peter", "twitter": null, "proposalsCount": 1, "votesCount": 1, "followersCount": 0, "website": null}, {"id": "petroleumdefi.eth", "name": "Petroleum", "twitter": "Petroleum_Defi", "proposalsCount": 1, "votesCount": 30, "followersCount": 7, "website": null}]