[{"id": "0x9350.eth", "name": "linesy", "twitter": null, "proposalsCount": 1, "votesCount": 3, "followersCount": 1, "website": null}, {"id": "123518.eth", "name": "Green", "twitter": null, "proposalsCount": 2, "votesCount": 2, "followersCount": 1, "website": null}, {"id": "123918.eth", "name": "Allen", "twitter": null, "proposalsCount": 2, "votesCount": 2, "followersCount": 1, "website": null}, {"id": "134560.eth", "name": "King", "twitter": null, "proposalsCount": 2, "votesCount": 2, "followersCount": 1, "website": null}, {"id": "369518.eth", "name": "Morris", "twitter": null, "proposalsCount": 2, "votesCount": 2, "followersCount": 1, "website": null}, {"id": "39416.eth", "name": "kjn", "twitter": null, "proposalsCount": 1, "votesCount": 3, "followersCount": 1, "website": null}, {"id": "4etirnatset.eth", "name": "DAO", "twitter": null, "proposalsCount": 2, "votesCount": 2, "followersCount": 1, "website": null}, {"id": "521918.eth", "name": "ScottDAO", "twitter": null, "proposalsCount": 2, "votesCount": 2, "followersCount": 1, "website": null}, {"id": "525188.eth", "name": "Hill", "twitter": null, "proposalsCount": 2, "votesCount": 2, "followersCount": 1, "website": null}, {"id": "995188.eth", "name": "Young", "twitter": null, "proposalsCount": 2, "votesCount": 2, "followersCount": 1, "website": null}, {"id": "addes.eth", "name": "\u725b\u5e02\u6c38\u52a8\u673a", "twitter": null, "proposalsCount": 1, "votesCount": 2, "followersCount": 2, "website": null}, {"id": "addre.eth", "name": "add", "twitter": null, "proposalsCount": 2, "votesCount": 2, "followersCount": 1, "website": null}, {"id": "aitoc.eth", "name": "gitcoin\u751f\u6001", "twitter": null, "proposalsCount": 1, "votesCount": 2, "followersCount": 2, "website": null}, {"id": "alanges\u00f6hne.eth", "name": "UBLud", "twitter": null, "proposalsCount": 3, "votesCount": 0, "followersCount": 2, "website": null}, {"id": "appoio.eth", "name": "dSSSS", "twitter": null, "proposalsCount": 2, "votesCount": 2, "followersCount": 1, "website": null}, {"id": "azpar.eth", "name": "Kardad", "twitter": "Kardad2022", "proposalsCount": 3, "votesCount": 1, "followersCount": 1, "website": null}, {"id": "bscdaily.eth", "name": "\u7a7a\u95f41", "twitter": null, "proposalsCount": 1, "votesCount": 3, "followersCount": 1, "website": null}, {"id": "bunnysunny.eth", "name": "bunnysunny.eth", "twitter": null, "proposalsCount": 2, "votesCount": 2, "followersCount": 1, "website": null}, {"id": "codepoets.eth", "name": "codepoets", "twitter": null, "proposalsCount": 2, "votesCount": 252, "followersCount": 1, "website": null}, {"id": "cr-gen.eth", "name": "DAo", "twitter": null, "proposalsCount": 2, "votesCount": 2, "followersCount": 1, "website": null}]