[{"id": "aishenghuo.eth", "name": "aishenghuo", "twitter": null, "proposalsCount": 2, "votesCount": 2, "followersCount": 2, "website": null}, {"id": "aisnake.eth", "name": "SnakeSpace", "twitter": null, "proposalsCount": 1, "votesCount": 2, "followersCount": 1, "website": null}, {"id": "aiwo9999.eth", "name": "okju", "twitter": null, "proposalsCount": 1, "votesCount": 1, "followersCount": 1, "website": null}, {"id": "aixuexicc.eth", "name": "aixuexi", "twitter": null, "proposalsCount": 1, "votesCount": 1, "followersCount": 0, "website": null}, {"id": "aj0021.eth", "name": "Aj0021", "twitter": "7R_AJ21", "proposalsCount": 1, "votesCount": 3, "followersCount": 1, "website": null}, {"id": "ajfoundation.eth", "name": "Amanda Joyner Foundation", "twitter": null, "proposalsCount": 0, "votesCount": 0, "followersCount": 2, "website": null}, {"id": "ajielu.eth", "name": "freeDAO", "twitter": null, "proposalsCount": 1, "votesCount": 1, "followersCount": 1, "website": null}, {"id": "ajoymahato.eth", "name": "Ajoy Mahato", "twitter": null, "proposalsCount": 1, "votesCount": 6, "followersCount": 2, "website": null}, {"id": "ajusajiang.eth", "name": "BTC", "twitter": null, "proposalsCount": 5, "votesCount": 11, "followersCount": 3, "website": null}, {"id": "akaia.eth", "name": "Akaia", "twitter": null, "proposalsCount": 0, "votesCount": 0, "followersCount": 1, "website": null}, {"id": "akamaized.eth", "name": "\u5154\u5b50\u6d1e\u6295\u7968\u6280\u80fd\u4efb\u52a1", "twitter": null, "proposalsCount": 5, "votesCount": 44, "followersCount": 5, "website": null}, {"id": "akamo.eth", "name": "akamo", "twitter": null, "proposalsCount": 4, "votesCount": 1, "followersCount": 2, "website": null}, {"id": "akaprince.eth", "name": "PRINCE", "twitter": null, "proposalsCount": 2, "votesCount": 3, "followersCount": 2, "website": null}, {"id": "akear55.eth", "name": "akear", "twitter": null, "proposalsCount": 1, "votesCount": 1, "followersCount": 1, "website": null}, {"id": "akharito.eth", "name": "akharito", "twitter": "AlexeyKhariton1", "proposalsCount": 1, "votesCount": 2, "followersCount": 1, "website": null}, {"id": "akramansary.eth", "name": "ENS NETWORK ", "twitter": "AkramAnsary97", "proposalsCount": 2, "votesCount": 3, "followersCount": 3, "website": "https://twitter.com/AkramAnsary97?t=4RzEsqzI4zSdkFGSRo76vA&s=09"}, {"id": "alaminofficial.eth", "name": "Al Amin Hossain ", "twitter": "MdAlAmi0882688", "proposalsCount": 0, "votesCount": 0, "followersCount": 1, "website": null}, {"id": "aleecuteo.eth", "name": "Aleecuteo", "twitter": null, "proposalsCount": 0, "votesCount": 0, "followersCount": 0, "website": null}, {"id": "alejandroloo.eth", "name": "TEST", "twitter": null, "proposalsCount": 1, "votesCount": 1, "followersCount": 0, "website": null}, {"id": "aleksandrpanda.eth", "name": "Aleksandr", "twitter": null, "proposalsCount": 1, "votesCount": 3, "followersCount": 3, "website": null}]