[{"id": "jennydao.eth", "name": "Jenny Metaverse DAO", "twitter": "JennyMetaverse", "proposalsCount": 49, "votesCount": 329, "followersCount": 169, "website": null}, {"id": "yieldguild.eth", "name": "Yield Guild Games", "twitter": "YieldGuild", "proposalsCount": 1, "votesCount": 74, "followersCount": 251, "website": null}, {"id": "songadao.eth", "name": "SongADAO", "twitter": "songadaymann", "proposalsCount": 10, "votesCount": 262, "followersCount": 128, "website": null}, {"id": "cryptexdao.eth", "name": "Cryptex", "twitter": "CryptexFinance", "proposalsCount": 25, "votesCount": 102, "followersCount": 81, "website": null}, {"id": "uberhaus.eth", "name": "Uberhaus", "twitter": "nowdaoit", "proposalsCount": 4, "votesCount": 379, "followersCount": 71, "website": null}, {"id": "gdao.eth", "name": "Governor DAO", "twitter": null, "proposalsCount": 18, "votesCount": 301, "followersCount": 80, "website": null}, {"id": "unipilot.eth", "name": "Unipilot", "twitter": "unipilot_io", "proposalsCount": 8, "votesCount": 195, "followersCount": 105, "website": null}, {"id": "globalcoinresearch.eth", "name": "Global Coin Research", "twitter": "globalcoinrsrch", "proposalsCount": 6, "votesCount": 147, "followersCount": 139, "website": null}, {"id": "crowncapital.eth", "name": "Crown Capital", "twitter": "crowncapitaldao", "proposalsCount": 12, "votesCount": 264, "followersCount": 65, "website": "https://www.crowncapital.games"}, {"id": "daomstr.eth", "name": "DAO MASTERS", "twitter": null, "proposalsCount": 12, "votesCount": 219, "followersCount": 102, "website": null}, {"id": "blackpoolhq.eth", "name": "blackpoolhq.eth", "twitter": "BlackpoolHQ", "proposalsCount": 8, "votesCount": 152, "followersCount": 172, "website": null}, {"id": "seedifyhodlers.eth", "name": "Seedify HODLers", "twitter": "SeedifyHODLers", "proposalsCount": 5, "votesCount": 150, "followersCount": 92, "website": "https://seedifyhodlers.com"}, {"id": "copernicusbeer.eth", "name": "Copernicus Beer", "twitter": "copernicusbeer", "proposalsCount": 14, "votesCount": 101, "followersCount": 62, "website": "https://copernicusbeer.xyz"}, {"id": "zechubdao.eth", "name": "ZecHub", "twitter": "zechub", "proposalsCount": 8, "votesCount": 65, "followersCount": 60, "website": "https://www.zechub.xyz"}, {"id": "treschain.eth", "name": "Tres Chain", "twitter": "treslecheschain", "proposalsCount": 6, "votesCount": 60, "followersCount": 64, "website": "https://treschain.com"}, {"id": "leaguedao.eth", "name": "LeagueDAO", "twitter": "LeagueDAO", "proposalsCount": 4, "votesCount": 86, "followersCount": 78, "website": null}, {"id": "raidparty.eth", "name": "RAID", "twitter": "RaidGuild", "proposalsCount": 2, "votesCount": 19, "followersCount": 68, "website": null}, {"id": "specialresolution.nexusmutual.eth", "name": "Nexus Mutual Special Resolution", "twitter": "NexusMutual", "proposalsCount": 1, "votesCount": 27, "followersCount": 54, "website": null}, {"id": "pokt-network", "name": "Pocket Network", "twitter": null, "proposalsCount": 0, "votesCount": 0, "followersCount": 26, "website": null}, {"id": "beanft.eth", "name": "BeaNFT DAO", "twitter": "beanstalkmoney", "proposalsCount": 1, "votesCount": 0, "followersCount": 34, "website": "https://bean.money/"}]