[{"id": "babycatloopy.eth", "name": "babycatloopy.eth", "twitter": "konghold1", "proposalsCount": 1, "votesCount": 0, "followersCount": 0, "website": null}, {"id": "babydoggy.eth", "name": "Doggy Party", "twitter": null, "proposalsCount": 1, "votesCount": 2, "followersCount": 1, "website": null}, {"id": "babylunatoken.eth", "name": "Baby Luna", "twitter": "BabyLunaToken", "proposalsCount": 0, "votesCount": 0, "followersCount": 2, "website": "https://babylunatoken.com"}, {"id": "babymam.eth", "name": "Babyk", "twitter": null, "proposalsCount": 1, "votesCount": 1, "followersCount": 0, "website": null}, {"id": "babyspacefloki.eth", "name": "BABY SPACE FLOKI", "twitter": "babyspacefloki", "proposalsCount": 2, "votesCount": 16, "followersCount": 32, "website": null}, {"id": "babyteethnft.com", "name": "BabyTeethNFT", "twitter": null, "proposalsCount": 0, "votesCount": 0, "followersCount": 2, "website": null}, {"id": "backrooms.eth", "name": "Test Backroom", "twitter": null, "proposalsCount": 0, "votesCount": 0, "followersCount": 1, "website": null}, {"id": "bafom.eth", "name": "Penahitam Dead Art Legion", "twitter": "penahitam_arts", "proposalsCount": 0, "votesCount": 0, "followersCount": 1, "website": "https://penahitam.art/about-us/"}, {"id": "baijiuhang.eth", "name": "baijiuhang", "twitter": null, "proposalsCount": 1, "votesCount": 1, "followersCount": 1, "website": null}, {"id": "baikaldan.eth", "name": "DAO MetaGo", "twitter": "DaoMetaGo", "proposalsCount": 3, "votesCount": 9, "followersCount": 7, "website": "https://t.me/DaoMetaGo"}, {"id": "baikan.6094444.eth", "name": "Baikan", "twitter": "cryptobaikan", "proposalsCount": 0, "votesCount": 0, "followersCount": 0, "website": null}, {"id": "baima.eth", "name": "\u76ae\u7403.club", "twitter": null, "proposalsCount": 2, "votesCount": 95, "followersCount": 3, "website": null}, {"id": "baiyao.eth", "name": "baiyaoDAO", "twitter": null, "proposalsCount": 1, "votesCount": 158, "followersCount": 1, "website": null}, {"id": "baizak.eth", "name": "Baizak", "twitter": null, "proposalsCount": 0, "votesCount": 0, "followersCount": 0, "website": null}, {"id": "bajarangi.eth", "name": "CRYPTO VAMPIRE", "twitter": "cryptovampire3", "proposalsCount": 1, "votesCount": 7, "followersCount": 4, "website": "https://t.me/CryptoVampire3"}, {"id": "bakerwang.eth", "name": "Bee DAO", "twitter": null, "proposalsCount": 0, "votesCount": 0, "followersCount": 0, "website": null}, {"id": "bak\u0131rk\u00f6y.eth", "name": "Gomado", "twitter": null, "proposalsCount": 0, "votesCount": 0, "followersCount": 0, "website": null}, {"id": "balancecapital.eth", "name": "Balance Capital", "twitter": "Balance_Capital", "proposalsCount": 1, "votesCount": 2, "followersCount": 1, "website": "https://www.balance.capital/"}, {"id": "balllikekobe.eth", "name": "qcqewceqcqwcw", "twitter": null, "proposalsCount": 1, "votesCount": 1, "followersCount": 1, "website": null}, {"id": "bambambam.eth", "name": "Kewl snapshot", "twitter": null, "proposalsCount": 1, "votesCount": 1, "followersCount": 2, "website": null}]