[{"id": "wxdao.eth", "name": "WXDAO", "twitter": null, "proposalsCount": 1, "votesCount": 1, "followersCount": 1, "website": null}, {"id": "x00935.eth", "name": "yamse", "twitter": null, "proposalsCount": 1, "votesCount": 1, "followersCount": 1, "website": null}, {"id": "x09301.eth", "name": "sjuess", "twitter": null, "proposalsCount": 1, "votesCount": 1, "followersCount": 1, "website": null}, {"id": "x09350.eth", "name": "linmes", "twitter": null, "proposalsCount": 1, "votesCount": 1, "followersCount": 1, "website": null}, {"id": "xasen.eth", "name": "PFP NFT\u8ba8\u8bba\u7ec4", "twitter": null, "proposalsCount": 1, "votesCount": 1, "followersCount": 1, "website": null}, {"id": "xgent.eth", "name": "\u94b1\u5305\u8ba8\u8bba", "twitter": null, "proposalsCount": 1, "votesCount": 1, "followersCount": 1, "website": null}, {"id": "xhjp656.eth", "name": "xiaohuang", "twitter": null, "proposalsCount": 1, "votesCount": 1, "followersCount": 1, "website": null}, {"id": "xnbcvghj.eth", "name": "VFD", "twitter": null, "proposalsCount": 1, "votesCount": 1, "followersCount": 1, "website": null}, {"id": "yesterdaydao.eth", "name": "YesterdayDAO", "twitter": null, "proposalsCount": 1, "votesCount": 1, "followersCount": 1, "website": null}, {"id": "yingsu.eth", "name": "\u7a7a\u6295", "twitter": null, "proposalsCount": 2, "votesCount": 0, "followersCount": 1, "website": null}, {"id": "zapper.faaarid.eth", "name": "t", "twitter": null, "proposalsCount": 1, "votesCount": 1, "followersCount": 1, "website": null}, {"id": "zebulona.eth", "name": "dfe", "twitter": null, "proposalsCount": 1, "votesCount": 1, "followersCount": 1, "website": null}, {"id": "zflab.eth", "name": "zhhh", "twitter": null, "proposalsCount": 1, "votesCount": 1, "followersCount": 1, "website": null}, {"id": "zhu000.eth", "name": "zhu", "twitter": null, "proposalsCount": 1, "votesCount": 1, "followersCount": 1, "website": null}, {"id": "zimmerma.eth", "name": "xiao", "twitter": null, "proposalsCount": 1, "votesCount": 1, "followersCount": 1, "website": null}, {"id": "zitabertha.eth", "name": "zita", "twitter": null, "proposalsCount": 1, "votesCount": 1, "followersCount": 1, "website": null}, {"id": "zkspay.eth", "name": "bnb", "twitter": null, "proposalsCount": 0, "votesCount": 0, "followersCount": 3, "website": null}, {"id": "zorat.eth", "name": "\u6570\u5b57\u6e38\u6c11\u5c45\u4f4f\u5730", "twitter": null, "proposalsCount": 1, "votesCount": 1, "followersCount": 1, "website": null}, {"id": "zzddeeqq.eth", "name": "BFAD", "twitter": null, "proposalsCount": 1, "votesCount": 1, "followersCount": 1, "website": null}, {"id": "\u591a\u60c5\u5e94\u7b11\u6211.eth", "name": "mydaoer", "twitter": null, "proposalsCount": 1, "votesCount": 2, "followersCount": 0, "website": null}]