[{"id": "caiyu.eth", "name": "CYLabs", "twitter": null, "proposalsCount": 1, "votesCount": 1, "followersCount": 1, "website": null}, {"id": "california.freesubs.eth", "name": "CALDA0", "twitter": null, "proposalsCount": 1, "votesCount": 1, "followersCount": 1, "website": null}, {"id": "california.joints.eth", "name": "californDAO", "twitter": null, "proposalsCount": 1, "votesCount": 1, "followersCount": 1, "website": null}, {"id": "campfir3.eth", "name": "Campfire Core", "twitter": "campfire_xyz", "proposalsCount": 0, "votesCount": 0, "followersCount": 3, "website": null}, {"id": "canada.freesubs.eth", "name": "CNDDAO", "twitter": null, "proposalsCount": 1, "votesCount": 1, "followersCount": 1, "website": null}, {"id": "canadas.joints.eth", "name": "canadasDAO", "twitter": null, "proposalsCount": 1, "votesCount": 1, "followersCount": 1, "website": null}, {"id": "cancer.joints.eth", "name": "CANCERDAO", "twitter": null, "proposalsCount": 1, "votesCount": 1, "followersCount": 1, "website": null}, {"id": "candap.eth", "name": "bffok", "twitter": null, "proposalsCount": 2, "votesCount": 0, "followersCount": 1, "website": null}, {"id": "capital.joints.eth", "name": "CAPITALDAO", "twitter": null, "proposalsCount": 1, "votesCount": 1, "followersCount": 1, "website": null}, {"id": "capitolexhibit.eth", "name": "Creative Capitol Exhibit", "twitter": "irlart__", "proposalsCount": 0, "votesCount": 0, "followersCount": 3, "website": "https://irlart.com"}, {"id": "car.ensmaxisfam.eth", "name": "carDAO", "twitter": null, "proposalsCount": 1, "votesCount": 1, "followersCount": 1, "website": null}, {"id": "car.freesubs.eth", "name": "CARDAO", "twitter": null, "proposalsCount": 1, "votesCount": 1, "followersCount": 1, "website": null}, {"id": "car.joints.eth", "name": "CARDAO", "twitter": null, "proposalsCount": 1, "votesCount": 1, "followersCount": 1, "website": null}, {"id": "cardano.freesubs.eth", "name": "CARDANODAO", "twitter": null, "proposalsCount": 1, "votesCount": 1, "followersCount": 1, "website": null}, {"id": "cardano.joints.eth", "name": "CARDANODAO", "twitter": null, "proposalsCount": 1, "votesCount": 1, "followersCount": 1, "website": null}, {"id": "cards.joints.eth", "name": "CARDSDAO", "twitter": null, "proposalsCount": 1, "votesCount": 1, "followersCount": 1, "website": null}, {"id": "cars.criptotwitter.eth", "name": "carsDAO", "twitter": null, "proposalsCount": 1, "votesCount": 1, "followersCount": 1, "website": null}, {"id": "carupano.eth", "name": "\u6211\u662f\u8c01", "twitter": null, "proposalsCount": 2, "votesCount": 0, "followersCount": 1, "website": null}, {"id": "cascad.eth", "name": "raptor DAO", "twitter": null, "proposalsCount": 1, "votesCount": 1, "followersCount": 1, "website": null}, {"id": "cash.ensmaxisfam.eth", "name": "CASHDAO", "twitter": null, "proposalsCount": 1, "votesCount": 1, "followersCount": 1, "website": null}]