[{"id": "cybee.eth", "name": "CybeeDAO", "twitter": "", "proposalsCount": 2, "votesCount": 4, "followersCount": 33, "website": null}, {"id": "dai-prize-pool", "name": "Dai Prize Pool (PoolTogether)", "twitter": null, "proposalsCount": 13, "votesCount": 11, "followersCount": 15, "website": null}, {"id": "dao2.eth", "name": "test", "twitter": null, "proposalsCount": 10, "votesCount": 23, "followersCount": 6, "website": null}, {"id": "divinedao.szns.eth", "name": "divinedao.szns.eth", "twitter": null, "proposalsCount": 6, "votesCount": 25, "followersCount": 8, "website": null}, {"id": "dragon-arena.eth", "name": "Dragon Arena", "twitter": "The_DragonArena", "proposalsCount": 1, "votesCount": 32, "followersCount": 6, "website": "https://www.dragonarena.games/"}, {"id": "endomorqhine.eth", "name": "MonkexNFT", "twitter": "MonkexNFT", "proposalsCount": 1, "votesCount": 30, "followersCount": 8, "website": "https://monkex.net"}, {"id": "eth2eth.eth", "name": "ConstitutionDAO", "twitter": null, "proposalsCount": 3, "votesCount": 18, "followersCount": 18, "website": null}, {"id": "funkyshrooms.eth", "name": "Funky Shrooms DAO", "twitter": "funky_shrooms", "proposalsCount": 1, "votesCount": 15, "followersCount": 23, "website": null}, {"id": "kingway.eth", "name": "kingway", "twitter": null, "proposalsCount": 10, "votesCount": 14, "followersCount": 15, "website": null}, {"id": "ligum.eth", "name": "Plebs of Web3", "twitter": null, "proposalsCount": 5, "votesCount": 23, "followersCount": 11, "website": null}, {"id": "littlefrens.eth", "name": "Little Frens", "twitter": null, "proposalsCount": 1, "votesCount": 1, "followersCount": 37, "website": "https://littlefrens.co"}, {"id": "metaboat.eth", "name": "LoserChick Dao", "twitter": null, "proposalsCount": 5, "votesCount": 9, "followersCount": 25, "website": null}, {"id": "notahippie.eth", "name": "notahippie", "twitter": null, "proposalsCount": 1, "votesCount": 34, "followersCount": 4, "website": null}, {"id": "ourgalaxy.eth", "name": "OurGalaxyDAO", "twitter": "MintOurGalaxy", "proposalsCount": 8, "votesCount": 25, "followersCount": 6, "website": "https://MintOurGalaxy.art"}, {"id": "scamily.eth", "name": "SCAM", "twitter": "SCAMBSC", "proposalsCount": 5, "votesCount": 33, "followersCount": 1, "website": null}, {"id": "shupian.eth", "name": "\u7f8e\u98df\u7684\u4fd8\u864f", "twitter": null, "proposalsCount": 5, "votesCount": 18, "followersCount": 16, "website": null}, {"id": "sparks-dao.eth", "name": "SPARKS DAO", "twitter": null, "proposalsCount": 1, "votesCount": 33, "followersCount": 5, "website": null}, {"id": "stl-dao.eth", "name": "Sky's the Limit", "twitter": "skysthelimitorg", "proposalsCount": 5, "votesCount": 24, "followersCount": 10, "website": "https://www.skysthelimit.org/"}, {"id": "suni.eth", "name": "SUNI", "twitter": null, "proposalsCount": 1, "votesCount": 34, "followersCount": 4, "website": null}, {"id": "thebulbimasks.eth", "name": "The BULBiMasks", "twitter": "BullBiDoo", "proposalsCount": 1, "votesCount": 35, "followersCount": 3, "website": "https://linktr.ee/BullBiDoo"}]