[{"id": "aleos.eth", "name": "blairs", "twitter": null, "proposalsCount": 1, "votesCount": 1, "followersCount": 0, "website": null}, {"id": "alexandy.eth", "name": "floats", "twitter": null, "proposalsCount": 1, "votesCount": 1, "followersCount": 1, "website": null}, {"id": "alexbit.eth", "name": "AlexBit", "twitter": null, "proposalsCount": 0, "votesCount": 0, "followersCount": 0, "website": null}, {"id": "alexislee.eth", "name": "TEST", "twitter": null, "proposalsCount": 1, "votesCount": 1, "followersCount": 0, "website": null}, {"id": "alexito.eth", "name": "Face ", "twitter": null, "proposalsCount": 2, "votesCount": 0, "followersCount": 2, "website": null}, {"id": "alexkom.eth", "name": "Alex Kom", "twitter": "XandrKom", "proposalsCount": 0, "votesCount": 0, "followersCount": 0, "website": null}, {"id": "alexkos.eth", "name": "Kostos", "twitter": null, "proposalsCount": 0, "votesCount": 0, "followersCount": 0, "website": null}, {"id": "alfa-dao.eth", "name": "alfadao.money", "twitter": "AlfaDAO_money", "proposalsCount": 0, "votesCount": 0, "followersCount": 1, "website": "https://alfadao.money/"}, {"id": "alfaproject.eth", "name": "degenscor dorogo ebat", "twitter": null, "proposalsCount": 1, "votesCount": 1, "followersCount": 0, "website": null}, {"id": "alfery.eth", "name": "dwd", "twitter": null, "proposalsCount": 1, "votesCount": 1, "followersCount": 0, "website": null}, {"id": "alianvar.eth", "name": "Alianvar", "twitter": "aliianvar", "proposalsCount": 0, "votesCount": 0, "followersCount": 1, "website": null}, {"id": "alibabaxyz.eth", "name": "alibabaxyz.eth", "twitter": null, "proposalsCount": 1, "votesCount": 1, "followersCount": 1, "website": null}, {"id": "aliblockchain.eth", "name": "alibaba", "twitter": null, "proposalsCount": 1, "votesCount": 1, "followersCount": 1, "website": null}, {"id": "alicedao.eth", "name": "alicedao", "twitter": null, "proposalsCount": 0, "votesCount": 0, "followersCount": 4, "website": null}, {"id": "alienape.eth", "name": "Snoppass", "twitter": null, "proposalsCount": 180, "votesCount": 272, "followersCount": 222, "website": null}, {"id": "alijiang.eth", "name": "sad", "twitter": null, "proposalsCount": 2, "votesCount": 20, "followersCount": 10, "website": null}, {"id": "alike.eth", "name": "Freemen's League", "twitter": null, "proposalsCount": 1, "votesCount": 23, "followersCount": 8, "website": null}, {"id": "alion.eth", "name": "alion", "twitter": null, "proposalsCount": 1, "votesCount": 10, "followersCount": 1, "website": null}, {"id": "alkimi-org.eth", "name": "Alkimi Org", "twitter": "AlkimiExchange", "proposalsCount": 0, "votesCount": 0, "followersCount": 1, "website": "https://www.alkimi.org/"}, {"id": "allahone.eth", "name": "allahone.eth", "twitter": null, "proposalsCount": 3, "votesCount": 4, "followersCount": 5, "website": null}]