[{"id": "btc100000\ud83d\udcb2.eth", "name": "\u52a0\u5bc6\u4ff1\u4e50\u90e8", "twitter": null, "proposalsCount": 1, "votesCount": 1, "followersCount": 1, "website": null}, {"id": "btc100\u4e07.eth", "name": "crypto \u64b8\u6bdb\u7ec4", "twitter": null, "proposalsCount": 1, "votesCount": 1, "followersCount": 1, "website": null}, {"id": "btc520.eth", "name": "BitForest", "twitter": null, "proposalsCount": 1, "votesCount": 1, "followersCount": 1, "website": null}, {"id": "btcevm.eth", "name": "minnu network", "twitter": "minu8944", "proposalsCount": 2, "votesCount": 0, "followersCount": 1, "website": null}, {"id": "btclabs.eth", "name": "BTC Labs", "twitter": null, "proposalsCount": 1, "votesCount": 1, "followersCount": 1, "website": null}, {"id": "btc\ud83d\udeeb\ud83d\udeeb.eth", "name": "crypto\u8ba8\u8bba", "twitter": null, "proposalsCount": 1, "votesCount": 1, "followersCount": 1, "website": null}, {"id": "btfinance.eth", "name": "BT.Finance", "twitter": null, "proposalsCount": 0, "votesCount": 0, "followersCount": 3, "website": null}, {"id": "btglobalservices.eth", "name": "MOMO", "twitter": null, "proposalsCount": 1, "votesCount": 1, "followersCount": 1, "website": null}, {"id": "btt.freesubs.eth", "name": "BTTDAO", "twitter": null, "proposalsCount": 1, "votesCount": 1, "followersCount": 1, "website": null}, {"id": "buccaneerdao.eth", "name": "Buccaneer", "twitter": null, "proposalsCount": 1, "votesCount": 1, "followersCount": 1, "website": null}, {"id": "budaha.eth", "name": "budaha.eth", "twitter": null, "proposalsCount": 2, "votesCount": 0, "followersCount": 1, "website": null}, {"id": "bulletlab.eth", "name": "BulletLab", "twitter": null, "proposalsCount": 1, "votesCount": 1, "followersCount": 1, "website": null}, {"id": "burn28.eth", "name": "burn28", "twitter": null, "proposalsCount": 1, "votesCount": 1, "followersCount": 1, "website": null}, {"id": "busd.freesubs.eth", "name": "BUSDDAO", "twitter": null, "proposalsCount": 1, "votesCount": 1, "followersCount": 1, "website": null}, {"id": "business.ensmaxisfam.eth", "name": "businessDAO", "twitter": null, "proposalsCount": 1, "votesCount": 1, "followersCount": 1, "website": null}, {"id": "business.freesubs.eth", "name": "BUSINESSDAO", "twitter": null, "proposalsCount": 1, "votesCount": 1, "followersCount": 1, "website": null}, {"id": "buy.ensmaxisfam.eth", "name": "buyDAO", "twitter": null, "proposalsCount": 1, "votesCount": 1, "followersCount": 1, "website": null}, {"id": "buymeanft.eth", "name": "test", "twitter": null, "proposalsCount": 1, "votesCount": 1, "followersCount": 1, "website": null}, {"id": "bytenet.eth", "name": "DEGEN DAO", "twitter": null, "proposalsCount": 1, "votesCount": 1, "followersCount": 1, "website": null}, {"id": "cafe.joints.eth", "name": "CAFEDAO", "twitter": null, "proposalsCount": 1, "votesCount": 1, "followersCount": 1, "website": null}]