[{"id": "smartdex-voting.eth", "name": "SmartDEX", "twitter": null, "proposalsCount": 3, "votesCount": 0, "followersCount": 2, "website": null}, {"id": "smoothyfinance.eth", "name": "Smoothy-ETH", "twitter": "", "proposalsCount": 4, "votesCount": 0, "followersCount": 1, "website": null}, {"id": "snapshot.brianbutterfield.eth", "name": "Test", "twitter": null, "proposalsCount": 3, "votesCount": 2, "followersCount": 0, "website": null}, {"id": "snapshot.sockdao.eth", "name": "SockDAO", "twitter": "SockDAO", "proposalsCount": 0, "votesCount": 0, "followersCount": 5, "website": null}, {"id": "snowfork.eth", "name": "Snowfork", "twitter": null, "proposalsCount": 3, "votesCount": 0, "followersCount": 2, "website": null}, {"id": "solaredao.eth", "name": "Solare DAO", "twitter": null, "proposalsCount": 0, "votesCount": 0, "followersCount": 5, "website": null}, {"id": "sosuruq.eth", "name": "Sosuruq", "twitter": null, "proposalsCount": 1, "votesCount": 2, "followersCount": 2, "website": null}, {"id": "speardao.eth", "name": "SpearDAO", "twitter": null, "proposalsCount": 0, "votesCount": 0, "followersCount": 5, "website": null}, {"id": "stammtischdao.eth", "name": "StammtischDAO", "twitter": null, "proposalsCount": 1, "votesCount": 2, "followersCount": 2, "website": null}, {"id": "stddao.eth", "name": "stdDAO", "twitter": "stddao", "proposalsCount": 0, "votesCount": 0, "followersCount": 5, "website": null}, {"id": "steamcn.eth", "name": "rainbowDAO", "twitter": null, "proposalsCount": 1, "votesCount": 1, "followersCount": 3, "website": null}, {"id": "stevenyang.eth", "name": "learnblockchainDao", "twitter": "steven_yanghf", "proposalsCount": 1, "votesCount": 1, "followersCount": 3, "website": null}, {"id": "stupidscience.eth", "name": "Stupid Science", "twitter": null, "proposalsCount": 2, "votesCount": 2, "followersCount": 1, "website": null}, {"id": "succker.eth", "name": "topgun", "twitter": null, "proposalsCount": 2, "votesCount": 3, "followersCount": 0, "website": null}, {"id": "sudohive.eth", "name": "Sudolets", "twitter": "sudolets", "proposalsCount": 1, "votesCount": 2, "followersCount": 2, "website": null}, {"id": "sugarpah.eth", "name": "xptmxmdpdy", "twitter": null, "proposalsCount": 2, "votesCount": 1, "followersCount": 2, "website": null}, {"id": "sunlin.eth", "name": "\u6674\u7a7a\u4e07\u91cc", "twitter": null, "proposalsCount": 2, "votesCount": 0, "followersCount": 3, "website": null}, {"id": "sunsdao.eth", "name": "SunsDAO", "twitter": null, "proposalsCount": 1, "votesCount": 2, "followersCount": 2, "website": null}, {"id": "supername.eth", "name": "notional", "twitter": null, "proposalsCount": 1, "votesCount": 2, "followersCount": 2, "website": null}, {"id": "sven10hove.eth", "name": "Panic with Friends", "twitter": null, "proposalsCount": 3, "votesCount": 0, "followersCount": 2, "website": null}]