[{"id": "apeswap-finance.eth", "name": "ApeSwap", "twitter": "ape_swap", "proposalsCount": 31, "votesCount": 1822, "followersCount": 868, "website": "https://apeswap.finance/"}, {"id": "ghostinthecodebykazuhirotanimoto.eth", "name": "nisd", "twitter": null, "proposalsCount": 18, "votesCount": 34, "followersCount": 4, "website": null}, {"id": "c3-app.eth", "name": "C3 App", "twitter": "C3_ReFi", "proposalsCount": 4, "votesCount": 71, "followersCount": 19, "website": "https://c3.app"}, {"id": "lobis.eth", "name": "Lobis Finance", "twitter": "LobisHQ", "proposalsCount": 25, "votesCount": 2502, "followersCount": 294, "website": null}, {"id": "longerly.eth", "name": "ForeverDao", "twitter": null, "proposalsCount": 7, "votesCount": 42, "followersCount": 6, "website": null}, {"id": "goobers.eth", "name": "Goobers", "twitter": "GoobersNFT", "proposalsCount": 9, "votesCount": 2567, "followersCount": 225, "website": null}, {"id": "karmaverse.eth", "name": "Karmaverse", "twitter": "Karmaverse_io", "proposalsCount": 0, "votesCount": 0, "followersCount": 2798, "website": "https://karmaverse.io/"}, {"id": "astarpunks.eth", "name": "Astar Punks", "twitter": "PunksAstar", "proposalsCount": 14, "votesCount": 2386, "followersCount": 372, "website": null}, {"id": "\u5b8c\u7f8e\u7684\u4e16\u754c.eth", "name": "\u5b8c\u7f8e\u7684\u4e16\u754c", "twitter": null, "proposalsCount": 52, "votesCount": 77, "followersCount": 43, "website": null}, {"id": "enigmaminers.eth", "name": "EnigmaEconomy", "twitter": "", "proposalsCount": 6, "votesCount": 2560, "followersCount": 188, "website": null}, {"id": "xinyue3383.eth", "name": "UNM", "twitter": null, "proposalsCount": 18, "votesCount": 36, "followersCount": 0, "website": null}, {"id": "dogekingen.eth", "name": "Dogeking", "twitter": "dogekinge", "proposalsCount": 3, "votesCount": 2681, "followersCount": 58, "website": null}, {"id": "kuma-inu.eth", "name": "KUMA DAO", "twitter": "OfficialKumaInu", "proposalsCount": 18, "votesCount": 310, "followersCount": 56, "website": "https://www.kuma-inu.com/"}, {"id": "friendsofpooly.eth", "name": "PoolyDAO", "twitter": "FriendsofPooly", "proposalsCount": 5, "votesCount": 2090, "followersCount": 634, "website": "https://cuda.io/friendsofpooly"}, {"id": "halofi.eth", "name": "HaloFi", "twitter": "halofi_me", "proposalsCount": 8, "votesCount": 1618, "followersCount": 845, "website": "https://halofi.me/"}, {"id": "blockhubdao.eth", "name": "BlockHub DAO", "twitter": "BlockhubDao", "proposalsCount": 65, "votesCount": 1542, "followersCount": 61, "website": null}, {"id": "purrnelopescountryclub.eth", "name": "Purrnelopes Country Club", "twitter": "PurrnelopesCC", "proposalsCount": 24, "votesCount": 2586, "followersCount": 100, "website": null}, {"id": "weibodao.eth", "name": "fgdfg", "twitter": null, "proposalsCount": 2, "votesCount": 34, "followersCount": 17, "website": null}, {"id": "staderdao.eth", "name": "Stader", "twitter": "staderlabs", "proposalsCount": 8, "votesCount": 232, "followersCount": 1552, "website": "https://staderlabs.com"}, {"id": "goopsnapshot.eth", "name": "GOOP TROOP", "twitter": "goopdao", "proposalsCount": 242, "votesCount": 1745, "followersCount": 400, "website": null}]