[{"id": "eunicevb.eth", "name": "fgfg", "twitter": null, "proposalsCount": 1, "votesCount": 1, "followersCount": 0, "website": null}, {"id": "meganr.eth", "name": "jojoj", "twitter": null, "proposalsCount": 1, "votesCount": 1, "followersCount": 0, "website": null}, {"id": "l2thfeb.eth", "name": "MII Finance Test", "twitter": null, "proposalsCount": 1, "votesCount": 0, "followersCount": 1, "website": null}, {"id": "aembassy.eth", "name": "BitDAO AEmbassy", "twitter": "bitembassy", "proposalsCount": 3, "votesCount": 45, "followersCount": 53, "website": null}, {"id": "bentokenfinance.eth", "name": "BenSwap (smartBCH)", "twitter": "BenTokenFinanc1", "proposalsCount": 1, "votesCount": 21, "followersCount": 79, "website": "https://benswap.cash/"}, {"id": "dinoswapexchange.eth", "name": "DinoSwap", "twitter": "DinoSwapHQ", "proposalsCount": 1, "votesCount": 48, "followersCount": 52, "website": null}, {"id": "galaxer.eth", "name": "GALAXER", "twitter": "galaxer_glxr", "proposalsCount": 7, "votesCount": 37, "followersCount": 7, "website": "https://galaxer.space"}, {"id": "mancangzai.eth", "name": "JAYDAO", "twitter": "web3jayyu", "proposalsCount": 33, "votesCount": 34, "followersCount": 34, "website": null}, {"id": "sorryvrerror.eth", "name": "Bored Town", "twitter": "BoredTownNFT", "proposalsCount": 1, "votesCount": 6, "followersCount": 94, "website": null}, {"id": "xphunksdao.eth", "name": "Expansion Phunks DAO", "twitter": "xPhunks", "proposalsCount": 3, "votesCount": 89, "followersCount": 9, "website": null}, {"id": "0xplasma.eth", "name": "0xPlasma", "twitter": "0xPlasma", "proposalsCount": 1, "votesCount": 42, "followersCount": 57, "website": "https://plasma.finance"}, {"id": "aloha-dao.eth", "name": "Aloha DAO", "twitter": null, "proposalsCount": 2, "votesCount": 80, "followersCount": 18, "website": "https://www.aloha-dao.com/ "}, {"id": "blizzardmoney.eth", "name": "Blizzard Money", "twitter": "money_blizzard", "proposalsCount": 12, "votesCount": 62, "followersCount": 26, "website": null}, {"id": "commsor.eth", "name": "Commsaur", "twitter": "commsaur", "proposalsCount": 3, "votesCount": 90, "followersCount": 7, "website": null}, {"id": "defiville.eth", "name": "Defiville", "twitter": null, "proposalsCount": 4, "votesCount": 84, "followersCount": 12, "website": null}, {"id": "developers.robonomics.eth", "name": "Robonomics Town Hall 2022", "twitter": "AIRA_Robonomics", "proposalsCount": 5, "votesCount": 70, "followersCount": 25, "website": "https://robonomics.network/"}, {"id": "digg2.eth", "name": "DIGG Governance", "twitter": "diggfinance", "proposalsCount": 1, "votesCount": 79, "followersCount": 20, "website": null}, {"id": "dustclub.eth", "name": "The Dust Club", "twitter": "thedustclub", "proposalsCount": 4, "votesCount": 76, "followersCount": 20, "website": "http://specksofdust.club"}, {"id": "mbm.eth", "name": "MicroBuddies", "twitter": "MicroBuddies", "proposalsCount": 1, "votesCount": 97, "followersCount": 2, "website": null}, {"id": "moonbots.eth", "name": "MoonBots", "twitter": "nftmoonbots", "proposalsCount": 4, "votesCount": 84, "followersCount": 12, "website": null}]