[{"id": "holao.eth", "name": "hey", "twitter": null, "proposalsCount": 2, "votesCount": 2, "followersCount": 0, "website": null}, {"id": "idend.eth", "name": "gitcoin passport\u4ef7\u503c\u8ba8\u8bba", "twitter": null, "proposalsCount": 1, "votesCount": 1, "followersCount": 2, "website": null}, {"id": "iostyle.eth", "name": "nice ", "twitter": null, "proposalsCount": 2, "votesCount": 2, "followersCount": 0, "website": null}, {"id": "jijiomito.eth", "name": "best project", "twitter": null, "proposalsCount": 2, "votesCount": 2, "followersCount": 0, "website": null}, {"id": "jilato.eth", "name": "ggg", "twitter": null, "proposalsCount": 2, "votesCount": 2, "followersCount": 0, "website": null}, {"id": "kdafsona4.eth", "name": "r2rr2g", "twitter": null, "proposalsCount": 1, "votesCount": 2, "followersCount": 1, "website": null}, {"id": "kickurass.eth", "name": "kickurass's space", "twitter": null, "proposalsCount": 1, "votesCount": 2, "followersCount": 1, "website": null}, {"id": "kmass.eth", "name": "kmass's space", "twitter": null, "proposalsCount": 1, "votesCount": 2, "followersCount": 1, "website": null}, {"id": "kongtouwang.eth", "name": "Sarah", "twitter": null, "proposalsCount": 2, "votesCount": 1, "followersCount": 1, "website": null}, {"id": "larimua7.eth", "name": "scc", "twitter": null, "proposalsCount": 2, "votesCount": 1, "followersCount": 1, "website": null}, {"id": "laurii.eth", "name": "hello", "twitter": null, "proposalsCount": 2, "votesCount": 2, "followersCount": 0, "website": null}, {"id": "litbt.eth", "name": "NFT DAO", "twitter": null, "proposalsCount": 1, "votesCount": 2, "followersCount": 1, "website": null}, {"id": "lolkik.eth", "name": "ff", "twitter": null, "proposalsCount": 2, "votesCount": 2, "followersCount": 0, "website": null}, {"id": "lumi99.eth", "name": "morlok", "twitter": null, "proposalsCount": 2, "votesCount": 2, "followersCount": 0, "website": null}, {"id": "lycas.eth", "name": "lycasantafe", "twitter": null, "proposalsCount": 2, "votesCount": 2, "followersCount": 0, "website": null}, {"id": "malodoy.eth", "name": "monky", "twitter": null, "proposalsCount": 2, "votesCount": 1, "followersCount": 1, "website": null}, {"id": "memakit.eth", "name": "fd", "twitter": null, "proposalsCount": 2, "votesCount": 2, "followersCount": 0, "website": null}, {"id": "metaiching.eth", "name": "iching", "twitter": null, "proposalsCount": 3, "votesCount": 0, "followersCount": 1, "website": null}, {"id": "mikaelakerfeldt.eth", "name": "Web3 Data Analyst", "twitter": "freemartian_", "proposalsCount": 2, "votesCount": 2, "followersCount": 0, "website": null}, {"id": "mlite.eth", "name": "STARK\u751f\u6001\u9f99\u5934", "twitter": null, "proposalsCount": 1, "votesCount": 2, "followersCount": 1, "website": null}]