[{"id": "weirdpunks.eth", "name": "Weird Punks", "twitter": "weirdpunksnft", "proposalsCount": 3, "votesCount": 42, "followersCount": 32, "website": null}, {"id": "munificent.\u239b\u23c3\u239e.eth", "name": "Munificent - (Pre) Dao", "twitter": "00munificent00", "proposalsCount": 5, "votesCount": 56, "followersCount": 15, "website": "https://munificent.io/"}, {"id": "24px.eth", "name": "24px", "twitter": "24pxio", "proposalsCount": 1, "votesCount": 0, "followersCount": 75, "website": null}, {"id": "acgpyui.eth", "name": "yui", "twitter": "ACGP_yui", "proposalsCount": 20, "votesCount": 35, "followersCount": 21, "website": null}, {"id": "akcyberdolphin.eth", "name": "AK Cyber Dolphin", "twitter": "CyberDolphin", "proposalsCount": 2, "votesCount": 65, "followersCount": 9, "website": null}, {"id": "defioptionsdao.eth", "name": "DeFi Options DAO", "twitter": "DeFiOptionsDAO", "proposalsCount": 9, "votesCount": 49, "followersCount": 18, "website": null}, {"id": "eduarduck.eth", "name": "test1123", "twitter": null, "proposalsCount": 6, "votesCount": 4, "followersCount": 16, "website": null}, {"id": "eliteness.eth", "name": "Guru Network", "twitter": "ftm1337", "proposalsCount": 7, "votesCount": 50, "followersCount": 19, "website": "https://ftm.guru"}, {"id": "ethanglia.eth", "name": "ETHAnglia", "twitter": "ethanglia", "proposalsCount": 10, "votesCount": 55, "followersCount": 11, "website": null}, {"id": "goetheinstitu.eth", "name": "Goethe Institu Summer School", "twitter": null, "proposalsCount": 8, "votesCount": 43, "followersCount": 25, "website": null}, {"id": "jbas-bananza-dao.eth", "name": "JBAS Bananza DAO", "twitter": "Japanese_BAPES", "proposalsCount": 2, "votesCount": 50, "followersCount": 24, "website": "https://www.japanesebornapesociety.com/"}, {"id": "jbas-entrepreneurship-dao.eth", "name": "JBAS Entrepreneurship DAO", "twitter": "Japanese_BAPES", "proposalsCount": 2, "votesCount": 53, "followersCount": 21, "website": "https://www.japanesebornapesociety.com/"}, {"id": "karmabragons.eth", "name": "Karma Bragons", "twitter": "KarmaBragons", "proposalsCount": 5, "votesCount": 58, "followersCount": 13, "website": "https://www.karmabragons.com"}, {"id": "kujirai.eth", "name": "Kujira DAO", "twitter": "UstKishibe", "proposalsCount": 3, "votesCount": 40, "followersCount": 33, "website": "https://lenster.xyz/u/kujira"}, {"id": "msgofficial.eth", "name": "MsgSender.io", "twitter": "sender_msg", "proposalsCount": 3, "votesCount": 58, "followersCount": 15, "website": "https://msgsender.io/"}, {"id": "nftsnafu.eth", "name": "SNAFU Collective", "twitter": "nftnsafu", "proposalsCount": 4, "votesCount": 52, "followersCount": 20, "website": null}, {"id": "pixelpugs.eth", "name": "PixelPugs DAO", "twitter": "PixelPugsNFT", "proposalsCount": 5, "votesCount": 63, "followersCount": 8, "website": null}, {"id": "thethedao.eth", "name": "THE Protocol", "twitter": "theprotocolerc", "proposalsCount": 8, "votesCount": 48, "followersCount": 20, "website": "https://theprotocol.org"}, {"id": "upside-dao.eth", "name": "Upside DAO", "twitter": "upside_aus", "proposalsCount": 19, "votesCount": 50, "followersCount": 7, "website": "https://upsidedao.com.au"}, {"id": "evoland.eth", "name": "Evolution Land", "twitter": null, "proposalsCount": 6, "votesCount": 54, "followersCount": 15, "website": null}]