[{"id": "rooit.xyz", "name": "Rooit", "twitter": "rooitnft", "proposalsCount": 3, "votesCount": 27, "followersCount": 14, "website": "https://rooit.xyz/alpha_cell"}, {"id": "rootroop.eth", "name": "Roo Troop", "twitter": "rootroopnft", "proposalsCount": 1, "votesCount": 3, "followersCount": 2, "website": "https://rootroop.com"}, {"id": "rootswap.eth", "name": "RootSwap", "twitter": "rootswapxyz", "proposalsCount": 0, "votesCount": 0, "followersCount": 0, "website": "https://rootswap.xyz"}, {"id": "rotary-international.eth", "name": "Rotary International", "twitter": "Rotary", "proposalsCount": 1, "votesCount": 1, "followersCount": 1, "website": "https://www.rotary.org/en"}, {"id": "rotia.eth", "name": "Alpha", "twitter": null, "proposalsCount": 1, "votesCount": 1, "followersCount": 1, "website": null}, {"id": "round2.bluepartyhat.eth", "name": "Round 2", "twitter": null, "proposalsCount": 0, "votesCount": 0, "followersCount": 0, "website": null}, {"id": "roundsdao.eth", "name": "Rounds DAO", "twitter": null, "proposalsCount": 0, "votesCount": 0, "followersCount": 2, "website": null}, {"id": "rourou22.eth", "name": "3815dao", "twitter": null, "proposalsCount": 1, "votesCount": 3, "followersCount": 0, "website": null}, {"id": "royalcard.eth", "name": "Artlife", "twitter": "artlife2020", "proposalsCount": 1, "votesCount": 1, "followersCount": 1, "website": null}, {"id": "royalelastics.eth", "name": "mkunpy_crypto", "twitter": null, "proposalsCount": 1, "votesCount": 1, "followersCount": 1, "website": null}, {"id": "roysignaler.eth", "name": "Blockchain Student Group", "twitter": null, "proposalsCount": 0, "votesCount": 0, "followersCount": 1, "website": "https://www.meetup.com/blockchain-student-group/"}, {"id": "rrip.eth", "name": "R.rip", "twitter": null, "proposalsCount": 0, "votesCount": 0, "followersCount": 0, "website": null}, {"id": "rrttyy.eth", "name": "rrreth", "twitter": null, "proposalsCount": 1, "votesCount": 1, "followersCount": 1, "website": null}, {"id": "rs310id.eth", "name": "RS310ID", "twitter": "RS310ID", "proposalsCount": 1, "votesCount": 18, "followersCount": 23, "website": "https://linktr.ee/rs310id"}, {"id": "rubbishrecycle.eth", "name": "BAYC fragmentation", "twitter": "wandererwtf", "proposalsCount": 0, "votesCount": 0, "followersCount": 0, "website": "https://www.rubbishbeast.com/"}, {"id": "rubel72479316.eth", "name": "Rubel72479316", "twitter": null, "proposalsCount": 1, "votesCount": 0, "followersCount": 3, "website": null}, {"id": "rubelofficial.eth", "name": "Rubelofficial", "twitter": "rubelbd999", "proposalsCount": 1, "votesCount": 0, "followersCount": 1, "website": null}, {"id": "rudraksh.eth", "name": "SEEMA KESARIYA", "twitter": "seemakesariya", "proposalsCount": 0, "votesCount": 0, "followersCount": 0, "website": null}, {"id": "rudyone.eth", "name": "Big Bank Theory", "twitter": "bigbank_theory", "proposalsCount": 2, "votesCount": 34, "followersCount": 6, "website": "https://www.bigbanktheory.xyz"}, {"id": "rulanzheng.eth", "name": "Dory", "twitter": "storyfidao", "proposalsCount": 2, "votesCount": 2, "followersCount": 1, "website": "https://www.storyweb3.com"}]