[{"id": "hba.eth", "name": "HBA", "twitter": null, "proposalsCount": 1, "votesCount": 2, "followersCount": 0, "website": null}, {"id": "hdshdf5.eth", "name": "\u53cc\u4f11\u65e5", "twitter": null, "proposalsCount": 1, "votesCount": 1, "followersCount": 1, "website": null}, {"id": "health.ensmaxisfam.eth", "name": "healthDAO", "twitter": null, "proposalsCount": 1, "votesCount": 1, "followersCount": 1, "website": null}, {"id": "health.joints.eth", "name": "HEALTHdao", "twitter": null, "proposalsCount": 1, "votesCount": 1, "followersCount": 1, "website": null}, {"id": "heike1hao.eth", "name": "heike", "twitter": null, "proposalsCount": 1, "votesCount": 1, "followersCount": 1, "website": null}, {"id": "help59.eth", "name": "help59", "twitter": null, "proposalsCount": 1, "votesCount": 1, "followersCount": 1, "website": null}, {"id": "heripie.eth", "name": "ANT alliance", "twitter": "ANT_Alliance", "proposalsCount": 0, "votesCount": 0, "followersCount": 3, "website": "https://antalliance.epiconnect.co.kr"}, {"id": "hiaudit.eth", "name": "Fair Governance DAO", "twitter": null, "proposalsCount": 1, "votesCount": 1, "followersCount": 1, "website": null}, {"id": "high26.eth", "name": "high26", "twitter": null, "proposalsCount": 1, "votesCount": 1, "followersCount": 1, "website": null}, {"id": "hipolita.eth", "name": "Hipo", "twitter": null, "proposalsCount": 1, "votesCount": 1, "followersCount": 1, "website": null}, {"id": "hise.eth", "name": "pendle\u540c\u597d\u4f1a", "twitter": null, "proposalsCount": 1, "votesCount": 0, "followersCount": 2, "website": null}, {"id": "hj666.eth", "name": "hj666", "twitter": null, "proposalsCount": 1, "votesCount": 1, "followersCount": 1, "website": null}, {"id": "hockey.joints.eth", "name": "HOCKEYDAO", "twitter": null, "proposalsCount": 1, "votesCount": 1, "followersCount": 1, "website": null}, {"id": "hole93.eth", "name": "hole93", "twitter": null, "proposalsCount": 1, "votesCount": 1, "followersCount": 1, "website": null}, {"id": "holiday.freesubs.eth", "name": "HOLLIDAYDA0", "twitter": null, "proposalsCount": 1, "votesCount": 1, "followersCount": 1, "website": null}, {"id": "holiday.joints.eth", "name": "holidayDAO", "twitter": null, "proposalsCount": 1, "votesCount": 1, "followersCount": 1, "website": null}, {"id": "holidays.joints.eth", "name": "HOLIDAYDAO", "twitter": null, "proposalsCount": 1, "votesCount": 1, "followersCount": 1, "website": null}, {"id": "hollywood.freesubs.eth", "name": "HOLLYDA0", "twitter": null, "proposalsCount": 1, "votesCount": 1, "followersCount": 1, "website": null}, {"id": "hollywood.joints.eth", "name": "hollywoodDAO", "twitter": null, "proposalsCount": 1, "votesCount": 1, "followersCount": 1, "website": null}, {"id": "homdao.eth", "name": "HOM DAO", "twitter": null, "proposalsCount": 1, "votesCount": 0, "followersCount": 2, "website": null}]