[{"id": "666808.eth", "name": "666808", "twitter": null, "proposalsCount": 3, "votesCount": 3, "followersCount": 1, "website": null}, {"id": "666828.eth", "name": "666828", "twitter": null, "proposalsCount": 3, "votesCount": 3, "followersCount": 1, "website": null}, {"id": "666capital.eth", "name": "666capital", "twitter": null, "proposalsCount": 0, "votesCount": 0, "followersCount": 0, "website": null}, {"id": "666eth666.eth", "name": "Sin7DAO", "twitter": null, "proposalsCount": 1, "votesCount": 9, "followersCount": 1, "website": null}, {"id": "666x666.eth", "name": "666X666-DAO", "twitter": null, "proposalsCount": 1, "votesCount": 3, "followersCount": 1, "website": null}, {"id": "667773.eth", "name": "\u559c\u6b22\u54ea\u4e2a", "twitter": "SandraD94905754", "proposalsCount": 3, "votesCount": 6, "followersCount": 1, "website": "https://twitter.com/SandraD94905754"}, {"id": "66818.eth", "name": "laos", "twitter": "chen650056", "proposalsCount": 0, "votesCount": 0, "followersCount": 0, "website": null}, {"id": "668999.eth", "name": "668999", "twitter": null, "proposalsCount": 2, "votesCount": 4, "followersCount": 1, "website": null}, {"id": "669998.eth", "name": "\u9068\u6e38web3", "twitter": null, "proposalsCount": 1, "votesCount": 2, "followersCount": 1, "website": null}, {"id": "66c.eth", "name": "66c", "twitter": null, "proposalsCount": 91, "votesCount": 230, "followersCount": 15, "website": null}, {"id": "66geens.eth", "name": "ens\u8d77\u98de", "twitter": null, "proposalsCount": 1, "votesCount": 1, "followersCount": 0, "website": null}, {"id": "67171.eth", "name": "nimiDao", "twitter": "Carissamyq", "proposalsCount": 1, "votesCount": 2, "followersCount": 1, "website": "https://lenster.xyz/u/388888.lens"}, {"id": "678345.eth", "name": "687345", "twitter": null, "proposalsCount": 0, "votesCount": 0, "followersCount": 1, "website": null}, {"id": "67999.eth", "name": "\u5927\u5929\u5929", "twitter": null, "proposalsCount": 0, "votesCount": 0, "followersCount": 0, "website": null}, {"id": "68282.eth", "name": "68282", "twitter": null, "proposalsCount": 2, "votesCount": 4, "followersCount": 1, "website": null}, {"id": "68668.eth", "name": "Jenai", "twitter": null, "proposalsCount": 1, "votesCount": 4, "followersCount": 0, "website": null}, {"id": "6868go.eth", "name": "Trinhquyet", "twitter": null, "proposalsCount": 0, "votesCount": 0, "followersCount": 1, "website": null}, {"id": "68745.eth", "name": "68745", "twitter": null, "proposalsCount": 4, "votesCount": 4, "followersCount": 1, "website": null}, {"id": "68750.eth", "name": "68750", "twitter": null, "proposalsCount": 5, "votesCount": 10, "followersCount": 1, "website": null}, {"id": "68780.eth", "name": "68780", "twitter": null, "proposalsCount": 4, "votesCount": 6, "followersCount": 1, "website": null}]