[{"id": "thegreatwave.eth", "name": "The Great Wave", "twitter": "thegreatwaveio", "proposalsCount": 5, "votesCount": 39, "followersCount": 15, "website": null}, {"id": "0xclothing.eth", "name": "Test Space", "twitter": null, "proposalsCount": 1, "votesCount": 0, "followersCount": 7, "website": "https://notarealwebsite.com"}, {"id": "bombtoken.eth", "name": "BOMB Token", "twitter": null, "proposalsCount": 4, "votesCount": 52, "followersCount": 2, "website": null}, {"id": "brawlturtles.eth", "name": "Brawl Turtles DAO", "twitter": "brawlturtles", "proposalsCount": 2, "votesCount": 40, "followersCount": 16, "website": null}, {"id": "dikpikpenguins.eth", "name": "DikPikPenguins", "twitter": "dikpikpenguins", "proposalsCount": 2, "votesCount": 54, "followersCount": 2, "website": "https://www.dikpikpenguins.com"}, {"id": "fatoshidao.eth", "name": "FATOSHIDAO", "twitter": "fatoshibsc", "proposalsCount": 1, "votesCount": 55, "followersCount": 2, "website": "https://www.fatoshi.community/"}, {"id": "fortube-eth", "name": "ForTube(Ethereum)", "twitter": null, "proposalsCount": 10, "votesCount": 45, "followersCount": 3, "website": null}, {"id": "froqorion.eth", "name": "Froqorion", "twitter": "ftmfroqorion", "proposalsCount": 4, "votesCount": 48, "followersCount": 6, "website": "https://froqorion.com"}, {"id": "mod.eth", "name": "Modefi", "twitter": "Modefi_Official", "proposalsCount": 1, "votesCount": 56, "followersCount": 1, "website": null}, {"id": "opentown.eth", "name": "Open Town Project", "twitter": "savannakidz", "proposalsCount": 2, "votesCount": 31, "followersCount": 25, "website": null}, {"id": "prophetfinance.eth", "name": "prophet.finance", "twitter": null, "proposalsCount": 12, "votesCount": 45, "followersCount": 1, "website": null}, {"id": "sdpendle.eth", "name": "sdpendle", "twitter": null, "proposalsCount": 3, "votesCount": 5, "followersCount": 0, "website": "https://lockers.stakedao.org/governance/protocols?p=0&my=false"}, {"id": "therebirth.eth", "name": "The Rebirth Club", "twitter": "therebirthclub", "proposalsCount": 3, "votesCount": 40, "followersCount": 15, "website": "https://nftutilitytoken.io/"}, {"id": "118177.eth", "name": "C2DAO", "twitter": null, "proposalsCount": 7, "votesCount": 42, "followersCount": 9, "website": null}, {"id": "600165.eth", "name": "CAKE", "twitter": "AlexisGarlinda", "proposalsCount": 1, "votesCount": 4, "followersCount": 3, "website": null}, {"id": "alephdao.eth", "name": "Aleph DAO", "twitter": null, "proposalsCount": 4, "votesCount": 46, "followersCount": 8, "website": null}, {"id": "communitylab.eth", "name": "\u4e3b\u7f51\u4e0a\u6301\u6709ETH\u5c31\u80fd\u6295\u7968", "twitter": null, "proposalsCount": 2, "votesCount": 3, "followersCount": 3, "website": null}, {"id": "cyberroos.eth", "name": "Cyber Roo's", "twitter": "Cyber_Roos", "proposalsCount": 1, "votesCount": 5, "followersCount": 2, "website": "https://cyberroos.com/"}, {"id": "digitalrevenues.eth", "name": "Digital Revenues", "twitter": "DRevenues", "proposalsCount": 4, "votesCount": 0, "followersCount": 4, "website": null}, {"id": "fictionjunction.eth", "name": "fictionjunction", "twitter": null, "proposalsCount": 8, "votesCount": 42, "followersCount": 8, "website": null}]