[{"id": "ethfund.eth", "name": "ETHFUND", "twitter": null, "proposalsCount": 1, "votesCount": 1, "followersCount": 4, "website": null}, {"id": "ethtaipei.eth", "name": "Taipei Ethereum Meetup", "twitter": null, "proposalsCount": 2, "votesCount": 2, "followersCount": 2, "website": null}, {"id": "ethto1w.eth", "name": "ZORBsclub", "twitter": null, "proposalsCount": 1, "votesCount": 2, "followersCount": 3, "website": null}, {"id": "ethtomax.eth", "name": "GetRichDao", "twitter": "", "proposalsCount": 2, "votesCount": 2, "followersCount": 2, "website": null}, {"id": "extralayer.eth", "name": "Arb Ape", "twitter": null, "proposalsCount": 0, "votesCount": 0, "followersCount": 6, "website": null}, {"id": "facepay.eth", "name": "MEME DAO", "twitter": null, "proposalsCount": 2, "votesCount": 0, "followersCount": 4, "website": null}, {"id": "fandom-finance.eth", "name": "Fandom Foundation DAO", "twitter": "fandom_global", "proposalsCount": 1, "votesCount": 1, "followersCount": 4, "website": "https://fandom.finance/"}, {"id": "fanfan01.eth", "name": "fanfan", "twitter": "fanfan021", "proposalsCount": 1, "votesCount": 2, "followersCount": 3, "website": null}, {"id": "fangnaoke.eth", "name": "study group", "twitter": null, "proposalsCount": 1, "votesCount": 1, "followersCount": 4, "website": "https://app.syndicate.io/collectives/0x5f51845ca15363feefae9e417c89881c06a2ccb9/claim?chain=mainnet"}, {"id": "femaleempowerment.earthfund.eth", "name": "Empower", "twitter": null, "proposalsCount": 1, "votesCount": 3, "followersCount": 2, "website": null}, {"id": "figo050518.eth", "name": "figoLabs", "twitter": null, "proposalsCount": 3, "votesCount": 1, "followersCount": 2, "website": null}, {"id": "fntn.eth", "name": "Fountain", "twitter": "Verifact_io", "proposalsCount": 1, "votesCount": 2, "followersCount": 3, "website": null}, {"id": "foreveryoungforeverlove.eth", "name": "foeveryoung", "twitter": null, "proposalsCount": 4, "votesCount": 0, "followersCount": 2, "website": null}, {"id": "frog.eth", "name": "Frog DAO", "twitter": "frogdoteth", "proposalsCount": 4, "votesCount": 0, "followersCount": 2, "website": null}, {"id": "fustudios.eth", "name": "Fractional Uprising Studios", "twitter": "fu_studios", "proposalsCount": 0, "votesCount": 0, "followersCount": 6, "website": "https://fustudios.io"}, {"id": "fuzoulqs.eth", "name": "fuzoulqs", "twitter": null, "proposalsCount": 2, "votesCount": 2, "followersCount": 2, "website": null}, {"id": "gambling-apes.eth", "name": "Gambling Apes ", "twitter": "gamblingapes", "proposalsCount": 1, "votesCount": 1, "followersCount": 4, "website": null}, {"id": "genesis.swampboat.eth", "name": "Genesis Swamp Boat", "twitter": "luiz_coder", "proposalsCount": 1, "votesCount": 3, "followersCount": 2, "website": null}, {"id": "getrichie.eth", "name": "Richie + Billion Voting Portal", "twitter": "LFGRichie", "proposalsCount": 1, "votesCount": 3, "followersCount": 2, "website": null}, {"id": "goldpickupman.eth", "name": "PJN DAO", "twitter": null, "proposalsCount": 0, "votesCount": 0, "followersCount": 6, "website": null}]