[{"id": "battleheronft.eth", "name": "Battle Hero NFT", "twitter": "BattleHeroNFT", "proposalsCount": 2, "votesCount": 346, "followersCount": 44, "website": "https://battlehero.io/"}, {"id": "humandao.eth", "name": "humanDAO", "twitter": "humanDAO", "proposalsCount": 9, "votesCount": 290, "followersCount": 93, "website": null}, {"id": "threedao.eth", "name": "ThreeDAO", "twitter": "3x3punks", "proposalsCount": 3, "votesCount": 349, "followersCount": 40, "website": null}, {"id": "poll.daosquare.eth", "name": "DAOSquare DRC", "twitter": "DAOSquare", "proposalsCount": 10, "votesCount": 73, "followersCount": 8, "website": "https://daosquare.io"}, {"id": "pearlclubdao.eth", "name": "Pearl Club DAO", "twitter": "pearlclubnft", "proposalsCount": 2, "votesCount": 256, "followersCount": 132, "website": "https://pearl.club"}, {"id": "satori.lol", "name": "Wiz Nouns ", "twitter": "wizardsdao", "proposalsCount": 11, "votesCount": 26, "followersCount": 3, "website": "http://wizardsdao.com"}, {"id": "chihiro-inu.eth", "name": "Chihiro Inu", "twitter": "ChihiroInuETH", "proposalsCount": 10, "votesCount": 288, "followersCount": 89, "website": null}, {"id": "dopeshibas.eth", "name": "Dope Shibas DAO", "twitter": "dopeshibas", "proposalsCount": 8, "votesCount": 317, "followersCount": 62, "website": null}, {"id": "gravity-finance.eth", "name": "Gravity Finance", "twitter": "Gravity_Finance", "proposalsCount": 2, "votesCount": 157, "followersCount": 28, "website": "https://gravityfinance.io"}, {"id": "akropolis.eth", "name": "Akropolis", "twitter": "akropolisio", "proposalsCount": 5, "votesCount": 249, "followersCount": 82, "website": null}, {"id": "elimu.eth", "name": "elimu.ai", "twitter": "elimu_ai", "proposalsCount": 5, "votesCount": 16, "followersCount": 14, "website": "https://elimu.ai"}, {"id": "levidao.eth", "name": "Peah DAO", "twitter": "LtdTorah", "proposalsCount": 189, "votesCount": 188, "followersCount": 7, "website": "https://github.com/LtdTorah/Peah"}, {"id": "backtothebasic.eth", "name": "amsoiking?", "twitter": null, "proposalsCount": 1, "votesCount": 0, "followersCount": 32, "website": null}, {"id": "burgercities.eth", "name": "BURGERCITIES", "twitter": "burger_cities", "proposalsCount": 6, "votesCount": 216, "followersCount": 159, "website": "http://app.burgercities.org/"}, {"id": "apedadsnft.eth", "name": "The ApeDads DAO", "twitter": "ApeDadsNFT", "proposalsCount": 6, "votesCount": 366, "followersCount": 9, "website": null}, {"id": "leedoproject.eth", "name": "Leedo Project Token Voting", "twitter": "GoSquidGame", "proposalsCount": 4, "votesCount": 291, "followersCount": 86, "website": null}, {"id": "lobby3vote.eth", "name": "Lobby3", "twitter": "lobby3d", "proposalsCount": 19, "votesCount": 273, "followersCount": 89, "website": "https://lobby3.io"}, {"id": "teapartylife.eth", "name": "TeaParty", "twitter": "teapartylife", "proposalsCount": 1, "votesCount": 287, "followersCount": 93, "website": "https://teaparty.life/"}, {"id": "spookles.eth", "name": "Spookles", "twitter": "spookles_eth", "proposalsCount": 5, "votesCount": 323, "followersCount": 52, "website": null}, {"id": "metapioneersdao.eth", "name": "MetaPioneers", "twitter": "MetaPioneersMPI", "proposalsCount": 5, "votesCount": 353, "followersCount": 21, "website": "https://metapi.xyz"}]