[{"id": "argonstark.eth", "name": "Argon Community", "twitter": "ArgonStark", "proposalsCount": 2, "votesCount": 2, "followersCount": 0, "website": "https://intoblock.xyz"}, {"id": "axan98.eth", "name": "rakuten", "twitter": null, "proposalsCount": 2, "votesCount": 2, "followersCount": 0, "website": null}, {"id": "badgo.eth", "name": "meme\u51b2\u950b\u961f", "twitter": null, "proposalsCount": 1, "votesCount": 2, "followersCount": 1, "website": null}, {"id": "bamer.eth", "name": "NFT\u4fe1\u4ef0\u8005", "twitter": null, "proposalsCount": 1, "votesCount": 2, "followersCount": 1, "website": null}, {"id": "cmohadul.eth", "name": "r22r2g2", "twitter": null, "proposalsCount": 1, "votesCount": 2, "followersCount": 1, "website": null}, {"id": "cryai.eth", "name": "BTC vs ETH", "twitter": null, "proposalsCount": 1, "votesCount": 2, "followersCount": 1, "website": null}, {"id": "crypto789.eth", "name": "lucky", "twitter": null, "proposalsCount": 3, "votesCount": 1, "followersCount": 0, "website": null}, {"id": "cryptolo.eth", "name": "hello", "twitter": null, "proposalsCount": 2, "votesCount": 2, "followersCount": 0, "website": null}, {"id": "cxfun.eth", "name": "stark DAO", "twitter": null, "proposalsCount": 1, "votesCount": 2, "followersCount": 1, "website": null}, {"id": "dioror.eth", "name": "like this project", "twitter": null, "proposalsCount": 2, "votesCount": 2, "followersCount": 0, "website": null}, {"id": "dmursha934.eth", "name": "rjj", "twitter": null, "proposalsCount": 1, "votesCount": 2, "followersCount": 1, "website": null}, {"id": "doriii.eth", "name": "like this projet123", "twitter": null, "proposalsCount": 2, "votesCount": 2, "followersCount": 0, "website": null}, {"id": "fairish.eth", "name": "Which one?", "twitter": null, "proposalsCount": 1, "votesCount": 2, "followersCount": 1, "website": null}, {"id": "fasev41.eth", "name": "hah", "twitter": null, "proposalsCount": 1, "votesCount": 2, "followersCount": 1, "website": null}, {"id": "fenmo.eth", "name": "fenmo", "twitter": null, "proposalsCount": 2, "votesCount": 2, "followersCount": 0, "website": null}, {"id": "forhenda.eth", "name": "hey ", "twitter": null, "proposalsCount": 2, "votesCount": 2, "followersCount": 0, "website": null}, {"id": "ghjgyhjyuh.eth", "name": "king", "twitter": null, "proposalsCount": 2, "votesCount": 1, "followersCount": 1, "website": null}, {"id": "guge10.eth", "name": "fed", "twitter": null, "proposalsCount": 1, "votesCount": 2, "followersCount": 1, "website": null}, {"id": "guge8.eth", "name": "aqes", "twitter": null, "proposalsCount": 1, "votesCount": 2, "followersCount": 1, "website": null}, {"id": "hangx.eth", "name": "matr1x fire", "twitter": null, "proposalsCount": 1, "votesCount": 0, "followersCount": 3, "website": null}]