[{"id": "guguzx.eth", "name": "A9DAO", "twitter": "guguzx6", "proposalsCount": 164, "votesCount": 6, "followersCount": 10, "website": null}, {"id": "infernalsnft.eth", "name": "The Infernals NFT", "twitter": "NFTINfernals", "proposalsCount": 8, "votesCount": 163, "followersCount": 9, "website": null}, {"id": "shawnchain.eth", "name": "JOKER", "twitter": null, "proposalsCount": 33, "votesCount": 18, "followersCount": 79, "website": null}, {"id": "taterdao.eth", "name": "TaterDAO", "twitter": "taterdao", "proposalsCount": 2, "votesCount": 3, "followersCount": 175, "website": "https://taterdao.com/"}, {"id": "annikaalbrite.eth", "name": "DorseyStoneking CLUB", "twitter": null, "proposalsCount": 15, "votesCount": 147, "followersCount": 18, "website": null}, {"id": "vickichase.eth", "name": "CarolObiesie CLUB", "twitter": null, "proposalsCount": 16, "votesCount": 144, "followersCount": 20, "website": null}, {"id": "zazieskymm.eth", "name": "KandyDAO", "twitter": null, "proposalsCount": 15, "votesCount": 148, "followersCount": 17, "website": null}, {"id": "riot-racers.eth", "name": "Riot Racers", "twitter": "riotracers", "proposalsCount": 3, "votesCount": 116, "followersCount": 60, "website": null}, {"id": "udeline.eth", "name": "EldonVoegeli CLUB", "twitter": null, "proposalsCount": 15, "votesCount": 137, "followersCount": 27, "website": null}, {"id": "wagyugamesofficial.eth", "name": "Undead Blocks Governance", "twitter": "UndeadBlocks", "proposalsCount": 5, "votesCount": 137, "followersCount": 36, "website": "https://www.undeadblocks.com/"}, {"id": "hyperloot.eth", "name": "HyperLoot", "twitter": "hyperloot_", "proposalsCount": 2, "votesCount": 156, "followersCount": 20, "website": "https://hyperlootproject.com/"}, {"id": "orbstash.eth", "name": "Shellz Orb", "twitter": "shellzorb", "proposalsCount": 4, "votesCount": 95, "followersCount": 79, "website": "https://shellzorb.io"}, {"id": "peghub.eth", "name": "PegHub DAO", "twitter": "peghubdao", "proposalsCount": 10, "votesCount": 149, "followersCount": 19, "website": "https://peghub.com"}, {"id": "spaceriders.eth", "name": "Space Riders NFT", "twitter": "SpaceRiders_NFT", "proposalsCount": 1, "votesCount": 136, "followersCount": 41, "website": "https://spaceriders.xyz"}, {"id": "doge-whale.eth", "name": "DogeWhale", "twitter": "d0gewhale", "proposalsCount": 5, "votesCount": 162, "followersCount": 10, "website": null}, {"id": "animetaverse.eth", "name": "Animetaverse Council", "twitter": null, "proposalsCount": 1, "votesCount": 150, "followersCount": 26, "website": "https://www.animetas.io"}, {"id": "kwarantannazbitcoinem.eth", "name": "Kwarantanna z Bitcoinem", "twitter": "KwarantannaBTC", "proposalsCount": 8, "votesCount": 123, "followersCount": 46, "website": "https://linktr.ee/KwarantannaBTC"}, {"id": "rss3dao.eth", "name": "PEOPLE", "twitter": null, "proposalsCount": 4, "votesCount": 55, "followersCount": 118, "website": null}, {"id": "vaderprotocol.eth", "name": "Vader Protocol", "twitter": "vaderprotocol", "proposalsCount": 1, "votesCount": 159, "followersCount": 17, "website": null}, {"id": "waamidao.eth", "name": "WAAMI DAO", "twitter": null, "proposalsCount": 5, "votesCount": 151, "followersCount": 21, "website": null}]