[{"id": "bertug.eth", "name": "Bertug Oymak", "twitter": null, "proposalsCount": 1, "votesCount": 5, "followersCount": 1, "website": null}, {"id": "bibabo.eth", "name": "Bibabo", "twitter": null, "proposalsCount": 2, "votesCount": 2, "followersCount": 3, "website": null}, {"id": "binbin.eth", "name": "binbin.eth", "twitter": null, "proposalsCount": 1, "votesCount": 2, "followersCount": 4, "website": null}, {"id": "bluer.eth", "name": "Bluer", "twitter": null, "proposalsCount": 2, "votesCount": 2, "followersCount": 3, "website": null}, {"id": "bottegadao.eth", "name": "BottegaDAO", "twitter": "Bottegadao", "proposalsCount": 1, "votesCount": 2, "followersCount": 4, "website": "https://linktr.ee/bottegadao"}, {"id": "boxbtc.eth", "name": "AIdao", "twitter": null, "proposalsCount": 1, "votesCount": 3, "followersCount": 3, "website": null}, {"id": "bratishkin.eth", "name": "test", "twitter": null, "proposalsCount": 3, "votesCount": 1, "followersCount": 3, "website": null}, {"id": "bscbadger.eth", "name": "BadgerDAO (BSC)", "twitter": null, "proposalsCount": 0, "votesCount": 0, "followersCount": 7, "website": null}, {"id": "bsklwd2.eth", "name": "bsklwd", "twitter": null, "proposalsCount": 5, "votesCount": 0, "followersCount": 2, "website": null}, {"id": "btclover.eth", "name": "btclover", "twitter": null, "proposalsCount": 2, "votesCount": 2, "followersCount": 3, "website": null}, {"id": "calon.eth", "name": "calon", "twitter": null, "proposalsCount": 3, "votesCount": 2, "followersCount": 2, "website": null}, {"id": "camlyco.eth", "name": "Camly Coin", "twitter": null, "proposalsCount": 1, "votesCount": 5, "followersCount": 1, "website": "https://camly.co"}, {"id": "camp.ret.eth", "name": "$RETCAMP", "twitter": "REtokenDAO", "proposalsCount": 0, "votesCount": 0, "followersCount": 7, "website": null}, {"id": "canada\u262f.eth", "name": "Canada\u262f", "twitter": null, "proposalsCount": 1, "votesCount": 3, "followersCount": 3, "website": null}, {"id": "cbkzzy.eth", "name": "adawd", "twitter": "JohnJam87089875", "proposalsCount": 3, "votesCount": 1, "followersCount": 3, "website": "https://twitter.com/JohnJam87089875"}, {"id": "cling626.eth", "name": "Cling", "twitter": null, "proposalsCount": 1, "votesCount": 1, "followersCount": 5, "website": null}, {"id": "clover", "name": "Clover", "twitter": null, "proposalsCount": 1, "votesCount": 2, "followersCount": 4, "website": null}, {"id": "clucky.eth", "name": "Clucky Chicks DAO", "twitter": "cluckychicksnft", "proposalsCount": 1, "votesCount": 1, "followersCount": 5, "website": "https://cluckychicks.app"}, {"id": "cnnet.eth", "name": "cnnetlabs", "twitter": null, "proposalsCount": 1, "votesCount": 1, "followersCount": 5, "website": null}, {"id": "coinbasenb.eth", "name": "coinbasenb", "twitter": null, "proposalsCount": 1, "votesCount": 1, "followersCount": 5, "website": null}]