[{"id": "yx2023.eth", "name": "qws", "twitter": null, "proposalsCount": 1, "votesCount": 1, "followersCount": 0, "website": null}, {"id": "\u4e0a\u6749\u3048\u308a\u3044.eth", "name": "\u9f99\u65cfDAO", "twitter": null, "proposalsCount": 0, "votesCount": 0, "followersCount": 2, "website": null}, {"id": "\u4e91\u70df1988.eth", "name": "sjw", "twitter": null, "proposalsCount": 1, "votesCount": 1, "followersCount": 0, "website": null}, {"id": "\u548c\u5929\u4e0b2088.eth", "name": "sdw", "twitter": null, "proposalsCount": 1, "votesCount": 1, "followersCount": 0, "website": null}, {"id": "websky.eth", "name": "hamednetwork", "twitter": "FatahianHamed", "proposalsCount": 1, "votesCount": 1, "followersCount": 0, "website": null}, {"id": "abaye.eth", "name": "abay", "twitter": null, "proposalsCount": 1, "votesCount": 1, "followersCount": 0, "website": null}, {"id": "electrath.eth", "name": "rgdfgdfg", "twitter": null, "proposalsCount": 1, "votesCount": 1, "followersCount": 0, "website": null}, {"id": "grahama.eth", "name": "Frances ", "twitter": null, "proposalsCount": 1, "votesCount": 1, "followersCount": 0, "website": null}, {"id": "rudolfth.eth", "name": "fghgytjhtyg", "twitter": null, "proposalsCount": 1, "votesCount": 1, "followersCount": 0, "website": null}, {"id": "aneya.eth", "name": "anay", "twitter": null, "proposalsCount": 1, "votesCount": 1, "followersCount": 0, "website": null}, {"id": "bartona.eth", "name": "Joanne ", "twitter": null, "proposalsCount": 1, "votesCount": 1, "followersCount": 0, "website": null}, {"id": "danielljh.eth", "name": "ghgh", "twitter": null, "proposalsCount": 1, "votesCount": 1, "followersCount": 0, "website": null}, {"id": "tytytyy.eth", "name": "d", "twitter": null, "proposalsCount": 1, "votesCount": 1, "followersCount": 0, "website": null}, {"id": "aneyab.eth", "name": "ansy", "twitter": null, "proposalsCount": 1, "votesCount": 1, "followersCount": 0, "website": null}, {"id": "lootadog.eth", "name": "LOOTaDOG", "twitter": "LOOTaDOG", "proposalsCount": 0, "votesCount": 0, "followersCount": 2, "website": "https://lootadog.com/"}, {"id": "perrya.eth", "name": "swd", "twitter": null, "proposalsCount": 1, "votesCount": 1, "followersCount": 0, "website": null}, {"id": "metavrk.eth", "name": "d", "twitter": null, "proposalsCount": 1, "votesCount": 1, "followersCount": 0, "website": null}, {"id": "impowers.eth", "name": "d", "twitter": null, "proposalsCount": 1, "votesCount": 1, "followersCount": 0, "website": null}, {"id": "berthagh.eth", "name": "vgbhgfh", "twitter": null, "proposalsCount": 1, "votesCount": 1, "followersCount": 0, "website": null}, {"id": "bertramnm.eth", "name": "dsfsdfsdf", "twitter": null, "proposalsCount": 1, "votesCount": 1, "followersCount": 0, "website": null}]