[{"id": "ukraine2023.eth", "name": "Serg", "twitter": null, "proposalsCount": 0, "votesCount": 0, "followersCount": 0, "website": null}, {"id": "uliannad02.eth", "name": "Ulik", "twitter": null, "proposalsCount": 1, "votesCount": 1, "followersCount": 1, "website": null}, {"id": "ultimateens.eth", "name": "ultimate", "twitter": null, "proposalsCount": 0, "votesCount": 0, "followersCount": 5, "website": null}, {"id": "umadev.eth", "name": "uma dev", "twitter": null, "proposalsCount": 0, "votesCount": 0, "followersCount": 1, "website": null}, {"id": "umidao.eth", "name": "umiDAO", "twitter": null, "proposalsCount": 0, "votesCount": 0, "followersCount": 1, "website": null}, {"id": "umutusu.eth", "name": "umutusu", "twitter": null, "proposalsCount": 0, "votesCount": 0, "followersCount": 1, "website": null}, {"id": "unassign.eth", "name": "Tii Voter Pro", "twitter": null, "proposalsCount": 28, "votesCount": 57, "followersCount": 14, "website": null}, {"id": "unbelievableme.eth", "name": "sdv", "twitter": null, "proposalsCount": 1, "votesCount": 1, "followersCount": 0, "website": null}, {"id": "uncleblock.eth", "name": "tain", "twitter": null, "proposalsCount": 1, "votesCount": 11, "followersCount": 0, "website": null}, {"id": "unclemurder.eth", "name": "wcsascascascsa", "twitter": null, "proposalsCount": 2, "votesCount": 2, "followersCount": 1, "website": null}, {"id": "undeadwarriors.eth", "name": "Undead Warriors", "twitter": "undead_warriors", "proposalsCount": 6, "votesCount": 79, "followersCount": 5, "website": "https://undeadwarriors.io"}, {"id": "undefine.eth", "name": "UndefineDAO", "twitter": null, "proposalsCount": 1, "votesCount": 8, "followersCount": 11, "website": null}, {"id": "underne.eth", "name": "Underneeth", "twitter": null, "proposalsCount": 0, "votesCount": 0, "followersCount": 0, "website": null}, {"id": "unicomzj.eth", "name": "unicomzj", "twitter": null, "proposalsCount": 1, "votesCount": 3, "followersCount": 0, "website": null}, {"id": "unimint.eth", "name": "Unimint", "twitter": "unimintorg", "proposalsCount": 0, "votesCount": 0, "followersCount": 1, "website": "https://unimint.org"}, {"id": "uniswapv7.eth", "name": "Tomorrow", "twitter": null, "proposalsCount": 0, "votesCount": 0, "followersCount": 2, "website": null}, {"id": "unitedpandasofmetaverse.eth", "name": "United Pandas of Metaverse", "twitter": null, "proposalsCount": 0, "votesCount": 0, "followersCount": 0, "website": null}, {"id": "unityinvestmentdao.eth", "name": "Unity Investment DAO Club", "twitter": null, "proposalsCount": 0, "votesCount": 0, "followersCount": 0, "website": null}, {"id": "unitypeace.eth", "name": "UnityPeace", "twitter": null, "proposalsCount": 1, "votesCount": 0, "followersCount": 0, "website": null}, {"id": "universespace.eth", "name": "Universe ", "twitter": "universespace_", "proposalsCount": 0, "votesCount": 0, "followersCount": 1, "website": "https://univrse.me"}]