[{"id": "dforcenet.eth", "name": "dForce", "twitter": "dForcenet", "proposalsCount": 47, "votesCount": 705, "followersCount": 3404, "website": "https://dforce.network"}, {"id": "shomustgoon.eth", "name": "DAO Maker", "twitter": "TheDaoMaker", "proposalsCount": 0, "votesCount": 0, "followersCount": 3751, "website": "https://daomaker.com"}, {"id": "cyberbanditsbymichaelreeder.eth", "name": "yixing9", "twitter": null, "proposalsCount": 33, "votesCount": 71, "followersCount": 2, "website": null}, {"id": "humbleretreat.eth", "name": "yixing11", "twitter": null, "proposalsCount": 32, "votesCount": 64, "followersCount": 9, "website": null}, {"id": "guodanpi.eth", "name": "guodanpi", "twitter": null, "proposalsCount": 218, "votesCount": 401, "followersCount": 327, "website": null}, {"id": "vote.hopr.eth", "name": "HOPR Governance", "twitter": "hoprnet", "proposalsCount": 14, "votesCount": 4854, "followersCount": 414, "website": "https://t.me/hoprnet"}, {"id": "gauges.aurafinance.eth", "name": "Aura - Balancer Gauges", "twitter": "AuraFinance", "proposalsCount": 12, "votesCount": 2267, "followersCount": 197, "website": "https://aura.finance/"}, {"id": "mainnet.ssvnetwork.eth", "name": "ssv.network", "twitter": "ssv_network", "proposalsCount": 58, "votesCount": 1944, "followersCount": 354, "website": null}, {"id": "caroljsroth.eth", "name": "wesgsdhg", "twitter": null, "proposalsCount": 32, "votesCount": 32, "followersCount": 39, "website": null}, {"id": "\u554a7ki7ki\u90a6\u90a6.eth", "name": "\u52375", "twitter": null, "proposalsCount": 30, "votesCount": 42, "followersCount": 31, "website": null}, {"id": "synthereum.eth", "name": "Synthereum", "twitter": "Jarvis_Network", "proposalsCount": 101, "votesCount": 4035, "followersCount": 266, "website": null}, {"id": "rss3.eth", "name": "RSS3", "twitter": "rss3_", "proposalsCount": 2, "votesCount": 3150, "followersCount": 1998, "website": null}, {"id": "moonbeampunks.eth", "name": "Moonbeam Punks", "twitter": "moonbeam_punk", "proposalsCount": 30, "votesCount": 4897, "followersCount": 267, "website": "https://www.moonbeampunk.com/"}, {"id": "68383.eth", "name": "svst network", "twitter": null, "proposalsCount": 27, "votesCount": 45, "followersCount": 29, "website": null}, {"id": "\ud83d\udcb2btcforever.eth", "name": "\u52376", "twitter": null, "proposalsCount": 25, "votesCount": 50, "followersCount": 26, "website": null}, {"id": "kudasaijp.eth", "name": "Kudasai", "twitter": "kudasai_japan", "proposalsCount": 17, "votesCount": 4335, "followersCount": 429, "website": "https://kudasai.co.jp/"}, {"id": "bgansv2.eth", "name": "BASTARD GAN PUNKS V2s", "twitter": "bganpunks", "proposalsCount": 242, "votesCount": 3752, "followersCount": 180, "website": null}, {"id": "89494.eth", "name": "9408.netaork", "twitter": null, "proposalsCount": 27, "votesCount": 44, "followersCount": 29, "website": null}, {"id": "nftexpertsummit.eth", "name": "saggsg1", "twitter": null, "proposalsCount": 33, "votesCount": 64, "followersCount": 3, "website": null}, {"id": "hbot.eth", "name": "Hummingbot Foundation - HGP", "twitter": "_hummingbot", "proposalsCount": 57, "votesCount": 898, "followersCount": 156, "website": null}]