[{"id": "8989520.eth", "name": "dddd-03", "twitter": null, "proposalsCount": 0, "votesCount": 0, "followersCount": 3, "website": null}, {"id": "8coin.eth", "name": "8coin", "twitter": null, "proposalsCount": 1, "votesCount": 1, "followersCount": 1, "website": null}, {"id": "90088888.eth", "name": "Doge Moon", "twitter": null, "proposalsCount": 1, "votesCount": 1, "followersCount": 1, "website": null}, {"id": "911120.eth", "name": "jhv", "twitter": null, "proposalsCount": 2, "votesCount": 1, "followersCount": 0, "website": null}, {"id": "950614.eth", "name": "Iouq", "twitter": null, "proposalsCount": 1, "votesCount": 1, "followersCount": 1, "website": null}, {"id": "95508.eth", "name": "KiyoharaRin", "twitter": "", "proposalsCount": 1, "votesCount": 1, "followersCount": 1, "website": null}, {"id": "980614.eth", "name": "test", "twitter": null, "proposalsCount": 1, "votesCount": 1, "followersCount": 1, "website": null}, {"id": "980886.eth", "name": "FANNY", "twitter": null, "proposalsCount": 2, "votesCount": 0, "followersCount": 1, "website": null}, {"id": "98105.eth", "name": "98105", "twitter": null, "proposalsCount": 1, "votesCount": 1, "followersCount": 1, "website": null}, {"id": "99996.eth", "name": "mingming", "twitter": "mingingai138", "proposalsCount": 0, "votesCount": 0, "followersCount": 3, "website": null}, {"id": "99f99.eth", "name": "666", "twitter": null, "proposalsCount": 1, "votesCount": 0, "followersCount": 2, "website": null}, {"id": "a-lan.eth", "name": "lan", "twitter": null, "proposalsCount": 1, "votesCount": 1, "followersCount": 1, "website": null}, {"id": "a10money.eth", "name": "QWASD", "twitter": null, "proposalsCount": 1, "votesCount": 1, "followersCount": 1, "website": null}, {"id": "a8money.eth", "name": "QWESDFG", "twitter": null, "proposalsCount": 1, "votesCount": 1, "followersCount": 1, "website": null}, {"id": "a9money.eth", "name": "AAADao", "twitter": null, "proposalsCount": 1, "votesCount": 1, "followersCount": 1, "website": null}, {"id": "aabbccddd.eth", "name": "AMM", "twitter": null, "proposalsCount": 2, "votesCount": 0, "followersCount": 1, "website": null}, {"id": "aas33.eth", "name": "yy", "twitter": null, "proposalsCount": 1, "votesCount": 1, "followersCount": 1, "website": null}, {"id": "aave.freesubs.eth", "name": "AAVEDAO", "twitter": null, "proposalsCount": 1, "votesCount": 1, "followersCount": 1, "website": null}, {"id": "aave.joints.eth", "name": "AAVEDAO", "twitter": null, "proposalsCount": 1, "votesCount": 1, "followersCount": 1, "website": null}, {"id": "ab1212.eth", "name": "rrtdao", "twitter": null, "proposalsCount": 1, "votesCount": 1, "followersCount": 1, "website": null}]