[{"id": "okialaziz.eth", "name": "Oki Capital", "twitter": "okialaziz", "proposalsCount": 1, "votesCount": 23, "followersCount": 27, "website": null}, {"id": "outventure.eth", "name": "brave", "twitter": null, "proposalsCount": 0, "votesCount": 0, "followersCount": 1, "website": null}, {"id": "ox888666.eth", "name": "\u7ffb\u5c71\u5012\u6d77\u90e8\u5206\u5927\u6982", "twitter": null, "proposalsCount": 0, "votesCount": 0, "followersCount": 1, "website": null}, {"id": "peie8.eth", "name": "peien", "twitter": "peien2008", "proposalsCount": 0, "votesCount": 0, "followersCount": 1, "website": null}, {"id": "potot.eth", "name": "pototo", "twitter": null, "proposalsCount": 0, "votesCount": 0, "followersCount": 1, "website": null}, {"id": "qubcoins", "name": "Qubcoins", "twitter": null, "proposalsCount": 2, "votesCount": 48, "followersCount": 1, "website": null}, {"id": "rasoul.eth", "name": "rasoul", "twitter": "rasoul94453617", "proposalsCount": 0, "votesCount": 0, "followersCount": 1, "website": null}, {"id": "rocketman.cartesian.eth", "name": "Vote? Yea.", "twitter": null, "proposalsCount": 1, "votesCount": 0, "followersCount": 0, "website": null}, {"id": "shindo.eth", "name": "E DAO", "twitter": null, "proposalsCount": 12, "votesCount": 33, "followersCount": 6, "website": null}, {"id": "shouyi-gevernance-bsc.eth", "name": "ShouYi-BSC", "twitter": null, "proposalsCount": 0, "votesCount": 0, "followersCount": 1, "website": null}, {"id": "shuaigejiushiwo666.eth", "name": "dgdffdd", "twitter": null, "proposalsCount": 0, "votesCount": 0, "followersCount": 1, "website": null}, {"id": "sinjulmsbh.eth", "name": "SinjulMSBH", "twitter": "Sinjul_MSBH", "proposalsCount": 0, "votesCount": 0, "followersCount": 1, "website": null}, {"id": "sovaolia.eth", "name": "Olga", "twitter": null, "proposalsCount": 0, "votesCount": 0, "followersCount": 1, "website": null}, {"id": "st5211.eth", "name": "nb", "twitter": null, "proposalsCount": 0, "votesCount": 0, "followersCount": 1, "website": null}, {"id": "tfngm.eth", "name": "SnapShot", "twitter": null, "proposalsCount": 0, "votesCount": 0, "followersCount": 1, "website": null}, {"id": "thechaosdao.eth", "name": "ChaosDAO", "twitter": "chaosdao", "proposalsCount": 3, "votesCount": 37, "followersCount": 11, "website": null}, {"id": "thepolishambassadao.eth", "name": "The Polish Ambassadao", "twitter": "polish_ambass", "proposalsCount": 1, "votesCount": 43, "followersCount": 7, "website": null}, {"id": "tolgayavuz.eth", "name": "tolgayavuz", "twitter": "eksihayvan", "proposalsCount": 0, "votesCount": 0, "followersCount": 1, "website": null}, {"id": "true-names.eth", "name": "true Names", "twitter": null, "proposalsCount": 0, "votesCount": 0, "followersCount": 1, "website": null}, {"id": "tuananh116.eth", "name": "TuanAnh", "twitter": null, "proposalsCount": 0, "votesCount": 0, "followersCount": 1, "website": null}]