[{"id": "nepser.eth", "name": "nepser", "twitter": null, "proposalsCount": 0, "votesCount": 0, "followersCount": 1, "website": null}, {"id": "netflytv.eth", "name": "NETFLY DAO", "twitter": "netfly_tv", "proposalsCount": 0, "votesCount": 0, "followersCount": 4, "website": "https://netfly.tv"}, {"id": "networkfund.eth", "name": "Network", "twitter": "networkfund", "proposalsCount": 0, "votesCount": 0, "followersCount": 2, "website": "https://network.fund"}, {"id": "neueworld.eth", "name": "Neue World", "twitter": null, "proposalsCount": 0, "votesCount": 0, "followersCount": 2, "website": "https://neue.world"}, {"id": "neumeta.eth", "name": "Neumeta", "twitter": null, "proposalsCount": 2, "votesCount": 3, "followersCount": 0, "website": null}, {"id": "neuromodvault.eth", "name": "Neuromod", "twitter": "NeuromodNFTs", "proposalsCount": 0, "votesCount": 0, "followersCount": 1, "website": "https://www.neuromod.io/"}, {"id": "neutiger.eth", "name": "asdfdg", "twitter": null, "proposalsCount": 2, "votesCount": 2, "followersCount": 0, "website": null}, {"id": "nevergoingtogiveyouup.eth", "name": "Hedgey NFT test", "twitter": null, "proposalsCount": 0, "votesCount": 0, "followersCount": 0, "website": null}, {"id": "newdev.eth", "name": "NewDev", "twitter": null, "proposalsCount": 30, "votesCount": 120, "followersCount": 4, "website": null}, {"id": "newdream.eth", "name": "Newdream", "twitter": null, "proposalsCount": 2, "votesCount": 1, "followersCount": 0, "website": null}, {"id": "newera18.eth", "name": "NewEra18", "twitter": "bjet79", "proposalsCount": 0, "votesCount": 0, "followersCount": 1, "website": null}, {"id": "newpay.eth", "name": "\u975e\u5e38DAO", "twitter": null, "proposalsCount": 0, "votesCount": 0, "followersCount": 0, "website": null}, {"id": "nexisdao.eth", "name": "Rabbithole.dao", "twitter": null, "proposalsCount": 14, "votesCount": 634, "followersCount": 329, "website": null}, {"id": "nextdecade.eth", "name": "Next Decade", "twitter": "nextdecadeapp", "proposalsCount": 0, "votesCount": 0, "followersCount": 0, "website": "https://nextdecade.app"}, {"id": "nextlend.eth", "name": "NextLend Dao", "twitter": "nextlend", "proposalsCount": 0, "votesCount": 0, "followersCount": 1, "website": "https://nextlend.org"}, {"id": "nextme.eth", "name": "Nextme", "twitter": "NextmeOne", "proposalsCount": 0, "votesCount": 0, "followersCount": 31, "website": "https://nextme.one"}, {"id": "nextutor.eth", "name": "NexTutor", "twitter": "TutorNex", "proposalsCount": 6, "votesCount": 10, "followersCount": 2, "website": "https://www.nex7utor.com/"}, {"id": "nft.louisli.eth", "name": "playing dao", "twitter": null, "proposalsCount": 2, "votesCount": 0, "followersCount": 1, "website": null}, {"id": "nft120.eth", "name": "gitcoin score dao", "twitter": null, "proposalsCount": 1, "votesCount": 19, "followersCount": 3, "website": null}, {"id": "nftblockchain.eth", "name": "Bonfire Club", "twitter": "bonfireclubnft", "proposalsCount": 0, "votesCount": 0, "followersCount": 0, "website": "https://bonfireclub.io/"}]