[{"id": "uniquefans.eth", "name": "Unique One Fans", "twitter": "UniqueFan01", "proposalsCount": 2, "votesCount": 15, "followersCount": 3, "website": null}, {"id": "wgmicommunity.eth", "name": "wgmi community", "twitter": "wgmicommunity", "proposalsCount": 1, "votesCount": 1, "followersCount": 18, "website": null}, {"id": "animetadev.eth", "name": "Animeta", "twitter": "AnimetaERC20", "proposalsCount": 1, "votesCount": 17, "followersCount": 1, "website": "https://animeta.app/"}, {"id": "degenloco.eth", "name": "eth lovers", "twitter": "PabloAziza", "proposalsCount": 1, "votesCount": 17, "followersCount": 1, "website": null}, {"id": "moonbird.eth", "name": "Moonbird", "twitter": "MBirdFinance", "proposalsCount": 1, "votesCount": 14, "followersCount": 4, "website": null}, {"id": "thegamerdao.eth", "name": "Gamer DAO", "twitter": null, "proposalsCount": 7, "votesCount": 8, "followersCount": 4, "website": null}, {"id": "tothemoond.eth", "name": "dfgdfhgh", "twitter": null, "proposalsCount": 8, "votesCount": 7, "followersCount": 4, "website": null}, {"id": "wearedesign.eth", "name": "Design", "twitter": null, "proposalsCount": 1, "votesCount": 17, "followersCount": 1, "website": null}, {"id": "zwei02.eth", "name": "zwei", "twitter": null, "proposalsCount": 5, "votesCount": 10, "followersCount": 4, "website": null}, {"id": "0x-0000.eth", "name": "0x Network", "twitter": null, "proposalsCount": 1, "votesCount": 7, "followersCount": 11, "website": null}, {"id": "234188.eth", "name": "21DAO", "twitter": null, "proposalsCount": 6, "votesCount": 7, "followersCount": 6, "website": null}, {"id": "3.nation3.eth", "name": "Nation3 testing", "twitter": null, "proposalsCount": 7, "votesCount": 9, "followersCount": 3, "website": null}, {"id": "50centnetwork.eth", "name": "50Cent Network", "twitter": "50Centnetwork", "proposalsCount": 0, "votesCount": 0, "followersCount": 19, "website": null}, {"id": "601026.eth", "name": "Open Dao", "twitter": "Op199Hore", "proposalsCount": 3, "votesCount": 13, "followersCount": 3, "website": null}, {"id": "888110.eth", "name": "meitu", "twitter": null, "proposalsCount": 1, "votesCount": 9, "followersCount": 9, "website": null}, {"id": "account1.eth", "name": "ICP DAO", "twitter": null, "proposalsCount": 4, "votesCount": 10, "followersCount": 5, "website": null}, {"id": "anchorcertificates.eth", "name": "Anchor Certificates", "twitter": null, "proposalsCount": 14, "votesCount": 0, "followersCount": 5, "website": null}, {"id": "astarexchange.eth", "name": "Astar Exchange", "twitter": "AstarExchange", "proposalsCount": 1, "votesCount": 1, "followersCount": 17, "website": "https://astar.exchange"}, {"id": "blakeburrito.eth", "name": "BSdao", "twitter": "BSdao_", "proposalsCount": 4, "votesCount": 12, "followersCount": 3, "website": null}, {"id": "bluechipnftlottery.eth", "name": "BlueChipDAO", "twitter": null, "proposalsCount": 1, "votesCount": 10, "followersCount": 8, "website": null}]