[{"id": "s1cworldcommunity.eth", "name": "S1CWORLD ", "twitter": "s1c_la", "proposalsCount": 1, "votesCount": 84, "followersCount": 20, "website": "https://www.s1cworld.com/"}, {"id": "s2.testsnap-safe.eth", "name": "TestGG", "twitter": null, "proposalsCount": 0, "votesCount": 0, "followersCount": 2, "website": null}, {"id": "s2.testsnap.eth", "name": "testtt", "twitter": null, "proposalsCount": 0, "votesCount": 0, "followersCount": 1, "website": null}, {"id": "s3.testsnap-safe.eth", "name": "TestGGH", "twitter": null, "proposalsCount": 0, "votesCount": 0, "followersCount": 2, "website": null}, {"id": "s3.testsnap.eth", "name": "teststttstst", "twitter": null, "proposalsCount": 0, "votesCount": 0, "followersCount": 0, "website": null}, {"id": "s4.testsnap-safe.eth", "name": "test snap 1", "twitter": null, "proposalsCount": 0, "votesCount": 0, "followersCount": 0, "website": null}, {"id": "s4.testsnap.eth", "name": "testing", "twitter": null, "proposalsCount": 4, "votesCount": 9, "followersCount": 1, "website": null}, {"id": "s4fe.eth", "name": "S4FE DAO", "twitter": "s4fe_official", "proposalsCount": 1, "votesCount": 8, "followersCount": 7, "website": "https://s4fe.org/"}, {"id": "sachin1.eth", "name": "Sachin", "twitter": null, "proposalsCount": 0, "votesCount": 0, "followersCount": 1, "website": null}, {"id": "sadmann.eth", "name": "Retroactive ", "twitter": "jellyy78", "proposalsCount": 1, "votesCount": 2, "followersCount": 1, "website": null}, {"id": "safe1.testsnap.eth", "name": "test423", "twitter": null, "proposalsCount": 0, "votesCount": 0, "followersCount": 0, "website": null}, {"id": "safe2.testsnap.eth", "name": "test 33", "twitter": null, "proposalsCount": 0, "votesCount": 0, "followersCount": 0, "website": null}, {"id": "safebyte.eth", "name": "zkBlock", "twitter": null, "proposalsCount": 4, "votesCount": 365, "followersCount": 120, "website": null}, {"id": "sagamoregrove.eth", "name": "Sagamore Grove", "twitter": "Sagamore_Grove", "proposalsCount": 1, "votesCount": 5, "followersCount": 1, "website": null}, {"id": "saharax.eth", "name": "sahar", "twitter": null, "proposalsCount": 1, "votesCount": 1, "followersCount": 1, "website": null}, {"id": "sahjahan.eth", "name": "sahjahan ali", "twitter": "sahjahan_ali676", "proposalsCount": 0, "votesCount": 0, "followersCount": 0, "website": null}, {"id": "sailornika.eth", "name": "SAILOR group", "twitter": null, "proposalsCount": 2, "votesCount": 11, "followersCount": 10, "website": null}, {"id": "sailuo.eth", "name": "sadfg", "twitter": null, "proposalsCount": 2, "votesCount": 2, "followersCount": 0, "website": null}, {"id": "sajeebwazed.eth", "name": "joy dx", "twitter": "joydxofficial", "proposalsCount": 1, "votesCount": 56, "followersCount": 3, "website": null}, {"id": "salahfinance.eth", "name": "Salah ad-Din ", "twitter": "salahfinance", "proposalsCount": 1, "votesCount": 10, "followersCount": 1, "website": "https://salah.finance"}]