[{"id": "trustfull.eth", "name": "trustfull", "twitter": null, "proposalsCount": 1, "votesCount": 0, "followersCount": 4, "website": null}, {"id": "truthgptme.eth", "name": "TruthGPT", "twitter": "truthgptme", "proposalsCount": 1, "votesCount": 4, "followersCount": 0, "website": "https://truthgpt.me"}, {"id": "twodao.eth", "name": "twodao", "twitter": null, "proposalsCount": 1, "votesCount": 1, "followersCount": 3, "website": null}, {"id": "u3fforiginall2029.eth", "name": "yousef", "twitter": "MahmoodPejman", "proposalsCount": 1, "votesCount": 0, "followersCount": 4, "website": null}, {"id": "ukraineaidbsc.eth", "name": "Ukraine AID BSC", "twitter": "UkraineAIDBSC", "proposalsCount": 1, "votesCount": 0, "followersCount": 4, "website": null}, {"id": "ultraflat.eth", "name": "Alpha Omega", "twitter": null, "proposalsCount": 1, "votesCount": 1, "followersCount": 3, "website": null}, {"id": "uni-dydx.eth", "name": "uni-dydx.dao", "twitter": null, "proposalsCount": 2, "votesCount": 2, "followersCount": 1, "website": null}, {"id": "unilend-finance.eth", "name": "Unilend Finance", "twitter": null, "proposalsCount": 0, "votesCount": 0, "followersCount": 5, "website": null}, {"id": "universalcash.eth", "name": "Unicash", "twitter": null, "proposalsCount": 4, "votesCount": 0, "followersCount": 1, "website": null}, {"id": "usinweb3dao.eth", "name": "Usinweb3", "twitter": null, "proposalsCount": 1, "votesCount": 2, "followersCount": 2, "website": "https://www.usinweb3.xyz"}, {"id": "venompunkz.eth", "name": "venom", "twitter": null, "proposalsCount": 1, "votesCount": 2, "followersCount": 2, "website": null}, {"id": "verder.eth", "name": "rekt", "twitter": null, "proposalsCount": 1, "votesCount": 2, "followersCount": 2, "website": null}, {"id": "vitormarthendal.eth", "name": "Test", "twitter": null, "proposalsCount": 4, "votesCount": 0, "followersCount": 1, "website": null}, {"id": "vote.bogtools.eth", "name": "Bogged Finance", "twitter": "bogtools", "proposalsCount": 4, "votesCount": 0, "followersCount": 1, "website": null}, {"id": "w3bsdao.eth", "name": "W3BS", "twitter": null, "proposalsCount": 0, "votesCount": 0, "followersCount": 5, "website": null}, {"id": "wanghan.eth", "name": "snake", "twitter": null, "proposalsCount": 4, "votesCount": 0, "followersCount": 1, "website": null}, {"id": "wangluo.eth", "name": "duoduo", "twitter": null, "proposalsCount": 2, "votesCount": 1, "followersCount": 2, "website": null}, {"id": "wealthineer.eth", "name": "MTTM Manager Association", "twitter": null, "proposalsCount": 0, "votesCount": 0, "followersCount": 5, "website": null}, {"id": "web3kids.eth", "name": "web3kids", "twitter": null, "proposalsCount": 2, "votesCount": 1, "followersCount": 2, "website": null}, {"id": "weiyangg.eth", "name": "EDEN", "twitter": null, "proposalsCount": 1, "votesCount": 3, "followersCount": 1, "website": null}]