[{"id": "kangal-bsc.eth", "name": "Kangal (BSC)", "twitter": null, "proposalsCount": 12, "votesCount": 134, "followersCount": 3, "website": null}, {"id": "kumaverse.eth", "name": "Kumaverse", "twitter": "KumaverseNFT", "proposalsCount": 6, "votesCount": 141, "followersCount": 2, "website": "https://www.kumaverse.xyz/"}, {"id": "someeofficial.eth", "name": "SoMee Official", "twitter": "someeofficial", "proposalsCount": 15, "votesCount": 107, "followersCount": 27, "website": "https://somee.social"}, {"id": "duokong.eth", "name": "Rabbithole  Snapshot", "twitter": null, "proposalsCount": 9, "votesCount": 112, "followersCount": 27, "website": "https://twitter.com/rabbithole_gg"}, {"id": "bibliotheca.eth", "name": "Bibliotheca", "twitter": "lootgraph", "proposalsCount": 2, "votesCount": 130, "followersCount": 16, "website": null}, {"id": "cultbears.eth", "name": "Cult Bears DAO", "twitter": "cultbearsdao", "proposalsCount": 4, "votesCount": 123, "followersCount": 21, "website": "https://www.cultbearsdao.com/"}, {"id": "gton.eth", "name": "GTON Capital", "twitter": "GtonCapital", "proposalsCount": 9, "votesCount": 75, "followersCount": 64, "website": null}, {"id": "metso.eth", "name": "METSO INV.", "twitter": null, "proposalsCount": 24, "votesCount": 112, "followersCount": 12, "website": null}, {"id": "thewatch.eth", "name": "THE WATCH", "twitter": "thewatchcom", "proposalsCount": 1, "votesCount": 110, "followersCount": 37, "website": "https://thewatch.com"}, {"id": "trippyteam.eth", "name": "Trippy Toadz", "twitter": "trippytoadznft", "proposalsCount": 4, "votesCount": 139, "followersCount": 5, "website": "https://www.trippytoadz.io/"}, {"id": "infobells-hindi.eth", "name": "BarthaLuciano", "twitter": null, "proposalsCount": 11, "votesCount": 118, "followersCount": 18, "website": null}, {"id": "mushroomsfi.eth", "name": "Mushrooms Finance", "twitter": "MushroomsFinan1", "proposalsCount": 7, "votesCount": 125, "followersCount": 15, "website": null}, {"id": "ratdao-art.eth", "name": "RatDAO Art", "twitter": "ratdao_art", "proposalsCount": 5, "votesCount": 125, "followersCount": 17, "website": "https://ratdao.art/"}, {"id": "crazy-dao.eth", "name": "Crazy-DAO", "twitter": "crazydao_", "proposalsCount": 3, "votesCount": 126, "followersCount": 17, "website": "https://crazy-dao.com"}, {"id": "deepworkstudio.eth", "name": "Deep Work", "twitter": "deepwork_studio", "proposalsCount": 40, "votesCount": 87, "followersCount": 19, "website": null}, {"id": "devstend.eth", "name": "devstend", "twitter": null, "proposalsCount": 50, "votesCount": 70, "followersCount": 26, "website": null}, {"id": "fancydao.eth", "name": "Fancy Games DAO ", "twitter": "Fancybirdsio", "proposalsCount": 2, "votesCount": 123, "followersCount": 21, "website": "https://fancybirds.io/"}, {"id": "kyoko.eth", "name": "kyoko", "twitter": null, "proposalsCount": 5, "votesCount": 98, "followersCount": 43, "website": null}, {"id": "yieldfarming-insure", "name": "yieldfarming.insure", "twitter": null, "proposalsCount": 6, "votesCount": 138, "followersCount": 2, "website": null}, {"id": "cosmicpunk.eth", "name": "Pudgy Penguin #4266 DAO", "twitter": null, "proposalsCount": 5, "votesCount": 91, "followersCount": 49, "website": null}]