[{"id": "hlala.eth", "name": "\u8d27\u62c9\u62c9", "twitter": null, "proposalsCount": 1, "votesCount": 2, "followersCount": 2, "website": null}, {"id": "hodlsmoney.eth", "name": "Hodls Money", "twitter": null, "proposalsCount": 1, "votesCount": 0, "followersCount": 4, "website": null}, {"id": "hohohoya.eth", "name": "dsger", "twitter": null, "proposalsCount": 2, "votesCount": 2, "followersCount": 1, "website": null}, {"id": "hugal.eth", "name": "\u6295\u7968", "twitter": null, "proposalsCount": 1, "votesCount": 3, "followersCount": 1, "website": "https://www.partybid.app/"}, {"id": "huwadao.eth", "name": "WAHU", "twitter": null, "proposalsCount": 1, "votesCount": 0, "followersCount": 4, "website": null}, {"id": "icang.eth", "name": "ants", "twitter": null, "proposalsCount": 1, "votesCount": 2, "followersCount": 2, "website": null}, {"id": "icepy.eth", "name": "Hongjiang", "twitter": null, "proposalsCount": 1, "votesCount": 3, "followersCount": 1, "website": null}, {"id": "icp8year.eth", "name": "ICP 8-year Foundation", "twitter": null, "proposalsCount": 1, "votesCount": 1, "followersCount": 3, "website": null}, {"id": "ifelse.eth", "name": "ifelsedao", "twitter": null, "proposalsCount": 1, "votesCount": 2, "followersCount": 2, "website": null}, {"id": "indiewomen.eth", "name": "indiewomen", "twitter": null, "proposalsCount": 1, "votesCount": 3, "followersCount": 1, "website": null}, {"id": "inemuri.eth", "name": "inemuri", "twitter": null, "proposalsCount": 1, "votesCount": 1, "followersCount": 3, "website": null}, {"id": "integraaal.eth", "name": "Testers", "twitter": null, "proposalsCount": 1, "votesCount": 2, "followersCount": 2, "website": null}, {"id": "interspecies.eth", "name": "Interspecies Labs", "twitter": null, "proposalsCount": 5, "votesCount": 0, "followersCount": 0, "website": null}, {"id": "intodao.eth", "name": "intodao", "twitter": null, "proposalsCount": 1, "votesCount": 3, "followersCount": 1, "website": null}, {"id": "ioioio.eth", "name": "ioioio", "twitter": null, "proposalsCount": 2, "votesCount": 1, "followersCount": 2, "website": "https://www.baidu.com"}, {"id": "ishen.eth", "name": "ishen", "twitter": null, "proposalsCount": 1, "votesCount": 1, "followersCount": 3, "website": null}, {"id": "istore.eth", "name": "DaoBeta", "twitter": null, "proposalsCount": 1, "votesCount": 2, "followersCount": 2, "website": null}, {"id": "j2abro.eth", "name": "Ping", "twitter": null, "proposalsCount": 2, "votesCount": 2, "followersCount": 1, "website": null}, {"id": "janmarcnek.eth", "name": "fgsefsdfsdf", "twitter": null, "proposalsCount": 3, "votesCount": 1, "followersCount": 1, "website": null}, {"id": "jasonjz.eth", "name": "jasonj", "twitter": null, "proposalsCount": 2, "votesCount": 2, "followersCount": 1, "website": null}]