[{"id": "0x-40.eth", "name": "ETH\u751f\u6001", "twitter": null, "proposalsCount": 1, "votesCount": 26, "followersCount": 23, "website": null}, {"id": "0x.me.eth.id", "name": "0xme", "twitter": null, "proposalsCount": 31, "votesCount": 61, "followersCount": 7, "website": null}, {"id": "0x0720.eth", "name": "qaq", "twitter": null, "proposalsCount": 2, "votesCount": 12, "followersCount": 1, "website": null}, {"id": "0x0955.eth", "name": "LayDownDAO", "twitter": "0x_955", "proposalsCount": 8, "votesCount": 12, "followersCount": 5, "website": "https://twitter.com/0x_955"}, {"id": "0x0a0a0a.eth", "name": "0x0a0a0a", "twitter": "p4xgtgm8axa9yo", "proposalsCount": 0, "votesCount": 0, "followersCount": 1, "website": null}, {"id": "0x116699.eth", "name": "qinfeng", "twitter": null, "proposalsCount": 0, "votesCount": 0, "followersCount": 1, "website": null}, {"id": "0x11e.eth", "name": "CMT Token", "twitter": null, "proposalsCount": 5, "votesCount": 23997, "followersCount": 92, "website": null}, {"id": "0x13b.eth", "name": "POAP DAO", "twitter": "gqf131419", "proposalsCount": 1, "votesCount": 2, "followersCount": 1, "website": null}, {"id": "0x1609.eth", "name": "0x1609", "twitter": null, "proposalsCount": 4, "votesCount": 8, "followersCount": 1, "website": null}, {"id": "0x2164.eth", "name": "nice pro", "twitter": null, "proposalsCount": 3, "votesCount": 24, "followersCount": 9, "website": null}, {"id": "0x22628.eth", "name": "golbgi", "twitter": null, "proposalsCount": 1, "votesCount": 1, "followersCount": 0, "website": null}, {"id": "0x31013.eth", "name": "friendly DAO", "twitter": null, "proposalsCount": 1, "votesCount": 1, "followersCount": 1, "website": null}, {"id": "0x33568.eth", "name": "PoiZone", "twitter": "djsk_sumit", "proposalsCount": 1, "votesCount": 2, "followersCount": 0, "website": null}, {"id": "0x365365.eth", "name": "24\u00d7365", "twitter": null, "proposalsCount": 1, "votesCount": 1, "followersCount": 2, "website": null}, {"id": "0x44321.eth", "name": "0x44321", "twitter": null, "proposalsCount": 1, "votesCount": 166, "followersCount": 5, "website": null}, {"id": "0x46064.eth", "name": "lpko", "twitter": null, "proposalsCount": 2, "votesCount": 2, "followersCount": 0, "website": null}, {"id": "0x47074.eth", "name": "tolkushka_eligible", "twitter": null, "proposalsCount": 1, "votesCount": 1, "followersCount": 1, "website": null}, {"id": "0x606.eth", "name": "Talkchain GOA", "twitter": "talkchain_today", "proposalsCount": 1, "votesCount": 28, "followersCount": 6, "website": null}, {"id": "0x63616.eth", "name": "0x63616.eth", "twitter": null, "proposalsCount": 0, "votesCount": 0, "followersCount": 1, "website": null}, {"id": "0x6969420.eth", "name": "0x6969420", "twitter": null, "proposalsCount": 3, "votesCount": 3, "followersCount": 1, "website": null}]