[{"id": "dogone.eth", "name": "DOGONEfinance", "twitter": "DOGONEfinance", "proposalsCount": 0, "votesCount": 0, "followersCount": 4, "website": null}, {"id": "domain.ensmaxisfam.eth", "name": "domainDAO", "twitter": null, "proposalsCount": 1, "votesCount": 2, "followersCount": 1, "website": null}, {"id": "dragonflytothemoon.eth", "name": "0n17114", "twitter": null, "proposalsCount": 1, "votesCount": 2, "followersCount": 1, "website": null}, {"id": "drools-and-pixels.eth", "name": "Drools & Pixels", "twitter": "DroolsAndPixels", "proposalsCount": 1, "votesCount": 0, "followersCount": 3, "website": null}, {"id": "dspacet.eth", "name": "dspace DAO", "twitter": "fitgo0", "proposalsCount": 1, "votesCount": 0, "followersCount": 3, "website": null}, {"id": "duckpump.eth", "name": "YAZ", "twitter": null, "proposalsCount": 2, "votesCount": 1, "followersCount": 1, "website": null}, {"id": "dudwin.eth", "name": "dudwin", "twitter": null, "proposalsCount": 2, "votesCount": 1, "followersCount": 1, "website": null}, {"id": "durgeshpandey.eth", "name": "Amonk Network", "twitter": null, "proposalsCount": 1, "votesCount": 1, "followersCount": 2, "website": null}, {"id": "duxiangyuan.eth", "name": "duxiangyuan", "twitter": null, "proposalsCount": 1, "votesCount": 2, "followersCount": 1, "website": null}, {"id": "eagle1.eth", "name": "eagle", "twitter": null, "proposalsCount": 1, "votesCount": 0, "followersCount": 3, "website": null}, {"id": "ecommerce.ensmaxisfam.eth", "name": "ECOMRDAO", "twitter": null, "proposalsCount": 1, "votesCount": 2, "followersCount": 1, "website": null}, {"id": "edc3000.eth", "name": "People Power", "twitter": null, "proposalsCount": 1, "votesCount": 0, "followersCount": 3, "website": null}, {"id": "edelai.eth", "name": "AAA", "twitter": null, "proposalsCount": 2, "votesCount": 2, "followersCount": 0, "website": null}, {"id": "eeyee.eth", "name": "eyedao", "twitter": null, "proposalsCount": 1, "votesCount": 1, "followersCount": 2, "website": null}, {"id": "ekta.eth", "name": "snap", "twitter": null, "proposalsCount": 3, "votesCount": 0, "followersCount": 1, "website": null}, {"id": "elmurci.eth", "name": "elmurci", "twitter": "_elmurci", "proposalsCount": 1, "votesCount": 0, "followersCount": 3, "website": null}, {"id": "ensbid.eth", "name": "ENS.BID", "twitter": null, "proposalsCount": 0, "votesCount": 0, "followersCount": 4, "website": null}, {"id": "entropyseeds.eth", "name": "Entropyseeds", "twitter": "entropyseeds", "proposalsCount": 1, "votesCount": 2, "followersCount": 1, "website": null}, {"id": "epiqgames.eth", "name": "epIQ DAO", "twitter": "epiqlulz", "proposalsCount": 0, "votesCount": 0, "followersCount": 4, "website": "https://www.epiq.games/"}, {"id": "erc-1151.eth", "name": "test dao", "twitter": null, "proposalsCount": 1, "votesCount": 1, "followersCount": 2, "website": null}]