[{"id": "boxdomain.eth", "name": "boxdomain ", "twitter": "amabunga1", "proposalsCount": 1, "votesCount": 5, "followersCount": 5, "website": null}, {"id": "bsc.safefunds.app", "name": "SafeFunds.io (BSC)", "twitter": "safe_funds", "proposalsCount": 3, "votesCount": 4, "followersCount": 4, "website": null}, {"id": "bsldao.eth", "name": "BSL DAO LLC", "twitter": null, "proposalsCount": 1, "votesCount": 5, "followersCount": 5, "website": null}, {"id": "chendongcan.eth", "name": "chendongcan", "twitter": null, "proposalsCount": 7, "votesCount": 2, "followersCount": 2, "website": null}, {"id": "clam9495.eth", "name": "\u4ea4\u4e92\u4f53\u9a8c", "twitter": null, "proposalsCount": 2, "votesCount": 5, "followersCount": 4, "website": null}, {"id": "colleccionistes.eth", "name": "Col\u00b7leccionistes", "twitter": "catalandaoeth", "proposalsCount": 1, "votesCount": 5, "followersCount": 5, "website": null}, {"id": "delegates.krausehouse.eth", "name": "Krause House Contributors", "twitter": "krausehousedao", "proposalsCount": 4, "votesCount": 3, "followersCount": 4, "website": null}, {"id": "devnet.tribesxyz.eth", "name": "Tribes Devnet", "twitter": null, "proposalsCount": 3, "votesCount": 4, "followersCount": 4, "website": null}, {"id": "deyedao.eth", "name": "dEye DAO", "twitter": "dEyeGlobal", "proposalsCount": 1, "votesCount": 3, "followersCount": 7, "website": "https://www.deye.app"}, {"id": "ec6877.eth", "name": "youziqi", "twitter": null, "proposalsCount": 1, "votesCount": 5, "followersCount": 5, "website": null}, {"id": "euler1.eth", "name": "euler1", "twitter": null, "proposalsCount": 1, "votesCount": 5, "followersCount": 5, "website": null}, {"id": "goodchain.eth", "name": "goodchain", "twitter": null, "proposalsCount": 2, "votesCount": 5, "followersCount": 4, "website": null}, {"id": "hodlpac.eth", "name": "HODLpac", "twitter": null, "proposalsCount": 4, "votesCount": 3, "followersCount": 4, "website": null}, {"id": "houseofchaos.eth", "name": "House of Chaos", "twitter": "romehousechaos", "proposalsCount": 2, "votesCount": 5, "followersCount": 4, "website": null}, {"id": "kusamoon.eth", "name": "KusaMOON", "twitter": "gokusamoon", "proposalsCount": 1, "votesCount": 5, "followersCount": 5, "website": null}, {"id": "launchpad-alt.eth", "name": "Alt by Launchpad", "twitter": null, "proposalsCount": 2, "votesCount": 7, "followersCount": 2, "website": null}, {"id": "mostdao.eth", "name": "MOST DAO", "twitter": "MOSTDAO", "proposalsCount": 3, "votesCount": 1, "followersCount": 7, "website": "https://twitter.com/MOSTDAO"}, {"id": "mplzz.eth", "name": "Funding Playground", "twitter": null, "proposalsCount": 3, "votesCount": 4, "followersCount": 4, "website": null}, {"id": "mystenlab.eth", "name": "mystenlab", "twitter": null, "proposalsCount": 1, "votesCount": 5, "followersCount": 5, "website": null}, {"id": "qinshijian.eth", "name": "$ARB Airdrop Holder", "twitter": null, "proposalsCount": 1, "votesCount": 5, "followersCount": 5, "website": null}]