[{"id": "houseoffarri.eth", "name": "HouseOfFarri", "twitter": null, "proposalsCount": 1, "votesCount": 243, "followersCount": 1, "website": null}, {"id": "howhy.eth", "name": "Howhy", "twitter": null, "proposalsCount": 1, "votesCount": 2, "followersCount": 1, "website": null}, {"id": "hqlabtest.eth", "name": "hqlab", "twitter": null, "proposalsCount": 0, "votesCount": 0, "followersCount": 0, "website": null}, {"id": "hrns.eth", "name": "Hard Rock Nick Society", "twitter": "hardrocksociety", "proposalsCount": 4, "votesCount": 39, "followersCount": 13, "website": "https://www.hardrocknicknft.com/"}, {"id": "htiffirg.eth", "name": "TODAMOONDAO", "twitter": null, "proposalsCount": 135, "votesCount": 248, "followersCount": 0, "website": null}, {"id": "htowndao.eth", "name": "H Town DAO", "twitter": null, "proposalsCount": 0, "votesCount": 0, "followersCount": 0, "website": null}, {"id": "huacaizi.eth", "name": "huacaizi.eth", "twitter": "nagao41883684", "proposalsCount": 3, "votesCount": 6, "followersCount": 3, "website": null}, {"id": "huangnanlv1.eth", "name": "huangnanlv", "twitter": "huangnanlv", "proposalsCount": 1, "votesCount": 1, "followersCount": 0, "website": null}, {"id": "huangwenchao.eth", "name": "ChaoChao", "twitter": null, "proposalsCount": 226, "votesCount": 234, "followersCount": 87, "website": null}, {"id": "huawel.eth", "name": "boss", "twitter": null, "proposalsCount": 0, "votesCount": 0, "followersCount": 2, "website": null}, {"id": "hubdao.eth", "name": "HubDAO", "twitter": null, "proposalsCount": 0, "votesCount": 0, "followersCount": 3, "website": null}, {"id": "hugstudios.eth", "name": "HUG Studios", "twitter": "thehugxyz", "proposalsCount": 0, "votesCount": 0, "followersCount": 2, "website": "https://thehug.xyz"}, {"id": "huhehaotechina.eth", "name": "huhehaote", "twitter": null, "proposalsCount": 2, "votesCount": 4, "followersCount": 3, "website": null}, {"id": "huhoo.eth", "name": "shisi", "twitter": null, "proposalsCount": 1, "votesCount": 1, "followersCount": 1, "website": null}, {"id": "huhudao.eth", "name": "HouseDAO", "twitter": "huhuhouse", "proposalsCount": 1, "votesCount": 1, "followersCount": 1, "website": null}, {"id": "huidu.eth", "name": "LU MAO DAO", "twitter": null, "proposalsCount": 1, "votesCount": 7, "followersCount": 4, "website": null}, {"id": "hulianwang.eth", "name": "123", "twitter": null, "proposalsCount": 1, "votesCount": 271, "followersCount": 0, "website": null}, {"id": "hulkkk.eth", "name": "hulk", "twitter": "_mister_hulk_", "proposalsCount": 1, "votesCount": 1, "followersCount": 1, "website": null}, {"id": "hunterfoweb3.eth", "name": "as", "twitter": null, "proposalsCount": 3, "votesCount": 3, "followersCount": 1, "website": null}, {"id": "hunycomb.eth", "name": "The Colony (Hunycomb Games)", "twitter": null, "proposalsCount": 0, "votesCount": 0, "followersCount": 1, "website": "https://hunycomb.io/"}]