[{"id": "0xkexue.eth", "name": "kexue", "twitter": null, "proposalsCount": 0, "votesCount": 0, "followersCount": 1, "website": null}, {"id": "1024c.eth", "name": "1024C", "twitter": null, "proposalsCount": 0, "votesCount": 0, "followersCount": 1, "website": null}, {"id": "10arb.eth", "name": "btc", "twitter": null, "proposalsCount": 0, "votesCount": 0, "followersCount": 1, "website": null}, {"id": "12301.eth", "name": "12301DAO", "twitter": null, "proposalsCount": 4, "votesCount": 27, "followersCount": 20, "website": null}, {"id": "168961.eth", "name": "LGF", "twitter": null, "proposalsCount": 0, "votesCount": 0, "followersCount": 1, "website": null}, {"id": "19.190399march.eth", "name": "yt", "twitter": "Jasmine8589887", "proposalsCount": 0, "votesCount": 0, "followersCount": 1, "website": null}, {"id": "27908.eth", "name": "love", "twitter": null, "proposalsCount": 0, "votesCount": 0, "followersCount": 1, "website": null}, {"id": "48488.eth", "name": "qifie ", "twitter": null, "proposalsCount": 1, "votesCount": 0, "followersCount": 0, "website": null}, {"id": "64150.eth", "name": "3landfuder", "twitter": null, "proposalsCount": 0, "votesCount": 0, "followersCount": 1, "website": null}, {"id": "666180.eth", "name": "shawn", "twitter": null, "proposalsCount": 0, "votesCount": 0, "followersCount": 1, "website": null}, {"id": "69open.eth", "name": "when l0 drop?", "twitter": null, "proposalsCount": 0, "votesCount": 0, "followersCount": 1, "website": null}, {"id": "818787eth.eth", "name": "Yoyoo", "twitter": "programnevis", "proposalsCount": 0, "votesCount": 0, "followersCount": 1, "website": "https://Goolge.com"}, {"id": "aetdevinz.eth", "name": "devinz", "twitter": "HDevinz", "proposalsCount": 0, "votesCount": 0, "followersCount": 1, "website": null}, {"id": "annie8991.eth", "name": "Hannal", "twitter": "hannalhuynh8911", "proposalsCount": 0, "votesCount": 0, "followersCount": 1, "website": null}, {"id": "aqiao-art.eth", "name": "aqiao\u827a\u672f\u9986", "twitter": "mari_lhelll", "proposalsCount": 0, "votesCount": 0, "followersCount": 1, "website": "https://twitter.com/mari_lhelll"}, {"id": "arcomiadao.eth", "name": "Arcomia", "twitter": "officialarcomia", "proposalsCount": 0, "votesCount": 0, "followersCount": 1, "website": "https://arcomia.io"}, {"id": "beautyblossom.eth", "name": "\u52379", "twitter": null, "proposalsCount": 0, "votesCount": 0, "followersCount": 1, "website": null}, {"id": "bobosbigtop.eth", "name": "BobosBigTopDAOLLC", "twitter": "BobosBigTop", "proposalsCount": 0, "votesCount": 0, "followersCount": 1, "website": "https://bobosrc.com"}, {"id": "bongbi.eth", "name": "SocialFi", "twitter": "bongbitran", "proposalsCount": 0, "votesCount": 0, "followersCount": 1, "website": null}]