[{"id": "daowiz.eth", "name": "WIZ Protocol", "twitter": "wiz_protocol", "proposalsCount": 6, "votesCount": 68, "followersCount": 15, "website": "https://wiz-protocol.com"}, {"id": "ghidorahgodz.eth", "name": "Ghidorah Godz", "twitter": "GhidorahGodz", "proposalsCount": 1, "votesCount": 80, "followersCount": 8, "website": null}, {"id": "goblinsax.eth", "name": "Goblin Sax", "twitter": null, "proposalsCount": 10, "votesCount": 66, "followersCount": 13, "website": null}, {"id": "larvandweb3.eth", "name": "Larva", "twitter": "Larvandweb3", "proposalsCount": 0, "votesCount": 0, "followersCount": 89, "website": null}, {"id": "mongzuniverse.eth", "name": "Mongz Universe", "twitter": "TMHC_Official", "proposalsCount": 1, "votesCount": 85, "followersCount": 3, "website": "https://www.tokyomongzhillsclub.com/"}, {"id": "owntheball.eth", "name": "LaLiga's GOLball Membership", "twitter": "golball_", "proposalsCount": 3, "votesCount": 73, "followersCount": 13, "website": "https://golball.com/"}, {"id": "snowcrashdao.eth", "name": "TEST", "twitter": "", "proposalsCount": 0, "votesCount": 0, "followersCount": 89, "website": null}, {"id": "stockmouton.eth", "name": "lenia-nft", "twitter": "lenia_nft", "proposalsCount": 4, "votesCount": 74, "followersCount": 11, "website": null}, {"id": "titanforge-votes.eth", "name": "Titanforge", "twitter": "TitanforgeNFT", "proposalsCount": 3, "votesCount": 77, "followersCount": 9, "website": "https://titanforge.io"}, {"id": "unn.eth", "name": "UNION Protocol", "twitter": "unnfinance", "proposalsCount": 5, "votesCount": 49, "followersCount": 35, "website": "Https://unn.finance"}, {"id": "weth", "name": "WETH", "twitter": null, "proposalsCount": 22, "votesCount": 20, "followersCount": 47, "website": null}, {"id": "autosharkdao.eth", "name": "Autoshark Finance", "twitter": "AutoSharkFin", "proposalsCount": 19, "votesCount": 0, "followersCount": 70, "website": null}, {"id": "blockloka.eth", "name": "MOON DAO", "twitter": null, "proposalsCount": 34, "votesCount": 51, "followersCount": 3, "website": null}, {"id": "cuboprotocol.eth", "name": "Cubo", "twitter": "cubo_money", "proposalsCount": 2, "votesCount": 67, "followersCount": 19, "website": null}, {"id": "kardiadao.eth", "name": "House of Kaisers", "twitter": "KardiaChain", "proposalsCount": 3, "votesCount": 66, "followersCount": 19, "website": "https://kardiachain.io/"}, {"id": "ogmc.eth", "name": "Outlaw Gals MC", "twitter": "OutlawGalsMC", "proposalsCount": 1, "votesCount": 55, "followersCount": 32, "website": null}, {"id": "ursprojectdao.eth", "name": "PROJECT URS DAO", "twitter": "TheProjectUrs", "proposalsCount": 2, "votesCount": 68, "followersCount": 18, "website": "https://www.ursproject.io"}, {"id": "\ud83e\udd19\ud83e\udd19\ud83e\udd19\ud83e\udd19\ud83e\udd19\ud83e\udd19.eth", "name": "sadsda", "twitter": null, "proposalsCount": 46, "votesCount": 36, "followersCount": 6, "website": null}, {"id": "a-heart.eth", "name": "Project A-Heart", "twitter": "Project_A_Heart", "proposalsCount": 2, "votesCount": 71, "followersCount": 15, "website": "https://a-he.art/"}, {"id": "alkemidao.eth", "name": "Alkemi Network DAO", "twitter": "AlkemiNetwork", "proposalsCount": 6, "votesCount": 47, "followersCount": 35, "website": null}]