[{"id": "frgottenlands.eth", "name": "Forgotten Lands", "twitter": "frgottenlands", "proposalsCount": 1, "votesCount": 1, "followersCount": 1, "website": null}, {"id": "frogedao.eth", "name": "FrogeDAO", "twitter": "financefroge", "proposalsCount": 1, "votesCount": 3, "followersCount": 5, "website": "https://x.frogefinance.com/"}, {"id": "frogv1.eth", "name": "Frog v1 DAO", "twitter": "m4rtr3d", "proposalsCount": 1, "votesCount": 2, "followersCount": 0, "website": "https://app.syndicate.io/clubs/0xa46480ff6b53c95bca94ffbc781a1d55eabf9b93"}, {"id": "fronkz.eth", "name": "Space1", "twitter": null, "proposalsCount": 0, "votesCount": 0, "followersCount": 0, "website": null}, {"id": "frontalpha.eth", "name": "frontalpha", "twitter": null, "proposalsCount": 0, "votesCount": 0, "followersCount": 0, "website": null}, {"id": "frukt.eth", "name": "Mjollnir DAO", "twitter": null, "proposalsCount": 5, "votesCount": 2, "followersCount": 1, "website": null}, {"id": "frukti.eth", "name": "ARBgro", "twitter": null, "proposalsCount": 1, "votesCount": 1, "followersCount": 0, "website": null}, {"id": "fubusi.eth", "name": "doue", "twitter": null, "proposalsCount": 1, "votesCount": 5, "followersCount": 5, "website": null}, {"id": "fuero.eth", "name": "test", "twitter": null, "proposalsCount": 0, "votesCount": 0, "followersCount": 0, "website": null}, {"id": "fujianching.eth", "name": "zhaoyu888", "twitter": null, "proposalsCount": 2, "votesCount": 2, "followersCount": 2, "website": null}, {"id": "fullpovver.eth", "name": "strong", "twitter": "ownfunda", "proposalsCount": 0, "votesCount": 0, "followersCount": 1, "website": null}, {"id": "funding.vita-dao-test.eth", "name": "VitaDAO Funding proposals (TEST)", "twitter": null, "proposalsCount": 1, "votesCount": 0, "followersCount": 1, "website": null}, {"id": "fur-insure.eth", "name": "Fur Insure", "twitter": "furinsure", "proposalsCount": 0, "votesCount": 0, "followersCount": 1, "website": "https://fur.insure"}, {"id": "furinsure.eth", "name": "fur insure", "twitter": null, "proposalsCount": 3, "votesCount": 1, "followersCount": 6, "website": null}, {"id": "furkanozkilic.eth", "name": "furkanozkilic", "twitter": null, "proposalsCount": 2, "votesCount": 2, "followersCount": 1, "website": null}, {"id": "fusheng.eth", "name": "ass", "twitter": null, "proposalsCount": 1, "votesCount": 0, "followersCount": 0, "website": null}, {"id": "futurequest.eth", "name": "Future Quest", "twitter": "FutureQuestDAO", "proposalsCount": 2, "votesCount": 31, "followersCount": 43, "website": "https://future.quest/"}, {"id": "fuzhi.eth", "name": "fuzhi", "twitter": null, "proposalsCount": 1, "votesCount": 1, "followersCount": 1, "website": null}, {"id": "fygod.eth", "name": "DOTA2", "twitter": null, "proposalsCount": 1, "votesCount": 1, "followersCount": 0, "website": null}, {"id": "fyyds.eth", "name": "nanchang0791", "twitter": "fyyds", "proposalsCount": 30, "votesCount": 47, "followersCount": 20, "website": null}]