[{"id": "whatcoin.eth", "name": "MetaStreet", "twitter": null, "proposalsCount": 0, "votesCount": 0, "followersCount": 0, "website": null}, {"id": "whatistime.eth", "name": "Time Capsule", "twitter": null, "proposalsCount": 0, "votesCount": 0, "followersCount": 0, "website": null}, {"id": "whatyourname.eth", "name": "kuma", "twitter": "tsuki_ji_kumj", "proposalsCount": 0, "votesCount": 0, "followersCount": 1, "website": null}, {"id": "whexy.eth", "name": "Whale Exploder Ecosystem Dao", "twitter": "WHEXcosystem", "proposalsCount": 8, "votesCount": 34, "followersCount": 8, "website": "https://www.WHEXcosystem.com"}, {"id": "whiplus.eth", "name": "IVS Crypto", "twitter": "IVS_Official", "proposalsCount": 2, "votesCount": 35, "followersCount": 7, "website": "https://www.ivs.events/crypto"}, {"id": "whitelist1.eth", "name": "Whitelist", "twitter": "WhiteListENG", "proposalsCount": 102, "votesCount": 424589, "followersCount": 10014, "website": "https://whitelist.company/ru"}, {"id": "whitemountain.eth", "name": "whitemountain", "twitter": null, "proposalsCount": 2, "votesCount": 177, "followersCount": 11, "website": null}, {"id": "whoisqway.eth", "name": "BUBLYK DAO", "twitter": null, "proposalsCount": 25, "votesCount": 37, "followersCount": 16, "website": null}, {"id": "wileymian.eth", "name": "wiley test", "twitter": null, "proposalsCount": 1, "votesCount": 2, "followersCount": 1, "website": null}, {"id": "williamss.eth", "name": "poap", "twitter": null, "proposalsCount": 1, "votesCount": 1, "followersCount": 1, "website": null}, {"id": "willswater.eth", "name": "willswater", "twitter": null, "proposalsCount": 1, "votesCount": 1, "followersCount": 2, "website": null}, {"id": "willway.eth", "name": "willway test", "twitter": null, "proposalsCount": 0, "votesCount": 0, "followersCount": 2, "website": null}, {"id": "win10.eth", "name": "windows10", "twitter": null, "proposalsCount": 4, "votesCount": 6, "followersCount": 7, "website": null}, {"id": "window11.eth", "name": "window11", "twitter": null, "proposalsCount": 1, "votesCount": 1, "followersCount": 1, "website": null}, {"id": "window8.eth", "name": "window8", "twitter": null, "proposalsCount": 1, "votesCount": 1, "followersCount": 1, "website": null}, {"id": "window98.eth", "name": "window98", "twitter": null, "proposalsCount": 1, "votesCount": 1, "followersCount": 1, "website": null}, {"id": "windowxp.eth", "name": "windowxp", "twitter": null, "proposalsCount": 1, "votesCount": 1, "followersCount": 1, "website": null}, {"id": "wingbird.eth", "name": "Name Vote", "twitter": "fifestarr", "proposalsCount": 1, "votesCount": 0, "followersCount": 2, "website": "https://dadeuce.vercel.app/"}, {"id": "wipstudiodao.eth", "name": "Wip Studio DAO", "twitter": "bcg2022", "proposalsCount": 2, "votesCount": 11, "followersCount": 4, "website": "https://discord.gg/Mv2bv9EB"}, {"id": "wireshape-dao.eth", "name": "Wireshape DAO", "twitter": "wireshape", "proposalsCount": 1, "votesCount": 652, "followersCount": 1138, "website": "https://wireshape.org"}]