[{"id": "odidao.eth", "name": "ODI DAO", "twitter": null, "proposalsCount": 6, "votesCount": 1, "followersCount": 6, "website": null}, {"id": "olodao.eth", "name": "YING TG", "twitter": null, "proposalsCount": 1, "votesCount": 6, "followersCount": 6, "website": "https://www.partybid.app/buy/0xB74BE402fEfE6bbBF0E327A33B4A933426574218"}, {"id": "onearth.eth", "name": "OnEarth DAO", "twitter": "kevinonearth999", "proposalsCount": 3, "votesCount": 6, "followersCount": 4, "website": "https://imagineonearth.xpandrewards.xyz/"}, {"id": "opyn11.eth", "name": "opyn11", "twitter": null, "proposalsCount": 1, "votesCount": 5, "followersCount": 7, "website": null}, {"id": "partyplanningdao.eth", "name": "Party Planning DAO", "twitter": null, "proposalsCount": 1, "votesCount": 1, "followersCount": 11, "website": null}, {"id": "payba.eth", "name": "ANDAO", "twitter": null, "proposalsCount": 1, "votesCount": 8, "followersCount": 4, "website": null}, {"id": "piscary.eth", "name": "piscayfinance", "twitter": null, "proposalsCount": 3, "votesCount": 5, "followersCount": 5, "website": null}, {"id": "polygoon.eth", "name": "Polygoon", "twitter": "polygoonmatic", "proposalsCount": 1, "votesCount": 1, "followersCount": 11, "website": null}, {"id": "pootogetherbsc.eth", "name": "PooTogether", "twitter": null, "proposalsCount": 6, "votesCount": 6, "followersCount": 1, "website": null}, {"id": "rdr.eth", "name": "RDR", "twitter": "dappradar", "proposalsCount": 8, "votesCount": 3, "followersCount": 2, "website": "https://dappradar.com"}, {"id": "recovertoken.eth", "name": "RCVR Token Community Governance", "twitter": null, "proposalsCount": 10, "votesCount": 2, "followersCount": 1, "website": null}, {"id": "santiagoascacibar.eth", "name": "Tiktoks", "twitter": null, "proposalsCount": 1, "votesCount": 7, "followersCount": 5, "website": null}, {"id": "shanshui.eth", "name": "shanshui", "twitter": null, "proposalsCount": 4, "votesCount": 5, "followersCount": 4, "website": null}, {"id": "socity.eth", "name": "SoCity DAO", "twitter": "socitydao", "proposalsCount": 4, "votesCount": 1, "followersCount": 8, "website": "https://www.socitydao.org/"}, {"id": "spaceshipx.eth", "name": "SpaceShipX", "twitter": "spaceShipX_fi", "proposalsCount": 1, "votesCount": 10, "followersCount": 2, "website": "https://sship.finance/"}, {"id": "stplaydog.eth", "name": "ByzQL", "twitter": null, "proposalsCount": 3, "votesCount": 7, "followersCount": 3, "website": null}, {"id": "streetbased.eth", "name": "STREETBASED\u2122", "twitter": "streetbased909", "proposalsCount": 3, "votesCount": 3, "followersCount": 7, "website": "https://streetbased.co"}, {"id": "taiyiyi.eth", "name": "taiyiyiDAO", "twitter": null, "proposalsCount": 2, "votesCount": 5, "followersCount": 6, "website": null}, {"id": "tap.eth", "name": "Dollar Save Club", "twitter": null, "proposalsCount": 3, "votesCount": 9, "followersCount": 1, "website": null}, {"id": "tart.eth", "name": "ZEENUS DUMMY", "twitter": null, "proposalsCount": 7, "votesCount": 5, "followersCount": 1, "website": null}]