[{"id": "rebelteam.eth", "name": "Rebel Team", "twitter": "rebelteamcom", "proposalsCount": 1, "votesCount": 8, "followersCount": 12, "website": "https://www.rebelteam.com/"}, {"id": "rootstalkproposals.eth", "name": "Root Stalk Proposals", "twitter": "rootsmoney", "proposalsCount": 6, "votesCount": 12, "followersCount": 3, "website": "https://roottoken.org"}, {"id": "shibainuyachtclub.eth", "name": "Shiba Inu Yacht Club", "twitter": "ShibaInuYC", "proposalsCount": 1, "votesCount": 5, "followersCount": 15, "website": "https://www.shibainuyachtclub.com/"}, {"id": "thedia.eth", "name": "DIA", "twitter": null, "proposalsCount": 2, "votesCount": 16, "followersCount": 3, "website": null}, {"id": "trustednode.eth", "name": "Trusted Node", "twitter": "Trustednode", "proposalsCount": 1, "votesCount": 1, "followersCount": 19, "website": "https://trustednode.io/"}, {"id": "visor.eth", "name": "Visor", "twitter": null, "proposalsCount": 0, "votesCount": 0, "followersCount": 21, "website": null}, {"id": "vote-rinkeby.gro.xyz", "name": "Gro rinkeby governance", "twitter": null, "proposalsCount": 11, "votesCount": 8, "followersCount": 2, "website": null}, {"id": "02090902.eth", "name": "yyuugg", "twitter": null, "proposalsCount": 6, "votesCount": 8, "followersCount": 6, "website": null}, {"id": "116663.eth", "name": "bill", "twitter": "Kimberl50070305", "proposalsCount": 2, "votesCount": 17, "followersCount": 1, "website": "https://twitter.com/Kimberl50070305"}, {"id": "520eth.eth", "name": "ETHDAO", "twitter": "feiniao1946", "proposalsCount": 1, "votesCount": 5, "followersCount": 14, "website": null}, {"id": "740108.eth", "name": "\u57df\u540d\u7a7a\u95f4", "twitter": "bianxuxu", "proposalsCount": 4, "votesCount": 9, "followersCount": 7, "website": null}, {"id": "alienclub.eth", "name": "Phunk 2890 DAO", "twitter": null, "proposalsCount": 1, "votesCount": 2, "followersCount": 17, "website": null}, {"id": "ammadao.eth", "name": "AmmaDAO", "twitter": "AMMADAOxyz", "proposalsCount": 5, "votesCount": 9, "followersCount": 6, "website": "https://ammadao.xyz/"}, {"id": "amplegold", "name": "AmpleGold", "twitter": null, "proposalsCount": 4, "votesCount": 4, "followersCount": 12, "website": null}, {"id": "bendao.eth", "name": "Blockchain Education Network", "twitter": "blockchainedu", "proposalsCount": 3, "votesCount": 7, "followersCount": 10, "website": null}, {"id": "boater.eth", "name": "boaterdao", "twitter": null, "proposalsCount": 2, "votesCount": 8, "followersCount": 10, "website": null}, {"id": "canyadrinks.eth", "name": "Canya Club", "twitter": "Canya_Drinks", "proposalsCount": 1, "votesCount": 6, "followersCount": 13, "website": "https://linktr.ee/CanyaDrinks"}, {"id": "carbinocapital.eth", "name": "Carbino Capital", "twitter": "", "proposalsCount": 3, "votesCount": 6, "followersCount": 11, "website": null}, {"id": "chiknsubdao.eth", "name": "Chikn SubDAO", "twitter": "ChiknsubDao", "proposalsCount": 2, "votesCount": 7, "followersCount": 11, "website": "https://chiknsubdao.com/"}, {"id": "confucious.eth", "name": "confucious", "twitter": null, "proposalsCount": 2, "votesCount": 2, "followersCount": 16, "website": null}]