[{"id": "vishuroy.eth", "name": "Vote Without Tokens", "twitter": null, "proposalsCount": 2, "votesCount": 4, "followersCount": 2, "website": null}, {"id": "visioncapdao.eth", "name": "VisionCap Dao", "twitter": "VisionCapDao", "proposalsCount": 0, "votesCount": 0, "followersCount": 6, "website": "https://visioncapdao.com"}, {"id": "visitkralovec.eth", "name": "Kralovec is Czech", "twitter": null, "proposalsCount": 1, "votesCount": 4, "followersCount": 4, "website": "https://visitkralovec.cz/"}, {"id": "vitalikfinance.eth", "name": "v\u795e\u7a7a\u95f4", "twitter": null, "proposalsCount": 1, "votesCount": 1, "followersCount": 1, "website": null}, {"id": "vitcorei7.eth", "name": "Vik Tyler", "twitter": "ws_nx", "proposalsCount": 3, "votesCount": 3, "followersCount": 3, "website": null}, {"id": "vitya1600.eth", "name": "1", "twitter": null, "proposalsCount": 1, "votesCount": 1, "followersCount": 1, "website": null}, {"id": "vityaba.eth", "name": "Vityaba", "twitter": null, "proposalsCount": 0, "votesCount": 0, "followersCount": 0, "website": null}, {"id": "vivi007.eth", "name": "Vivi", "twitter": null, "proposalsCount": 1, "votesCount": 2, "followersCount": 1, "website": null}, {"id": "vivianlin.eth", "name": "Polynomial", "twitter": null, "proposalsCount": 1, "votesCount": 2, "followersCount": 1, "website": null}, {"id": "vivivi.eth", "name": "vivivi", "twitter": null, "proposalsCount": 1, "votesCount": 2, "followersCount": 1, "website": null}, {"id": "vladimirnovogrodsky.eth", "name": "millioner777", "twitter": null, "proposalsCount": 0, "votesCount": 0, "followersCount": 0, "website": null}, {"id": "vladimirps.eth", "name": "Vladimir", "twitter": null, "proposalsCount": 0, "votesCount": 0, "followersCount": 0, "website": null}, {"id": "voicetube.eth", "name": "voicetube", "twitter": null, "proposalsCount": 1, "votesCount": 1, "followersCount": 0, "website": null}, {"id": "voislive.eth", "name": "The Guardians", "twitter": "vois_live", "proposalsCount": 0, "votesCount": 0, "followersCount": 0, "website": "https://vois.live/"}, {"id": "voltdao.eth", "name": "VisionCap Dao", "twitter": "VisionCapDao", "proposalsCount": 0, "votesCount": 0, "followersCount": 2, "website": "https://visioncapdao.com"}, {"id": "vote-originalsdao.eth", "name": "Originals DAO", "twitter": "OriginalsDAO", "proposalsCount": 9, "votesCount": 19, "followersCount": 22, "website": "https://Originals.com"}, {"id": "vote.lena.dao.lalena.eth", "name": "Lena", "twitter": null, "proposalsCount": 0, "votesCount": 0, "followersCount": 1, "website": "https://www.lalena.co"}, {"id": "vote.valhallanetwork.eth", "name": "Valhalla Network", "twitter": "ValhallaDAO_", "proposalsCount": 0, "votesCount": 0, "followersCount": 1, "website": "https://valhallanetwork.io"}, {"id": "voteforfluf.eth", "name": "FLUF World", "twitter": "flufworld", "proposalsCount": 1, "votesCount": 4, "followersCount": 1, "website": "https://fluf.world"}, {"id": "vvksrd.eth", "name": "H1TL3RK1LL3R", "twitter": "HITL3RKILL3R", "proposalsCount": 1, "votesCount": 2, "followersCount": 2, "website": "https://twitter.com/HITL3RKILL3R"}]