[{"id": "welcomebtc.eth", "name": "welcomebtcbao", "twitter": null, "proposalsCount": 2, "votesCount": 2, "followersCount": 1, "website": null}, {"id": "wenren.eth", "name": "Wen ren", "twitter": null, "proposalsCount": 1, "votesCount": 2, "followersCount": 2, "website": null}, {"id": "wiamitimes.eth", "name": "wiamitimes", "twitter": null, "proposalsCount": 1, "votesCount": 2, "followersCount": 2, "website": null}, {"id": "wilsonhu.eth", "name": "MetaverseDAO", "twitter": null, "proposalsCount": 1, "votesCount": 2, "followersCount": 2, "website": null}, {"id": "winstonjulia.eth", "name": "winston", "twitter": null, "proposalsCount": 2, "votesCount": 2, "followersCount": 1, "website": null}, {"id": "wuhadechuntian.eth", "name": "wuhadechuntian", "twitter": "vootma", "proposalsCount": 2, "votesCount": 2, "followersCount": 1, "website": "https://www.wuhadechuntian.top"}, {"id": "wuyusi.eth", "name": "UNI", "twitter": null, "proposalsCount": 2, "votesCount": 2, "followersCount": 1, "website": null}, {"id": "wwiiitoken.eth", "name": "Ukraine Relief Fund Alliance", "twitter": "URFA_Official", "proposalsCount": 0, "votesCount": 0, "followersCount": 5, "website": null}, {"id": "xialinxia888.eth", "name": "WOO bull DAO", "twitter": null, "proposalsCount": 1, "votesCount": 3, "followersCount": 1, "website": null}, {"id": "xiaoqie.eth", "name": "xiaoqie", "twitter": null, "proposalsCount": 0, "votesCount": 0, "followersCount": 5, "website": null}, {"id": "xinlangweibo.eth", "name": "dai", "twitter": null, "proposalsCount": 2, "votesCount": 2, "followersCount": 1, "website": null}, {"id": "yangxiaowang.eth", "name": "starknet airdrop", "twitter": null, "proposalsCount": 1, "votesCount": 1, "followersCount": 3, "website": null}, {"id": "yftether.eth", "name": "YFTether.io", "twitter": null, "proposalsCount": 3, "votesCount": 0, "followersCount": 2, "website": null}, {"id": "yggyy.eth", "name": "yggyy", "twitter": null, "proposalsCount": 2, "votesCount": 2, "followersCount": 1, "website": null}, {"id": "yingjiao.eth", "name": "yingjiao", "twitter": "", "proposalsCount": 2, "votesCount": 1, "followersCount": 2, "website": null}, {"id": "yitaolau.eth", "name": "yitaolau", "twitter": null, "proposalsCount": 3, "votesCount": 1, "followersCount": 1, "website": null}, {"id": "yudikubota.eth", "name": "Yudi DAO", "twitter": null, "proposalsCount": 1, "votesCount": 4, "followersCount": 0, "website": null}, {"id": "yungao.eth", "name": "BSC Home", "twitter": null, "proposalsCount": 1, "votesCount": 1, "followersCount": 3, "website": null}, {"id": "yuqil.eth", "name": "Word\u5bc6\u7801", "twitter": null, "proposalsCount": 0, "votesCount": 0, "followersCount": 5, "website": null}, {"id": "yutinghuang.eth", "name": "HUANG", "twitter": null, "proposalsCount": 4, "votesCount": 0, "followersCount": 1, "website": null}]