[{"id": "fashion.lovesyou.eth", "name": "FASHIONDAO", "twitter": null, "proposalsCount": 1, "votesCount": 1, "followersCount": 1, "website": null}, {"id": "fear.io", "name": "FEAR", "twitter": "fearnfts", "proposalsCount": 1, "votesCount": 1, "followersCount": 1, "website": "https://www.fear.io"}, {"id": "fear38.eth", "name": "fear38", "twitter": null, "proposalsCount": 1, "votesCount": 1, "followersCount": 1, "website": null}, {"id": "feev.eth", "name": "FEEV", "twitter": "feev", "proposalsCount": 0, "votesCount": 0, "followersCount": 3, "website": "https://www.feev.com"}, {"id": "ffxjx.eth", "name": "fanxiang", "twitter": null, "proposalsCount": 1, "votesCount": 1, "followersCount": 1, "website": null}, {"id": "fil.freesubs.eth", "name": "FILDAO", "twitter": null, "proposalsCount": 1, "votesCount": 1, "followersCount": 1, "website": null}, {"id": "filah.eth", "name": "filah", "twitter": null, "proposalsCount": 1, "votesCount": 1, "followersCount": 1, "website": null}, {"id": "film.freesubs.eth", "name": "FILMDA0", "twitter": null, "proposalsCount": 1, "votesCount": 1, "followersCount": 1, "website": null}, {"id": "film.joints.eth", "name": "filmDAO", "twitter": null, "proposalsCount": 1, "votesCount": 1, "followersCount": 1, "website": null}, {"id": "filosof.eth", "name": "Why Does My Heart", "twitter": null, "proposalsCount": 1, "votesCount": 2, "followersCount": 0, "website": null}, {"id": "finance.ensmaxisfam.eth", "name": "fianceDAO", "twitter": null, "proposalsCount": 1, "votesCount": 1, "followersCount": 1, "website": null}, {"id": "financial.joints.eth", "name": "FINANCIALDAO", "twitter": null, "proposalsCount": 1, "votesCount": 1, "followersCount": 1, "website": null}, {"id": "financing.joints.eth", "name": "FINANCINGDAO", "twitter": null, "proposalsCount": 1, "votesCount": 1, "followersCount": 1, "website": null}, {"id": "finnexusbsc.eth", "name": "FinNexus(BSC)", "twitter": null, "proposalsCount": 0, "votesCount": 0, "followersCount": 3, "website": null}, {"id": "fire19.eth", "name": "dc", "twitter": null, "proposalsCount": 1, "votesCount": 1, "followersCount": 1, "website": null}, {"id": "fire555.eth", "name": "ngg club", "twitter": null, "proposalsCount": 1, "votesCount": 1, "followersCount": 1, "website": null}, {"id": "firebaiden.eth", "name": "Ignesia Ne Cristo", "twitter": null, "proposalsCount": 1, "votesCount": 1, "followersCount": 1, "website": null}, {"id": "first.joints.eth", "name": "FIRSTDAO", "twitter": null, "proposalsCount": 1, "votesCount": 1, "followersCount": 1, "website": null}, {"id": "fish.joints.eth", "name": "FISHDAO", "twitter": null, "proposalsCount": 1, "votesCount": 1, "followersCount": 1, "website": null}, {"id": "fishing.openuse.eth", "name": "FISHINGDAO", "twitter": null, "proposalsCount": 1, "votesCount": 1, "followersCount": 1, "website": null}]