[{"id": "herringbonedao.eth", "name": "Herringbone DAO", "twitter": "herringbonedao", "proposalsCount": 2, "votesCount": 15, "followersCount": 12, "website": null}, {"id": "levernetwork-eth.eth", "name": "LeverNetwork-ETH", "twitter": null, "proposalsCount": 4, "votesCount": 25, "followersCount": 0, "website": null}, {"id": "omg.eth", "name": "OMG", "twitter": null, "proposalsCount": 0, "votesCount": 0, "followersCount": 29, "website": null}, {"id": "pubefinance.eth", "name": "PUBE DAO", "twitter": "PubeFinance", "proposalsCount": 1, "votesCount": 3, "followersCount": 25, "website": null}, {"id": "slnotify.eth", "name": "SLNotify", "twitter": "SLNotifyIO", "proposalsCount": 1, "votesCount": 24, "followersCount": 4, "website": "https://slnotify.io/"}, {"id": "viterbi.eth", "name": "Viterbit", "twitter": null, "proposalsCount": 8, "votesCount": 16, "followersCount": 5, "website": null}, {"id": "163netease.eth", "name": "gelato dao", "twitter": null, "proposalsCount": 1, "votesCount": 5, "followersCount": 22, "website": null}, {"id": "8bitgg.eth", "name": "8bitgg", "twitter": "8bitGamersGuild", "proposalsCount": 1, "votesCount": 21, "followersCount": 6, "website": "https://8bitgg.com"}, {"id": "abcabc.eth", "name": "ABC-DAO", "twitter": "", "proposalsCount": 10, "votesCount": 13, "followersCount": 5, "website": null}, {"id": "aixiaoyan.eth", "name": "aixiaoyan", "twitter": null, "proposalsCount": 5, "votesCount": 13, "followersCount": 10, "website": null}, {"id": "anoncats.eth", "name": "Anoncats", "twitter": "anoncatsNFT", "proposalsCount": 4, "votesCount": 11, "followersCount": 13, "website": "https://anoncats.com"}, {"id": "antex.eth", "name": "lpt dao", "twitter": null, "proposalsCount": 3, "votesCount": 0, "followersCount": 25, "website": null}, {"id": "b2dc.eth", "name": "Board 2 Death", "twitter": "B2DClub", "proposalsCount": 2, "votesCount": 23, "followersCount": 3, "website": "https://linktr.ee/javi_tattooedtheory"}, {"id": "bapez.eth", "name": "BAPEZ JUNGLE", "twitter": "bapeznft", "proposalsCount": 1, "votesCount": 25, "followersCount": 2, "website": "https://www.bapeznft.com/"}, {"id": "bevil.eth", "name": "BevilDAO", "twitter": "bevil_gamefi", "proposalsCount": 1, "votesCount": 2, "followersCount": 25, "website": "https://bevil.io"}, {"id": "bosshe.eth", "name": "Hogen space", "twitter": null, "proposalsCount": 11, "votesCount": 11, "followersCount": 6, "website": null}, {"id": "ckmai.eth", "name": "Ckmai DAO", "twitter": null, "proposalsCount": 9, "votesCount": 9, "followersCount": 10, "website": null}, {"id": "community.ilv-gov.eth", "name": "Community Sub Council", "twitter": null, "proposalsCount": 4, "votesCount": 20, "followersCount": 4, "website": null}, {"id": "crd.eth", "name": "CRD Network", "twitter": "crdnetwork", "proposalsCount": 12, "votesCount": 14, "followersCount": 2, "website": null}, {"id": "daosquare", "name": "DAOSquare", "twitter": null, "proposalsCount": 3, "votesCount": 13, "followersCount": 12, "website": null}]