[{"id": "bitdeal.eth", "name": "bitdeal", "twitter": null, "proposalsCount": 1, "votesCount": 251, "followersCount": 5, "website": null}, {"id": "nervefinance.eth", "name": "Nerve Finance", "twitter": "nervefinance", "proposalsCount": 3, "votesCount": 193, "followersCount": 60, "website": null}, {"id": "codetri.eth", "name": "codetri", "twitter": null, "proposalsCount": 1, "votesCount": 254, "followersCount": 1, "website": null}, {"id": "codiste.eth", "name": "codiste", "twitter": null, "proposalsCount": 1, "votesCount": 254, "followersCount": 1, "website": null}, {"id": "dysnix.eth", "name": "dysnix", "twitter": null, "proposalsCount": 1, "votesCount": 254, "followersCount": 1, "website": null}, {"id": "ekoios.eth", "name": "ekoios", "twitter": null, "proposalsCount": 1, "votesCount": 254, "followersCount": 1, "website": null}, {"id": "evacodes.eth", "name": "evacodes", "twitter": null, "proposalsCount": 1, "votesCount": 254, "followersCount": 1, "website": null}, {"id": "ferrarif60.eth", "name": "yoeisd1", "twitter": null, "proposalsCount": 15, "votesCount": 163, "followersCount": 28, "website": null}, {"id": "heveloon.eth", "name": "heveloon", "twitter": null, "proposalsCount": 1, "votesCount": 254, "followersCount": 1, "website": null}, {"id": "lansdownepartners.eth", "name": "lansdownepartners", "twitter": null, "proposalsCount": 1, "votesCount": 254, "followersCount": 1, "website": null}, {"id": "lmao.jacks\u00f3n.eth", "name": "lmaoDAO", "twitter": null, "proposalsCount": 36, "votesCount": 203, "followersCount": 17, "website": null}, {"id": "mobilist.eth", "name": "mobilist", "twitter": null, "proposalsCount": 1, "votesCount": 254, "followersCount": 1, "website": null}, {"id": "questglt.eth", "name": "questglt", "twitter": null, "proposalsCount": 1, "votesCount": 253, "followersCount": 2, "website": null}, {"id": "redduck.eth", "name": "redduck", "twitter": null, "proposalsCount": 1, "votesCount": 254, "followersCount": 1, "website": null}, {"id": "systango.eth", "name": "systango", "twitter": null, "proposalsCount": 1, "votesCount": 254, "followersCount": 1, "website": null}, {"id": "zensoft.eth", "name": "zensoft", "twitter": null, "proposalsCount": 1, "votesCount": 254, "followersCount": 1, "website": null}, {"id": "bloody", "name": "BLOODY", "twitter": null, "proposalsCount": 16, "votesCount": 237, "followersCount": 2, "website": null}, {"id": "0x2508.eth", "name": "ynesd", "twitter": null, "proposalsCount": 1, "votesCount": 3, "followersCount": 1, "website": null}, {"id": "0x5089.eth", "name": "5809", "twitter": "cailai17", "proposalsCount": 1, "votesCount": 3, "followersCount": 1, "website": null}, {"id": "0x7184.eth", "name": "netse", "twitter": null, "proposalsCount": 1, "votesCount": 4, "followersCount": 0, "website": null}]