[{"id": "kmahigir.eth", "name": "Test Space (Khashi)", "twitter": null, "proposalsCount": 1, "votesCount": 1, "followersCount": 2, "website": null}, {"id": "kmv.eth", "name": "Kirin", "twitter": "KirinMV", "proposalsCount": 0, "votesCount": 0, "followersCount": 1, "website": "https://kirin.org"}, {"id": "koalabs.eth", "name": "AXK Cave", "twitter": null, "proposalsCount": 4, "votesCount": 7, "followersCount": 1, "website": null}, {"id": "kobe815.eth", "name": "zhongguohunli", "twitter": null, "proposalsCount": 0, "votesCount": 0, "followersCount": 0, "website": null}, {"id": "kocoin.eth", "name": "Element", "twitter": null, "proposalsCount": 0, "votesCount": 0, "followersCount": 2, "website": null}, {"id": "koda1980.eth", "name": "Koda Klub Dao", "twitter": null, "proposalsCount": 2, "votesCount": 12, "followersCount": 8, "website": null}, {"id": "koda588.eth", "name": "wa", "twitter": null, "proposalsCount": 8, "votesCount": 8, "followersCount": 7, "website": null}, {"id": "kodyycp.eth", "name": "young", "twitter": "kodyycp", "proposalsCount": 2, "votesCount": 11, "followersCount": 1, "website": null}, {"id": "kojodao.eth", "name": "KojoDAO", "twitter": null, "proposalsCount": 0, "votesCount": 0, "followersCount": 0, "website": null}, {"id": "kol9999888jjj.eth", "name": "airui", "twitter": null, "proposalsCount": 1, "votesCount": 1, "followersCount": 1, "website": null}, {"id": "komarik22.eth", "name": "amiri", "twitter": null, "proposalsCount": 1, "votesCount": 1, "followersCount": 1, "website": null}, {"id": "komorebi-no-sekai.eth", "name": "Komorebi No Sekai", "twitter": "KomorebiNoSekai", "proposalsCount": 0, "votesCount": 0, "followersCount": 4, "website": "https://komorebinosekai.com/"}, {"id": "kongcong.eth", "name": "kongcong-PSD", "twitter": "kongkong8808", "proposalsCount": 6, "votesCount": 9, "followersCount": 3, "website": "https://www.purplestatedao.com"}, {"id": "kopokoverse.eth", "name": "KOPOKO Verse", "twitter": null, "proposalsCount": 0, "votesCount": 0, "followersCount": 1, "website": null}, {"id": "kose-corporation.eth", "name": "kose-corporation", "twitter": null, "proposalsCount": 1, "votesCount": 15, "followersCount": 11, "website": null}, {"id": "kosoi.eth", "name": "KS Protocol ", "twitter": null, "proposalsCount": 2, "votesCount": 11, "followersCount": 10, "website": null}, {"id": "kotdao.eth", "name": "katdao", "twitter": null, "proposalsCount": 1, "votesCount": 1, "followersCount": 1, "website": null}, {"id": "koubi.eth", "name": "4", "twitter": null, "proposalsCount": 1, "votesCount": 1, "followersCount": 1, "website": null}, {"id": "koyegame.eth", "name": "NHK", "twitter": "prettybpoy1983", "proposalsCount": 0, "votesCount": 0, "followersCount": 1, "website": null}, {"id": "krabiisland.eth", "name": "OP DAO", "twitter": "vw869141", "proposalsCount": 4, "votesCount": 20, "followersCount": 5, "website": "https://twitter.com/vw869141"}]