[{"id": "pepepresident24.eth", "name": "President PEPE", "twitter": "PresidentPepe24", "proposalsCount": 2, "votesCount": 3, "followersCount": 3, "website": "https://presidentpepe.org"}, {"id": "phuture.eth", "name": "Phuture", "twitter": "phuturedao", "proposalsCount": 0, "votesCount": 0, "followersCount": 8, "website": null}, {"id": "pitbulldao.eth", "name": "Pitbull", "twitter": "BscPitbull", "proposalsCount": 1, "votesCount": 1, "followersCount": 6, "website": null}, {"id": "pixelatedshibainu.eth", "name": "Pixelated Shiba Inu", "twitter": "pixelatedshiba", "proposalsCount": 2, "votesCount": 3, "followersCount": 3, "website": "http://www.pixelatedshibainu.xyz"}, {"id": "pixeldaofi.eth", "name": "Pixel DAO", "twitter": "pixeldaofi", "proposalsCount": 0, "votesCount": 0, "followersCount": 8, "website": null}, {"id": "pokemineondeme.eth", "name": "PokeMine On Deme", "twitter": "PokeMineGo", "proposalsCount": 0, "votesCount": 0, "followersCount": 8, "website": null}, {"id": "polapain.eth", "name": "PolaPain DAO", "twitter": "sajibdeb_bd", "proposalsCount": 2, "votesCount": 4, "followersCount": 2, "website": "https://linktr.ee/sajibdeb/"}, {"id": "polinate.eth", "name": "Polinate", "twitter": "polinate_io", "proposalsCount": 0, "votesCount": 0, "followersCount": 8, "website": "https://polinate.io"}, {"id": "potsizebet.eth", "name": "qqnmd", "twitter": null, "proposalsCount": 2, "votesCount": 4, "followersCount": 2, "website": null}, {"id": "pottersnft.io", "name": "PottersNFTCorporationDAO", "twitter": "PottersNFTCORP", "proposalsCount": 2, "votesCount": 2, "followersCount": 4, "website": "https://pottersnft.io"}, {"id": "premiumcard.eth", "name": "premium", "twitter": null, "proposalsCount": 5, "votesCount": 0, "followersCount": 3, "website": "https://land.philand.xyz/premiumcard.eth"}, {"id": "projectzion.eth", "name": "Project Zion", "twitter": null, "proposalsCount": 1, "votesCount": 0, "followersCount": 7, "website": null}, {"id": "qilincoin.eth", "name": "QILIN", "twitter": null, "proposalsCount": 7, "votesCount": 0, "followersCount": 1, "website": null}, {"id": "qinyifan.eth", "name": "$ENS HOLDER", "twitter": null, "proposalsCount": 1, "votesCount": 4, "followersCount": 3, "website": null}, {"id": "qinyifan666.eth", "name": "Asia Game DAO", "twitter": null, "proposalsCount": 1, "votesCount": 4, "followersCount": 3, "website": null}, {"id": "radarcommunity.eth", "name": "RADAR", "twitter": "radarxyz", "proposalsCount": 0, "votesCount": 0, "followersCount": 8, "website": "https://www.radardao.xyz/"}, {"id": "reaperprotocol.eth", "name": "Reaper Protocol", "twitter": "reaperprotocol", "proposalsCount": 0, "votesCount": 0, "followersCount": 8, "website": null}, {"id": "reck123.eth", "name": "\u738b\u5341\u4e5d", "twitter": null, "proposalsCount": 1, "votesCount": 3, "followersCount": 4, "website": null}, {"id": "revelation12.eth", "name": "Revelation 12", "twitter": "revelationtoken", "proposalsCount": 1, "votesCount": 2, "followersCount": 5, "website": "https://www.revelationerc.com"}, {"id": "richguy36.eth", "name": "20", "twitter": null, "proposalsCount": 4, "votesCount": 3, "followersCount": 1, "website": null}]