[{"id": "beemove.eth", "name": "BEEMOVE DAO", "twitter": null, "proposalsCount": 0, "votesCount": 0, "followersCount": 4, "website": null}, {"id": "begonia.eth", "name": "begonia", "twitter": null, "proposalsCount": 2, "votesCount": 0, "followersCount": 2, "website": null}, {"id": "bencoinnow.eth", "name": "Ben Nation", "twitter": "bencoinnow", "proposalsCount": 2, "votesCount": 0, "followersCount": 2, "website": null}, {"id": "bennie1.eth", "name": "bennie", "twitter": null, "proposalsCount": 2, "votesCount": 0, "followersCount": 2, "website": null}, {"id": "bestman9608.eth", "name": "bestmanDao", "twitter": null, "proposalsCount": 1, "votesCount": 0, "followersCount": 3, "website": null}, {"id": "bigant.eth", "name": "BigantDAO", "twitter": null, "proposalsCount": 1, "votesCount": 1, "followersCount": 2, "website": null}, {"id": "bigzp.eth", "name": "bigzp's network", "twitter": "bigzp", "proposalsCount": 1, "votesCount": 1, "followersCount": 2, "website": "https://twitter.com/bigzp"}, {"id": "binancebaba.eth", "name": "BSC Garden", "twitter": null, "proposalsCount": 1, "votesCount": 1, "followersCount": 2, "website": null}, {"id": "bitcoinyy.eth", "name": "ttt", "twitter": null, "proposalsCount": 1, "votesCount": 1, "followersCount": 2, "website": null}, {"id": "bitcool.eth", "name": "bitcool", "twitter": "cuihuabin5789", "proposalsCount": 0, "votesCount": 0, "followersCount": 4, "website": null}, {"id": "bitlinked.eth", "name": "bitlinked", "twitter": null, "proposalsCount": 1, "votesCount": 0, "followersCount": 3, "website": null}, {"id": "blackboxart.eth", "name": "Sparrow", "twitter": "blackboxdotart", "proposalsCount": 0, "votesCount": 0, "followersCount": 4, "website": null}, {"id": "blossomdao.eth", "name": "BlossomDAO", "twitter": "blossomDAO", "proposalsCount": 0, "votesCount": 0, "followersCount": 4, "website": "https://blossomdao.space/"}, {"id": "bluebear.eth", "name": "Bluebear", "twitter": null, "proposalsCount": 0, "votesCount": 0, "followersCount": 4, "website": null}, {"id": "brunellatea.eth", "name": "TEST", "twitter": null, "proposalsCount": 3, "votesCount": 1, "followersCount": 0, "website": null}, {"id": "btc1b.eth", "name": "FoMoDAO", "twitter": null, "proposalsCount": 1, "votesCount": 1, "followersCount": 2, "website": null}, {"id": "btcdailynews.eth", "name": "Coinlantr", "twitter": "Coinlandtr", "proposalsCount": 1, "votesCount": 1, "followersCount": 2, "website": "https://twitter.com/Coinlandtr"}, {"id": "btcethdot.eth", "name": "\u533a\u5757\u94fe\u4e2d\u6587\u793e\u533a", "twitter": null, "proposalsCount": 1, "votesCount": 0, "followersCount": 3, "website": null}, {"id": "btf", "name": "BTF Finance", "twitter": null, "proposalsCount": 1, "votesCount": 1, "followersCount": 2, "website": null}, {"id": "bubbl3gumdao.eth", "name": "Bubbl3gum DAO", "twitter": "BUBBL3GUMDAO", "proposalsCount": 1, "votesCount": 2, "followersCount": 1, "website": null}]