[{"id": "hsedefi.eth", "name": "HSE DeFi", "twitter": null, "proposalsCount": 38, "votesCount": 80, "followersCount": 64, "website": "https://go.densmirnov.com/hse"}, {"id": "clevercvx.eth", "name": "CLever Locked CVX", "twitter": null, "proposalsCount": 19, "votesCount": 26, "followersCount": 137, "website": "https://clever.aladdin.club/#/clever"}, {"id": "cloudlol.eth", "name": "Cloudlol", "twitter": null, "proposalsCount": 53, "votesCount": 76, "followersCount": 53, "website": null}, {"id": "hoedao.eth", "name": "HoeDAO", "twitter": null, "proposalsCount": 4, "votesCount": 178, "followersCount": 0, "website": null}, {"id": "lionsocialclub.eth", "name": "Lion Social Club", "twitter": "LionSocialClub", "proposalsCount": 7, "votesCount": 158, "followersCount": 17, "website": null}, {"id": "madrealities.eth", "name": "Mad Realities", "twitter": "madrealities", "proposalsCount": 5, "votesCount": 153, "followersCount": 24, "website": null}, {"id": "nestecosystem.eth", "name": "NEST Protocol", "twitter": "NEST_Protocol", "proposalsCount": 2, "votesCount": 162, "followersCount": 18, "website": "https://nestprotocol.org/"}, {"id": "thestackworld.eth", "name": "The Stack World", "twitter": "thestackworld", "proposalsCount": 34, "votesCount": 122, "followersCount": 26, "website": "https://www.workshops.thestack.world/dao"}, {"id": "dariusferdynand.eth", "name": "BlakewayLyle CLUB", "twitter": null, "proposalsCount": 15, "votesCount": 147, "followersCount": 20, "website": null}, {"id": "grandtheftauto8.eth", "name": "yijingDAO", "twitter": null, "proposalsCount": 15, "votesCount": 143, "followersCount": 24, "website": null}, {"id": "lykanhypersport.eth", "name": "uoieilx1", "twitter": null, "proposalsCount": 15, "votesCount": 144, "followersCount": 23, "website": null}, {"id": "yiliangpeng.eth", "name": "HubertSchumuck DAO", "twitter": null, "proposalsCount": 15, "votesCount": 149, "followersCount": 18, "website": null}, {"id": "district-420.eth", "name": "D420", "twitter": null, "proposalsCount": 31, "votesCount": 145, "followersCount": 5, "website": null}, {"id": "flashcommunity.eth", "name": "Flash Community", "twitter": null, "proposalsCount": 5, "votesCount": 167, "followersCount": 9, "website": null}, {"id": "giraffetower.eth", "name": "Giraffe Tower", "twitter": "giraffetowernft", "proposalsCount": 2, "votesCount": 154, "followersCount": 25, "website": "https://giraffetowernft.com"}, {"id": "mycointool.eth", "name": "MCT DAO", "twitter": "mycointool", "proposalsCount": 2, "votesCount": 111, "followersCount": 68, "website": null}, {"id": "taptaprev.eth", "name": "TapTapRev", "twitter": "Taptap_rev", "proposalsCount": 7, "votesCount": 173, "followersCount": 1, "website": "https://www.taptaprev.com"}, {"id": "tony777.eth", "name": "tony", "twitter": null, "proposalsCount": 8, "votesCount": 22, "followersCount": 1, "website": null}, {"id": "rngletme.eth", "name": "ChantryNoel DAO", "twitter": null, "proposalsCount": 15, "votesCount": 146, "followersCount": 20, "website": null}, {"id": "carety.eth", "name": "carety", "twitter": null, "proposalsCount": 4, "votesCount": 176, "followersCount": 0, "website": null}]