[{"id": "hostloc.eth", "name": "ode-dao", "twitter": null, "proposalsCount": 3, "votesCount": 5, "followersCount": 4, "website": null}, {"id": "iktp.rbllabs.com", "name": "LegendsOfCrypto (LOCGame)", "twitter": "LOCgameio", "proposalsCount": 0, "votesCount": 0, "followersCount": 12, "website": "https://www.locgame.io/"}, {"id": "imstone.eth", "name": "HecoLabs", "twitter": null, "proposalsCount": 5, "votesCount": 4, "followersCount": 3, "website": null}, {"id": "insuladao.eth", "name": "Insula DAO", "twitter": "insula_im", "proposalsCount": 3, "votesCount": 6, "followersCount": 3, "website": "https://insulainvestments.com/"}, {"id": "itsjane.eth", "name": "Beta DAO", "twitter": "betafellowship", "proposalsCount": 2, "votesCount": 6, "followersCount": 4, "website": "https://betafellow.com"}, {"id": "juanmiranda.eth", "name": "Presents", "twitter": null, "proposalsCount": 1, "votesCount": 5, "followersCount": 6, "website": null}, {"id": "kanipan.eth", "name": "DST DAO", "twitter": "teachofdesk", "proposalsCount": 4, "votesCount": 0, "followersCount": 8, "website": "https://twitter.com/teachofdesk"}, {"id": "kgroupdao.eth", "name": "K.Group DAO", "twitter": "KGroupDAO", "proposalsCount": 3, "votesCount": 5, "followersCount": 4, "website": "https://www.kgroupdao.finance"}, {"id": "kingrama.eth", "name": "OB DAO", "twitter": "OGBEANS_DAO", "proposalsCount": 1, "votesCount": 9, "followersCount": 2, "website": null}, {"id": "kitkwan.eth", "name": "FTT DAO", "twitter": "fttdao", "proposalsCount": 4, "votesCount": 2, "followersCount": 6, "website": "https://fttdao.gitbook.io/ftt-dao/"}, {"id": "komet.eth", "name": "Komet Finance", "twitter": "KometCapital", "proposalsCount": 1, "votesCount": 7, "followersCount": 4, "website": null}, {"id": "kuake.eth", "name": "kuake", "twitter": null, "proposalsCount": 8, "votesCount": 0, "followersCount": 4, "website": null}, {"id": "kuhoge.eth", "name": "KuHoge", "twitter": "hoge_ku", "proposalsCount": 1, "votesCount": 7, "followersCount": 4, "website": null}, {"id": "liangyizhi.eth", "name": "liangyizhidao", "twitter": null, "proposalsCount": 6, "votesCount": 5, "followersCount": 1, "website": null}, {"id": "marsecosystem.com", "name": "Mars Ecosystem", "twitter": "MarsEcosystem", "proposalsCount": 0, "votesCount": 0, "followersCount": 12, "website": "https://marsecosystem.com"}, {"id": "maskpad.eth", "name": "\u5c0f\u697c", "twitter": "xiaolouzatan", "proposalsCount": 2, "votesCount": 2, "followersCount": 8, "website": null}, {"id": "metagan.eth", "name": "metagandao", "twitter": null, "proposalsCount": 2, "votesCount": 6, "followersCount": 4, "website": null}, {"id": "mjuz\u026ak.eth", "name": "mjuzik", "twitter": null, "proposalsCount": 4, "votesCount": 4, "followersCount": 4, "website": null}, {"id": "morphose.eth", "name": "Morphose", "twitter": "morphosecash", "proposalsCount": 4, "votesCount": 8, "followersCount": 0, "website": null}, {"id": "nfticketfinance.eth", "name": "NFTicket ($KENO)", "twitter": "NFTicketFinance", "proposalsCount": 1, "votesCount": 10, "followersCount": 1, "website": "https://www.nfticket.finance/"}]