[{"id": "skobel.eth", "name": "dwd", "twitter": null, "proposalsCount": 1, "votesCount": 1, "followersCount": 0, "website": null}, {"id": "skretty.eth", "name": "skatykan", "twitter": null, "proposalsCount": 3, "votesCount": 59, "followersCount": 14, "website": null}, {"id": "skybro.eth", "name": "HeartDAO", "twitter": null, "proposalsCount": 1, "votesCount": 20, "followersCount": 14, "website": "https://fractional.art/vaults/skybro-the-heart-project"}, {"id": "skyco.eth", "name": "skyco club", "twitter": null, "proposalsCount": 1, "votesCount": 2, "followersCount": 2, "website": null}, {"id": "skyfinance.eth", "name": "SKY", "twitter": null, "proposalsCount": 1, "votesCount": 2, "followersCount": 1, "website": null}, {"id": "skytrackr.eth", "name": "Crypto X NFTs", "twitter": null, "proposalsCount": 1, "votesCount": 2, "followersCount": 0, "website": null}, {"id": "slashi.eth", "name": "1", "twitter": null, "proposalsCount": 1, "votesCount": 1, "followersCount": 1, "website": null}, {"id": "slavicdao.eth", "name": "SlavicDAO", "twitter": "SlavicDAO", "proposalsCount": 1, "votesCount": 23, "followersCount": 17, "website": null}, {"id": "slickcity.eth", "name": "Slick City", "twitter": null, "proposalsCount": 0, "votesCount": 0, "followersCount": 7, "website": null}, {"id": "slotie.dcl.eth", "name": "Slotie", "twitter": null, "proposalsCount": 0, "votesCount": 0, "followersCount": 0, "website": null}, {"id": "slotiepay.eth", "name": "Weiwei  web club", "twitter": "weiwei8545", "proposalsCount": 2, "votesCount": 3, "followersCount": 1, "website": null}, {"id": "slowrich.eth", "name": "vote", "twitter": null, "proposalsCount": 4, "votesCount": 206, "followersCount": 152, "website": null}, {"id": "slurve.eth", "name": "slurve", "twitter": null, "proposalsCount": 1, "votesCount": 1, "followersCount": 1, "website": null}, {"id": "sluuuuda.eth", "name": "Sluda protocol", "twitter": null, "proposalsCount": 2, "votesCount": 11, "followersCount": 10, "website": null}, {"id": "smartaddress.eth", "name": "smartaddress.eth", "twitter": null, "proposalsCount": 0, "votesCount": 0, "followersCount": 1, "website": null}, {"id": "smartinvesticiya.eth", "name": "smartinvestDAO", "twitter": null, "proposalsCount": 2, "votesCount": 1, "followersCount": 0, "website": null}, {"id": "smaying789.eth", "name": "Smaying789btc", "twitter": "smaying789", "proposalsCount": 1, "votesCount": 1, "followersCount": 1, "website": null}, {"id": "smbswap.eth", "name": "SMB Swap", "twitter": "smbswap", "proposalsCount": 1, "votesCount": 4, "followersCount": 7, "website": "https://smbswap.finance"}, {"id": "smiliesnft.eth", "name": "Smilies", "twitter": "SmiliesNFT", "proposalsCount": 2, "votesCount": 533, "followersCount": 4, "website": null}, {"id": "smoldomains.eth", "name": "Smol Domains", "twitter": "smoldomains", "proposalsCount": 0, "votesCount": 0, "followersCount": 5, "website": "https://smol.domains/"}]