[{"id": "loveling.eth", "name": "loveling", "twitter": null, "proposalsCount": 1, "votesCount": 1, "followersCount": 0, "website": null}, {"id": "lovemika.eth", "name": "leedao", "twitter": null, "proposalsCount": 4, "votesCount": 4, "followersCount": 3, "website": null}, {"id": "loverosie.eth", "name": "Loverosie", "twitter": null, "proposalsCount": 1, "votesCount": 1, "followersCount": 1, "website": null}, {"id": "loveself.eth", "name": "apple", "twitter": null, "proposalsCount": 1, "votesCount": 1, "followersCount": 1, "website": null}, {"id": "lowadka.eth", "name": "lowadka", "twitter": null, "proposalsCount": 1, "votesCount": 1, "followersCount": 0, "website": "https://t.me/pathdegen"}, {"id": "lowbanker.eth", "name": "Low Banks", "twitter": null, "proposalsCount": 1, "votesCount": 1, "followersCount": 1, "website": null}, {"id": "lpswap.eth", "name": "lp", "twitter": null, "proposalsCount": 1, "votesCount": 2, "followersCount": 2, "website": null}, {"id": "lrenene.eth", "name": "syndicate", "twitter": null, "proposalsCount": 1, "votesCount": 1, "followersCount": 0, "website": null}, {"id": "ls1238.eth", "name": "Lorrine", "twitter": null, "proposalsCount": 1, "votesCount": 13, "followersCount": 13, "website": null}, {"id": "lubster.eth", "name": "Hunting Ventures ", "twitter": null, "proposalsCount": 0, "votesCount": 0, "followersCount": 1, "website": null}, {"id": "lucasweb3.eth", "name": "Web3 DAO", "twitter": null, "proposalsCount": 1, "votesCount": 1, "followersCount": 0, "website": null}, {"id": "lucidhoang.eth", "name": "Lucid Hoang", "twitter": "lucidhoang", "proposalsCount": 0, "votesCount": 0, "followersCount": 2, "website": "https://lucidhoang.com"}, {"id": "lucidspectre.eth", "name": "Lucid Spectre", "twitter": "Lucidblobs", "proposalsCount": 0, "votesCount": 0, "followersCount": 9, "website": "https://lucidspectre.com/"}, {"id": "luckstar.eth", "name": "Gan Dao", "twitter": "GanDao9", "proposalsCount": 1, "votesCount": 4, "followersCount": 8, "website": "https://twitter.com/GanDao9"}, {"id": "lucky528.eth", "name": "sugar", "twitter": null, "proposalsCount": 1, "votesCount": 4, "followersCount": 3, "website": null}, {"id": "luckyaxel.eth", "name": "luckyaxel", "twitter": null, "proposalsCount": 1, "votesCount": 1, "followersCount": 1, "website": null}, {"id": "luckypp.eth", "name": "Luckypp's Secret Garden", "twitter": null, "proposalsCount": 2, "votesCount": 11, "followersCount": 10, "website": null}, {"id": "luckytime.eth", "name": "luckytime", "twitter": null, "proposalsCount": 0, "votesCount": 0, "followersCount": 4, "website": null}, {"id": "lucywang.eth", "name": "Lucy", "twitter": null, "proposalsCount": 5, "votesCount": 25, "followersCount": 5, "website": null}, {"id": "lufang.eth", "name": "janfeng", "twitter": null, "proposalsCount": 12, "votesCount": 9, "followersCount": 5, "website": null}]