[{"id": "bravebrew.eth", "name": "BraveBrew.Bar", "twitter": null, "proposalsCount": 0, "votesCount": 0, "followersCount": 0, "website": "https://bravebrew.beer/"}, {"id": "bravelions.eth", "name": "bravelions", "twitter": null, "proposalsCount": 0, "votesCount": 0, "followersCount": 0, "website": null}, {"id": "braveorder.eth", "name": "BraveDAO", "twitter": null, "proposalsCount": 1, "votesCount": 364, "followersCount": 4, "website": null}, {"id": "brettoshi.eth", "name": "Prosperity Fund", "twitter": null, "proposalsCount": 0, "votesCount": 0, "followersCount": 2, "website": null}, {"id": "brickdao.eth", "name": "Brick DAO", "twitter": null, "proposalsCount": 1, "votesCount": 1, "followersCount": 0, "website": null}, {"id": "bridge-it-on.eth", "name": "Bridge-it-on", "twitter": null, "proposalsCount": 1, "votesCount": 1, "followersCount": 0, "website": null}, {"id": "bridge2.eth", "name": "BridgeDAO", "twitter": null, "proposalsCount": 0, "votesCount": 0, "followersCount": 0, "website": null}, {"id": "bridgechain.eth", "name": "dailynews", "twitter": null, "proposalsCount": 2, "votesCount": 4, "followersCount": 4, "website": null}, {"id": "brinline.eth", "name": "Brinline", "twitter": null, "proposalsCount": 1, "votesCount": 2, "followersCount": 3, "website": null}, {"id": "briochedoree.eth", "name": "wildhorse1980", "twitter": null, "proposalsCount": 0, "votesCount": 0, "followersCount": 0, "website": null}, {"id": "bristolbuyers.eth", "name": "Bristol Buyers Club", "twitter": null, "proposalsCount": 0, "votesCount": 0, "followersCount": 1, "website": null}, {"id": "britva.eth", "name": "Family DAO", "twitter": null, "proposalsCount": 4, "votesCount": 13, "followersCount": 10, "website": null}, {"id": "bropon.eth", "name": "Vitman", "twitter": null, "proposalsCount": 1, "votesCount": 1, "followersCount": 1, "website": null}, {"id": "brosnma.eth", "name": "zhusun", "twitter": null, "proposalsCount": 1, "votesCount": 1, "followersCount": 1, "website": null}, {"id": "bruce1dao.eth", "name": "Bruce1DAO", "twitter": "Bruce1ZY", "proposalsCount": 1, "votesCount": 1, "followersCount": 1, "website": null}, {"id": "brucer.eth", "name": "sudoswap", "twitter": null, "proposalsCount": 1, "votesCount": 1, "followersCount": 4, "website": null}, {"id": "btalk.eth", "name": "btalk", "twitter": null, "proposalsCount": 2, "votesCount": 3, "followersCount": 1, "website": null}, {"id": "btc20090103.eth", "name": "pts", "twitter": null, "proposalsCount": 0, "votesCount": 0, "followersCount": 0, "website": null}, {"id": "btc519.eth", "name": "\u66b4\u5bcc\uff08ing\uff09", "twitter": null, "proposalsCount": 2, "votesCount": 20, "followersCount": 1, "website": null}, {"id": "btccchina.eth", "name": "BtccFutures ", "twitter": "YourBTCC", "proposalsCount": 3, "votesCount": 41, "followersCount": 66, "website": "https://www.btcc.com/zh-TW/register?inviteCode=VKOY3L&utm_source=kol"}]