[{"id": "8-8-8-8-8-8-8-8-8.eth", "name": "ETH2.0", "twitter": null, "proposalsCount": 8, "votesCount": 309, "followersCount": 153, "website": null}, {"id": "wincity.eth", "name": "Wincity", "twitter": "wincity1111", "proposalsCount": 6, "votesCount": 450, "followersCount": 14, "website": "http://www.wincity.com"}, {"id": "swarmnetwork.eth", "name": "Swarm Network", "twitter": null, "proposalsCount": 13, "votesCount": 450, "followersCount": 6, "website": null}, {"id": "metavault-trade.eth", "name": "Metavault.Trade", "twitter": "MetavaultTRADE", "proposalsCount": 6, "votesCount": 406, "followersCount": 56, "website": "https://metavault.trade"}, {"id": "koiinetwork.eth", "name": "Lenscommunity", "twitter": null, "proposalsCount": 0, "votesCount": 0, "followersCount": 16, "website": "https://lenster.xyz/"}, {"id": "fazendeirosdao.eth", "name": "Fazendeiros DAO", "twitter": "FazendeirosDao", "proposalsCount": 7, "votesCount": 47, "followersCount": 11, "website": "https://fazendeirosdao.com/"}, {"id": "babykraken.eth", "name": "BabyKraken", "twitter": "krakbaby", "proposalsCount": 7, "votesCount": 450, "followersCount": 7, "website": null}, {"id": "muchaki.eth", "name": "mucha", "twitter": null, "proposalsCount": 72, "votesCount": 231, "followersCount": 111, "website": null}, {"id": "bnb.joints.eth", "name": "BNBDAO", "twitter": null, "proposalsCount": 5, "votesCount": 5, "followersCount": 4, "website": null}, {"id": "venett.eth", "name": "Netswap", "twitter": "netswapofficial", "proposalsCount": 3, "votesCount": 318, "followersCount": 143, "website": "https://netswap.io"}, {"id": "syncronauts.eth", "name": "Syncronauts", "twitter": "SYNCTOKEN", "proposalsCount": 8, "votesCount": 374, "followersCount": 81, "website": null}, {"id": "polygonvalidators.eth", "name": "Polygon Validators", "twitter": null, "proposalsCount": 1, "votesCount": 44, "followersCount": 118, "website": null}, {"id": "rope", "name": "ROPETHEVOTE", "twitter": null, "proposalsCount": 9, "votesCount": 452, "followersCount": 2, "website": null}, {"id": "halalanft.eth", "name": "Halalanft ", "twitter": "halalanft", "proposalsCount": 1, "votesCount": 8, "followersCount": 3, "website": "https://www.halalanft.com/"}, {"id": "kuikuailian.eth", "name": "jackyzhu", "twitter": null, "proposalsCount": 2, "votesCount": 6, "followersCount": 4, "website": null}, {"id": "bosondao.eth", "name": "Boson Protocol DAO", "twitter": "bosonprotocol", "proposalsCount": 10, "votesCount": 271, "followersCount": 130, "website": null}, {"id": "debaseonomics.eth", "name": "Debaseonomics", "twitter": null, "proposalsCount": 27, "votesCount": 383, "followersCount": 1, "website": null}, {"id": "uniclynft.eth", "name": "Unicly", "twitter": "uniclyNFT", "proposalsCount": 37, "votesCount": 398, "followersCount": 26, "website": null}, {"id": "datacrunch.eth", "name": "CrunchDAO", "twitter": "datacrunchcrew", "proposalsCount": 15, "votesCount": 408, "followersCount": 37, "website": null}, {"id": "arbmv.eth", "name": "arb", "twitter": null, "proposalsCount": 3, "votesCount": 4, "followersCount": 2, "website": null}]