[{"id": "kuiqian.eth", "name": "KuiQian\u4e8f\u94b1\u4ff1\u4e50\u90e8", "twitter": "duokongcrypto", "proposalsCount": 21, "votesCount": 13967, "followersCount": 2768, "website": "https://twitter.com/duokongcrypto"}, {"id": "dunjia.eth", "name": "ConstitutionDAO", "twitter": null, "proposalsCount": 160, "votesCount": 11096, "followersCount": 5251, "website": null}, {"id": "mocana.eth", "name": "Moca DAO", "twitter": "MocaverseNFT", "proposalsCount": 7, "votesCount": 1280, "followersCount": 327, "website": "https://www.mocaverse.xyz/"}, {"id": "goodchina.eth", "name": "goodchina", "twitter": null, "proposalsCount": 13, "votesCount": 16183, "followersCount": 96, "website": null}, {"id": "gaggle.eth", "name": "gaggle", "twitter": null, "proposalsCount": 9, "votesCount": 16116, "followersCount": 105, "website": null}, {"id": "wangzian.eth", "name": "wangzian", "twitter": null, "proposalsCount": 6, "votesCount": 16094, "followersCount": 97, "website": null}, {"id": "godsgirl.eth", "name": "godsgirl", "twitter": null, "proposalsCount": 11, "votesCount": 16055, "followersCount": 102, "website": null}, {"id": "kalmyapp.eth", "name": "Kalmy.APP", "twitter": "kalmyapp", "proposalsCount": 65, "votesCount": 6781, "followersCount": 295, "website": "https://kalmy.app"}, {"id": "diet.joints.eth", "name": "DIETDAO", "twitter": null, "proposalsCount": 97, "votesCount": 248, "followersCount": 58, "website": null}, {"id": "bnb.freesubs.eth", "name": "BNBDAO", "twitter": null, "proposalsCount": 97, "votesCount": 122, "followersCount": 86, "website": null}, {"id": "foundersdao.eth", "name": "Founders DAO", "twitter": null, "proposalsCount": 78, "votesCount": 11958, "followersCount": 819, "website": null}, {"id": "cjhzr.eth", "name": "mymetadao", "twitter": null, "proposalsCount": 111, "votesCount": 228, "followersCount": 40, "website": null}, {"id": "bhcapital.eth", "name": "bhc", "twitter": null, "proposalsCount": 163, "votesCount": 273, "followersCount": 21, "website": null}, {"id": "69pays.eth", "name": "69pays", "twitter": null, "proposalsCount": 98, "votesCount": 169, "followersCount": 20, "website": null}, {"id": "acrossprotocol.eth", "name": "Across DAO", "twitter": "AcrossProtocol", "proposalsCount": 14, "votesCount": 3699, "followersCount": 958, "website": "https://across.to/"}, {"id": "evoms002.eth", "name": "evmosdao", "twitter": null, "proposalsCount": 113, "votesCount": 642, "followersCount": 68, "website": null}, {"id": "gotchivault.eth", "name": "Gotchi Vault", "twitter": "gotchivault", "proposalsCount": 161, "votesCount": 10133, "followersCount": 508, "website": null}, {"id": "dd888888.eth", "name": "hats finance community", "twitter": null, "proposalsCount": 94, "votesCount": 233, "followersCount": 12, "website": null}, {"id": "keephopeif.eth", "name": "keephope", "twitter": null, "proposalsCount": 63, "votesCount": 111, "followersCount": 82, "website": null}, {"id": "otivy.eth", "name": "Otivy DAO", "twitter": "Otivy_09", "proposalsCount": 4, "votesCount": 236, "followersCount": 14, "website": null}]