[{"id": "james333.eth", "name": "TestMe", "twitter": null, "proposalsCount": 7, "votesCount": 4, "followersCount": 8, "website": null}, {"id": "laohuoji.eth", "name": "TBLD Space", "twitter": null, "proposalsCount": 6, "votesCount": 62, "followersCount": 1, "website": null}, {"id": "rugpullindex.eth", "name": "rugpullindex", "twitter": null, "proposalsCount": 16, "votesCount": 2, "followersCount": 1, "website": null}, {"id": "1729writers.eth", "name": "1729 Writers", "twitter": "1729writers", "proposalsCount": 10, "votesCount": 41, "followersCount": 17, "website": "https://paper.li/1729writers"}, {"id": "almora.eth", "name": "XinDAO", "twitter": null, "proposalsCount": 5, "votesCount": 48, "followersCount": 15, "website": null}, {"id": "beardbears.eth", "name": "Beard Bears", "twitter": "BeardBearsNFT", "proposalsCount": 2, "votesCount": 52, "followersCount": 14, "website": "https://beardbears.club"}, {"id": "cybergennft.eth", "name": "CyberGen DAO", "twitter": null, "proposalsCount": 5, "votesCount": 53, "followersCount": 10, "website": null}, {"id": "cyberhunt.eth", "name": "Cyberhunt", "twitter": null, "proposalsCount": 1, "votesCount": 66, "followersCount": 1, "website": null}, {"id": "daoartisans.eth", "name": "DAO Artisans", "twitter": "DaoArtisans", "proposalsCount": 5, "votesCount": 54, "followersCount": 9, "website": "https://mirror.xyz/daoartisans.eth/"}, {"id": "driftvote.eth", "name": "driftvote.eth", "twitter": null, "proposalsCount": 13, "votesCount": 50, "followersCount": 5, "website": null}, {"id": "exartpolation.eth", "name": "Panda Earth 2018", "twitter": "PandaEarthNFT", "proposalsCount": 2, "votesCount": 43, "followersCount": 23, "website": "https://linktr.ee/PandaEarthNFT"}, {"id": "fabdao.eth", "name": "FAB DAO", "twitter": "FAB_DAO", "proposalsCount": 1, "votesCount": 64, "followersCount": 3, "website": "https://www.notion.so/Formosa-Art-Bank-DAO-08f0c44dcd4f4815b88d122e64ba84bf?pvs=4 "}, {"id": "gm\u2615dao.eth", "name": "Good Morning Dao", "twitter": "gmcoin_wtf", "proposalsCount": 4, "votesCount": 50, "followersCount": 14, "website": "https://gmcoin.wtf/"}, {"id": "hibikifinance.eth", "name": "Hibiki.finance", "twitter": "HibikiFinance", "proposalsCount": 2, "votesCount": 64, "followersCount": 2, "website": "https://hibiki.finance"}, {"id": "kostrenfinance.eth", "name": "Kostren Finance", "twitter": "KostrenFinance", "proposalsCount": 1, "votesCount": 40, "followersCount": 27, "website": "https://kostren.finance"}, {"id": "catcoinmama.eth", "name": "Catcoin Mama", "twitter": "CatcoinMama", "proposalsCount": 2, "votesCount": 60, "followersCount": 6, "website": "https://catcoinmama.com/"}, {"id": "chubbies.eth", "name": "Chubbies", "twitter": "chubbiesnft", "proposalsCount": 1, "votesCount": 58, "followersCount": 9, "website": null}, {"id": "cryptodigger.eth", "name": "cryptodigger-rinkeby", "twitter": null, "proposalsCount": 36, "votesCount": 31, "followersCount": 1, "website": null}, {"id": "cryptokombat.eth", "name": "Crypto Kombat", "twitter": null, "proposalsCount": 6, "votesCount": 42, "followersCount": 20, "website": null}, {"id": "daoenvelop.eth", "name": "Envelop", "twitter": "envelop_project", "proposalsCount": 3, "votesCount": 41, "followersCount": 24, "website": "https://envelop.is"}]