[{"id": "lalao.eth", "name": "DAO!", "twitter": null, "proposalsCount": 2, "votesCount": 2, "followersCount": 0, "website": null}, {"id": "lanhai.eth", "name": "lanhai", "twitter": null, "proposalsCount": 2, "votesCount": 2, "followersCount": 0, "website": null}, {"id": "larix.eth", "name": "uni dao", "twitter": null, "proposalsCount": 1, "votesCount": 0, "followersCount": 3, "website": null}, {"id": "learnerdao.eth", "name": "LearnerDAO", "twitter": null, "proposalsCount": 1, "votesCount": 2, "followersCount": 1, "website": null}, {"id": "lessoir\u00e9espastr\u00e8sfongibles.eth", "name": "Les Soir\u00e9es pas tr\u00e8s Fongibles", "twitter": "abbeyjazzy", "proposalsCount": 1, "votesCount": 2, "followersCount": 1, "website": "https://www.meetup.com/fr-FR/les-soirees-pas-tres-fongibles/"}, {"id": "letsgetmoney.eth", "name": "i", "twitter": null, "proposalsCount": 1, "votesCount": 1, "followersCount": 2, "website": null}, {"id": "lewdfriendsclub.eth", "name": "LEWD FRIENDS CLUB", "twitter": "lewdfriendsclub", "proposalsCount": 0, "votesCount": 0, "followersCount": 4, "website": "https://www.lewdfriends.xyz"}, {"id": "lfg56.eth", "name": "gass dao", "twitter": null, "proposalsCount": 1, "votesCount": 2, "followersCount": 1, "website": null}, {"id": "libapi.eth", "name": "smqclub", "twitter": "libapi_", "proposalsCount": 1, "votesCount": 0, "followersCount": 3, "website": "https://app.syndicate.io/collectives/0x3c0fa30ca44cbc3df5b0ec330d1b2cdf6a14bf41/claim?chain=mainnet"}, {"id": "lineagogo.eth", "name": "go", "twitter": null, "proposalsCount": 1, "votesCount": 2, "followersCount": 1, "website": null}, {"id": "ling10500.eth", "name": "ling10500", "twitter": "ling10500", "proposalsCount": 1, "votesCount": 2, "followersCount": 1, "website": "https://twitter.com/ling10500"}, {"id": "lipc.eth", "name": "lipc's space", "twitter": null, "proposalsCount": 1, "votesCount": 1, "followersCount": 2, "website": null}, {"id": "liudja.eth", "name": "faigh", "twitter": null, "proposalsCount": 1, "votesCount": 2, "followersCount": 1, "website": null}, {"id": "livingontheinternetcommunity.eth", "name": "Living on the Internet Community", "twitter": "Loti_nft", "proposalsCount": 0, "votesCount": 0, "followersCount": 4, "website": "https://opensea.io/collection/living-on-the-internet"}, {"id": "lolaluna.eth", "name": "Balham", "twitter": null, "proposalsCount": 1, "votesCount": 2, "followersCount": 1, "website": null}, {"id": "lonelyfrog.eth", "name": "Lonely Frog Lambo Club", "twitter": null, "proposalsCount": 0, "votesCount": 0, "followersCount": 4, "website": "https://lonelyfroglamboclub.com/"}, {"id": "loserclub.eth", "name": "Loser Club", "twitter": "loserclubreborn", "proposalsCount": 0, "votesCount": 0, "followersCount": 4, "website": "https://loserclub.io"}, {"id": "lostworld.eth", "name": "Thunder Network", "twitter": null, "proposalsCount": 1, "votesCount": 2, "followersCount": 1, "website": null}, {"id": "lovestampa.eth", "name": "WellBuilt Cities", "twitter": null, "proposalsCount": 1, "votesCount": 2, "followersCount": 1, "website": "https://www.wellbuilt.city/"}, {"id": "luckycot.eth", "name": "LuckyCot Playground", "twitter": null, "proposalsCount": 1, "votesCount": 0, "followersCount": 3, "website": null}]