[{"id": "activeworldclub.org", "name": "Active World Club DAO", "twitter": null, "proposalsCount": 1, "votesCount": 0, "followersCount": 4, "website": "https://activeworldclub.org/"}, {"id": "airangelsdao.eth", "name": "AirAngels DAO", "twitter": "weareairangels", "proposalsCount": 1, "votesCount": 1, "followersCount": 3, "website": null}, {"id": "akitostudio.eth", "name": "Akito DAO", "twitter": null, "proposalsCount": 2, "votesCount": 0, "followersCount": 3, "website": null}, {"id": "akutarsdao.eth", "name": "AkutarsDAO", "twitter": null, "proposalsCount": 1, "votesCount": 4, "followersCount": 0, "website": null}, {"id": "almacoop.eth", "name": "Alma Coop\u00e9ration", "twitter": null, "proposalsCount": 2, "votesCount": 2, "followersCount": 1, "website": null}, {"id": "angryberry.eth", "name": "angry", "twitter": null, "proposalsCount": 1, "votesCount": 3, "followersCount": 1, "website": null}, {"id": "annechen.eth", "name": "RenArt test Vote", "twitter": null, "proposalsCount": 1, "votesCount": 2, "followersCount": 2, "website": "https://renart.io/"}, {"id": "apefinance.eth", "name": "APE Finance", "twitter": null, "proposalsCount": 1, "votesCount": 3, "followersCount": 1, "website": null}, {"id": "aptid.eth", "name": "zk-stark club", "twitter": null, "proposalsCount": 1, "votesCount": 2, "followersCount": 2, "website": null}, {"id": "aptosdefi.eth", "name": "Dirty Jam Club", "twitter": null, "proposalsCount": 1, "votesCount": 0, "followersCount": 4, "website": null}, {"id": "asia.lovesyou.eth", "name": "ASIADAO", "twitter": null, "proposalsCount": 2, "votesCount": 2, "followersCount": 1, "website": null}, {"id": "athos-finance.eth", "name": "Athos Finance", "twitter": "Athos_Finance", "proposalsCount": 3, "votesCount": 0, "followersCount": 2, "website": "https://www.athos.finance"}, {"id": "awy1386.eth", "name": "WDQK", "twitter": null, "proposalsCount": 0, "votesCount": 0, "followersCount": 5, "website": null}, {"id": "axieconomy.eth", "name": "Axieconomy", "twitter": null, "proposalsCount": 0, "votesCount": 0, "followersCount": 5, "website": null}, {"id": "b4bdao.eth", "name": "Bonkers4BonklersDAO", "twitter": "b4bdao", "proposalsCount": 0, "votesCount": 0, "followersCount": 5, "website": null}, {"id": "babangida.eth", "name": "babangida", "twitter": null, "proposalsCount": 1, "votesCount": 2, "followersCount": 2, "website": null}, {"id": "bananafi.eth", "name": "REPP", "twitter": null, "proposalsCount": 1, "votesCount": 1, "followersCount": 3, "website": null}, {"id": "basd.eth", "name": "Bored Ape Saitama DAO ", "twitter": "BASDmoney", "proposalsCount": 0, "votesCount": 0, "followersCount": 5, "website": null}, {"id": "beatsdao.eth", "name": "BeatsDAO", "twitter": null, "proposalsCount": 2, "votesCount": 2, "followersCount": 1, "website": null}, {"id": "bemular.eth", "name": "bemular", "twitter": null, "proposalsCount": 1, "votesCount": 1, "followersCount": 3, "website": null}]