[{"id": "allinclub.eth", "name": "Allinclub Dao", "twitter": null, "proposalsCount": 0, "votesCount": 0, "followersCount": 0, "website": null}, {"id": "allll.eth", "name": "niu", "twitter": null, "proposalsCount": 1, "votesCount": 13, "followersCount": 5, "website": null}, {"id": "alloyx.xyz", "name": "Alloyx", "twitter": null, "proposalsCount": 0, "votesCount": 0, "followersCount": 0, "website": null}, {"id": "allstarsociety.eth", "name": "Media of Society", "twitter": "alizahonly", "proposalsCount": 0, "votesCount": 0, "followersCount": 1, "website": "https://mediaofsociety.com"}, {"id": "alltokenclaim.eth", "name": "yhueyoyo", "twitter": null, "proposalsCount": 1, "votesCount": 1, "followersCount": 1, "website": null}, {"id": "alltokenstake.eth", "name": "yuyu", "twitter": null, "proposalsCount": 2, "votesCount": 1, "followersCount": 1, "website": null}, {"id": "allworlds.eth", "name": "The Book of All Worlds", "twitter": null, "proposalsCount": 0, "votesCount": 0, "followersCount": 0, "website": null}, {"id": "alm.eth", "name": "Alm", "twitter": null, "proposalsCount": 1, "votesCount": 0, "followersCount": 0, "website": null}, {"id": "almiir.eth", "name": "Almir", "twitter": null, "proposalsCount": 1, "votesCount": 1, "followersCount": 0, "website": null}, {"id": "aloa.eth", "name": "ALOA", "twitter": "aloacoin", "proposalsCount": 0, "votesCount": 0, "followersCount": 1, "website": "https://www.aloacoin.com"}, {"id": "alonmusk77.eth", "name": "satyam", "twitter": "SatyamG0434352", "proposalsCount": 0, "votesCount": 0, "followersCount": 0, "website": null}, {"id": "aloralabs.eth", "name": "Alora Labs", "twitter": null, "proposalsCount": 0, "votesCount": 0, "followersCount": 2, "website": null}, {"id": "alpackle.eth", "name": "alpackle", "twitter": null, "proposalsCount": 0, "votesCount": 0, "followersCount": 2, "website": null}, {"id": "alpha-go.eth", "name": "FundersClub-007", "twitter": null, "proposalsCount": 11, "votesCount": 11, "followersCount": 3, "website": null}, {"id": "alphadogcoin.eth", "name": "DogCoinGO", "twitter": null, "proposalsCount": 1, "votesCount": 3, "followersCount": 1, "website": null}, {"id": "alphagem.eth", "name": "alphadao", "twitter": null, "proposalsCount": 1, "votesCount": 1, "followersCount": 0, "website": null}, {"id": "alphapay.eth", "name": "Alphapay", "twitter": null, "proposalsCount": 0, "votesCount": 0, "followersCount": 1, "website": null}, {"id": "alphasaur.eth", "name": "Test CV space", "twitter": null, "proposalsCount": 6, "votesCount": 12, "followersCount": 7, "website": null}, {"id": "alphonse001005.eth", "name": "Alphonse", "twitter": null, "proposalsCount": 36, "votesCount": 38, "followersCount": 30, "website": null}, {"id": "alsa6.eth", "name": "squawk&chirp", "twitter": null, "proposalsCount": 33, "votesCount": 611, "followersCount": 40, "website": null}]