[{"id": "0xd999.eth", "name": "D11 ", "twitter": null, "proposalsCount": 0, "votesCount": 0, "followersCount": 1, "website": "https://99999.web3.com/"}, {"id": "0xdawn.eth", "name": "Dawn", "twitter": null, "proposalsCount": 2, "votesCount": 18, "followersCount": 15, "website": null}, {"id": "0xdefiedge.eth", "name": "Defiedge", "twitter": "defiedge", "proposalsCount": 0, "votesCount": 0, "followersCount": 4, "website": "https://www.defiedge.io/"}, {"id": "0xdopdop.eth", "name": "MatDAO", "twitter": null, "proposalsCount": 1, "votesCount": 3, "followersCount": 3, "website": null}, {"id": "0xdyi.eth", "name": "DINGYI", "twitter": null, "proposalsCount": 1, "votesCount": 2, "followersCount": 5, "website": null}, {"id": "0xebank.eth", "name": "ebankDAO", "twitter": null, "proposalsCount": 0, "votesCount": 0, "followersCount": 3, "website": null}, {"id": "0xeth.me.eth.id", "name": "ForZe", "twitter": null, "proposalsCount": 67, "votesCount": 382, "followersCount": 18, "website": null}, {"id": "0xevm0s.eth", "name": "0xcrypto", "twitter": "allirezaabedini", "proposalsCount": 0, "votesCount": 0, "followersCount": 1, "website": null}, {"id": "0xf194.eth", "name": "0x1000", "twitter": null, "proposalsCount": 0, "votesCount": 0, "followersCount": 1, "website": null}, {"id": "0xfacadeb.eth", "name": "0xfacadeb", "twitter": null, "proposalsCount": 1, "votesCount": 333, "followersCount": 1, "website": null}, {"id": "0xfbdao.eth", "name": "FBDAO", "twitter": "JohannaVan4", "proposalsCount": 5, "votesCount": 153, "followersCount": 58, "website": "https://ethdeeprodao.online"}, {"id": "0xfch.eth", "name": "Metagalz", "twitter": null, "proposalsCount": 1, "votesCount": 2, "followersCount": 1, "website": null}, {"id": "0xfffd.eth", "name": "0xfffd", "twitter": null, "proposalsCount": 0, "votesCount": 0, "followersCount": 0, "website": null}, {"id": "0xfila.eth", "name": "FILA DAO", "twitter": null, "proposalsCount": 3, "votesCount": 3, "followersCount": 2, "website": null}, {"id": "0xgenz.eth", "name": "cheng", "twitter": null, "proposalsCount": 1, "votesCount": 1, "followersCount": 1, "website": null}, {"id": "0xgmd.eth", "name": "GMDAO", "twitter": null, "proposalsCount": 0, "votesCount": 0, "followersCount": 1, "website": null}, {"id": "0xgreenland.eth", "name": "Greenland", "twitter": null, "proposalsCount": 2, "votesCount": 1, "followersCount": 1, "website": null}, {"id": "0xguo.eth", "name": "0xguo", "twitter": null, "proposalsCount": 4, "votesCount": 23, "followersCount": 2, "website": null}, {"id": "0xhares.eth", "name": "Planet of Hares", "twitter": null, "proposalsCount": 0, "votesCount": 0, "followersCount": 1, "website": null}, {"id": "0xhashark.eth", "name": "matrix", "twitter": null, "proposalsCount": 3, "votesCount": 2, "followersCount": 1, "website": null}]