[{"id": "347098.eth", "name": "Matic P2E", "twitter": null, "proposalsCount": 3, "votesCount": 595, "followersCount": 79, "website": null}, {"id": "35783.eth", "name": "test", "twitter": null, "proposalsCount": 1, "votesCount": 1, "followersCount": 0, "website": null}, {"id": "36089.eth", "name": "36089", "twitter": null, "proposalsCount": 1, "votesCount": 1, "followersCount": 0, "website": null}, {"id": "36360.eth", "name": "btc", "twitter": null, "proposalsCount": 1, "votesCount": 5, "followersCount": 4, "website": null}, {"id": "\u0969\u096c\u0969\u096c\u0969.eth", "name": "nobody", "twitter": null, "proposalsCount": 2, "votesCount": 1, "followersCount": 2, "website": null}, {"id": "365248.eth", "name": "Crypto365248", "twitter": null, "proposalsCount": 11, "votesCount": 33, "followersCount": 3, "website": null}, {"id": "365365.eth", "name": "What Do I Need?", "twitter": null, "proposalsCount": 0, "votesCount": 0, "followersCount": 0, "website": null}, {"id": "365th.eth", "name": "SunnySmile", "twitter": "icns68", "proposalsCount": 1, "votesCount": 4, "followersCount": 2, "website": "https://twitter.com/icns68"}, {"id": "368999.eth", "name": "368999", "twitter": null, "proposalsCount": 1, "votesCount": 2, "followersCount": 1, "website": null}, {"id": "369961.eth", "name": "tall009", "twitter": null, "proposalsCount": 1, "votesCount": 1, "followersCount": 1, "website": null}, {"id": "36club.eth", "name": "36club", "twitter": null, "proposalsCount": 2, "votesCount": 3, "followersCount": 1, "website": null}, {"id": "373631.eth", "name": "immpower", "twitter": null, "proposalsCount": 2, "votesCount": 1, "followersCount": 1, "website": null}, {"id": "3757.eth", "name": "3757", "twitter": "3757eth", "proposalsCount": 0, "votesCount": 0, "followersCount": 0, "website": null}, {"id": "376592.eth", "name": "376592DAO", "twitter": null, "proposalsCount": 0, "votesCount": 0, "followersCount": 1, "website": null}, {"id": "38122222.eth", "name": "\u6765\u4e86", "twitter": null, "proposalsCount": 1, "votesCount": 3, "followersCount": 1, "website": null}, {"id": "3kdao.eth", "name": "3kdao", "twitter": null, "proposalsCount": 1, "votesCount": 1, "followersCount": 0, "website": null}, {"id": "3roller.eth", "name": "me", "twitter": null, "proposalsCount": 1, "votesCount": 1, "followersCount": 0, "website": null}, {"id": "3thosdao.eth", "name": "ethos", "twitter": "3thos3", "proposalsCount": 1, "votesCount": 44, "followersCount": 5, "website": "https://3thos.club"}, {"id": "3walle.eth", "name": "IFFE", "twitter": null, "proposalsCount": 1, "votesCount": 1, "followersCount": 1, "website": null}, {"id": "42000690.eth", "name": "341gfdgsd", "twitter": null, "proposalsCount": 19, "votesCount": 19, "followersCount": 20, "website": null}]