[{"id": "8885188.eth", "name": "Adams", "twitter": null, "proposalsCount": 2, "votesCount": 1, "followersCount": 1, "website": null}, {"id": "928168.eth", "name": "Griffin", "twitter": null, "proposalsCount": 2, "votesCount": 1, "followersCount": 1, "website": null}, {"id": "china518.eth", "name": "Laura", "twitter": null, "proposalsCount": 2, "votesCount": 1, "followersCount": 1, "website": null}, {"id": "eth6677.eth", "name": "Tyler", "twitter": null, "proposalsCount": 2, "votesCount": 1, "followersCount": 1, "website": null}, {"id": "zk9999.eth", "name": "Fisher", "twitter": null, "proposalsCount": 2, "votesCount": 1, "followersCount": 1, "website": null}, {"id": "zkhome.eth", "name": "Gray", "twitter": null, "proposalsCount": 2, "votesCount": 1, "followersCount": 1, "website": null}, {"id": "zkstudy.eth", "name": "Foster", "twitter": null, "proposalsCount": 2, "votesCount": 1, "followersCount": 1, "website": null}, {"id": "766678.eth", "name": "ewew", "twitter": null, "proposalsCount": 2, "votesCount": 1, "followersCount": 1, "website": null}, {"id": "godwei.eth", "name": "\u53e8\u53e8", "twitter": null, "proposalsCount": 2, "votesCount": 2, "followersCount": 0, "website": null}, {"id": "chinatowercom.eth", "name": "RipsonTracy DAO", "twitter": null, "proposalsCount": 16, "votesCount": 163, "followersCount": 24, "website": null}, {"id": "n-project.eth", "name": "n_project", "twitter": "the_n_project_", "proposalsCount": 0, "votesCount": 0, "followersCount": 203, "website": null}, {"id": "chargedpunks.eth", "name": "Charged Punks", "twitter": "chargedpunks", "proposalsCount": 5, "votesCount": 171, "followersCount": 26, "website": null}, {"id": "hatdao.eth", "name": "HatDAO", "twitter": "them_af", "proposalsCount": 7, "votesCount": 172, "followersCount": 23, "website": null}, {"id": "seachaintoken.xyz", "name": "SeaChain", "twitter": "SeaChainToken", "proposalsCount": 11, "votesCount": 170, "followersCount": 21, "website": null}, {"id": "xeusdao.eth", "name": "XEUS", "twitter": "xeus_finance", "proposalsCount": 2, "votesCount": 154, "followersCount": 46, "website": null}, {"id": "berrydata.eth", "name": "BerryData", "twitter": "berry_data", "proposalsCount": 9, "votesCount": 177, "followersCount": 15, "website": null}, {"id": "cyborgdao.eth", "name": "CyborgDAO", "twitter": "cyborgDAO", "proposalsCount": 2, "votesCount": 32, "followersCount": 17, "website": null}, {"id": "yieldfarmingindex.eth", "name": "YieldFarming Index", "twitter": "yieldfarmingl", "proposalsCount": 2, "votesCount": 160, "followersCount": 39, "website": "https://yfxprotocol.xyz/"}, {"id": "edgedg.eth", "name": "Tayna DAO", "twitter": null, "proposalsCount": 17, "votesCount": 158, "followersCount": 26, "website": null}, {"id": "nicholscanyon.eth", "name": "GerardPeelman", "twitter": null, "proposalsCount": 16, "votesCount": 156, "followersCount": 29, "website": null}]