[{"id": "daotest.anuinitiative.eth", "name": "Anu Initiative DAO", "twitter": "AnuInitiative", "proposalsCount": 15, "votesCount": 11, "followersCount": 4, "website": "https://anuinitiative.org"}, {"id": "daowinery.eth", "name": "TEST SPACE ", "twitter": null, "proposalsCount": 1, "votesCount": 0, "followersCount": 1, "website": null}, {"id": "dapang1.eth", "name": "pylygon1", "twitter": null, "proposalsCount": 313, "votesCount": 10657, "followersCount": 525, "website": null}, {"id": "dappgooselabs.eth", "name": "DappGoose Labs", "twitter": "dappgooselabs", "proposalsCount": 0, "votesCount": 0, "followersCount": 4, "website": "https://dappgooselabs.io"}, {"id": "dare1.eth", "name": "Real Droper", "twitter": null, "proposalsCount": 1, "votesCount": 0, "followersCount": 6, "website": null}, {"id": "darklady.eth", "name": "Darklady", "twitter": null, "proposalsCount": 1, "votesCount": 11, "followersCount": 1, "website": null}, {"id": "darumadao.eth", "name": "rabbithole", "twitter": null, "proposalsCount": 5, "votesCount": 719, "followersCount": 168, "website": null}, {"id": "dasamir.eth", "name": "dasamir", "twitter": null, "proposalsCount": 3, "votesCount": 133, "followersCount": 1, "website": null}, {"id": "dasdao.eth", "name": "dasdao", "twitter": null, "proposalsCount": 1, "votesCount": 1, "followersCount": 1, "website": null}, {"id": "dasync.eth", "name": "SyncDAO", "twitter": null, "proposalsCount": 0, "votesCount": 0, "followersCount": 2, "website": null}, {"id": "datahighway.eth", "name": "AirdropDAO", "twitter": "theolweatherly", "proposalsCount": 1, "votesCount": 2, "followersCount": 3, "website": "https://deca.art/polygon0"}, {"id": "dataphora2.eth", "name": "Dataphora", "twitter": null, "proposalsCount": 5, "votesCount": 6, "followersCount": 1, "website": "https://dataphora.com/"}, {"id": "daveryan.eth", "name": "\uff44\uff53\uff44\uff53", "twitter": null, "proposalsCount": 2, "votesCount": 2, "followersCount": 0, "website": null}, {"id": "davisl.eth", "name": "MeowMeowClub", "twitter": null, "proposalsCount": 0, "votesCount": 0, "followersCount": 0, "website": null}, {"id": "dawgsdao.eth", "name": "DAWGS DAO ", "twitter": null, "proposalsCount": 0, "votesCount": 0, "followersCount": 1, "website": null}, {"id": "daybot.eth", "name": "Hashvalue", "twitter": "hashvalue", "proposalsCount": 1, "votesCount": 5, "followersCount": 2, "website": "https://twitter.com/hashvalue"}, {"id": "dayfonder.eth", "name": "dayfonder.eth", "twitter": null, "proposalsCount": 0, "votesCount": 0, "followersCount": 0, "website": null}, {"id": "dc-invest.eth", "name": "dc-invest", "twitter": null, "proposalsCount": 0, "votesCount": 0, "followersCount": 0, "website": null}, {"id": "dcgsyndicate.eth", "name": "Dcg-Elite-Club", "twitter": null, "proposalsCount": 0, "votesCount": 0, "followersCount": 2, "website": null}, {"id": "dcgtsoshi.eth", "name": "bird club", "twitter": null, "proposalsCount": 1, "votesCount": 1, "followersCount": 1, "website": null}]