[{"id": "the-crowdfund.eth", "name": "THE DAO", "twitter": "THEProtocolERC", "proposalsCount": 0, "votesCount": 0, "followersCount": 0, "website": "https://www.THEProtocol.org"}, {"id": "the75.eth", "name": "NFT Fight Club DAO", "twitter": "NFT_Fight_Club", "proposalsCount": 0, "votesCount": 0, "followersCount": 0, "website": null}, {"id": "thealiensecretsociety.eth", "name": "The Alien Secret Society", "twitter": null, "proposalsCount": 3, "votesCount": 56, "followersCount": 26, "website": null}, {"id": "theallknowing.eth", "name": "Apple pie", "twitter": null, "proposalsCount": 2, "votesCount": 1, "followersCount": 1, "website": null}, {"id": "theapedadsnft.eth", "name": "ApeDads Community ", "twitter": null, "proposalsCount": 0, "votesCount": 0, "followersCount": 0, "website": null}, {"id": "thebards.eth", "name": "TheBardsDAO", "twitter": "ThebardsDAO", "proposalsCount": 0, "votesCount": 0, "followersCount": 5, "website": "https://thebards.xyz"}, {"id": "theblackout.eth", "name": "THE BLACKOUT", "twitter": "THEBLACKOUT_NFT", "proposalsCount": 0, "votesCount": 0, "followersCount": 1, "website": "https://www.the-blackout.io/"}, {"id": "theblockchainhub.eth", "name": "The Blockchain Hub", "twitter": null, "proposalsCount": 1, "votesCount": 1, "followersCount": 2, "website": "https://www.linkedin.com/groups/14096771/"}, {"id": "thebrunchdao.eth", "name": "The Brunch DAO", "twitter": "thebrunchdao", "proposalsCount": 1, "votesCount": 1, "followersCount": 1, "website": null}, {"id": "thecivilspace.eth", "name": "Control de Armas", "twitter": "CivicVoiceCo", "proposalsCount": 16, "votesCount": 161, "followersCount": 7, "website": null}, {"id": "theclassicsdao.eth", "name": "The Classics", "twitter": "classicsdao", "proposalsCount": 1, "votesCount": 5, "followersCount": 4, "website": null}, {"id": "thecreatordao.eth", "name": "CreatorDao", "twitter": "CreatorDaoSSS", "proposalsCount": 0, "votesCount": 0, "followersCount": 1, "website": "http://creatordao.me"}, {"id": "thecryptosdao.eth", "name": "Cryptos.com", "twitter": "cryptosdotcom", "proposalsCount": 0, "votesCount": 0, "followersCount": 0, "website": "https://cryptos.com"}, {"id": "thedof.eth", "name": "Department of Foresight", "twitter": null, "proposalsCount": 0, "votesCount": 0, "followersCount": 1, "website": null}, {"id": "thedukers.eth", "name": "DukesFancy", "twitter": null, "proposalsCount": 1, "votesCount": 1, "followersCount": 1, "website": null}, {"id": "thegreatgatsby76.eth", "name": "ds", "twitter": null, "proposalsCount": 1, "votesCount": 1, "followersCount": 0, "website": null}, {"id": "themightylimdog777.eth", "name": "LIMDAO", "twitter": null, "proposalsCount": 4, "votesCount": 4, "followersCount": 4, "website": null}, {"id": "theotherland.eth", "name": "Otherland - DAO", "twitter": null, "proposalsCount": 0, "votesCount": 0, "followersCount": 1, "website": "https://www.theotherland.co"}, {"id": "thephilosopher.eth", "name": "The Metaverse DAO", "twitter": "themetaversedao", "proposalsCount": 1, "votesCount": 1, "followersCount": 1, "website": "https://metaversedao.myportfolio.com/metacerse-dao"}, {"id": "therationalroot.eth", "name": "Handsome", "twitter": null, "proposalsCount": 1, "votesCount": 1, "followersCount": 0, "website": null}]