[{"id": "ridotto-lab.eth", "name": "Ridotto-test", "twitter": null, "proposalsCount": 10, "votesCount": 8, "followersCount": 1, "website": null}, {"id": "ruggedboredapes.eth", "name": "RuggedBoredApes DAO", "twitter": "RuggedBoredApes", "proposalsCount": 1, "votesCount": 7, "followersCount": 11, "website": "https://www.ruggedboredapesclub"}, {"id": "serenae.eth", "name": "serenae.eth", "twitter": "serenae_fansubs", "proposalsCount": 1, "votesCount": 15, "followersCount": 3, "website": null}, {"id": "shilldao", "name": "ShillDAO", "twitter": null, "proposalsCount": 3, "votesCount": 14, "followersCount": 2, "website": null}, {"id": "shouyi-governance.eth", "name": "ShouYi-OEC", "twitter": null, "proposalsCount": 1, "votesCount": 11, "followersCount": 7, "website": null}, {"id": "spellinudao.eth", "name": "Spell Inu DAO", "twitter": "SPELLINUDAO", "proposalsCount": 1, "votesCount": 16, "followersCount": 2, "website": null}, {"id": "ssyijiu.eth", "name": "KFC Madness Thursday", "twitter": null, "proposalsCount": 2, "votesCount": 10, "followersCount": 7, "website": null}, {"id": "thefamoustoken.eth", "name": "TheFamousToken", "twitter": null, "proposalsCount": 5, "votesCount": 13, "followersCount": 1, "website": null}, {"id": "to-the-moon-farm.eth", "name": "to the moon", "twitter": "ToTheMoonFarm", "proposalsCount": 5, "votesCount": 13, "followersCount": 1, "website": null}, {"id": "tralara.eth", "name": "Tralara", "twitter": null, "proposalsCount": 8, "votesCount": 8, "followersCount": 3, "website": null}, {"id": "vapedepot.eth", "name": "VapeDepot", "twitter": null, "proposalsCount": 2, "votesCount": 10, "followersCount": 7, "website": null}, {"id": "wine-searcher.eth", "name": "123ART", "twitter": null, "proposalsCount": 7, "votesCount": 9, "followersCount": 3, "website": null}, {"id": "wistaverse.eth", "name": "WISTAVERSE ", "twitter": "Wistaverse", "proposalsCount": 1, "votesCount": 15, "followersCount": 3, "website": "https://www.wistaverse.com/"}, {"id": "xm519.eth", "name": "Radio Cara", "twitter": "", "proposalsCount": 4, "votesCount": 5, "followersCount": 10, "website": null}, {"id": "xsig.eth", "name": "xSigma", "twitter": "xSigma5", "proposalsCount": 1, "votesCount": 18, "followersCount": 0, "website": null}, {"id": "zkabc.eth", "name": "Zkabc", "twitter": null, "proposalsCount": 4, "votesCount": 12, "followersCount": 3, "website": null}, {"id": "hailq.eth", "name": "GenomicDAO", "twitter": null, "proposalsCount": 8, "votesCount": 9, "followersCount": 2, "website": null}, {"id": "happyturtlebeachclub.eth", "name": "Happy Turtle Beach Club", "twitter": null, "proposalsCount": 2, "votesCount": 15, "followersCount": 2, "website": null}, {"id": "spore-engineering.eth", "name": "Spore Engineering", "twitter": "spore_eng", "proposalsCount": 5, "votesCount": 12, "followersCount": 2, "website": null}, {"id": "baosociety.eth", "name": "Bao Society", "twitter": "BaoSociety", "proposalsCount": 1, "votesCount": 16, "followersCount": 1, "website": "https://www.baosociety.com/"}]