[{"id": "lootrarity.eth", "name": "lootrarity", "twitter": null, "proposalsCount": 1, "votesCount": 0, "followersCount": 4, "website": null}, {"id": "lordglmr.eth", "name": "TFA DAO", "twitter": "TFAlphaDao", "proposalsCount": 1, "votesCount": 3, "followersCount": 1, "website": "https://store.tfalpha.xyz"}, {"id": "love0323.eth", "name": "996dao", "twitter": null, "proposalsCount": 1, "votesCount": 4, "followersCount": 0, "website": null}, {"id": "loveinmeta.eth", "name": "nft for music", "twitter": "cyptozhang", "proposalsCount": 1, "votesCount": 3, "followersCount": 1, "website": null}, {"id": "lovenames.eth", "name": "WebDao2022", "twitter": null, "proposalsCount": 1, "votesCount": 1, "followersCount": 3, "website": null}, {"id": "loveumore.eth", "name": "Salesdao", "twitter": null, "proposalsCount": 1, "votesCount": 3, "followersCount": 1, "website": null}, {"id": "lowty.eth", "name": "low", "twitter": null, "proposalsCount": 2, "votesCount": 2, "followersCount": 1, "website": null}, {"id": "luckdog.eth", "name": "luckdog", "twitter": null, "proposalsCount": 1, "votesCount": 1, "followersCount": 3, "website": null}, {"id": "lucky321.eth", "name": "lucky", "twitter": null, "proposalsCount": 2, "votesCount": 3, "followersCount": 0, "website": null}, {"id": "lundao.eth", "name": "LunDAO", "twitter": "LunDAOWriting", "proposalsCount": 0, "votesCount": 0, "followersCount": 5, "website": null}, {"id": "luxtag.eth", "name": "luxtag", "twitter": null, "proposalsCount": 1, "votesCount": 3, "followersCount": 1, "website": null}, {"id": "lxh22h.eth", "name": "lxh22h", "twitter": null, "proposalsCount": 1, "votesCount": 2, "followersCount": 2, "website": null}, {"id": "machineelves.eth", "name": "machineelves.eth", "twitter": "machineelveseth", "proposalsCount": 2, "votesCount": 2, "followersCount": 1, "website": null}, {"id": "macsb.eth", "name": "CluCoin", "twitter": "CluCoin", "proposalsCount": 1, "votesCount": 2, "followersCount": 2, "website": null}, {"id": "mahakai.eth", "name": "Boat", "twitter": "taraknathde6", "proposalsCount": 1, "votesCount": 1, "followersCount": 3, "website": "https://mobile.twitter.com/home"}, {"id": "makerpatron.eth", "name": "Maker Patron DAO", "twitter": null, "proposalsCount": 1, "votesCount": 0, "followersCount": 4, "website": null}, {"id": "malina14.eth", "name": "MalinaD", "twitter": null, "proposalsCount": 1, "votesCount": 3, "followersCount": 1, "website": null}, {"id": "manchkin.eth", "name": "cryptobrothers", "twitter": null, "proposalsCount": 1, "votesCount": 2, "followersCount": 2, "website": null}, {"id": "maomaomao.eth", "name": "maomaomao.eth", "twitter": null, "proposalsCount": 2, "votesCount": 0, "followersCount": 3, "website": null}, {"id": "mariasergo.eth", "name": "Yam", "twitter": null, "proposalsCount": 2, "votesCount": 2, "followersCount": 1, "website": null}]