[{"id": "builo.eth", "name": "builo", "twitter": null, "proposalsCount": 3, "votesCount": 4, "followersCount": 2, "website": null}, {"id": "china520.eth", "name": "china arbitrum ", "twitter": null, "proposalsCount": 1, "votesCount": 5, "followersCount": 3, "website": null}, {"id": "circularart.eth", "name": "Circular Art", "twitter": "Circular_Art", "proposalsCount": 3, "votesCount": 323, "followersCount": 83, "website": null}, {"id": "dropstab.eth", "name": "dropstab", "twitter": "DefiethPro", "proposalsCount": 6, "votesCount": 2, "followersCount": 1, "website": null}, {"id": "eth9966.eth", "name": "Phillips", "twitter": null, "proposalsCount": 2, "votesCount": 6, "followersCount": 1, "website": null}, {"id": "fourl.eth", "name": "for", "twitter": null, "proposalsCount": 3, "votesCount": 4, "followersCount": 2, "website": null}, {"id": "imact.eth", "name": "imac", "twitter": null, "proposalsCount": 3, "votesCount": 4, "followersCount": 2, "website": null}, {"id": "iosos.eth", "name": "iosos", "twitter": null, "proposalsCount": 3, "votesCount": 4, "followersCount": 2, "website": null}, {"id": "jiulg.eth", "name": "99", "twitter": null, "proposalsCount": 3, "votesCount": 4, "followersCount": 2, "website": null}, {"id": "kaiuo.eth", "name": "kaiuo", "twitter": null, "proposalsCount": 3, "votesCount": 4, "followersCount": 2, "website": null}, {"id": "luckme.eth", "name": "luck", "twitter": null, "proposalsCount": 4, "votesCount": 4, "followersCount": 1, "website": null}, {"id": "lxd494313.eth", "name": "dfsafasd", "twitter": "denomin8105595", "proposalsCount": 4, "votesCount": 3, "followersCount": 2, "website": null}, {"id": "multichaindao.eth", "name": "MultiDAO", "twitter": "multichaindao", "proposalsCount": 10, "votesCount": 206, "followersCount": 243, "website": "https://multichain.org"}, {"id": "nikei.eth", "name": "NIKI", "twitter": null, "proposalsCount": 3, "votesCount": 4, "followersCount": 2, "website": null}, {"id": "noixaref.eth", "name": "Testing Snapshott", "twitter": null, "proposalsCount": 2, "votesCount": 5, "followersCount": 2, "website": null}, {"id": "retab.eth", "name": "re", "twitter": null, "proposalsCount": 3, "votesCount": 4, "followersCount": 2, "website": null}, {"id": "twter.eth", "name": "nonfiglbe", "twitter": null, "proposalsCount": 3, "votesCount": 4, "followersCount": 2, "website": null}, {"id": "wuwuershiwu.eth", "name": "Erhu Com", "twitter": null, "proposalsCount": 3, "votesCount": 3, "followersCount": 3, "website": null}, {"id": "zoraz.eth", "name": "zoraz", "twitter": null, "proposalsCount": 3, "votesCount": 4, "followersCount": 2, "website": null}, {"id": "dzoo.eth", "name": "DegenZoo", "twitter": "degen_zoo", "proposalsCount": 8, "votesCount": 401, "followersCount": 49, "website": "https://degenzoo.co"}]