[{"id": "come2us.eth", "name": "btc", "twitter": null, "proposalsCount": 4, "votesCount": 42, "followersCount": 10, "website": null}, {"id": "comfyventures.eth", "name": "ComfyDao", "twitter": null, "proposalsCount": 0, "votesCount": 0, "followersCount": 0, "website": null}, {"id": "common-dao.eth", "name": "common DAO", "twitter": "common_DAO", "proposalsCount": 0, "votesCount": 0, "followersCount": 0, "website": "https://www.common-dao.com"}, {"id": "computational.biocrowd.eth", "name": "Computational [BioCrowd SubDAO]", "twitter": null, "proposalsCount": 0, "votesCount": 0, "followersCount": 1, "website": "https://biocrowd.io"}, {"id": "computerfinancing.eth", "name": "zm", "twitter": "xvo383", "proposalsCount": 10, "votesCount": 15, "followersCount": 0, "website": null}, {"id": "conan213.eth", "name": "Taong Grasa", "twitter": "eugene07_", "proposalsCount": 2, "votesCount": 14, "followersCount": 1, "website": "https://snapshot.org"}, {"id": "conejorui.eth", "name": "TEST", "twitter": null, "proposalsCount": 1, "votesCount": 1, "followersCount": 0, "website": null}, {"id": "consciouscommunity.eth", "name": "Conscious Community", "twitter": null, "proposalsCount": 1, "votesCount": 2, "followersCount": 9, "website": null}, {"id": "contributory.eth", "name": "Contributory", "twitter": null, "proposalsCount": 1, "votesCount": 0, "followersCount": 1, "website": null}, {"id": "cookiemomo.eth", "name": "cookie", "twitter": "Cookie96358083", "proposalsCount": 0, "votesCount": 0, "followersCount": 0, "website": null}, {"id": "coolboy.eth", "name": "123", "twitter": null, "proposalsCount": 52, "votesCount": 190, "followersCount": 82, "website": null}, {"id": "cooper0609.eth", "name": "guru", "twitter": null, "proposalsCount": 1, "votesCount": 1, "followersCount": 0, "website": null}, {"id": "coorest.eth", "name": "Coorest", "twitter": "CoorestOfficial", "proposalsCount": 0, "votesCount": 0, "followersCount": 2, "website": "https://coorest.io/"}, {"id": "copperagency.eth", "name": "Copper Intelligence Agency", "twitter": "Copper_Agency", "proposalsCount": 0, "votesCount": 0, "followersCount": 1, "website": "https://copperintel.agency/"}, {"id": "copyflip.eth", "name": "copyflip", "twitter": null, "proposalsCount": 1, "votesCount": 7, "followersCount": 20, "website": null}, {"id": "copyking.eth", "name": "wsdsdw", "twitter": "comisn", "proposalsCount": 4, "votesCount": 13, "followersCount": 2, "website": "https://www.wuyunli.com"}, {"id": "corineweb3.eth", "name": "Corine DAO", "twitter": null, "proposalsCount": 9, "votesCount": 9, "followersCount": 1, "website": null}, {"id": "corpa4o.eth", "name": "dzi-vak", "twitter": "xvcvxcv", "proposalsCount": 33, "votesCount": 54, "followersCount": 0, "website": null}, {"id": "cosku.eth", "name": "Cosku", "twitter": null, "proposalsCount": 1, "votesCount": 2, "followersCount": 1, "website": null}, {"id": "cosmoscoin.eth", "name": "cosmoscoin", "twitter": "hyman", "proposalsCount": 3, "votesCount": 1, "followersCount": 46, "website": null}]