[{"id": "busdrive.eth", "name": "zxcz", "twitter": null, "proposalsCount": 2, "votesCount": 2, "followersCount": 0, "website": null}, {"id": "bustawei.eth", "name": "bustawei", "twitter": "bustawei", "proposalsCount": 0, "votesCount": 0, "followersCount": 0, "website": null}, {"id": "butoo.eth", "name": "botoo", "twitter": null, "proposalsCount": 1, "votesCount": 1, "followersCount": 1, "website": null}, {"id": "buttato.eth", "name": "Buttato Corporation", "twitter": "buttato_io", "proposalsCount": 0, "votesCount": 0, "followersCount": 1, "website": "https://buttato.io"}, {"id": "buyin.eth", "name": "buydao", "twitter": null, "proposalsCount": 1, "votesCount": 14, "followersCount": 1, "website": null}, {"id": "bvd.eth", "name": "bvd", "twitter": null, "proposalsCount": 0, "votesCount": 0, "followersCount": 1, "website": null}, {"id": "by1337.eth", "name": "Nikolay", "twitter": "razgullyaev", "proposalsCount": 1, "votesCount": 2, "followersCount": 2, "website": null}, {"id": "byakuyak.eth", "name": "byakuyak.eth", "twitter": "by4kuy4K", "proposalsCount": 0, "votesCount": 0, "followersCount": 0, "website": null}, {"id": "bybil.eth", "name": "mdnoru", "twitter": null, "proposalsCount": 0, "votesCount": 0, "followersCount": 1, "website": null}, {"id": "byoby.eth", "name": "byoby", "twitter": null, "proposalsCount": 1, "votesCount": 1, "followersCount": 1, "website": null}, {"id": "bytebao.eth", "name": "ByteBao", "twitter": "bytebaoofficial", "proposalsCount": 0, "votesCount": 0, "followersCount": 1, "website": "https://bytebao.io"}, {"id": "bytechat.eth", "name": "CAW(A Hunters Dream)", "twitter": null, "proposalsCount": 2, "votesCount": 11, "followersCount": 4, "website": null}, {"id": "c86.eth", "name": "C86 - DAO", "twitter": null, "proposalsCount": 0, "votesCount": 0, "followersCount": 1, "website": null}, {"id": "c888.eth", "name": "metasme", "twitter": "khaleel15918625", "proposalsCount": 0, "votesCount": 0, "followersCount": 1, "website": "https://t.co/yKvME4OfCl"}, {"id": "ca1ncrypto.eth", "name": "Xes ", "twitter": "Xes_alpha", "proposalsCount": 39, "votesCount": 39, "followersCount": 51, "website": null}, {"id": "caddi.eth", "name": "test-goerli", "twitter": null, "proposalsCount": 2, "votesCount": 1, "followersCount": 7, "website": null}, {"id": "cag333.eth", "name": "cage", "twitter": "cageeeeeeeee", "proposalsCount": 38, "votesCount": 5398, "followersCount": 263, "website": null}, {"id": "cagyjan.dcl.eth", "name": "CAGYDAO", "twitter": null, "proposalsCount": 0, "votesCount": 0, "followersCount": 0, "website": null}, {"id": "caidenen.eth", "name": "Evmos", "twitter": null, "proposalsCount": 2, "votesCount": 5, "followersCount": 22, "website": null}, {"id": "caiqingqing.eth", "name": "jaychou", "twitter": null, "proposalsCount": 1, "votesCount": 1, "followersCount": 0, "website": null}]