[{"id": "muzab.eth", "name": "\u574e\u6606\u5347\u7ea7\u8ba8\u8bba", "twitter": null, "proposalsCount": 1, "votesCount": 2, "followersCount": 1, "website": null}, {"id": "neadbe.eth", "name": "zombiDAO", "twitter": null, "proposalsCount": 2, "votesCount": 1, "followersCount": 1, "website": null}, {"id": "oider.eth", "name": "gn", "twitter": null, "proposalsCount": 2, "votesCount": 2, "followersCount": 0, "website": null}, {"id": "pyme.eth", "name": "PymeDAO", "twitter": "PymeDAO", "proposalsCount": 1, "votesCount": 1, "followersCount": 2, "website": "https://pyme.id"}, {"id": "qitongwei.eth", "name": "food dao", "twitter": null, "proposalsCount": 2, "votesCount": 2, "followersCount": 0, "website": null}, {"id": "rndao.eth", "name": "RNDAO", "twitter": null, "proposalsCount": 2, "votesCount": 1, "followersCount": 1, "website": null}, {"id": "rockio.eth", "name": "dd", "twitter": null, "proposalsCount": 2, "votesCount": 2, "followersCount": 0, "website": null}, {"id": "romasha.eth", "name": "3123", "twitter": null, "proposalsCount": 2, "votesCount": 2, "followersCount": 0, "website": null}, {"id": "safbuaty891.eth", "name": "vda", "twitter": null, "proposalsCount": 1, "votesCount": 2, "followersCount": 1, "website": null}, {"id": "samuil97.eth", "name": "megate lox", "twitter": null, "proposalsCount": 2, "votesCount": 2, "followersCount": 0, "website": null}, {"id": "skubi.eth", "name": "welcome ", "twitter": null, "proposalsCount": 2, "votesCount": 2, "followersCount": 0, "website": null}, {"id": "slamtoken.eth", "name": "SLAM Token", "twitter": "slamtoken", "proposalsCount": 5, "votesCount": 185, "followersCount": 14, "website": "https://slamtoken.com"}, {"id": "supperb.eth", "name": "Supperb.eth", "twitter": null, "proposalsCount": 2, "votesCount": 2, "followersCount": 0, "website": null}, {"id": "tonako.eth", "name": "free ", "twitter": null, "proposalsCount": 2, "votesCount": 2, "followersCount": 0, "website": null}, {"id": "topemie629.eth", "name": "r22r2g", "twitter": null, "proposalsCount": 1, "votesCount": 2, "followersCount": 1, "website": null}, {"id": "uniborrow.eth", "name": "UniborrowDAO", "twitter": null, "proposalsCount": 2, "votesCount": 1, "followersCount": 1, "website": null}, {"id": "vioty.eth", "name": "viotyDAO", "twitter": null, "proposalsCount": 2, "votesCount": 1, "followersCount": 1, "website": null}, {"id": "we996.eth", "name": "996's space", "twitter": null, "proposalsCount": 1, "votesCount": 2, "followersCount": 1, "website": null}, {"id": "web3iio.eth", "name": "privet", "twitter": null, "proposalsCount": 2, "votesCount": 2, "followersCount": 0, "website": null}, {"id": "web3ion.eth", "name": "fff", "twitter": null, "proposalsCount": 2, "votesCount": 2, "followersCount": 0, "website": null}]