[{"id": "graystone.eth", "name": "gray-stone", "twitter": null, "proposalsCount": 1, "votesCount": 1, "followersCount": 4, "website": null}, {"id": "grrrr.eth", "name": "Grrrr", "twitter": null, "proposalsCount": 1, "votesCount": 2, "followersCount": 3, "website": null}, {"id": "guccibuckethat.eth", "name": "Turkeys Megaverse", "twitter": null, "proposalsCount": 1, "votesCount": 2, "followersCount": 3, "website": null}, {"id": "gypsyking.eth", "name": "Baboon Finance", "twitter": "", "proposalsCount": 2, "votesCount": 1, "followersCount": 3, "website": null}, {"id": "hachifinance.eth", "name": "Hachi Finance", "twitter": "HachiFinance", "proposalsCount": 0, "votesCount": 0, "followersCount": 6, "website": "https://hachi.fi"}, {"id": "handlefi.eth", "name": "Handlefi", "twitter": null, "proposalsCount": 1, "votesCount": 1, "followersCount": 4, "website": null}, {"id": "helixx.eth", "name": "TITAN Dao", "twitter": "Modi__108", "proposalsCount": 1, "votesCount": 2, "followersCount": 3, "website": null}, {"id": "henrycook.eth", "name": "hennry", "twitter": null, "proposalsCount": 2, "votesCount": 2, "followersCount": 2, "website": null}, {"id": "heyijieyou.eth", "name": "yami ya", "twitter": null, "proposalsCount": 2, "votesCount": 2, "followersCount": 2, "website": null}, {"id": "hodlercon.eth", "name": "Hodlercon", "twitter": "HodlerCon", "proposalsCount": 3, "votesCount": 0, "followersCount": 3, "website": "https://hodlercon.com"}, {"id": "holdersdao.eth", "name": "HoldersDao", "twitter": null, "proposalsCount": 1, "votesCount": 2, "followersCount": 3, "website": null}, {"id": "honestfinance.eth", "name": "HONEST Yield Farm", "twitter": "honest_chain", "proposalsCount": 2, "votesCount": 4, "followersCount": 0, "website": null}, {"id": "hughq.eth", "name": "FalconQ", "twitter": null, "proposalsCount": 4, "votesCount": 0, "followersCount": 2, "website": null}, {"id": "huoxing24.eth", "name": "huoxing24", "twitter": null, "proposalsCount": 2, "votesCount": 2, "followersCount": 2, "website": null}, {"id": "ikoslivex.eth", "name": "Ikoslivex Hub", "twitter": "Ikoslivex", "proposalsCount": 1, "votesCount": 2, "followersCount": 3, "website": null}, {"id": "infinitrd.eth", "name": "infinitrd", "twitter": null, "proposalsCount": 2, "votesCount": 1, "followersCount": 3, "website": null}, {"id": "ioio.eth", "name": "Concave", "twitter": null, "proposalsCount": 2, "votesCount": 1, "followersCount": 3, "website": null}, {"id": "jrag.eth", "name": "Anon Cryptopunk Owner DAO", "twitter": null, "proposalsCount": 3, "votesCount": 3, "followersCount": 0, "website": null}, {"id": "js0n.eth", "name": "Vanderbilt Acorns", "twitter": null, "proposalsCount": 2, "votesCount": 2, "followersCount": 2, "website": "https://vanderbilt-acorns.vercel.app/"}, {"id": "klepr.eth", "name": "ARB\u725b\u5e02club", "twitter": null, "proposalsCount": 1, "votesCount": 2, "followersCount": 3, "website": null}]