[{"id": "geeksg.eth", "name": "GEEK.SG", "twitter": null, "proposalsCount": 2, "votesCount": 3, "followersCount": 4, "website": null}, {"id": "gem.earthfund.eth", "name": "globalempower", "twitter": null, "proposalsCount": 5, "votesCount": 4, "followersCount": 0, "website": null}, {"id": "genericorp.eth", "name": "TLP test", "twitter": null, "proposalsCount": 2, "votesCount": 3, "followersCount": 4, "website": null}, {"id": "gensasfy.eth", "name": "gensasfy", "twitter": null, "proposalsCount": 5, "votesCount": 3, "followersCount": 1, "website": null}, {"id": "getsafex.eth", "name": "Safex", "twitter": "getsafex", "proposalsCount": 2, "votesCount": 6, "followersCount": 1, "website": null}, {"id": "gg108.eth", "name": "gg snap space", "twitter": "forest_bit", "proposalsCount": 1, "votesCount": 7, "followersCount": 1, "website": "https://www.lensfrens.xyz/gg108.lens"}, {"id": "goat.eduarduck.eth", "name": "asd11", "twitter": null, "proposalsCount": 4, "votesCount": 4, "followersCount": 1, "website": null}, {"id": "gogodao.eth", "name": "Gogo DAO (Test Space)", "twitter": null, "proposalsCount": 0, "votesCount": 0, "followersCount": 9, "website": null}, {"id": "goldpay.eth", "name": "paydao", "twitter": null, "proposalsCount": 1, "votesCount": 7, "followersCount": 1, "website": null}, {"id": "happinuyear.eth", "name": "HappInu Year", "twitter": "Happinuyear2022", "proposalsCount": 2, "votesCount": 4, "followersCount": 3, "website": null}, {"id": "hodland.xyz", "name": "HODLand DAO", "twitter": null, "proposalsCount": 1, "votesCount": 5, "followersCount": 3, "website": "https://www.HODLand.xyz"}, {"id": "holdingensforenssake.eth", "name": "letsgoooo", "twitter": "MorisSchulz", "proposalsCount": 2, "votesCount": 6, "followersCount": 1, "website": null}, {"id": "hxl0501.eth", "name": "hxlparty", "twitter": null, "proposalsCount": 1, "votesCount": 4, "followersCount": 4, "website": null}, {"id": "hydroprotocol.eth", "name": "Prop", "twitter": "", "proposalsCount": 0, "votesCount": 0, "followersCount": 9, "website": null}, {"id": "ihelpfinance.eth", "name": "IHELP", "twitter": "ihelp_defi", "proposalsCount": 1, "votesCount": 3, "followersCount": 5, "website": "https://ihelp.finance/"}, {"id": "ipcollector.eth", "name": "Content for The Yacht Club", "twitter": "NonFungibleFilm", "proposalsCount": 1, "votesCount": 8, "followersCount": 0, "website": null}, {"id": "iron-bank.eth", "name": "Iron Bank", "twitter": "ibdotxyz", "proposalsCount": 0, "votesCount": 0, "followersCount": 9, "website": "https://ib.xyz/"}, {"id": "isaacpatka.eth", "name": "Isaac DAO", "twitter": "isaacpatka", "proposalsCount": 7, "votesCount": 1, "followersCount": 1, "website": null}, {"id": "jackshang.eth", "name": "jackshang", "twitter": null, "proposalsCount": 1, "votesCount": 0, "followersCount": 8, "website": null}, {"id": "japangov.eth", "name": "japangov", "twitter": null, "proposalsCount": 1, "votesCount": 6, "followersCount": 2, "website": null}]