[{"id": "xdaipunk.eth", "name": "   xdaipunk.eth", "twitter": "iktxyz", "proposalsCount": 1, "votesCount": 1, "followersCount": 11, "website": null}, {"id": "y3d", "name": "Y3D", "twitter": null, "proposalsCount": 3, "votesCount": 9, "followersCount": 1, "website": null}, {"id": "zzandvv.eth", "name": "soha", "twitter": null, "proposalsCount": 2, "votesCount": 5, "followersCount": 6, "website": null}, {"id": "0xpadao.eth", "name": "0xPA_DAO Captains", "twitter": "0xPA_DAO", "proposalsCount": 2, "votesCount": 8, "followersCount": 2, "website": "https://0xpa.net/"}, {"id": "aadao.eth", "name": "AADAO", "twitter": null, "proposalsCount": 4, "votesCount": 1, "followersCount": 7, "website": null}, {"id": "abccc.eth", "name": "ghj", "twitter": null, "proposalsCount": 2, "votesCount": 0, "followersCount": 10, "website": null}, {"id": "abing.eth", "name": "ReadON Cryptocurrency Investment", "twitter": null, "proposalsCount": 1, "votesCount": 4, "followersCount": 7, "website": null}, {"id": "aeraforce.eth", "name": "Aera Force", "twitter": "AeraForce", "proposalsCount": 2, "votesCount": 5, "followersCount": 5, "website": "https://AeraForce.xyz"}, {"id": "ainohana.eth", "name": "hana", "twitter": null, "proposalsCount": 3, "votesCount": 7, "followersCount": 2, "website": null}, {"id": "ambrosial.eth", "name": "Web3.0Dao", "twitter": null, "proposalsCount": 2, "votesCount": 5, "followersCount": 5, "website": null}, {"id": "barney0.eth", "name": "MoonDAO test", "twitter": null, "proposalsCount": 4, "votesCount": 3, "followersCount": 5, "website": null}, {"id": "bohemiandao.eth", "name": "BohemianDAO", "twitter": "bohemiandao", "proposalsCount": 2, "votesCount": 8, "followersCount": 2, "website": null}, {"id": "catcherdev.eth", "name": "Catcher DAO", "twitter": "Catcher_DAO", "proposalsCount": 3, "votesCount": 2, "followersCount": 7, "website": "https://catcherdao.com/"}, {"id": "coinica.eth", "name": "Coinica", "twitter": null, "proposalsCount": 3, "votesCount": 2, "followersCount": 7, "website": null}, {"id": "ensusers.eth", "name": "Web3", "twitter": null, "proposalsCount": 1, "votesCount": 4, "followersCount": 7, "website": null}, {"id": "firewalkwihme.eth", "name": "TwinPeaksDao", "twitter": "twinpeaksdao", "proposalsCount": 3, "votesCount": 2, "followersCount": 7, "website": null}, {"id": "frich.eth", "name": "19", "twitter": null, "proposalsCount": 4, "votesCount": 7, "followersCount": 1, "website": null}, {"id": "furutest.eth", "name": "Furutest", "twitter": null, "proposalsCount": 6, "votesCount": 4, "followersCount": 2, "website": null}, {"id": "helloone.eth", "name": "Yekomini", "twitter": null, "proposalsCount": 2, "votesCount": 3, "followersCount": 7, "website": null}, {"id": "honeyfinance.eth", "name": "Honey Finance", "twitter": null, "proposalsCount": 2, "votesCount": 10, "followersCount": 0, "website": null}]