[{"id": "forsage.eth", "name": "Dark DAO", "twitter": null, "proposalsCount": 1, "votesCount": 1, "followersCount": 2, "website": null}, {"id": "forthefansdao.eth", "name": "For The Fans DAO", "twitter": "forthefansdao", "proposalsCount": 0, "votesCount": 0, "followersCount": 1, "website": "https://www.forthefans.io"}, {"id": "fortuness.eth", "name": "Anime", "twitter": null, "proposalsCount": 2, "votesCount": 3, "followersCount": 3, "website": null}, {"id": "founderallocationfcc.eth", "name": "Fvck Cancel Culture", "twitter": null, "proposalsCount": 1, "votesCount": 49, "followersCount": 0, "website": null}, {"id": "founderfountain.eth", "name": "FounderFountain.com Fundraising ", "twitter": "founderfountain", "proposalsCount": 0, "votesCount": 0, "followersCount": 1, "website": "https://FounderFountain.com"}, {"id": "fourceman.eth", "name": "Fourceman", "twitter": "kyral1980", "proposalsCount": 1, "votesCount": 0, "followersCount": 2, "website": "https://twitter.com/kyral1980"}, {"id": "foxify.eth", "name": "1", "twitter": null, "proposalsCount": 1, "votesCount": 1, "followersCount": 0, "website": null}, {"id": "foxoy.eth", "name": "foxoy", "twitter": null, "proposalsCount": 1, "votesCount": 1, "followersCount": 1, "website": null}, {"id": "fractaller.eth", "name": "Fractaller", "twitter": "FractallerP", "proposalsCount": 2, "votesCount": 1593, "followersCount": 1617, "website": "https://fractaller.org"}, {"id": "frankqiu.eth", "name": "MySpace", "twitter": null, "proposalsCount": 1, "votesCount": 1, "followersCount": 2, "website": null}, {"id": "fred.ericopires.eth", "name": "Fred's Decisions", "twitter": null, "proposalsCount": 0, "votesCount": 0, "followersCount": 1, "website": null}, {"id": "frededde.eth", "name": "risk harbor", "twitter": null, "proposalsCount": 1, "votesCount": 1, "followersCount": 0, "website": null}, {"id": "fredli.eth", "name": "Talk DAO", "twitter": "Dacongfred", "proposalsCount": 0, "votesCount": 0, "followersCount": 1, "website": null}, {"id": "freecube.eth", "name": "FreeCubeDAO", "twitter": null, "proposalsCount": 1, "votesCount": 1, "followersCount": 1, "website": null}, {"id": "freeisexpensive.eth", "name": "DAODAODAO", "twitter": null, "proposalsCount": 2, "votesCount": 7, "followersCount": 1, "website": null}, {"id": "freespacetown.eth", "name": "Galandg", "twitter": null, "proposalsCount": 1, "votesCount": 1, "followersCount": 2, "website": null}, {"id": "freethebird.eth", "name": "Decentrelon", "twitter": "decentrelon", "proposalsCount": 20, "votesCount": 21, "followersCount": 2, "website": null}, {"id": "freeu.eth", "name": "CryptoGOD", "twitter": null, "proposalsCount": 1, "votesCount": 0, "followersCount": 1, "website": null}, {"id": "freeway101.eth", "name": "FreeWay 101", "twitter": null, "proposalsCount": 1, "votesCount": 1, "followersCount": 0, "website": null}, {"id": "frensland.eth", "name": "Daily Degen Launch", "twitter": null, "proposalsCount": 0, "votesCount": 0, "followersCount": 11, "website": null}]