[{"id": "nftcharts.eth", "name": "NFT Charts", "twitter": "nftcharts", "proposalsCount": 1, "votesCount": 1, "followersCount": 0, "website": null}, {"id": "nftcrap.eth", "name": "\u7f50\u5934\u5de5\u5382The Factory", "twitter": null, "proposalsCount": 0, "votesCount": 0, "followersCount": 1, "website": null}, {"id": "nftjoker.eth", "name": "catdao", "twitter": null, "proposalsCount": 4, "votesCount": 6, "followersCount": 3, "website": null}, {"id": "nftr.eth", "name": "NFTR", "twitter": "nft_registry", "proposalsCount": 0, "votesCount": 0, "followersCount": 0, "website": "https://nftr.name"}, {"id": "nftreehaus.eth", "name": "NFTree Haus", "twitter": null, "proposalsCount": 1, "votesCount": 243, "followersCount": 0, "website": null}, {"id": "nfts2me.eth", "name": "NFTs2Me", "twitter": "nfts2me", "proposalsCount": 2, "votesCount": 2, "followersCount": 9, "website": "https://nfts2me.com/"}, {"id": "nfttop.eth", "name": "nfttop", "twitter": null, "proposalsCount": 1, "votesCount": 1, "followersCount": 1, "website": null}, {"id": "nftucket.eth", "name": "NFTucket: Nantucket Sign Co.", "twitter": "cryptosignco", "proposalsCount": 0, "votesCount": 0, "followersCount": 3, "website": "https://nantucketquarterboardcompany.com/nftucket/"}, {"id": "nguak.eth", "name": "TSTR DAO", "twitter": null, "proposalsCount": 1, "votesCount": 154, "followersCount": 0, "website": null}, {"id": "nhy8823.eth", "name": "nhy8823", "twitter": "nhy8823", "proposalsCount": 0, "votesCount": 0, "followersCount": 0, "website": null}, {"id": "niasor.eth", "name": "jing", "twitter": null, "proposalsCount": 1, "votesCount": 1, "followersCount": 1, "website": null}, {"id": "nicaro.eth", "name": "nicaro", "twitter": null, "proposalsCount": 1, "votesCount": 1, "followersCount": 1, "website": null}, {"id": "niceaccount.eth", "name": "qian home", "twitter": "xiaoqianlove0", "proposalsCount": 12, "votesCount": 70, "followersCount": 23, "website": null}, {"id": "nicecake.eth", "name": "nicecake", "twitter": null, "proposalsCount": 0, "votesCount": 0, "followersCount": 2, "website": null}, {"id": "nicenick.eth", "name": "nice", "twitter": null, "proposalsCount": 20, "votesCount": 415, "followersCount": 4, "website": null}, {"id": "nicepixels.eth", "name": "test", "twitter": "BabyDogeNFTs", "proposalsCount": 0, "votesCount": 0, "followersCount": 0, "website": null}, {"id": "nicodemusdu.eth", "name": "FairVote", "twitter": null, "proposalsCount": 3, "votesCount": 4, "followersCount": 3, "website": null}, {"id": "nighlywhale.eth", "name": "alkomafia dao", "twitter": null, "proposalsCount": 32, "votesCount": 56, "followersCount": 11, "website": null}, {"id": "nightlee.eth", "name": "NFT Network", "twitter": null, "proposalsCount": 0, "votesCount": 0, "followersCount": 2, "website": null}, {"id": "nikamu.eth", "name": "CryptoAnalyst", "twitter": "russel_ahemmed", "proposalsCount": 0, "votesCount": 0, "followersCount": 1, "website": null}]