[{"id": "galaxyexplorer.eth", "name": "Galaxy Explorer", "twitter": null, "proposalsCount": 3, "votesCount": 664, "followersCount": 64, "website": "https://galaxyexplorer.stevenlei.com"}, {"id": "cyberz.eth", "name": "CyberFrogz", "twitter": null, "proposalsCount": 10, "votesCount": 690, "followersCount": 129, "website": null}, {"id": "gec.eth", "name": "Guess Earn Club", "twitter": null, "proposalsCount": 51, "votesCount": 752, "followersCount": 26, "website": null}, {"id": "meta-octagon.eth", "name": "MOTG DAO", "twitter": "metaoctagon", "proposalsCount": 5, "votesCount": 300, "followersCount": 523, "website": "https://metaoctagon.io/"}, {"id": "0xlifedao.eth", "name": "LifeVerse", "twitter": "LifeVerse_GG", "proposalsCount": 9, "votesCount": 606, "followersCount": 212, "website": "https://life.treasure.lol"}, {"id": "london.pob.eth", "name": "$LONDON NIGHT CLUB DAO", "twitter": "prrfbeauty", "proposalsCount": 17, "votesCount": 702, "followersCount": 107, "website": null}, {"id": "interstellarweb3.eth", "name": "InterstellarWeb3", "twitter": "Interstellarage", "proposalsCount": 2, "votesCount": 820, "followersCount": 3, "website": null}, {"id": "spartacadabra.eth", "name": "SpartacadabraDAO", "twitter": "spartacadabra", "proposalsCount": 3, "votesCount": 744, "followersCount": 76, "website": null}, {"id": "trustpad.io", "name": "TrustPad", "twitter": "TrustPad", "proposalsCount": 6, "votesCount": 619, "followersCount": 144, "website": "https://trustpad.io/"}, {"id": "dfyn.eth", "name": "Dfyn Network", "twitter": "_DFyn", "proposalsCount": 4, "votesCount": 402, "followersCount": 412, "website": null}, {"id": "sparklesnft.eth", "name": "Sparkles Genesis", "twitter": "SparklesNFT", "proposalsCount": 1, "votesCount": 334, "followersCount": 483, "website": "https://sparklesnft.com/"}, {"id": "getprimal.eth", "name": "Get PRIMAL", "twitter": null, "proposalsCount": 3, "votesCount": 452, "followersCount": 361, "website": "https://getprimal.com"}, {"id": "homdaoofficial.eth", "name": "HOM DAO Foundation", "twitter": "homdaoofficial", "proposalsCount": 42, "votesCount": 186, "followersCount": 37, "website": null}, {"id": "bytedefi.eth", "name": "FamilyDAO", "twitter": null, "proposalsCount": 10, "votesCount": 38, "followersCount": 17, "website": null}, {"id": "vote.brightmoments.eth", "name": "Bright Moments: Public", "twitter": "brtmoments", "proposalsCount": 4, "votesCount": 702, "followersCount": 9, "website": "https://brightmoments.io"}, {"id": "space-warriors.eth", "name": "Space Warriors' DAO", "twitter": "swcnft", "proposalsCount": 3, "votesCount": 600, "followersCount": 211, "website": "https://www.spacewarriorsclub.com/"}, {"id": "tempodao.eth", "name": "TempoDAO", "twitter": "TempoDAO", "proposalsCount": 9, "votesCount": 619, "followersCount": 182, "website": null}, {"id": "stakeborgdao.eth", "name": "Construct", "twitter": "construct_tools", "proposalsCount": 11, "votesCount": 652, "followersCount": 146, "website": null}, {"id": "comb-finance.eth", "name": "COMB Protocol", "twitter": "combfinancial", "proposalsCount": 19, "votesCount": 748, "followersCount": 40, "website": "https://comb.financial"}, {"id": "thehashes.eth", "name": "Hashes", "twitter": "HashesDAO", "proposalsCount": 16, "votesCount": 649, "followersCount": 142, "website": null}]