[{"id": "zaurbey.eth", "name": "Imar", "twitter": null, "proposalsCount": 1, "votesCount": 2, "followersCount": 2, "website": null}, {"id": "zeloy.eth", "name": "zeloy", "twitter": null, "proposalsCount": 1, "votesCount": 3, "followersCount": 1, "website": null}, {"id": "zfxdzc59211.eth", "name": "zfxdzc59211", "twitter": null, "proposalsCount": 2, "votesCount": 2, "followersCount": 1, "website": null}, {"id": "zhifei.panvalaleague.eth", "name": "\u77e5\u975e", "twitter": null, "proposalsCount": 1, "votesCount": 1, "followersCount": 3, "website": null}, {"id": "zhixin.eth", "name": "zhixin", "twitter": null, "proposalsCount": 1, "votesCount": 1, "followersCount": 3, "website": null}, {"id": "zruik.eth", "name": "zikui", "twitter": null, "proposalsCount": 3, "votesCount": 1, "followersCount": 1, "website": null}, {"id": "zzxiang.eth", "name": "zzxiang", "twitter": null, "proposalsCount": 2, "votesCount": 2, "followersCount": 1, "website": null}, {"id": "\u4e0a\u6d77\u5bfb\u68a6\u4fe1\u606f\u6280\u672f\u6709\u9650\u516c\u53f8.eth", "name": "CAO", "twitter": null, "proposalsCount": 2, "votesCount": 2, "followersCount": 1, "website": null}, {"id": "\u5723\u676f\u793e\u533a\u94b1\u5305.eth", "name": "\u5723\u676f\u793e\u533a", "twitter": "Benson_XBX", "proposalsCount": 1, "votesCount": 1, "followersCount": 3, "website": "https://sheng-bei-she-qu.gitbook.io/main/"}, {"id": "\u591c\u5200\u795e\u5341\u9999.eth", "name": "KIYASTIC DAO", "twitter": null, "proposalsCount": 2, "votesCount": 2, "followersCount": 1, "website": null}, {"id": "\u6de1\u5199\u5730\u8001\u5929\u8352.eth", "name": "BTC DAO", "twitter": null, "proposalsCount": 2, "votesCount": 0, "followersCount": 3, "website": null}, {"id": "\uc548\ucca0\uc218.eth", "name": "\uc548\ucca0\uc218", "twitter": "cheolsoo0919", "proposalsCount": 2, "votesCount": 1, "followersCount": 2, "website": null}, {"id": "00hou.eth", "name": "PAClub", "twitter": null, "proposalsCount": 1, "votesCount": 2, "followersCount": 1, "website": null}, {"id": "020629.eth", "name": "wonderpals", "twitter": null, "proposalsCount": 2, "votesCount": 0, "followersCount": 2, "website": null}, {"id": "0x00pluto.eth", "name": "Macondo", "twitter": null, "proposalsCount": 2, "votesCount": 0, "followersCount": 2, "website": null}, {"id": "0x0102030405.eth", "name": "DOMAIN DAO", "twitter": null, "proposalsCount": 1, "votesCount": 1, "followersCount": 2, "website": null}, {"id": "0x16z0x.eth", "name": "0xA16z", "twitter": null, "proposalsCount": 1, "votesCount": 1, "followersCount": 2, "website": null}, {"id": "0x216.eth", "name": "tester", "twitter": null, "proposalsCount": 2, "votesCount": 0, "followersCount": 2, "website": null}, {"id": "0x428.eth", "name": "0x428", "twitter": null, "proposalsCount": 1, "votesCount": 1, "followersCount": 2, "website": null}, {"id": "0xcapella.eth", "name": "cyber", "twitter": null, "proposalsCount": 1, "votesCount": 1, "followersCount": 2, "website": null}]