[{"id": "ourshib.eth", "name": "Our Shib", "twitter": "ourshib", "proposalsCount": 2, "votesCount": 2, "followersCount": 3, "website": null}, {"id": "pepperkin.eth", "name": "NBLabs", "twitter": null, "proposalsCount": 3, "votesCount": 1, "followersCount": 3, "website": null}, {"id": "perepel.eth", "name": "gearpredicts", "twitter": null, "proposalsCount": 1, "votesCount": 3, "followersCount": 3, "website": null}, {"id": "phantomrebels.eth", "name": "Phantom Rebels", "twitter": "PhantomRebelsss", "proposalsCount": 1, "votesCount": 3, "followersCount": 3, "website": "https://phantomrebels.net"}, {"id": "pixeltigersdao.eth", "name": "PixelTigers", "twitter": "pixeltigers", "proposalsCount": 0, "votesCount": 0, "followersCount": 7, "website": "https://pixeltigers.io"}, {"id": "potionpalace.eth", "name": "Potion Palace", "twitter": "lil_esper", "proposalsCount": 0, "votesCount": 0, "followersCount": 7, "website": "https://potionpalace.cc/"}, {"id": "prestonamelia.eth", "name": "address", "twitter": null, "proposalsCount": 3, "votesCount": 2, "followersCount": 2, "website": null}, {"id": "purplewavestudios.eth", "name": "Purple Wave Studios", "twitter": "0xpurplewaves", "proposalsCount": 0, "votesCount": 0, "followersCount": 7, "website": "https://www.purplewavestudios.com/"}, {"id": "qinshijian666.eth", "name": "NFT token", "twitter": null, "proposalsCount": 1, "votesCount": 3, "followersCount": 3, "website": null}, {"id": "qinshijian888.eth", "name": "Asia Investment DAO", "twitter": null, "proposalsCount": 1, "votesCount": 3, "followersCount": 3, "website": null}, {"id": "rahmteen.eth", "name": "hedsTEST", "twitter": null, "proposalsCount": 3, "votesCount": 4, "followersCount": 0, "website": null}, {"id": "rankerdao.eth", "name": "RankerDAO", "twitter": "RankerDAO", "proposalsCount": 1, "votesCount": 1, "followersCount": 5, "website": null}, {"id": "rarityextended.eth", "name": "Rarity Extended", "twitter": "RXtended", "proposalsCount": 0, "votesCount": 0, "followersCount": 7, "website": null}, {"id": "raz.eth", "name": "Razor Network", "twitter": "razor_network", "proposalsCount": 3, "votesCount": 2, "followersCount": 2, "website": "https://razor.network"}, {"id": "reidospeedo.eth", "name": "PCTDao", "twitter": null, "proposalsCount": 3, "votesCount": 2, "followersCount": 2, "website": null}, {"id": "reiwacity.eth", "name": "\u4ee4\u548c\u5e02", "twitter": null, "proposalsCount": 1, "votesCount": 4, "followersCount": 2, "website": null}, {"id": "rigeldavis.eth", "name": "RigelDavis", "twitter": null, "proposalsCount": 2, "votesCount": 2, "followersCount": 3, "website": null}, {"id": "rikkei-finance.eth", "name": "Rikkei Finance", "twitter": "RikkeiFinance", "proposalsCount": 1, "votesCount": 3, "followersCount": 3, "website": null}, {"id": "ringprotocol.eth", "name": "Ring Protocol", "twitter": "ringprotocol", "proposalsCount": 4, "votesCount": 0, "followersCount": 3, "website": null}, {"id": "rookietest.eth", "name": "Rookie Test DAO", "twitter": null, "proposalsCount": 2, "votesCount": 3, "followersCount": 2, "website": "https://www.pensolution.co.kr/"}]