[{"id": "jbas-crypto-investments-dao.eth", "name": "JBAS Crypto Investments DAO", "twitter": "Japanese_BAPES", "proposalsCount": 2, "votesCount": 68, "followersCount": 32, "website": "https://www.japanesebornapesociety.com/"}, {"id": "jesypinkman.eth", "name": "dgdgdg", "twitter": null, "proposalsCount": 1, "votesCount": 1, "followersCount": 0, "website": null}, {"id": "jihorich.eth", "name": "s", "twitter": null, "proposalsCount": 1, "votesCount": 1, "followersCount": 0, "website": null}, {"id": "jijorich.eth", "name": "z", "twitter": null, "proposalsCount": 1, "votesCount": 1, "followersCount": 0, "website": null}, {"id": "jijotherich.eth", "name": "q", "twitter": null, "proposalsCount": 1, "votesCount": 1, "followersCount": 0, "website": null}, {"id": "joch.eth", "name": "Joch Doa", "twitter": null, "proposalsCount": 1, "votesCount": 1, "followersCount": 0, "website": null}, {"id": "khodam.eth", "name": "hirad", "twitter": "hamid4563", "proposalsCount": 1, "votesCount": 1, "followersCount": 0, "website": null}, {"id": "kikyouh.eth", "name": "Kikidao", "twitter": null, "proposalsCount": 1, "votesCount": 1, "followersCount": 0, "website": null}, {"id": "kingzjh.eth", "name": "lo", "twitter": null, "proposalsCount": 0, "votesCount": 0, "followersCount": 2, "website": null}, {"id": "lambq.eth", "name": "anay", "twitter": null, "proposalsCount": 1, "votesCount": 1, "followersCount": 0, "website": null}, {"id": "lancinzks.eth", "name": "dfgf", "twitter": null, "proposalsCount": 1, "votesCount": 1, "followersCount": 0, "website": null}, {"id": "laughin.eth", "name": "anay", "twitter": null, "proposalsCount": 1, "votesCount": 1, "followersCount": 0, "website": null}, {"id": "lion-fighting-rabbit.eth", "name": "res", "twitter": null, "proposalsCount": 1, "votesCount": 1, "followersCount": 0, "website": null}, {"id": "magicb.eth", "name": "anay", "twitter": null, "proposalsCount": 1, "votesCount": 1, "followersCount": 0, "website": null}, {"id": "malthust.eth", "name": "test", "twitter": null, "proposalsCount": 1, "votesCount": 1, "followersCount": 0, "website": null}, {"id": "mauranek.eth", "name": "sadsd", "twitter": null, "proposalsCount": 1, "votesCount": 1, "followersCount": 0, "website": null}, {"id": "mesii.eth", "name": "pepero", "twitter": null, "proposalsCount": 0, "votesCount": 0, "followersCount": 2, "website": null}, {"id": "michaelial.eth", "name": "quan", "twitter": null, "proposalsCount": 1, "votesCount": 1, "followersCount": 0, "website": null}, {"id": "minnieer.eth", "name": "anay", "twitter": null, "proposalsCount": 1, "votesCount": 1, "followersCount": 0, "website": null}, {"id": "moremorerich.eth", "name": "ad", "twitter": null, "proposalsCount": 1, "votesCount": 1, "followersCount": 0, "website": null}]