[{"id": "tweetdaoorg.eth", "name": "TWEETDAO", "twitter": "TweetDao_org", "proposalsCount": 2, "votesCount": 57, "followersCount": 36, "website": "https://tweetdao.org/"}, {"id": "chadsvc", "name": "chadsvc", "twitter": null, "proposalsCount": 3, "votesCount": 91, "followersCount": 0, "website": null}, {"id": "chikndao.eth", "name": "Chikn DAO", "twitter": "chikndao", "proposalsCount": 11, "votesCount": 68, "followersCount": 15, "website": "https://chikndao.com"}, {"id": "dashleague.eth", "name": "DashLeague Game", "twitter": "playdashleague", "proposalsCount": 3, "votesCount": 86, "followersCount": 5, "website": "https://dashleague.io"}, {"id": "lilnouns.cartesian.eth", "name": "exnouns lil", "twitter": null, "proposalsCount": 67, "votesCount": 25, "followersCount": 2, "website": null}, {"id": "nonfungibletattoo.eth", "name": "NBAYC-DAO", "twitter": null, "proposalsCount": 6, "votesCount": 79, "followersCount": 9, "website": null}, {"id": "pmint.eth", "name": "EARN Governance", "twitter": "PublicMint", "proposalsCount": 2, "votesCount": 52, "followersCount": 40, "website": "https://publicmint.com/earn"}, {"id": "skulldao.eth", "name": "$SKULL DAO", "twitter": "SKULL_CREATIONS", "proposalsCount": 3, "votesCount": 51, "followersCount": 40, "website": null}, {"id": "yeld", "name": "Yeld", "twitter": null, "proposalsCount": 2, "votesCount": 90, "followersCount": 2, "website": null}, {"id": "7add", "name": "HOLDTOWIN", "twitter": null, "proposalsCount": 3, "votesCount": 82, "followersCount": 9, "website": null}, {"id": "benmoblock.eth", "name": "Cake-A-Thon", "twitter": null, "proposalsCount": 2, "votesCount": 9, "followersCount": 33, "website": null}, {"id": "cryptocompany.eth", "name": "Naughty Tigers Costume Club", "twitter": "TigerClub18", "proposalsCount": 3, "votesCount": 73, "followersCount": 18, "website": null}, {"id": "novanetwork.eth", "name": "Nova Network Inc.", "twitter": "NovaFinOfficial", "proposalsCount": 3, "votesCount": 58, "followersCount": 33, "website": "https://www.novanetwork.io/"}, {"id": "swingbydao.eth", "name": "Swingby DAO", "twitter": "SwingbyProtocol", "proposalsCount": 8, "votesCount": 49, "followersCount": 37, "website": null}, {"id": "ysl-io.eth", "name": "YSL.IO", "twitter": "ysl_io", "proposalsCount": 4, "votesCount": 45, "followersCount": 45, "website": "https://ysl.io"}, {"id": "aethercity.eth", "name": "Aether", "twitter": "aether_city", "proposalsCount": 2, "votesCount": 77, "followersCount": 14, "website": null}, {"id": "arablefinance.eth", "name": "Arable Protocol", "twitter": "ArableProtocol", "proposalsCount": 6, "votesCount": 52, "followersCount": 35, "website": "https://mvp.arable.finance/"}, {"id": "ftwdao.eth", "name": "FTW DAO", "twitter": "ftwdao", "proposalsCount": 3, "votesCount": 26, "followersCount": 14, "website": "https://www.ftwdao.com"}, {"id": "worldwidenft.eth", "name": "WorldWide NFT", "twitter": null, "proposalsCount": 17, "votesCount": 74, "followersCount": 2, "website": null}, {"id": "highclassdao.eth", "name": "High Class DAO", "twitter": null, "proposalsCount": 15, "votesCount": 69, "followersCount": 9, "website": null}]