[{"id": "realdora.eth", "name": "Dora's", "twitter": null, "proposalsCount": 1, "votesCount": 2, "followersCount": 1, "website": null}, {"id": "realsilk.eth", "name": "ipone", "twitter": null, "proposalsCount": 3, "votesCount": 0, "followersCount": 1, "website": null}, {"id": "rgt.pool7.fuse.eth", "name": "Fuse Pool 7: RGT", "twitter": null, "proposalsCount": 1, "votesCount": 3, "followersCount": 0, "website": null}, {"id": "richwin.eth", "name": "RichWin", "twitter": null, "proposalsCount": 1, "votesCount": 2, "followersCount": 1, "website": null}, {"id": "rizon.eth", "name": "Rizon", "twitter": null, "proposalsCount": 0, "votesCount": 0, "followersCount": 4, "website": null}, {"id": "robertmondaviwinery.eth", "name": "dashu", "twitter": null, "proposalsCount": 1, "votesCount": 1, "followersCount": 2, "website": null}, {"id": "robiko.eth", "name": "adad", "twitter": null, "proposalsCount": 2, "votesCount": 2, "followersCount": 0, "website": null}, {"id": "roddan.eth", "name": "luo", "twitter": null, "proposalsCount": 1, "votesCount": 2, "followersCount": 1, "website": null}, {"id": "roywalom12.eth", "name": ",mh", "twitter": null, "proposalsCount": 1, "votesCount": 2, "followersCount": 1, "website": null}, {"id": "rpgchain.eth", "name": "RPGChain", "twitter": "chainRPG", "proposalsCount": 0, "votesCount": 0, "followersCount": 4, "website": null}, {"id": "rpkaranthbnb.eth", "name": "Layer 2", "twitter": "rpkaranthbnb", "proposalsCount": 1, "votesCount": 0, "followersCount": 3, "website": null}, {"id": "runecoin.eth", "name": "theDAO", "twitter": null, "proposalsCount": 1, "votesCount": 2, "followersCount": 1, "website": null}, {"id": "rzrv.eth", "name": "Rezerve", "twitter": "rezerveio", "proposalsCount": 1, "votesCount": 1, "followersCount": 2, "website": null}, {"id": "saferug.eth", "name": "saferug vote", "twitter": null, "proposalsCount": 3, "votesCount": 0, "followersCount": 1, "website": null}, {"id": "sahoresars.eth", "name": "gbbg", "twitter": null, "proposalsCount": 1, "votesCount": 2, "followersCount": 1, "website": null}, {"id": "sahurtsahuter.eth", "name": "3rf", "twitter": null, "proposalsCount": 1, "votesCount": 2, "followersCount": 1, "website": null}, {"id": "sahuzavudai.eth", "name": "daf", "twitter": null, "proposalsCount": 1, "votesCount": 2, "followersCount": 1, "website": null}, {"id": "samsun092.eth", "name": "web3.0", "twitter": null, "proposalsCount": 1, "votesCount": 2, "followersCount": 1, "website": null}, {"id": "saraaahur59.eth", "name": "gga", "twitter": null, "proposalsCount": 1, "votesCount": 2, "followersCount": 1, "website": null}, {"id": "schizopops.eth", "name": "pops", "twitter": "schizopops", "proposalsCount": 1, "votesCount": 1, "followersCount": 2, "website": null}]