[{"id": "nagafinance.eth", "name": "Naga", "twitter": "FinanceNaga", "proposalsCount": 2, "votesCount": 1, "followersCount": 1, "website": null}, {"id": "nationofhawaii.eth", "name": "Nation of Hawaii Beta", "twitter": null, "proposalsCount": 1, "votesCount": 1, "followersCount": 2, "website": null}, {"id": "nbainu.eth", "name": "NBA INU", "twitter": "NBAINUERC", "proposalsCount": 1, "votesCount": 1, "followersCount": 2, "website": "https://www.nbainu.online/"}, {"id": "neko-decentralized.eth", "name": "Neko", "twitter": "The_real_neko_", "proposalsCount": 0, "votesCount": 0, "followersCount": 4, "website": "https://www.neko-decentralized.com/"}, {"id": "newsouthafrica.eth", "name": "NewSouthAfrica.eth", "twitter": null, "proposalsCount": 0, "votesCount": 0, "followersCount": 4, "website": "https://www.newsouthafrica.org"}, {"id": "nftcommunitydao.eth", "name": "NFT Community DAO", "twitter": "NFTCommunityDAO", "proposalsCount": 0, "votesCount": 0, "followersCount": 4, "website": null}, {"id": "nftstudiosdao.eth", "name": "NFT Studios", "twitter": null, "proposalsCount": 0, "votesCount": 0, "followersCount": 4, "website": null}, {"id": "nnear.eth", "name": "nnear", "twitter": null, "proposalsCount": 3, "votesCount": 0, "followersCount": 1, "website": null}, {"id": "noono.eth", "name": "dsf", "twitter": null, "proposalsCount": 2, "votesCount": 2, "followersCount": 0, "website": null}, {"id": "northpolemoney.eth", "name": "NorthPole.money", "twitter": "", "proposalsCount": 0, "votesCount": 0, "followersCount": 4, "website": null}, {"id": "nounsmy.eth", "name": "NounsMY", "twitter": "nounsmy", "proposalsCount": 0, "votesCount": 0, "followersCount": 4, "website": null}, {"id": "numinouspark.eth", "name": "Numinous Park", "twitter": "numinouspark", "proposalsCount": 1, "votesCount": 0, "followersCount": 3, "website": null}, {"id": "\u014ddadi.eth", "name": "Premier Swamp Boat", "twitter": "dadi__adi", "proposalsCount": 1, "votesCount": 1, "followersCount": 2, "website": "https://swamp.overline.network/"}, {"id": "omnuum.eth", "name": "Omnuum", "twitter": null, "proposalsCount": 3, "votesCount": 0, "followersCount": 1, "website": "https://omnuum.io"}, {"id": "onchainchimps.eth", "name": "OnChainChimps ", "twitter": "OnChainChimps", "proposalsCount": 0, "votesCount": 0, "followersCount": 4, "website": "https://opensea.io/collection/onchainchimps"}, {"id": "onchaindao.eth", "name": "onchaindao.eth", "twitter": "chanyin16", "proposalsCount": 1, "votesCount": 0, "followersCount": 3, "website": null}, {"id": "onchaintrolling.eth", "name": "Lol", "twitter": null, "proposalsCount": 1, "votesCount": 0, "followersCount": 3, "website": null}, {"id": "onett.eth", "name": "mysoll", "twitter": null, "proposalsCount": 1, "votesCount": 2, "followersCount": 1, "website": null}, {"id": "open-usd.eth", "name": "Open USD", "twitter": "openusdnet", "proposalsCount": 1, "votesCount": 1, "followersCount": 2, "website": "https://openusd.net/"}, {"id": "open.stakedotlink.eth", "name": "stake.link Open Voting", "twitter": "stakedotlink", "proposalsCount": 0, "votesCount": 0, "followersCount": 4, "website": "https://stake.link"}]