[{"id": "spicedao.eth", "name": "SPICE", "twitter": null, "proposalsCount": 15, "votesCount": 199, "followersCount": 9, "website": null}, {"id": "taiwandao.eth", "name": "TWDAO FUND II", "twitter": "BaycTaiwan", "proposalsCount": 5, "votesCount": 194, "followersCount": 24, "website": "https://www.taiwandao.io"}, {"id": "wefinanceclub.eth", "name": "WE FINANCE CLUB", "twitter": "WeFinanceClub", "proposalsCount": 4, "votesCount": 197, "followersCount": 22, "website": "https://wefinance.club"}, {"id": "bloomeria.eth", "name": "Bloomeria", "twitter": "bloomeria_dao", "proposalsCount": 2, "votesCount": 179, "followersCount": 41, "website": null}, {"id": "lixinya.eth", "name": "lixyDAO", "twitter": null, "proposalsCount": 6, "votesCount": 11, "followersCount": 5, "website": null}, {"id": "popsiclefinance.eth", "name": "Popsicle.Finance", "twitter": "PopsicleFinance", "proposalsCount": 2, "votesCount": 135, "followersCount": 85, "website": null}, {"id": "council.graphprotocol.eth", "name": "The Graph Council", "twitter": null, "proposalsCount": 30, "votesCount": 173, "followersCount": 19, "website": null}, {"id": "peopletoken.eth", "name": "PEOPLE DAO", "twitter": null, "proposalsCount": 13, "votesCount": 89, "followersCount": 120, "website": null}, {"id": "zcoreclub.eth", "name": "ZCore Network", "twitter": "zcorecrypto", "proposalsCount": 6, "votesCount": 165, "followersCount": 51, "website": "https://club.zcore.network/"}, {"id": "aventus.eth", "name": "Aventus Network", "twitter": "AventusNetwork", "proposalsCount": 9, "votesCount": 185, "followersCount": 27, "website": "https://www.aventus.io"}, {"id": "shibby.eth", "name": "Shibby Finance", "twitter": "Shibby_finance", "proposalsCount": 6, "votesCount": 212, "followersCount": 3, "website": null}, {"id": "thecrypticsociety.eth", "name": "The Cryptic Society", "twitter": "CrypticSociety_", "proposalsCount": 3, "votesCount": 170, "followersCount": 48, "website": null}, {"id": "thedclreport.eth", "name": "The DCL Report", "twitter": "kevinonearth999", "proposalsCount": 26, "votesCount": 151, "followersCount": 44, "website": "https://www.TheDecentralandReport.com"}, {"id": "hadly.eth", "name": "LennySirmon DAO", "twitter": null, "proposalsCount": 15, "votesCount": 133, "followersCount": 22, "website": null}, {"id": "swiftfinance.eth", "name": "Swift Finance", "twitter": "SwiftFinanceOff", "proposalsCount": 9, "votesCount": 160, "followersCount": 51, "website": null}, {"id": "munchiesnft.eth", "name": "MunchiesNFT", "twitter": "munchiesnft", "proposalsCount": 3, "votesCount": 208, "followersCount": 9, "website": null}, {"id": "sfhoo.eth", "name": "Mimic Shhans", "twitter": null, "proposalsCount": 1, "votesCount": 214, "followersCount": 5, "website": null}, {"id": "carrotswap.eth", "name": "CarrotSwap", "twitter": null, "proposalsCount": 4, "votesCount": 207, "followersCount": 8, "website": null}, {"id": "dogeimprovementcouncil.eth", "name": "Doge Improvement Council", "twitter": null, "proposalsCount": 28, "votesCount": 174, "followersCount": 17, "website": "https://dao.ownthedoge.com/"}, {"id": "echelon.eth", "name": "Echelon Foundation", "twitter": "EchelonFND", "proposalsCount": 15, "votesCount": 128, "followersCount": 76, "website": "https://echelon.io/"}]