[{"id": "egwin.eth", "name": "ClementBrunswi DAO", "twitter": null, "proposalsCount": 15, "votesCount": 145, "followersCount": 15, "website": null}, {"id": "nudegreenleavesandbust.eth", "name": "CosnerNestor", "twitter": null, "proposalsCount": 15, "votesCount": 143, "followersCount": 17, "website": null}, {"id": "popworld.eth", "name": "POPOP WORLD", "twitter": "popop_world", "proposalsCount": 2, "votesCount": 104, "followersCount": 68, "website": "https://www.popop.world"}, {"id": "bobox.eth", "name": "kikibox", "twitter": "DYdserk", "proposalsCount": 11, "votesCount": 1, "followersCount": 12, "website": null}, {"id": "carbonpaws.eth", "name": "CarbonPaws", "twitter": "energywebdoge", "proposalsCount": 2, "votesCount": 130, "followersCount": 42, "website": null}, {"id": "memecouncil.eth", "name": "Meme.com", "twitter": "MemeExplorers", "proposalsCount": 5, "votesCount": 75, "followersCount": 44, "website": null}, {"id": "artsdaonft.eth", "name": "Arts DAO", "twitter": "arts_dao", "proposalsCount": 1, "votesCount": 107, "followersCount": 65, "website": "https://www.artsdao.io"}, {"id": "fenmi.eth", "name": "ZKMIMA", "twitter": null, "proposalsCount": 12, "votesCount": 80, "followersCount": 31, "website": null}, {"id": "nametagofficial.eth", "name": "Nametag Genesis", "twitter": "nametagtweets", "proposalsCount": 1, "votesCount": 123, "followersCount": 49, "website": null}, {"id": "flork.eth", "name": "FlorkDAO", "twitter": "LetsFlorkinGo", "proposalsCount": 11, "votesCount": 136, "followersCount": 25, "website": "https://www.florkinomics.com"}, {"id": "goondao.eth", "name": "Goons of Balatroon", "twitter": "goonsnft", "proposalsCount": 2, "votesCount": 61, "followersCount": 109, "website": "https://goonsofbalatroon.com/"}, {"id": "atlanteandao.eth", "name": "AtlanteanDAO", "twitter": "atlanteanDAO", "proposalsCount": 1, "votesCount": 121, "followersCount": 50, "website": "https://atlantis.world"}, {"id": "pub-finance.eth", "name": "pub-finance", "twitter": null, "proposalsCount": 14, "votesCount": 153, "followersCount": 5, "website": null}, {"id": "skyverseofficial.eth", "name": "SkyVerse DAO", "twitter": "skyversenft", "proposalsCount": 1, "votesCount": 156, "followersCount": 15, "website": "https://skyversenft.com/"}, {"id": "snakedao-hq.eth", "name": "SnakeDAO", "twitter": "SnakeDAOproject", "proposalsCount": 1, "votesCount": 47, "followersCount": 74, "website": "https://t.co/QwWBWS59Rq"}, {"id": "celernetwork.eth", "name": "Celer Network", "twitter": "celernetwork", "proposalsCount": 15, "votesCount": 41, "followersCount": 115, "website": null}, {"id": "doodlebits.eth", "name": "Doodle Bits", "twitter": "doodlebitsnft", "proposalsCount": 3, "votesCount": 154, "followersCount": 14, "website": null}, {"id": "mferbuilderdao.eth", "name": "mferbuilderDAO", "twitter": "mferbuilderdao", "proposalsCount": 19, "votesCount": 129, "followersCount": 23, "website": "https://mferbuilderdao.org"}, {"id": "mooncouncil.eth", "name": "Moon Council DAO", "twitter": "mooncouncil", "proposalsCount": 3, "votesCount": 142, "followersCount": 26, "website": "https://www.primordia.io"}, {"id": "ninaricci.eth", "name": "huohudao", "twitter": "nanzhan4177242", "proposalsCount": 14, "votesCount": 147, "followersCount": 10, "website": null}]