[{"id": "n5.testsnap.eth", "name": "test", "twitter": null, "proposalsCount": 0, "votesCount": 0, "followersCount": 1, "website": null}, {"id": "n6.testsnap.eth", "name": "test", "twitter": null, "proposalsCount": 0, "votesCount": 0, "followersCount": 0, "website": null}, {"id": "n7.testsnap.eth", "name": "TESTsdf", "twitter": null, "proposalsCount": 0, "votesCount": 0, "followersCount": 0, "website": null}, {"id": "n8.testsnap.eth", "name": "test", "twitter": null, "proposalsCount": 0, "votesCount": 0, "followersCount": 0, "website": null}, {"id": "n9.testsnap.eth", "name": "test", "twitter": null, "proposalsCount": 1, "votesCount": 1, "followersCount": 1, "website": null}, {"id": "nacoo.eth", "name": "2", "twitter": null, "proposalsCount": 1, "votesCount": 2, "followersCount": 1, "website": null}, {"id": "nakoruru.eth", "name": "Nakoruru DAO", "twitter": null, "proposalsCount": 0, "votesCount": 0, "followersCount": 0, "website": null}, {"id": "nakurysh.eth", "name": "nakurysh", "twitter": null, "proposalsCount": 1, "votesCount": 1, "followersCount": 0, "website": null}, {"id": "naleerkhan.eth", "name": "Naleer Khan", "twitter": "naleerkhan", "proposalsCount": 0, "votesCount": 0, "followersCount": 0, "website": null}, {"id": "namhung.eth", "name": "elnino", "twitter": "duonghangoan", "proposalsCount": 0, "votesCount": 0, "followersCount": 1, "website": null}, {"id": "nanchangchina.eth", "name": "zhaoyu", "twitter": null, "proposalsCount": 2, "votesCount": 2, "followersCount": 2, "website": null}, {"id": "nanchuang.eth", "name": "\u7a7a\u6295\u8bad\u7ec3\u8425", "twitter": null, "proposalsCount": 7, "votesCount": 32, "followersCount": 21, "website": null}, {"id": "nancyleo.eth", "name": "nancyleo", "twitter": null, "proposalsCount": 1, "votesCount": 1, "followersCount": 0, "website": null}, {"id": "nandemotoken.eth", "name": "nandemotoken", "twitter": null, "proposalsCount": 0, "votesCount": 0, "followersCount": 0, "website": null}, {"id": "nansendao.eth", "name": "NSTK", "twitter": null, "proposalsCount": 0, "votesCount": 0, "followersCount": 0, "website": null}, {"id": "napolicole.eth", "name": "passDao", "twitter": "NapoliCole", "proposalsCount": 1, "votesCount": 3, "followersCount": 0, "website": null}, {"id": "nartio.eth", "name": "Moer Test", "twitter": null, "proposalsCount": 1, "votesCount": 1, "followersCount": 1, "website": null}, {"id": "narumin.eth", "name": "DAO for island", "twitter": "DAOgasima", "proposalsCount": 8, "votesCount": 29, "followersCount": 6, "website": null}, {"id": "nashana.eth", "name": "nashana", "twitter": null, "proposalsCount": 2, "votesCount": 8, "followersCount": 6, "website": null}, {"id": "natasta.eth", "name": "Natasta", "twitter": null, "proposalsCount": 0, "votesCount": 0, "followersCount": 0, "website": null}]