[{"id": "cloud-dao.eth", "name": "Cloud DAO", "twitter": null, "proposalsCount": 5, "votesCount": 12, "followersCount": 0, "website": null}, {"id": "cometh.eth", "name": "ComethDAO", "twitter": "MUSTCometh", "proposalsCount": 1, "votesCount": 10, "followersCount": 6, "website": null}, {"id": "cryptocatfinance-alpha.eth", "name": "Cat1", "twitter": null, "proposalsCount": 1, "votesCount": 6, "followersCount": 10, "website": null}, {"id": "cryptocatfinance.eth", "name": "CatM", "twitter": null, "proposalsCount": 1, "votesCount": 6, "followersCount": 10, "website": null}, {"id": "cryptooracledao.eth", "name": "CryptoOracle Collective DAO", "twitter": null, "proposalsCount": 2, "votesCount": 13, "followersCount": 2, "website": "https://www.cryptooracle.io/"}, {"id": "cslabs.eth", "name": "CSLabs", "twitter": null, "proposalsCount": 7, "votesCount": 1, "followersCount": 9, "website": null}, {"id": "dao.poseidon.eth", "name": "Poseidon DAO", "twitter": "poseidon_sf", "proposalsCount": 2, "votesCount": 12, "followersCount": 3, "website": "https://www.poseidondao.org/"}, {"id": "daoproptech.eth", "name": "DAO Proptech", "twitter": null, "proposalsCount": 6, "votesCount": 5, "followersCount": 6, "website": null}, {"id": "eth178.eth", "name": "eth178dao", "twitter": "ethqlm", "proposalsCount": 3, "votesCount": 9, "followersCount": 5, "website": null}, {"id": "ethereannft.eth", "name": "The Etherean Unicorn Club", "twitter": "ethereannft", "proposalsCount": 4, "votesCount": 8, "followersCount": 5, "website": null}, {"id": "ethosproject.eth", "name": "Ethos Project", "twitter": "EthosProjectBSC", "proposalsCount": 1, "votesCount": 8, "followersCount": 8, "website": null}, {"id": "godboy.eth", "name": "TeaDAO", "twitter": null, "proposalsCount": 8, "votesCount": 4, "followersCount": 5, "website": null}, {"id": "goodmorning1.eth", "name": "GoodMorning", "twitter": null, "proposalsCount": 3, "votesCount": 5, "followersCount": 9, "website": null}, {"id": "hewerclan.empathacrobat.eth", "name": "Hewer Clan", "twitter": null, "proposalsCount": 3, "votesCount": 6, "followersCount": 8, "website": null}, {"id": "hirvinglozano.eth", "name": "Airdrop Players", "twitter": null, "proposalsCount": 1, "votesCount": 8, "followersCount": 8, "website": null}, {"id": "jeanninenormandin.eth", "name": "abandon", "twitter": null, "proposalsCount": 6, "votesCount": 6, "followersCount": 5, "website": null}, {"id": "kamae.eth", "name": "Kama dao", "twitter": null, "proposalsCount": 1, "votesCount": 8, "followersCount": 8, "website": null}, {"id": "liom.eth", "name": "LIOM DAO", "twitter": "ogdotart", "proposalsCount": 1, "votesCount": 11, "followersCount": 5, "website": "https://og.art/collections/liom/"}, {"id": "maxcoin.eth", "name": "MAX DAO", "twitter": null, "proposalsCount": 1, "votesCount": 1, "followersCount": 15, "website": null}, {"id": "million-farm.eth", "name": "TestDAO", "twitter": null, "proposalsCount": 9, "votesCount": 3, "followersCount": 5, "website": null}]