[{"id": "richardsonmarsha.eth", "name": "administrator", "twitter": null, "proposalsCount": 5, "votesCount": 5, "followersCount": 6, "website": null}, {"id": "solidlizardfinance.eth", "name": "SolidLizard", "twitter": "solidlizardfi", "proposalsCount": 0, "votesCount": 0, "followersCount": 16, "website": "https://solidlizard.finance/"}, {"id": "teneggs.eth", "name": "TenEggsDAO", "twitter": "teneggsdao", "proposalsCount": 10, "votesCount": 42, "followersCount": 14, "website": "https://teneggsdao.com"}, {"id": "toubazi.eth", "name": "Touba\u6cbb\u7406\u8bd5\u9a8c", "twitter": "toubazi", "proposalsCount": 7, "votesCount": 37, "followersCount": 22, "website": null}, {"id": "universefi.eth", "name": "Universe Finance", "twitter": "Universe_FIN", "proposalsCount": 8, "votesCount": 46, "followersCount": 12, "website": null}, {"id": "wallstreet.lovesyou.eth", "name": "WALLSTREETDAO", "twitter": null, "proposalsCount": 33, "votesCount": 32, "followersCount": 1, "website": null}, {"id": "apollocrypto.eth", "name": "Apollo Crypto DAO", "twitter": "ApolloCryptoDAO", "proposalsCount": 3, "votesCount": 30, "followersCount": 33, "website": "https://www.apollocrypto.org/"}, {"id": "moca-dao.eth", "name": "Museum Of Crypto Art", "twitter": "MuseumofCrypto", "proposalsCount": 1, "votesCount": 6, "followersCount": 9, "website": "https://app.museumofcryptoart.com/"}, {"id": "mohist.eth", "name": "MohistDao", "twitter": null, "proposalsCount": 1, "votesCount": 6, "followersCount": 59, "website": null}, {"id": "onigiridao.eth", "name": "Onigiri Pepes DAO", "twitter": "OnigiriPepes", "proposalsCount": 2, "votesCount": 57, "followersCount": 7, "website": null}, {"id": "samvelly.eth", "name": "samvelly", "twitter": null, "proposalsCount": 8, "votesCount": 23, "followersCount": 35, "website": null}, {"id": "uoregon.eth", "name": "Oregon Blockchain Group", "twitter": null, "proposalsCount": 3, "votesCount": 33, "followersCount": 30, "website": null}, {"id": "trudao.eth", "name": "TruDAO", "twitter": "SKuLZ_nft", "proposalsCount": 6, "votesCount": 55, "followersCount": 4, "website": null}, {"id": "alchemixedopinions.eth", "name": "Alchemixed Opinions", "twitter": "AlchemixFi", "proposalsCount": 4, "votesCount": 50, "followersCount": 11, "website": "https://alchemix.fi"}, {"id": "capmus.eth", "name": "Capmus", "twitter": null, "proposalsCount": 16, "votesCount": 34, "followersCount": 15, "website": "https://capmus.org"}, {"id": "chuantai.eth", "name": "taiwandao", "twitter": null, "proposalsCount": 4, "votesCount": 49, "followersCount": 12, "website": null}, {"id": "cronosfrens.eth", "name": "/Z/", "twitter": "", "proposalsCount": 0, "votesCount": 0, "followersCount": 65, "website": null}, {"id": "dataunions.eth", "name": "Data Union DAO", "twitter": "dataunions", "proposalsCount": 2, "votesCount": 40, "followersCount": 23, "website": null}, {"id": "dolorvi.eth", "name": "Smol Age", "twitter": "smolage_nft", "proposalsCount": 1, "votesCount": 21, "followersCount": 43, "website": "https://smolage.com"}, {"id": "dropletsnft.eth", "name": "Droplets", "twitter": null, "proposalsCount": 0, "votesCount": 0, "followersCount": 65, "website": null}]