platform,platform_id,name,additional,website
realms,8AFfcBseGCf4V7j6sNC51YuRVQurLubv6HUDxusPhpxA,,,https://app.realms.today/dao/8AFfcBseGCf4V7j6sNC51YuRVQurLubv6HUDxusPhpxA
realms,2MXEpXypPempr9wDfWyzGvvpUQFXdjuKykSWMdxAX7DD,,,https://app.realms.today/dao/2MXEpXypPempr9wDfWyzGvvpUQFXdjuKykSWMdxAX7DD
realms,GBFawwN7Et6JZ4ySiaU86gBXwWeyRMcjCWgD8ee96CKc,,,https://app.realms.today/dao/GBFawwN7Et6JZ4ySiaU86gBXwWeyRMcjCWgD8ee96CKc
realms,5g94Ver64ruf9CGBL3k2oQGdKCUt4QKjN7NQojSrHAwH, Jungle DeFi Community DAO,,https://app.realms.today/dao/j-jfi
realms,3Am3fe3zvAkJV2uh2t9qG6pUBCnJd4u9ynuAUMiYXaCH,!lluminati DAO,,https://app.realms.today/dao/3Am3fe3zvAkJV2uh2t9qG6pUBCnJd4u9ynuAUMiYXaCH
realms,HbdBjuyRtxJd4zCMCsvg64ajtxqk4vWogf8FtQpZcs54,#Unchain_Ukraine,,https://app.realms.today/dao/ukraineunchained
realms,EYd22AfkwBX4dsoh6HpQsK83f9R22GRusa8UPqnDn58t,📷 DAO,,https://app.realms.today/dao/EYd22AfkwBX4dsoh6HpQsK83f9R22GRusa8UPqnDn58t
realms,9mJUsn6pwUytW2TdytEDRajKDHBjqXsbXyKFP28fzaZ6,$VIEWS,,https://app.realms.today/dao/9mJUsn6pwUytW2TdytEDRajKDHBjqXsbXyKFP28fzaZ6
realms,EVsSaLkZbnekEnVeMsYEKtj2gYxcuaVYjGLUhVXzKTA9,01 Exchange,,https://app.realms.today/dao/01%20exchange
realms,Fvg7EYzS3z9AyC4ecCXxwfuddhRmkhwxiJJR3iLFBDDU,0xHeadzDAO,,https://app.realms.today/dao/Fvg7EYzS3z9AyC4ecCXxwfuddhRmkhwxiJJR3iLFBDDU
realms,26yUdUTWSfpwpNMshahupbXoQKi2NkaTECSyE45VMutU,1Sol DAO,,https://app.realms.today/dao/1sol
realms,Dn5yLFi6ZNhkD25CX4c8qq1MV3CC2vcrH2Qujfzy22rT,21DAO,,https://app.realms.today/dao/21dao
realms,JRjgCLYH6m9jxDJSRQ8UqFKmiBG6JaexWYZhLE6WXmr,4 agrippa multisig,,https://app.realms.today/dao/JRjgCLYH6m9jxDJSRQ8UqFKmiBG6JaexWYZhLE6WXmr
realms,Eq9AYwVCzYu9A3gBK295c3eyhN4K8h1pCaPQbzYkDgNR,Adi DAO,,https://app.realms.today/dao/Eq9AYwVCzYu9A3gBK295c3eyhN4K8h1pCaPQbzYkDgNR
realms,GpDUNSkvfvyf3RCJDaJtxjKo6KwZtJjy1Tm6s1tyzfZu,Adi Test Hub,,https://app.realms.today/dao/aht
realms,6QgK3ptR65uVZ3EbU7FhfCUxskZkdsuag3VFjA5LXNqC,Adrena,,https://app.realms.today/dao/6QgK3ptR65uVZ3EbU7FhfCUxskZkdsuag3VFjA5LXNqC
realms,BXBwS8Q7YRc7iHcGcmU1fSVPk9go3TwoB256YfjDBrwc,Agrichainx Tribe ,,https://app.realms.today/dao/agxt
realms,6q1rSRst43g7CKSxkbW3aDWSJrMYzot5AMj1F7bFzrED,agrippa nft delegation upgrade,,https://app.realms.today/dao/6q1rSRst43g7CKSxkbW3aDWSJrMYzot5AMj1F7bFzrED
realms,D1mEiHUM7usS9ipq1XvE2GNMB6ZmkJk8ZLZqKvEiRRm9,agrippa upgraded nft dao,,https://app.realms.today/dao/D1mEiHUM7usS9ipq1XvE2GNMB6ZmkJk8ZLZqKvEiRRm9
realms,2PBLG1LGAQYUd38KjJhyACksZH9S361XunVbD3EGxfJf,Aleph.im,,https://app.realms.today/dao/aleph.im
realms,H5Me9k9Vk42d1eEfmfWX9z8hnFJvzCDN33z3hp6BwexH,Alien Chicken Farm,,https://app.realms.today/dao/alien%20chicken%20farm%20(acf)
realms,EjuNyE8MrRe8v9BK1wjQQ7xEaDqLsXXNhz796pedGpbX,Alien Flower DAO,,https://app.realms.today/dao/EjuNyE8MrRe8v9BK1wjQQ7xEaDqLsXXNhz796pedGpbX
realms,BZE9AiJrMxUXXjwy9iBPzj34Wh5Zf1wLEFAM4oSSMRLi,Allie Coin DAO,,https://app.realms.today/dao/allie
realms,A7nud4wxpAySc7Ai11vwXtkez79tHvcEvSquFBxw4iDh,ALLOVR DAO,,https://app.realms.today/dao/allovr
realms,9u3s1APW4JDxt4a2p666rYYoa3UErcT12fvNKWNFqaj7,Alpha Illuminati DAO,,https://app.realms.today/dao/alpha%20illuminati%20dao
realms,D663bf8kFGGoKyEknwiQ4hf9bTDd3ULbyXvn78q9KyYh,amilz,,https://app.realms.today/dao/D663bf8kFGGoKyEknwiQ4hf9bTDd3ULbyXvn78q9KyYh
realms,3HC3mCQkpAAHQZa3aJjQJFpFNwoLp3ZWnkCYuWzoymo9,Amulet,,https://app.realms.today/dao/amulet
realms,6KCw5ema3ps1F7kceEdvT7aCAWkaF3CmPJqBGPD22pZb,Andalucia Club,,https://app.realms.today/dao/6KCw5ema3ps1F7kceEdvT7aCAWkaF3CmPJqBGPD22pZb
realms,HsU14rpiBDC33hBsDPFQdZWaeykmKr67x3D2hA5RJRJD,Angelic,,https://app.realms.today/dao/angelic
realms,DLxgBgdwUzpvoJH4bhJmLonFymSejKUiMBGAQE6XwopU,AntlerDAO,,https://app.realms.today/dao/antlerdao
realms,2XsZGq4GJoaQ7dC91yWuneq4U9VK3wE6XJ185a4D7fwe,Artivive,,https://app.realms.today/dao/artivive
realms,Cwh2E98xcB5qL8yuGvxdaMezRUQXwdCwcCKhYKqUPqFD,Astra(DAO),,https://app.realms.today/dao/adao
realms,kF6xQPdPGAGaWfYFHE1JnqAKSMvq6SReSoiicLbNXqz,Atellix Network,,https://app.realms.today/dao/kF6xQPdPGAGaWfYFHE1JnqAKSMvq6SReSoiicLbNXqz
realms,FxccMsauuC2KSsWMvrTytm2eP18oRr1HC1VLCaWEysAR,Aten,,https://app.realms.today/dao/aten
realms,CErE41LChpKNpRKpcRKkbmYbEs8PiVcoKQpHUqryy7gm,AthensDAO,,https://app.realms.today/dao/athensdao
realms,5Mt6EghNJHaPbNtHxH7tbbrMdwSP3sXcPRCqwPCbTVN4,Audius,,https://app.realms.today/dao/audius
realms,C98yb8FSshG7oH5pCMf41ghg199YjsoUozxQ4VdCpwmM,Aurory,,https://app.realms.today/dao/aurory
realms,2gbzExRe9gvurTDDm8A9r98zczQcj7HaR2xTYy2gM3kw,b00bs,,https://app.realms.today/dao/2gbzExRe9gvurTDDm8A9r98zczQcj7HaR2xTYy2gM3kw
realms,BqLWTZv8xfJiCtu9gm87T1EqtAnL2cCJ1PS9JoKn3oBy,Backpack,,https://app.realms.today/dao/backpack
realms,FM9pKzu7mDNi5XixwhMpnrmWSYiLKWYvPkYgJMhScSyK,Bardy DAO,,https://app.realms.today/dao/FM9pKzu7mDNi5XixwhMpnrmWSYiLKWYvPkYgJMhScSyK
realms,8x3bs2CUu7FZCw9zoTz29eBNwKjfJiCHjWz4T53NWLbJ,Bears Reloaded,,https://app.realms.today/dao/bears
realms,8sMzPkk6TBM943XRXzScqrcZFfmK1pw62gUPdwtVckCJ,BetDEX Labs,,https://app.realms.today/dao/betdex%20labs
realms,36YGaNUYtRbaq1fHL4inLvHDxb7W28dBxWSna64v9Tea,Big Five NFT Club,,https://app.realms.today/dao/bfnc
realms,CCN99AhKJXQUJM7w5dpuHhTrq5fNNAASHm4CgBY1qmq6,Bitcoiner,,https://app.realms.today/dao/CCN99AhKJXQUJM7w5dpuHhTrq5fNNAASHm4CgBY1qmq6
realms,3u33xVLpyRXpnYhAykRuUfeMHKmfQEu25cCv4QYpN6ni,Bitmon World,,https://app.realms.today/dao/3u33xVLpyRXpnYhAykRuUfeMHKmfQEu25cCv4QYpN6ni
realms,DoFABWkP3qRV2yggE3Tm1MpemKDviwnDaQAVB3gRiPwc,BizFirst,,https://app.realms.today/dao/bizfirst
realms,7Ad1wQdytLHSFxnUyEHVPUYrNKMect4Qs5pQtYgFCrr3,Block Tackle Inc,,https://app.realms.today/dao/block%20tackle%20inc
realms,AvpoeRXmbfrtkF9NQvWkcN4LbWmQHy3ntWnYudEUdU3N,Blockasset,,https://app.realms.today/dao/blockasset
realms,3EPsh3Nm2sivjjh3pcR4qmFzsMgJ3cDGjwiJeDARuQNR,Blockgame,,https://app.realms.today/dao/blockgame
realms,EYCpmSM5cySVv8D4cpuKZKBELpv8KtUYQ6WyeuYT19Jh,blockhain-rocks,,https://app.realms.today/dao/EYCpmSM5cySVv8D4cpuKZKBELpv8KtUYQ6WyeuYT19Jh
realms,G43QB1csngJDWBhrBCba5tbVcxcPHhGNtGkqfntfP6fg,BlockLive,,https://app.realms.today/dao/blocklive
realms,DMTkorwRhKbPGioE5kr1BHDBEcwFSUepyuz66ro3MQXU,Blue Terra,,https://app.realms.today/dao/bt
realms,6NzVDMfEBJvkFDnjPx53K7mLGW3yQdSjLhsamS8go4cn,Bonfida DAO,,https://app.realms.today/dao/fida
realms,84pGFuy1Y27ApK67ApethaPvexeDWA66zNV8gm38TVeQ,Bonk DAO,,https://app.realms.today/dao/bonk
realms,9K6P7vbAPqZ8hHsDbShLZat9bFdWzA52QAgJThGeWui5,BonkDAO,,https://app.realms.today/dao/9K6P7vbAPqZ8hHsDbShLZat9bFdWzA52QAgJThGeWui5
realms,GDaLwof8UxAsQZjBgtiWepyV73rkKpdPVUMFVEAwMw1r,Bonke DAO,,https://app.realms.today/dao/GDaLwof8UxAsQZjBgtiWepyV73rkKpdPVUMFVEAwMw1r
realms,2KNvdw4gJwXTG4ZFnq2thGczy9hsS2jiydFegehEVEUn,boo-nimated,,https://app.realms.today/dao/2KNvdw4gJwXTG4ZFnq2thGczy9hsS2jiydFegehEVEUn
realms,9Fr59GhDJ3HZoTovm83JGEBgi8QjzKGyvqVchcp2u1na,Bootstrap DAO,,https://app.realms.today/dao/boot
realms,3HDYDcQQ75kLKnQT3EkU8MXWLrYFjE4sF1Bu1m359Gxz,BrDot DAO,,https://app.realms.today/dao/brdot
realms,2pJND9oPC1F4yWrBsxTDpmMcg6BbFSwvcu1kExBkbVDU,Bridgesplit,,https://app.realms.today/dao/bridgesplit
realms,7gyTpxaZS8W1oPXFD9vYkZntKNDst4A3LWD25CPJLTRr,Bulls Army Club DAO,,https://app.realms.today/dao/bac
realms,HivVP77n6hsrgsaJUoHkYRMzgjjfmgWdcRrdrYSm6LLg,Campus,,https://app.realms.today/dao/campus
realms,DReG8cfj6XA73u82AGFnytxGm3XZ3saetGwapRrRkoty,CandyPay,,https://app.realms.today/dao/candypay
realms,AH4qTqRFcoNqmYEi7p8heAGVSPHfJrNUPa8DvjDnBsf3,Carpool,,https://app.realms.today/dao/carpool
realms,794Cz2u7BqcqjuQBB87E8Jg8rdtG46pBodrh5sJLMJdz,CARROT DAO,,https://app.realms.today/dao/carrot
realms,2shVRWxt5gSa3oUcCLv7X8SX6d4Wg5oMftMR7ZbEnPVm,CatalinaDao,,https://app.realms.today/dao/2shVRWxt5gSa3oUcCLv7X8SX6d4Wg5oMftMR7ZbEnPVm
realms,23DjgMdE4vCCNckzy8F4NvRFMxH6X2LVU6DrC75btVR8,Cega,,https://app.realms.today/dao/cega
realms,41SoCf3dmToE3YNJxAzz3GqNMp9SnzzYBH7cB7f1RJ82,Chiao (Chimpions),,https://app.realms.today/dao/chiao
realms,FuqmCzaTqH1QbokY3agcYQaJqoWog1UkSrcNCDBPXusu,Chicken Tribe,,https://app.realms.today/dao/cock
realms,5KvezmjkfTshcWZ56jt6xj88Nu5Lbgy4gigHenhH8HPb,Chillchat,,https://app.realms.today/dao/chillchat
realms,ASUYfCjE6uNBo5scmiFqC67v7Dyoq3znaZPvohR9yL2j,Civic Community DAO,,https://app.realms.today/dao/civic
realms,5qfNPr56sGqoH7dTDBqVWqnhHZqYj7AcouoiHFDV9ZU3,Clack DAO,,https://app.realms.today/dao/clack%20dao
realms,FaFVkr9YPynm3XJ64zyJFCimGzggFHu3V2L3hQzG1BkP,ClackDAO,,https://app.realms.today/dao/FaFVkr9YPynm3XJ64zyJFCimGzggFHu3V2L3hQzG1BkP
realms,AZeGs7CUtC6DE8dHgW6V7wKJ6XeEi1jd3EbZxaFSUwCv,cnek_world,,https://app.realms.today/dao/AZeGs7CUtC6DE8dHgW6V7wKJ6XeEi1jd3EbZxaFSUwCv
realms,AG41aksZiicyRPrEXMQWUaHKqetgyQNMtZ2fXcx4y6Lt,Coffee,,https://app.realms.today/dao/AG41aksZiicyRPrEXMQWUaHKqetgyQNMtZ2fXcx4y6Lt
realms,4vXAFpUSfRzxbtriRe7tH6u2Uwbm2SmBsD8EKnWow5qh,Cogni,,https://app.realms.today/dao/cogni
realms,4pzwicnneaxCL4XVms2gJApfj7jpiFvDMzCWEHYw2rMV,Coin98,,https://app.realms.today/dao/coin98
realms,EYNTFC5dB6ofU6AgbQgDsRsJ6oXBU783drDYQbdm9kba,Coinable,,https://app.realms.today/dao/coinable
realms,2xkoYrmY6Kvu2hXVeX6i1Gjz9JW4VPh5vtAqbkM4UsoQ,Collaborate v2,,https://app.realms.today/dao/2xkoYrmY6Kvu2hXVeX6i1Gjz9JW4VPh5vtAqbkM4UsoQ
realms,5br35MJv8PgTuWisqd8yBhTcW5wER5C2iyMVG5G2xZ2t,Collective Growth,,https://app.realms.today/dao/greenie
realms,2KY6Ka8KNxLEPvD19J5GArVReVWm2VSinNmqvZJMYzRP,ComradeDAO,,https://app.realms.today/dao/comrade
realms,DdNEw88N8VTeYfvxdLBwQ9aR4trejTUapGZRGdaMqyNY,Contribute,,https://app.realms.today/dao/contribute
realms,BE5wCCi9fg5YxUWos5A9JYACCLTPCKbcbJknTMxz76g4,CreatedBy DAO,,https://app.realms.today/dao/createdby
realms,GgjTau55pSX5QRmGhfAGhQafHMAuDEwg4KRfaHuWXzr5,creative club,,https://app.realms.today/dao/creativeclub
realms,2m2HfiYwMdbwVQ2BsSdqzQihdK2c2JymVy7aREDa9Lzu,Credix,,https://app.realms.today/dao/credix
realms,8V5BthCyL5LFDsWDKhfmAHqEgudSw1pXMC2PmWKAAr3D,crossmint,,https://app.realms.today/dao/crossmint
realms,7s1T2cWfgs6XCNWwZLK9LcTnrwHMAp3zfkoR5pyo6j1d,Crosss-streetwalker,,https://app.realms.today/dao/7s1T2cWfgs6XCNWwZLK9LcTnrwHMAp3zfkoR5pyo6j1d
realms,2wQ7tbFct6TnoQ4afYXuxDM45WQnXzjT7w5TNCVyBjqM,CTD v3.1-3.9.1,,https://app.realms.today/dao/2wQ7tbFct6TnoQ4afYXuxDM45WQnXzjT7w5TNCVyBjqM
realms,ExNgzoxhqGnZjRktnkVNbXCkXWfoUmZTcKCt4XpDkw6L,CTD v3.11,,https://app.realms.today/dao/ExNgzoxhqGnZjRktnkVNbXCkXWfoUmZTcKCt4XpDkw6L
realms,CuXkcNWVrBRcNZGqq9PV28REFM9Ce3QPZCQLcRnKKj91,CTD v3.13,,https://app.realms.today/dao/CuXkcNWVrBRcNZGqq9PV28REFM9Ce3QPZCQLcRnKKj91
realms,EY2AXgwSKYgh7ZKDZDe4j3VNFEywkSxChAfHHtag2zrt,CubDAO,,https://app.realms.today/dao/EY2AXgwSKYgh7ZKDZDe4j3VNFEywkSxChAfHHtag2zrt
realms,9W8B5PYFr1ZTFxESJgvd3nQCuiYHppiZaP8GUFpgW37g,Curious Ones DAO,,https://app.realms.today/dao/9W8B5PYFr1ZTFxESJgvd3nQCuiYHppiZaP8GUFpgW37g
realms,3rQGVXuERbo9jakn5QXYBDFPR3uPXrNhPFQSmTeMNC2X,Cyber Feminists,,https://app.realms.today/dao/cyber%20feminists
realms,6ENR4hciiwNTEF2NJCyCjryxVZqd2gWRV1Dt2dsrZNQt,Cyborg Ape Society,,https://app.realms.today/dao/cas
realms,CCbMnmocmd7GMc688ixg2okNFKshJwdqCfMuxng2CAL,Cygnus,,https://app.realms.today/dao/cyg
realms,9osGkueZJvHdZ8RbcGjgW7usUyBSCKQZSuFrujReXZpx,DAKU DAO,,https://app.realms.today/dao/daku
realms,J3iP45vvwi36vR9gv6HKwUnV4Uho6R1Z83jh6BnrJPFL,daolens,,https://app.realms.today/dao/J3iP45vvwi36vR9gv6HKwUnV4Uho6R1Z83jh6BnrJPFL
realms,2sq7ECWCtQ1SxTy16Zd7bLjEJ2SSnkN1sc7GH92ZaW5n,Dapper,,https://app.realms.today/dao/2sq7ECWCtQ1SxTy16Zd7bLjEJ2SSnkN1sc7GH92ZaW5n
realms,9mS8GuMx2MkZGMSwa2k87HNLTFZ1ssa9mJ1RkGFKcGyQ,Dean's List Grape,,https://app.realms.today/dao/dean's%20list
realms,F9V4Lwo49aUe8fFujMbU6uhdFyDRqKY54WpzdpncUSk9,Dean's List Network State,,https://app.realms.today/dao/dean's%20list%20network%20state
realms,AxPJNe69VrdqWV1VkgDoRcM6Utizje6HdUqE5paJopap,DeFi Land,,https://app.realms.today/dao/defi%20land
realms,8PaQWLgqMyF6oxhteahuhvKag2RcbedsRuy2jMFJoLzU,Degen Legends,,https://app.realms.today/dao/degen%20legends
realms,7f47FkSAJqJLNY5p3jKxp7CLbEYbQDhhmKuYDJKrNJEq,Degenerate Ape Academy,,https://app.realms.today/dao/degenerate%20ape%20academy
realms,wx9R4TZLgL4VaVK89uW9D9DpMKMUCSm16nABeahk9Ex,DeGods,,https://app.realms.today/dao/degods
realms,Hwdg2oBifJ9BpvYsoXPvjjLfc3CWGtbnX1idCMCyrd3m,devilnara,,https://app.realms.today/dao/devilnara
realms,7s5QZmpit4uu1y2bkByXerE2mv3XBHtiNQ4JkDdmKRiQ,dialect.to,,https://app.realms.today/dao/dialect
realms,6iMVHPfcBebctV5bvSY23d2nuDuKvzTLP9HNCwWV2gGe,Diaspora DAO,,https://app.realms.today/dao/diaspora%20dao
realms,12pDfk9KHaP3rZSnPEM42xFwVLHuEMDV8cJj9zhmeHBu,Digital Asset Investing,,https://app.realms.today/dao/dainv
realms,Huv6gAgfyjqj24WAypHthD85SGDc9N3WvhwFAxm7eDgn,DigitalEyes Market,,https://app.realms.today/dao/digitaleyes%20market
realms,9jebQmDLbYRa4vo8rCQpPJu9VxRxWMp1cNTU1nzmrNLY,Dispatch Protocol,,https://app.realms.today/dao/dispatch%20protocol
realms,HLi5GC88HRh4edx1KeonAVbbgKiCZM6DwhgiUGXGCpuC,DolphinsDAO,,https://app.realms.today/dao/HLi5GC88HRh4edx1KeonAVbbgKiCZM6DwhgiUGXGCpuC
realms,9nUyxzVL2FUMuWUiVZG66gwK15CJiM3PoLkfrnGfkvt6,Drift Protocol,,https://app.realms.today/dao/drift%20protocol
realms,EAyrTrS4fEkCCXtbn3qFEtv4LzocYMqeVGYKW7syPt6Y,Drippieverse,,https://app.realms.today/dao/drippieverse
realms,EGYbpow8V9gt8JFmadFYai4sjfwc7Vc9gazU735hE6u7,Dual DAO,,https://app.realms.today/dao/dual%20dao
realms,DHh2jeVeFpSJSkebTv3gQRZ9jQWqA2nr91pRaGPh3bLD,Dual Delegate,,https://app.realms.today/dao/DHh2jeVeFpSJSkebTv3gQRZ9jQWqA2nr91pRaGPh3bLD
realms,DWKA2a55f29APGMA35UWLEbf9kBie189tCy3it7ri45C,Dual Delegate 2,,https://app.realms.today/dao/DWKA2a55f29APGMA35UWLEbf9kBie189tCy3it7ri45C
realms,HnLuYmBxDxK1MCihHJVFnNudUTpLPc2km6xNcRQ8KPdj,Dual Finance,,https://app.realms.today/dao/df%20test
realms,6Yj8shsZrjqYQuPkEzcvkmdFq5Nn7RSVQ4EsNqLx7DJQ,duck punks,,https://app.realms.today/dao/duck%20punkz
realms,Bwjrnh5dGZ2tHZKjLtMNwwhtk8sCGfR1ZM8ZxcVCe87m,Dushan Streamflow DAO,,https://app.realms.today/dao/streamflow
realms,5K4VVEeYpANxL79r7rM3heyXqYZkzu2KkD4kFkt1gGpG,Earth From Another Sun,,https://app.realms.today/dao/multiverse
realms,EZdH6oyvrQwxVjbptwi1WC9JnXBPWTr8X1XrU73KTzTY,EBIZU,,https://app.realms.today/dao/EZdH6oyvrQwxVjbptwi1WC9JnXBPWTr8X1XrU73KTzTY
realms,H3e67AJqEx3yiWcSdP7g6qVkrAeCrpJSkQtxAKy7QYGK,Ecosystem Hub,,https://app.realms.today/dao/H3e67AJqEx3yiWcSdP7g6qVkrAeCrpJSkQtxAKy7QYGK
realms,CB91cSkKALWCSdYGnge8VDiQ1CuvQReyCDY5KRKeb6b3,eddytest,,https://app.realms.today/dao/CB91cSkKALWCSdYGnge8VDiQ1CuvQReyCDY5KRKeb6b3
realms,5jcvyVF1NQQ9uJzCACSEPkqbgGpb5A3ucYzPtgnijz97,edts2,,https://app.realms.today/dao/5jcvyVF1NQQ9uJzCACSEPkqbgGpb5A3ucYzPtgnijz97
realms,376quXDrSmhd5655Z7aNVKHfDQR3SNi4pEDxmA7TES5V,eleusance,,https://app.realms.today/dao/eleusance
realms,J7deUothQNZ2momjrDwetv9RjL714h8U8cSz6oVd3s1m,Elusiv,,https://app.realms.today/dao/elusiv
realms,6Ffasv4dQ8ZeRbZXZx2tiHcgJh5Y5VELmxnA7Qh1RWRg,EmpireDAO,,https://app.realms.today/dao/empiredao
realms,5jHwG4CWkZhJD75M9kiZybGtzr4GC32NwvEq6dmSKefm,Enthusiast Gaming,,https://app.realms.today/dao/enthusiast%20gaming
realms,DCdCsuUjg6MnULfEmBUmvg1heggnLrKSFdp5uTRSKuwR,Epics,,https://app.realms.today/dao/epct
realms,9pLvqBe2CxC4HXQD5UQ7YLpQUqC5A9SqU4kNqw9inbNQ,Eternal Dragons,,https://app.realms.today/dao/eternal%20dragons
realms,72xxLmJaEetFLZ27qpE8wZVTnccNazS9ric1SUeza4BC,Ethrix,,https://app.realms.today/dao/72xxLmJaEetFLZ27qpE8wZVTnccNazS9ric1SUeza4BC
realms,7pX17rs38WKHVw5mpJNBCjGXRz5eZsPj5QHAEZv1Zu4d,EverSOL,,https://app.realms.today/dao/evs
realms,5xX4LC7tTGD3uXGGHxLsDR1SBSZLh8rcaAPfAAdq4kBv,everwave,,https://app.realms.today/dao/5xX4LC7tTGD3uXGGHxLsDR1SBSZLh8rcaAPfAAdq4kBv
realms,CPmDLFBotGvZEDaipydirmjXtZNYbbgYnnVdQ9RwkbJn,Exhibitory,,https://app.realms.today/dao/CPmDLFBotGvZEDaipydirmjXtZNYbbgYnnVdQ9RwkbJn
realms,4X8PMiLabGjdAHdrKL9SLu1HAMMp9xNcn3DY2mAciT8N,Faraway,,https://app.realms.today/dao/faraway
realms,FHQpjsVxL3vzB6vTeCdyrjBbvDgbrFFSzejbhcQJgwgS,Fishnet DAO,,https://app.realms.today/dao/fishnet
realms,81dgxBYogwBPS17aUCY1ScFqSKrehECdFxA8Ywa9CiVb,Flipside Governance,,https://app.realms.today/dao/fsgov
realms,FyxeTgyjf4YmSPPiY1YTE7S7e3WWa7sfPYnY9U5htRpp,Flowers DAO,,https://app.realms.today/dao/FyxeTgyjf4YmSPPiY1YTE7S7e3WWa7sfPYnY9U5htRpp
realms,2R13TGyT6Tq5GhKm2er5tuYGXDzucDvGkyhd2qtZhsBy,FLWR - Blooming,,https://app.realms.today/dao/2R13TGyT6Tq5GhKm2er5tuYGXDzucDvGkyhd2qtZhsBy
realms,CZatgrcvaDN9ib1sQeSCJWUnBXc899ydTB9vfAHHBVfP,Foresight,,https://app.realms.today/dao/fore
realms,GMpWmXc3sKejmAcAFpcQ4NgCL9Fx3gFR2FeepNUtK5Mh,Francium,,https://app.realms.today/dao/francium
realms,3i2q1Jw9EMTXT2xfZjQgyNPBcebL22dS9UYi9fyJHhsA,fresh agrippa dao,,https://app.realms.today/dao/3i2q1Jw9EMTXT2xfZjQgyNPBcebL22dS9UYi9fyJHhsA
realms,371PRJu9vyU2U6WHcqorakWvz3wpfGSVhHr65BBSoaiN,Friends and Family DAO,,https://app.realms.today/dao/fafd
realms,CXGN5H84vXjoQg7jkAKdAbMtEv3S2K4t8kptwzPzfQLQ,Friktion DAO,,https://app.realms.today/dao/friktion
realms,6BYWxC141o8wURKCwweZYkctQvnqnKYxXVm4u4qHKCvs,FRONK DAO,,https://app.realms.today/dao/6BYWxC141o8wURKCwweZYkctQvnqnKYxXVm4u4qHKCvs
realms,4kofKQxGvnq5nXumXJaqPnPoHfmZxgH2YUqpxGWYjZ5c,FYFY DAO,,https://app.realms.today/dao/fyfy
realms,HWYGhNLKUrrE8RmVkitDZrgsb68Ye8sp5P2pVLb2FyNf,Gangbusters,,https://app.realms.today/dao/gangbusters%20ltd
realms,H3A8YM1ggR7GggD9qX4CEWkvPmkQUXuhGq2AGpbgqM6J,Garbles,,https://app.realms.today/dao/garbles
realms,uWg5gaTsBnXc5qiVMB8XxBUPYqLAb5bzzgkkpxi6UAY,GARI Network,,https://app.realms.today/dao/gari%20network
realms,96VSxgcsxhh8qcFXdT7nMzxA1CMrUBxrxcetqYFqdV5V,GenesysGo,,https://app.realms.today/dao/genesysgo
realms,8gqpog28H6UvefDu7wMbwaRQX7a7rbVtw7z3yX9xjJQa,Genopets,,https://app.realms.today/dao/genopets
realms,7qZvear7sxwpC5dbGYinpKXFaWDe3RFrL1eprxtV4g46,Gh lup,,https://app.realms.today/dao/7qZvear7sxwpC5dbGYinpKXFaWDe3RFrL1eprxtV4g46
realms,6jydyMWSqV2bFHjCHydEQxa9XfXQWDwjVqAdjBEA1BXx,Gilder,,https://app.realms.today/dao/gilder
realms,27tbVohNkTpWiKtz1oGJQPhb3gPSGJfc4e2MtqFcuSuW,Glass,,https://app.realms.today/dao/glass
realms,ANtJCBArjeUDBMhS6tPEnNcML6A7Q4VLgdKjDcnCgpzy,GNAR AF DAO,,https://app.realms.today/dao/gnarafdao
realms,12N8jb333fuUfL9zWwrwnyBuekGSV2qp4AsFGawpbNZv,GOTM,,https://app.realms.today/dao/12N8jb333fuUfL9zWwrwnyBuekGSV2qp4AsFGawpbNZv
realms,8MDxzhwnd3sihZLg95VGzYqxieoQpKF3kR1kpXbDQt25,gov_svr,,https://app.realms.today/dao/8MDxzhwnd3sihZLg95VGzYqxieoQpKF3kR1kpXbDQt25
realms,FMEWULPSGR1BKVJK4K7xTjhG23NfYxeAn2bamYgNoUck,Governance,,https://app.realms.today/dao/governance
realms,By2sVGZXwfQq6rAiAM3rNPJ9iQfb5e2QhnF4YjJ4Bip,Grape,,https://app.realms.today/dao/grape
realms,A9zS9kTuobH3nSyzvhtVqhRA61vXs2wnxrQgMScUBzur,Grape CC SubDAO,,https://app.realms.today/dao/grapeccsubdao
realms,DLuzpkQrqiNeRsjQPLjyroPkZaHmh1wCuUT3NLAw8T6F,Grape CM subDAO,,https://app.realms.today/dao/DLuzpkQrqiNeRsjQPLjyroPkZaHmh1wCuUT3NLAw8T6F
realms,5DceyfNbmWYxWGnjFSmq8YtJjSWBUdmuTCkXMqEkCBvZ,Grape DAO tests,,https://app.realms.today/dao/5DceyfNbmWYxWGnjFSmq8YtJjSWBUdmuTCkXMqEkCBvZ
realms,2hzSGHCfkAaGWedSc3Bh9CrmxGaQNCu8wjZPUfvbkYm7,Grim Syndicate,,https://app.realms.today/dao/grim%20syndicate
realms,36fZRsuM3oXvb5VrEXXVmokbGnjADzVgKpW1pgQq7jXJ,gSAIL Governance DAO,,https://app.realms.today/dao/gsail
realms,A8qAQW8SVUPB51znW8Ym81AYb2TFPLCzUwgzWvpca7be,Hackerz DAO,,https://app.realms.today/dao/hackerz
realms,zv8G3bXWe589fpb51LXfsoK2ACMAEqqHyjdYcxVys5R,Hackerz DAO - High Council,,https://app.realms.today/dao/hackerz%20dao%20-%20high%20council
realms,HgcYAkXFT1ENpUCjBZWc1TjAAFacUwdGZRNhTHx9cuo,Hadeswap Governance,,https://app.realms.today/dao/hadeswap%20governance
realms,4PYdZHs2hwZYibkvEnpVCJpU7bD4aFUkWtYxGFU25ZWu,Hari's Realm,,https://app.realms.today/dao/%24masoordao
realms,BCTLQ9Yd1GD5zCvLiZyHHiTEEF3b31a95cVmRoCa7qYd,Hawksnest Wallet Council,,https://app.realms.today/dao/BCTLQ9Yd1GD5zCvLiZyHHiTEEF3b31a95cVmRoCa7qYd
realms,H2wGwADHWze2yZRurayzutPnDeKxpvf6WhVJpzixM121,Hedge,,https://app.realms.today/dao/hedge
realms,wij7YqAPCYtPk4isjY5TpoMpbYC7xupwuKVzpbnZHp7,HEIR Labs,,https://app.realms.today/dao/heir%20labs%20inc
realms,2AgaUrJeZYxQgipGa8s5opQBPRqJBjKwWqv3hwinnefJ,Helio,,https://app.realms.today/dao/helio
realms,2VfPJn8ML1hNBnsEBo7SzmG11UJc7gbY8b23A3K8expd,Helium,,https://app.realms.today/dao/hnt
realms,8UQNtD5Zw8ijB7ZpGiPLodKXMxtVyQmtu1AEztd3p6Po,Helium IOT,,https://app.realms.today/dao/iot
realms,7yyaEqDNfgqS6cgmPmJGVoU5dkwayPFRq55VmNDR79ij,Helium MOBILE,,https://app.realms.today/dao/mobile
realms,VAf2xnozMTWeytjUU4GtoyqrGj63owBENr754Y3bzL5,Helius,,https://app.realms.today/dao/helius
realms,3cUZdDqKWhgBeLpXqoLKaZAEX2uAiGYGRq1EaY1G7HUn,Hello hello test,,https://app.realms.today/dao/3cUZdDqKWhgBeLpXqoLKaZAEX2uAiGYGRq1EaY1G7HUn
realms,G4CR3KUvqPZWmHbuvWhBPqL4vBBBujviyeTVynN2rhKB,Hello Moon,,https://app.realms.today/dao/hello%20moon
realms,BajTxcakEhiEh7s6xom4oLtBWkYLNarfbA3ZGksVWQH5,HNT Test DAO,,https://app.realms.today/dao/BajTxcakEhiEh7s6xom4oLtBWkYLNarfbA3ZGksVWQH5
realms,CsmD7MZ5aKA26gyvtXMzFNL5krnvHfd6SPUpXj8EgTky,HOA DAO (Parcl),,https://app.realms.today/dao/hoadao
realms,4H282CCFjstxBd651gdhAydnXcjGk956Dk7p25MqxmfN,Holaplex,,https://app.realms.today/dao/holaplex
realms,AbhcUjeJ5NdEf26hoo3DmnwVmPw8CxmqpkPJc3xxC6g1,Hubble,,https://app.realms.today/dao/AbhcUjeJ5NdEf26hoo3DmnwVmPw8CxmqpkPJc3xxC6g1
realms,AgR2tq1xcbqwmgDcNRaV1BEP5J3kfJfswP5vn6WWe6uC,Hubble DAO,,https://app.realms.today/dao/hubble%20protocol
realms,DhuExYnEG55GzCrEWsUjTF6jDjoXuvWj8Y2x3eb6SZqb,Hxro,,https://app.realms.today/dao/hxro
realms,C2UjGNvre8bAduAnP7PijRpD4HM2kVYkgXksCV3sDGw4,hype realm mobile,,https://app.realms.today/dao/C2UjGNvre8bAduAnP7PijRpD4HM2kVYkgXksCV3sDGw4
realms,G2jq991DwNM1irZFwhPtCmzquXwBNQvAg5Sj8tBnqA2H,Hyperspace,,https://app.realms.today/dao/hyperspace
realms,WBmKxddpbtnVPXXUFCJf5BcC4qfCRZ9wsZSxTZBjdM5,Ikohaus,,https://app.realms.today/dao/ikohaus
realms,FEAqvnHHXwNjabA4Bb9YYdzbLjr171imPyuP3thCixKJ,Immortals,,https://app.realms.today/dao/FEAqvnHHXwNjabA4Bb9YYdzbLjr171imPyuP3thCixKJ
realms,Gz9Zoht1gb6RW9hn9ejCup3uMDRqMSnppBWiQr9dHCaK,Infinity Labs NFT,,https://app.realms.today/dao/infinity%20labs%20nft
realms,22nDweMdSCCDoCMFUoS8Zgv7jnZxpLuqGrkL3cmSwuU3,IntoTheVerse,,https://app.realms.today/dao/intotheverse
realms,BgezhGfctjcM8x5SsScCmX58txz8cUDikYp3ifk2vEqM,Investment Analyst DAO,,https://app.realms.today/dao/iadao
realms,2dZAfmpEVMa18ESGiMHQxTWpQvdzEdhNdT7Ai6wdNkZ1,Irreverent Labs,,https://app.realms.today/dao/irreverent%20labs
realms,APiZ1jchvykfnJkqmp3bXJQyPBvYDR3HycaWVff2MEd8,JEFF,,https://app.realms.today/dao/APiZ1jchvykfnJkqmp3bXJQyPBvYDR3HycaWVff2MEd8
realms,78TbURwqF71Qk4w1Xp6Jd2gaoQb6EC7yKBh5xDJmq6qh,Jet DAO,,https://app.realms.today/dao/jet
realms,ATnhhZJ74xg4mzxDyNQ5YAE1BZ98PhrhAsMS4xNXquvX,Jet Engineering,,https://app.realms.today/dao/ATnhhZJ74xg4mzxDyNQ5YAE1BZ98PhrhAsMS4xNXquvX
realms,2Z5BXuRCJPqYUCBGyQTwAXHeJoFAnbtvoXja19aZFLKY,Jupiter Aggregator,,https://app.realms.today/dao/jupiter%20aggregator
realms,6WSAYEn58KgKrtSuqP4UJrvwHoduvyi2vMuAaqYKL8Yr,Kaimana DAO Official,,https://app.realms.today/dao/6WSAYEn58KgKrtSuqP4UJrvwHoduvyi2vMuAaqYKL8Yr
realms,E5yobpBits2Wm8LbtGSPS6KhKzU3oZRTcbx2XTM6Q1fF,Kaizen Corps,,https://app.realms.today/dao/kaizen%20corps
realms,53pMaU2DXieGxwXZLMN1rgDECwFrxuYw5u9QgEFCx4Rd,Kamino Finance,,https://app.realms.today/dao/kamino%20finance
realms,GsoJzs1Pb5J31huQki69G3Ng4zBco5d1Feu28tH7CJCu,Kiddie Pool DAO,,https://app.realms.today/dao/GsoJzs1Pb5J31huQki69G3Ng4zBco5d1Feu28tH7CJCu
realms,AvfMYqHjddR93zvmZXcQGUTkRu3GJYppTU93iKhMUWRF,𝕂𝕚𝕨𝕚 𝔻𝔸◎,,https://app.realms.today/dao/kiwidao
realms,BkoiytgkhWBwyB7cwNPoMvi2DJ1Zxr51LMevaCBH5CiU,Kiwi Kingd◎m ,,https://app.realms.today/dao/kiwi
realms,GURMs9sYzDNPhTJxsuDvFUpoBom8VKFicbjxK57hCj4e,LandDAO,,https://app.realms.today/dao/montanaland
realms,6JzsaQYYi4vGTZogASscZsBALWbSbJU9tMDRtq6nbeff,laptopDAO,,https://app.realms.today/dao/laptopdao
realms,HPhQwEU6GEYd82vkXDQ59pjavVJ7vrEsbnj1fwU9USRA,LavaDAO,,https://app.realms.today/dao/lava
realms,CGSwgi67ZKcv7dwXewSQbzD89CncB9Vmhb8adgsWNJMJ,Le DAO,,https://app.realms.today/dao/ledao
realms,8PqcJBBsZRMHQwMYrP6wx7BFrX4TNpBTWTVegGDNiFEJ,Legion of Sol,,https://app.realms.today/dao/los
realms,8KjxsKa2eJiatAMyiVNqhUgYXVJe6X51dLHnkyNEd2hm,Legit DAO,,https://app.realms.today/dao/8KjxsKa2eJiatAMyiVNqhUgYXVJe6X51dLHnkyNEd2hm
realms,GXw7esYZ42nRZBFZTnAXa5fkdDgkvdZh7xeVuCEXoJZP,Lighthouse,,https://app.realms.today/dao/lighthouse
realms,HCT1Ymx72u1W9QCoPgDse4W9xiyG6UZPXLvBG9MA2YRr,Looties,,https://app.realms.today/dao/HCT1Ymx72u1W9QCoPgDse4W9xiyG6UZPXLvBG9MA2YRr
realms,HUDn6xDodk7sSE1ZPNzZEMJh1j8qu5zFxYFXPgAQ1AHE,LP Finance xGovernance,,https://app.realms.today/dao/xlpfi
realms,HJ4YUJFSa1xX5wfbrPQKMTcTTnyT2eMxBk2eyBFGVmR7,Ludex,,https://app.realms.today/dao/ludex.gg
realms,CCDUx5kYgpnP42VUnmPhg7m15rZhMPE8YxufqGmoPtvG,MacroSyndicate DAO,,https://app.realms.today/dao/CCDUx5kYgpnP42VUnmPhg7m15rZhMPE8YxufqGmoPtvG
realms,9MwbgfEkV8ZaeycfciBqytcxwfdYHqD2NYjsTZkH4GxA,Magic Eden,,https://app.realms.today/dao/magic%20eden
realms,J8MPX9r6BzmntwcnhZP1SFX3hJi5f579vZqvdTdEHvTF,Main DBD Treasury #1,,https://app.realms.today/dao/J8MPX9r6BzmntwcnhZP1SFX3hJi5f579vZqvdTdEHvTF
realms,6CtRDv4Gij311bLbnfKmZ4fyo5MMMZ1EzX6qCNZnGjhW,Main REX Wallet,,https://app.realms.today/dao/6CtRDv4Gij311bLbnfKmZ4fyo5MMMZ1EzX6qCNZnGjhW
realms,DPiH3H3c7t47BMxqTxLsuPQpEC6Kne8GA9VXbxpnZxFE,Mango,,https://app.realms.today/dao/mngo
realms,DnWHRVRbA2XGwWth2da7iF3Q81cqRHhqJXSPS8J3G6fo,Mango Liquidity DAO,,https://app.realms.today/dao/mangoliquiditydao
realms,AQbsV8b3Yv3UHUmd62hw9vFmNTHgBTdiLfaWzwmVfXB2,Mango security council,,https://app.realms.today/dao/AQbsV8b3Yv3UHUmd62hw9vFmNTHgBTdiLfaWzwmVfXB2
realms,C556EiXyMWU62Ed7rrGipZrRHWnUm3hPvufUzcdXsj2V,Mango Security Council,,https://app.realms.today/dao/C556EiXyMWU62Ed7rrGipZrRHWnUm3hPvufUzcdXsj2V
realms,Eb69t8zTkNbBViLRykbgBofr8PbwvZoAX4KicVcNNwkj,Mangolana Council,,https://app.realms.today/dao/mangolanacouncil
realms,FR2zKuDbW41fxjiSxaXZ2q8Wa16xsEiUvbZPHfgpMcKx,Marinade Config,,https://app.realms.today/dao/FR2zKuDbW41fxjiSxaXZ2q8Wa16xsEiUvbZPHfgpMcKx
realms,Cy5P4FzUZ1dF8h7eY7U4GX6rDAX6p1XkfeoB1eQj6gCC,Marinade Config Council,,https://app.realms.today/dao/Cy5P4FzUZ1dF8h7eY7U4GX6rDAX6p1XkfeoB1eQj6gCC
realms,DEC3vjB1aevR1vCTzCPQRnza5N6xoWVppTGjWXfVxopW,Marinade council grant DAO,,https://app.realms.today/dao/DEC3vjB1aevR1vCTzCPQRnza5N6xoWVppTGjWXfVxopW
realms,DeGbZUC3edzoSAWVzLhoMDTJzc3GbZpVm3AbCCtPYKcr,Marinade Council Realm devnet,,https://app.realms.today/dao/DeGbZUC3edzoSAWVzLhoMDTJzc3GbZpVm3AbCCtPYKcr
realms,899YG3yk4F66ZgbNWLHriZHTXSKk9e1kvsKEquW7L6Mo,Marinade DAO,,https://app.realms.today/dao/899YG3yk4F66ZgbNWLHriZHTXSKk9e1kvsKEquW7L6Mo
realms,3gmcbygQUUDgmtDtx41R7xSf3K4oFXrH9icPNijyq9pS,Marinade.Finance,,https://app.realms.today/dao/mnde
realms,6Fiy6ZrCKBfcMieNq3S6qSzfpgRTYKn5zPW78VL9FwjL,MDLH,,https://app.realms.today/dao/mdlh
realms,5o6gEoeJBpuXT1H1ijFTq3KcSGx7ayabdG2hji7cB3FG,MEAN DAO,,https://app.realms.today/dao/mean
realms,3ZFBoLMRKAU1Th57wvDfmE8PYRZzYZUDNZksNczsrTuU,Media DAO‎‎ ,,https://app.realms.today/dao/media
realms,7mNHUDvuemq6NqnzWZUogmbf8FqhCV79E7qdSatZ4bMB,MeowDAO,,https://app.realms.today/dao/7mNHUDvuemq6NqnzWZUogmbf8FqhCV79E7qdSatZ4bMB
realms,Hr1bD1ta8t7ZtwazmLuDLsU8ND7UPUN5DuYiw8K2H4eu,Mercurial DAO,,https://app.realms.today/dao/Hr1bD1ta8t7ZtwazmLuDLsU8ND7UPUN5DuYiw8K2H4eu
realms,EPB9JbK5NiHoHkrRmpo9v4oJ2bKSVjfA731jeBModC1e,metaCOLLECTIVE,,https://app.realms.today/dao/metacollective
realms,7UyZEvibjTmYDfbhuE3Hi4kuKB4eDfYpZkN7V9XNDeex,Metafrost Does DAOs,,https://app.realms.today/dao/7UyZEvibjTmYDfbhuE3Hi4kuKB4eDfYpZkN7V9XNDeex
realms,Ek6SVCqrPhxvhWCf8HQSNWuf6wum4BEc363h2oNQoUVe,Metafrost Test DAO,,https://app.realms.today/dao/Ek6SVCqrPhxvhWCf8HQSNWuf6wum4BEc363h2oNQoUVe
realms,DA5G7QQbFioZ6K33wQcH8fVdgFcnaDjLD7DLQkapZg5X,Metaplex DAO,,https://app.realms.today/dao/metaplex
realms,2sEcHwzsNBwNoTM1yAXjtF1HTMQKUAXf8ivtdpSpo9Fv,Metaplex Foundation,,https://app.realms.today/dao/metaplex%20foundation
realms,Cdui9Va8XnKVng3VGZXcfBFF6XSxbqSi2XruMc7iu817,Metaplex Genesis,,https://app.realms.today/dao/metaplex%20genesis
realms,CmfnQAJjgUWge1ACV8rCtKWS65GaQu7sVGoFd5qdJEfm,Metaplex Program Governance,,https://app.realms.today/dao/CmfnQAJjgUWge1ACV8rCtKWS65GaQu7sVGoFd5qdJEfm
realms,5zpXVgXhoCCrkU4TWLgAhWMhd4u9KHfJzqDrCsgTLkZk,Meteora,,https://app.realms.today/dao/5zpXVgXhoCCrkU4TWLgAhWMhd4u9KHfJzqDrCsgTLkZk
realms,EXoMkBt1mcCmXyyUQ3K6B3MytGshkWaJfj6bzCDWBc5a,MicroSyndicate DAO,,https://app.realms.today/dao/EXoMkBt1mcCmXyyUQ3K6B3MytGshkWaJfj6bzCDWBc5a
realms,JDAa2nFhyaRsESqYqWoZp6aw8egtcSV2UvKRDgfvgNLY,Mini Royale: Nations,,https://app.realms.today/dao/miniroyale
realms,A3WX4QKcioruP71f4yweusv9jqU9R4LtGfJEHtZhs3Rx,MixMob,,https://app.realms.today/dao/mixmob
realms,6UkNFSiwje4Rs4EB31V4bj8YQYx9viGTxD3WyrM3j5R2,MMCC ClubDAO,,https://app.realms.today/dao/mmcc
realms,8nZXQ6whDJDXasTh1vijeeWnXDLNhUUbywaH6N3UVNv3,MNDE grant testing,,https://app.realms.today/dao/8nZXQ6whDJDXasTh1vijeeWnXDLNhUUbywaH6N3UVNv3
realms,AWU2q8sQc3bjgXXxZDrjNCBAQpfFZX35yy2mZEGcvZAL,MoneyDAO,,https://app.realms.today/dao/AWU2q8sQc3bjgXXxZDrjNCBAQpfFZX35yy2mZEGcvZAL
realms,B1CxhV1khhj7n5mi5hebbivesqH9mvXr5Hfh2nD2UCh6,MonkeDAO,,https://app.realms.today/dao/monkedao
realms,Hcenib1A54LtG4V3TkG4MFYzcLzTqzYKFnttMxAq55c2,MonkeDAO Vote,,https://app.realms.today/dao/monkedaovote
realms,97jKDX5Uxh5xSPbmmfhiFodHEajSVdKkknTzzgf8GBAr,MonkeVentures,,https://app.realms.today/dao/monkeventures
realms,39aX7mDZ1VLpZcPWstBhQBoqwNkhf5f1KDACguvrryi6,MonkOG DAO,,https://app.realms.today/dao/monkog
realms,DKDkC6km37NcExxgBFW1nToSiybPvbu5RwhSSnRWwXYo,MoonlitDAO Multisig,,https://app.realms.today/dao/moonlit
realms,2vZwtXgeE7V5ipovRbSyxDcuDM6FgozHPsFPP92wiPfz,MorDAO,,https://app.realms.today/dao/%24ash
realms,7HCcZmUTFhRf2JSAk9iATLmiM2EPwUTXYK6jAXREnXCa,MSW v3.1,,https://app.realms.today/dao/7HCcZmUTFhRf2JSAk9iATLmiM2EPwUTXYK6jAXREnXCa
realms,4eoVPGJUVkypMvAApaEqhwQwnd7NopY85nTGDqKdbvNJ,MSW v3.1-17.3-1,,https://app.realms.today/dao/4eoVPGJUVkypMvAApaEqhwQwnd7NopY85nTGDqKdbvNJ
realms,2cv1YdP8WseWs684xLQtNHy9KFgzGjG5NQXoArQaX1m7,MSW v3.1-21.3-2,,https://app.realms.today/dao/2cv1YdP8WseWs684xLQtNHy9KFgzGjG5NQXoArQaX1m7
realms,AueHvsaUt8jTQtbsSsZtEzMaTrdkCS6NMUuPRG9nyvbG,MSW v3.1-23.3-1,,https://app.realms.today/dao/AueHvsaUt8jTQtbsSsZtEzMaTrdkCS6NMUuPRG9nyvbG
realms,8XoL5pPcNT8jtcoZ7ayYAxqyQQ5rxphqSmXkXrtUeCoP,MSW v3.1-23.3-2,,https://app.realms.today/dao/8XoL5pPcNT8jtcoZ7ayYAxqyQQ5rxphqSmXkXrtUeCoP
realms,CPvohkuWEw5mGXKm2GW6Cqxy5RMza7FRE1Cpx2SEemfh,MSW v3.1-23.3-3,,https://app.realms.today/dao/CPvohkuWEw5mGXKm2GW6Cqxy5RMza7FRE1Cpx2SEemfh
realms,J9B2Lv41Z3ytG7MZBFM2ZFjPrZiQu7xfBj1brnoFWFD7,MSW v3.1-23.3-4,,https://app.realms.today/dao/J9B2Lv41Z3ytG7MZBFM2ZFjPrZiQu7xfBj1brnoFWFD7
realms,9oduc8HSBt45Dnik8MR7mTe4qXjXM3kQDZCacjsEpJp3,MSW v3.1-29Mar-1,,https://app.realms.today/dao/9oduc8HSBt45Dnik8MR7mTe4qXjXM3kQDZCacjsEpJp3
realms,DUxspxNqZV1DGGTqYMUFxUgCCQSr8ZRqqzPmbCuMpyo1,MSW v3.1-3,,https://app.realms.today/dao/DUxspxNqZV1DGGTqYMUFxUgCCQSr8ZRqqzPmbCuMpyo1
realms,8WXCGiSmztXAqjXNoSEvxHCKtvhCnWHiMNvpmyQkSv4f,MSW v3.11,,https://app.realms.today/dao/8WXCGiSmztXAqjXNoSEvxHCKtvhCnWHiMNvpmyQkSv4f
realms,DJQ9N37fqfLeVo1echdDtQeW9VL5ECS7TjvHPjkkGfHx,MSW v3.13,,https://app.realms.today/dao/DJQ9N37fqfLeVo1echdDtQeW9VL5ECS7TjvHPjkkGfHx
realms,7EyMyY97rZkDoP3tmMHfLqhSRu83jC3evtudZvVAkmLd,MSW v3.9,,https://app.realms.today/dao/7EyMyY97rZkDoP3tmMHfLqhSRu83jC3evtudZvVAkmLd
realms,BTm6bfhAnGRgZ5gbZzCMBc7k1R3SMUCG6KLXhTnmW4sb,multisig test wallet agrippa,,https://app.realms.today/dao/BTm6bfhAnGRgZ5gbZzCMBc7k1R3SMUCG6KLXhTnmW4sb
realms,9PmmctkHPN5Br8V4gmjNuUdccrD7TtzfJ7U8mcpoBGXd,Neo Fairies,,https://app.realms.today/dao/neofairies
realms,87piQaXhHJffNHLkjixEViCoNWFTpXDPnqNTfzj523aD,Neoland,,https://app.realms.today/dao/neoland
realms,E5DCxoF2vjzFeaDBi9kfFDZVoxrpe6nRFfKtm1J8Qdq7,NFT Club Berlin,,https://app.realms.today/dao/nft%20club%20berlin
realms,6NaoicaQtUCgEqUuniSzpsKYN9DRaSeGa3Ludk5Mxb18,NFT OFF ROAD FAN CLUB,,https://app.realms.today/dao/nftoffroadfc
realms,6KoBEZGkhhh2ZXKooockw6hBd3AicPRyi1BuLuBKgoVQ,NFT v3.1.1-v0.2.2-1,,https://app.realms.today/dao/6KoBEZGkhhh2ZXKooockw6hBd3AicPRyi1BuLuBKgoVQ
realms,EGnwZhLzDe8gcGnsEAzgArSJAzf8oSSxC5GThJSP6J4t,NFT2 v.34,,https://app.realms.today/dao/EGnwZhLzDe8gcGnsEAzgArSJAzf8oSSxC5GThJSP6J4t
realms,HB9Csze8DQ54skiMzw6VvAS9oeZ2i3zTDgWuJhQMCQab,NFT4CauseDAO,,https://app.realms.today/dao/nft4causedao
realms,y8uVNEikn3EE7kuuAMzr9FKhskQaWwWYz53XBcSPMd1,NFTnoCouncil v1.0,,https://app.realms.today/dao/y8uVNEikn3EE7kuuAMzr9FKhskQaWwWYz53XBcSPMd1
realms,BuquUQDYsCBPxUsGXxWx7k9bS93kVXyPrb1wyw47fegs,Nick & Family,,https://app.realms.today/dao/n%26f
realms,FqqeSjMtv8hFEjcuWDmRUjBTQLCk9DpSpKiPSxp6qxnq,NodeBanks,,https://app.realms.today/dao/FqqeSjMtv8hFEjcuWDmRUjBTQLCk9DpSpKiPSxp6qxnq
realms,3YdSnGzJbgyq5mGoFxu4RqmrUetUCEvyDkXEFy4oi6zd,NoGoalDAO,,https://app.realms.today/dao/nogoal
realms,7nLVPup5xx5dWWVcDfjyHXHSr4juFM9wn1XaGQYxcYN1,Notifi Hub,,https://app.realms.today/dao/notifi
realms,8faLhNpfpegf6Y5yLPDkxHhgDb7za8AzpGnZiE45tkFK,nramadas 'nother msig,,https://app.realms.today/dao/8faLhNpfpegf6Y5yLPDkxHhgDb7za8AzpGnZiE45tkFK
realms,HH1LJ27wdExLboHg1krtkfh88BGnY8VoHqY7SeyAGG31,nramadas testnet dao,,https://app.realms.today/dao/HH1LJ27wdExLboHg1krtkfh88BGnY8VoHqY7SeyAGG31
realms,HCadAAEHXuBkvGWAe2r7h38JT3EMd1vSJ8qvaqx5wjPC,nramadas-1,,https://app.realms.today/dao/HCadAAEHXuBkvGWAe2r7h38JT3EMd1vSJ8qvaqx5wjPC
realms,DhuWsSg3Jj8fcBjPhgsGE9HnQHmjQYcw6FKm5HKYRJ7R,nramadas-multisig,,https://app.realms.today/dao/DhuWsSg3Jj8fcBjPhgsGE9HnQHmjQYcw6FKm5HKYRJ7R
realms,GogFv5SR4HQH7X5ncPTheKB8oSMnsTUhRMfMLTnKaoeh,nramadas-nft,,https://app.realms.today/dao/GogFv5SR4HQH7X5ncPTheKB8oSMnsTUhRMfMLTnKaoeh
realms,4SsH1eg4zzwfRXBJjrKTY163U2UvW7n16B35pZVPxRpX,Off My Head,,https://app.realms.today/dao/omh
realms,DntR8BU5tYVhQUNfARFG5VxKrpdRaKY2qKC3v8cYJirm,Okay Bears,,https://app.realms.today/dao/okay%20bears
realms,3YVLBo7TUYFGfgv2YHww6gJuUMpP5gkYCc2eWCkVCaBk,OKU DAO,,https://app.realms.today/dao/3YVLBo7TUYFGfgv2YHww6gJuUMpP5gkYCc2eWCkVCaBk
realms,CuLkUtWEvfZX9qt6RuASg4ps5KSXX4vTkoohHtrF3n9S,ONESPACE,,https://app.realms.today/dao/onespace
realms,BhPUqF5LRb9cuKLNRJuh8pynD1QdRSjdQFECL7WcVdVK,oochiktest,,https://app.realms.today/dao/BhPUqF5LRb9cuKLNRJuh8pynD1QdRSjdQFECL7WcVdVK
realms,Gp34fkwEyMhyK1Bjhr4iCdf4CdieUULvDqSrKxyRDu5e,OPANZ,,https://app.realms.today/dao/opanz
realms,D2dphGE7euTcC576skADhqQ8rwZ9dPMq6pmoDhdbdsYX,OPANZ COMMUNITY DAO,,https://app.realms.today/dao/opcd
realms,9dvvWxLNRv2HWRkc1FJdgpXuF9fDRZMsCbw6vTdHbp5,Ora,,https://app.realms.today/dao/ora
realms,uywFFJL6JFGwbSXgU95C6v8f4L4DqBXV2Z3KZaJSxy1,Orbis Protocol,,https://app.realms.today/dao/orbis%20protocol
realms,66Du7mXgS2KMQBUk6m9h3TszMjqZqdWhsG3Duuf69VNW,Orca,,https://app.realms.today/dao/orca
realms,GL54h53j3KAJZ8AqihMo4H48DgRR8nmSwXxSz1ALTGXg,Ostium,,https://app.realms.today/dao/ostium
realms,2tZrZvS73HaePtCFwSL3Uyo2jAvY6xy3DU2ugE9dKakV,P3 Labs: Dao,,https://app.realms.today/dao/p3labs
realms,2TpcKtkc1hUrzXTFS8RF5wZvrQxw87JPuKcERYTprURm,P3 Staff Multi Sig Wallet,,https://app.realms.today/dao/2TpcKtkc1hUrzXTFS8RF5wZvrQxw87JPuKcERYTprURm
realms,ATQNsQUGjRcj8hnKVq9YEjC39BvDxuUCbZjCG1G2dExF,P3 Test,,https://app.realms.today/dao/ATQNsQUGjRcj8hnKVq9YEjC39BvDxuUCbZjCG1G2dExF
realms,NQeP3rw6NqnDR8xAtwUGNKtWUDHEdYQc72Rxmzmv5MS,Palladio Club DAO,,https://app.realms.today/dao/NQeP3rw6NqnDR8xAtwUGNKtWUDHEdYQc72Rxmzmv5MS
realms,FmWpbQSiSuJgK7gi678jSu9kWvPFYntzfSP2Xti8g5Dx,Palm Island City Hall,,https://app.realms.today/dao/FmWpbQSiSuJgK7gi678jSu9kWvPFYntzfSP2Xti8g5Dx
realms,2TTR5PXXHQFTjYedHfYQpEe1GTwwYFuoywawVnSi1RLb,Panda Fraternity DAO,,https://app.realms.today/dao/%24panda
realms,aoBhePkPBCvrSZrK1ioEz6duUY211jfeBPzMzeGAqT8,Panzerdogs,,https://app.realms.today/dao/panzerdogs
realms,8msNFq5VBectsGAv66zYx5QRve1p3m6ZEz49xaWX3tbd,Parcl,,https://app.realms.today/dao/parcl
realms,HvSw2w9Ctfr8ejS8Gm1SvXpNxiQ7Fdgz8W6HmBvqVpC6,PBN3 Paul Barron Network,,https://app.realms.today/dao/pbn3%20paul%20barron%20network
realms,EEEUj9CcyKFN7BAuyiuySaLH3Eowkhvfxd6T8gDnUV12,PDP DAO A,,https://app.realms.today/dao/EEEUj9CcyKFN7BAuyiuySaLH3Eowkhvfxd6T8gDnUV12
realms,4BNkheiMATVVcyJnGpjPbbPvFuKMx3cCDmkEbtnTz2iV,Phantasia,,https://app.realms.today/dao/fant
realms,Fvzr2TsUuUZ4HoZumH6ppa1cacWshU1YUZgGYHPHH4rz,PHOENIX DAO,,https://app.realms.today/dao/phoenixdao
realms,CQCjCNrq43CTiGyCkLqVo7aUw7CT4ZnAQsw6oqnRy6Pv,PHYdev,,https://app.realms.today/dao/CQCjCNrq43CTiGyCkLqVo7aUw7CT4ZnAQsw6oqnRy6Pv
realms,DsWWtZrqXBcqTTPoEyFH793Euq82r95CuXWTwqo3JZur,Physis Foundation Quorum,,https://app.realms.today/dao/phy
realms,AUYUF7z2aWNHySuWEW43pzSYL6aioKdc1pwCniyNCFBK,PixelBands DAO,,https://app.realms.today/dao/pixelbands
realms,4Mgn32BDz48BNRTJLk7fKg3e5Rtgfvf4WvCisR58fsiw,Plantoids,,https://app.realms.today/dao/plantoids
realms,5ZpUxJwnXWW3op9q3uUWWLuw9qS7cky7MHwGLzqYdUyz,Play DAO,,https://app.realms.today/dao/5ZpUxJwnXWW3op9q3uUWWLuw9qS7cky7MHwGLzqYdUyz
realms,DP3rcxLjvKDUi5AKyJ83mTRTQZQCNyuq9fzcmq1fu6Nn,Plutopia,,https://app.realms.today/dao/DP3rcxLjvKDUi5AKyJ83mTRTQZQCNyuq9fzcmq1fu6Nn
realms,6xdMASp69Q42BudN7L2u2i92GfEruzCiZBqYaT3hwhZ4,Polar DAO,,https://app.realms.today/dao/polar
realms,GQW5LBignZKHxhP7SN4rRNT13LYucK3D6Eq983UzufjZ,PonziLabs,,https://app.realms.today/dao/goblingold
realms,12gEDQvesi9qSMoXcY1LSHxGqArUXZ2HemihyEShpoWf,PoorDao (Famous Fox Edition),,https://app.realms.today/dao/poor
realms,FneznCHADXLsDjkvq51UmhZMropsXkSbkzJ5qXBMw1RF,Port Finance,,https://app.realms.today/dao/port%20finance
realms,54owXqUwmzR18h4NY6VEp45SNp6qtJUfByDeQuHenhgK,Portals,,https://app.realms.today/dao/portals
realms,8mrcnaGgMVKsYzWRDzSe47n2hTQjkuhYeXHGgSR1xkHP,Primitives,,https://app.realms.today/dao/primitives
realms,FiG6YoqWnVzUmxFNukcRVXZC51HvLr6mts8nxcm7ScR8,Psy Finance,,https://app.realms.today/dao/psy
realms,DvufAghHr42Jvnsq3vJSDf91zCSKcBTFRpzmq3u9BKzp,Purple Squirrel Media inc,,https://app.realms.today/dao/DvufAghHr42Jvnsq3vJSDf91zCSKcBTFRpzmq3u9BKzp
realms,A1f6LNEymJSSJsEVCL1FSgtS1jA9dNTC4ni8SkmbwQjG,Pyth Governance,,https://app.realms.today/dao/pyth
realms,51xrqmtWm99dbhgit8miFcdX9qitkthJeP3ZWDATsJcd,raccoonlegend,,https://app.realms.today/dao/51xrqmtWm99dbhgit8miFcdX9qitkthJeP3ZWDATsJcd
realms,6LjHttTUQfps53BjCFibfZx3BnGvCnGeYRaVjLuXv64L,RACE Protocol,,https://app.realms.today/dao/race%20protocol
realms,12Q9JeKazwCbMDwiK4Hq9eGgCJJaE37Kt79AUpWwUPqP,RadRugsDAO,,https://app.realms.today/dao/%24rrdg
realms,DXezSkchMaYZTa3WM5xVU1SDQhMsFspMLuyyMuWk2YK9,Rage Effect,,https://app.realms.today/dao/rage%20effect
realms,8HZ4V94dtojrTpdUpWrfstr7bEhRnZZHn8jotfns9L9x,Ratio Finance,,https://app.realms.today/dao/ratiofinance
realms,GDBJ3qv4tJXiCbz5ASkSMYq6Xfb35MdXsMzgVaMnr9Q7,Raydium,,https://app.realms.today/dao/raydium
realms,8JZdqeTaMkPaatN8xKRXRHeSGSrNLSMAT5vWQjdNp7K,Raydium DAO,,https://app.realms.today/dao/8JZdqeTaMkPaatN8xKRXRHeSGSrNLSMAT5vWQjdNp7K
realms,9efHuf3HAKiMDWNhgJyZW1Zyo8P7rRhAMXoJa9vpRo1e,Realms Community Hub,,https://app.realms.today/dao/rch
realms,gejGX2anxsv7GhGSigxsJRh17j3mSjVEo5PgQbBQRiM,Realms DAO Guide,,https://app.realms.today/dao/gejGX2anxsv7GhGSigxsJRh17j3mSjVEo5PgQbBQRiM
realms,C1tyCAEnbt4d63nbF36PGLc8gCC9DdtRXttXWGZwsAdF,Realms Ecosystem DAO (RED),,https://app.realms.today/dao/red
realms,qvnqVUR7g6utGaKjbCAMHzWqvQzhUWAjWdAgmpUwy2L,Realms Org Hub Testing,,https://app.realms.today/dao/qvnqVUR7g6utGaKjbCAMHzWqvQzhUWAjWdAgmpUwy2L
realms,7URxqK9aFKTYy1ZZTRon9nLd2Qaa6VDKWMCsEtg9UsZN,RealmsTest,,https://app.realms.today/dao/7URxqK9aFKTYy1ZZTRon9nLd2Qaa6VDKWMCsEtg9UsZN
realms,4LBcjs1WzG5VY3PcS2TmQwKCEU9VPv4abhpqaXicpXHP,Rebelation,,https://app.realms.today/dao/4LBcjs1WzG5VY3PcS2TmQwKCEU9VPv4abhpqaXicpXHP
realms,5J2bRTkzoSXWKZMW4o5tyNsT7Zwn9dDkDt6rMz6Ze9u1,Renpō Dao,,https://app.realms.today/dao/renpo
realms,9AmuU93FiiMCY6LA6HK1wBocT4y1C55hbNDC8jWA3qEi,RetroTrades,,https://app.realms.today/dao/retrotrades
realms,2ChWrquGfvcECwA3DRDhkGEzidyc7fTZXxJrkzUvjnJE,ROYAL LION DAO,,https://app.realms.today/dao/%24ribs
realms,4pLWsjAJJmyUL73MyxDVcSB3iTR6Yuyx7S98EqSDqjmH,RRA DAO,,https://app.realms.today/dao/rra
realms,7KsnMMyrF8wsxsLZNBZ8hRkGe13MdjAT9ko1qDEvkEWQ,Rye,,https://app.realms.today/dao/rye
realms,2bC4jgp2iBXTRfZsCWvtXJGBSCoj6BRaFJnga498Pp5D,S & B,,https://app.realms.today/dao/2bC4jgp2iBXTRfZsCWvtXJGBSCoj6BRaFJnga498Pp5D
realms,6RQAna7aWHLVwfYRFGyM8kpnBXNGkMNCGfvuwYuuvpFU,Safecows,,https://app.realms.today/dao/safecows
realms,GC6GDrJTVEY2ZxQ9NaC7n54tvz2HKM5f29LBzP7SjJ6h,SamoDAO,,https://app.realms.today/dao/samo
realms,7yAiT2bUg5MwBzT3K9BvhcZdtHr5z8AnCGWa2iPJjB3T,SAO DAO,,https://app.realms.today/dao/sao
realms,3DLKv41oFs8DiHBkUEdm3MwiyJ9Sp4E6sb8QCAqynnbA,Satellite IM,,https://app.realms.today/dao/satellite%20im
realms,5e4xgMedKYXSb1s9tuUqjbAnYuevL2u3DSvkA565utkS,SATORi,,https://app.realms.today/dao/5e4xgMedKYXSb1s9tuUqjbAnYuevL2u3DSvkA565utkS
realms,BycjQ24kBPhdzBbJanQJ1bydLGqZHf3oseGGLVcb2RWK,SBYC DAO,,https://app.realms.today/dao/sbyc
realms,EtZWAeFFRC5k6uesap1F1gkHFimsL2HqttVTNAeN86o8,SCTF1,,https://app.realms.today/dao/sctf1
realms,2ZcZV69pMY5rrPSNSsAP7y7QgQygzAgDYKvVFvf6H9fR,SenshiDAO,,https://app.realms.today/dao/senshi
realms,3MMDxjv1SzEFQDKryT7csAvaydYtrgMAc3L9xL9CVLCg,Serum,,https://app.realms.today/dao/serum
realms,BtD6wKiazt4EEvfw6tqDh1BPSVchGeqyZ1e4HhV9VHJ6,Serum Community Fork,,https://app.realms.today/dao/openbook
realms,G3FBDbsRiJjcjYuazrH6mRShFMjr9RQn4SxVVxocJavA,Serum DAO,,https://app.realms.today/dao/serum2
realms,4FcVRN1XU5rxnDNApu9WE8TR5GQHV9ibETbKeqFExZxV,Shaga AlphaDAO,,https://app.realms.today/dao/shagadao
realms,7fhfRApHt9N15v6Xccfd8iGnWZ3xvpUgHA8kieT2egBA,Shakudo,,https://app.realms.today/dao/shakudo
realms,bxPumP2w94Pz9QYYCCTYERgZSnTBWMh8xHwUCBU9N7W,SKY Wallet,,https://app.realms.today/dao/sky%20wallet
realms,8uhFgGgDWF23pNDS17a6TemzrjSrFhKN1skGXTjjRszj,SlattsDAO,,https://app.realms.today/dao/slattsdao
realms,Cb2yAyHmGyMci6hEJUv9xTxWXiXh8qcLC6MrT5h7RciE,SMB Gen3 Team,,https://app.realms.today/dao/Cb2yAyHmGyMci6hEJUv9xTxWXiXh8qcLC6MrT5h7RciE
realms,GZyALQBvdBswSpMLabKEBVgKykkZMgnYcJgFk5dGU4aV,Snowflake,,https://app.realms.today/dao/snowflake
realms,759qyfKDMMuo9v36tW7fbGanL63mZFPNbhU7zjPrkuGK,SOCEAN,,https://app.realms.today/dao/socean
realms,ALzXvpmcmqmpNcFTbPzZ8ykSxHGqta85gTANfi8YPkPW,Solana Mobile,,https://app.realms.today/dao/solana%20mobile
realms,58axqgJSAEK3adKL5hx5dYoRqkYMEiEXQZqk9FFFpa7f,Solana Spaces,,https://app.realms.today/dao/solana%20spaces
realms,HP1Y12FPbWMAqqVTpKMXKVk6yK3zJaNSxwUEqLzzzuqc,SolanaFM,,https://app.realms.today/dao/solanafm
realms,DVDoxbAiYv8oyScU1TUL7ZSsVMpU7zARaFTqwqdw5p5R,Solcial,,https://app.realms.today/dao/solcial
realms,7sf3tcWm58vhtkJMwuw2P3T6UBX7UE5VKxPMnXJUZ1Hn,Solend DAO,,https://app.realms.today/dao/slnd
realms,J5ViB3N7S3YRnrMpy7iSy57yYQaviJJDmrfGVT51z44o,SOLI (Amun),,https://app.realms.today/dao/soli
realms,7wsrKBeTpqfcribDo34qr8rdSbqXbmQq9Fog2cVirK6C,SoltatoDAO,,https://app.realms.today/dao/fries
realms,GHVYhVLqSfqsuNXkKrALXDEX8xq76WGMAtJka5zr3jqw,Sphere,,https://app.realms.today/dao/sphere
realms,BzGL6wbCvBisQ7s1cNQvDGZwDRWwKK6bhrV93RYdetzJ,SQUADS,,https://app.realms.today/dao/squads
realms,5DqXtnSqxUukgQ8ZJQhTEdF7y3cu3zQuBpREC1g3bNjf,SquatchDAO,,https://app.realms.today/dao/squatchdao
realms,52KrHUxbakN1rq9XoXQtSUmhdYyUZyp3YkWZQihZMTPu,Star Atlas Hub,,https://app.realms.today/dao/star%20atlas
realms,Ae389wfZXvmsXUYzJFeoZY31jeV3PhifUgns3DDS8DmT,Star Atlas Interstellar Alliance,,https://app.realms.today/dao/Ae389wfZXvmsXUYzJFeoZY31jeV3PhifUgns3DDS8DmT
realms,Dmn5q2SwkjZBKJGwULEWzK8zeZ2ES6JQvHKB297tAHXY,StrangemoodFoundation,,https://app.realms.today/dao/mood
realms,FUjE8nZ9WLch6bYMfxd2ybyfzw19odi6Yfnio9Dc2v2V,StreamDAO,,https://app.realms.today/dao/str
realms,CnnUUMnLcFL7ZxiGQoJaU8dgeCr3kwHn6Z1xpkWfQDHj,Succeed.Finance ,,https://app.realms.today/dao/sf
realms,2xyHdQeVe654H2vtw4Fya2RnNreHFDg3DFrHNNxiDzwS,Suits DAO,,https://app.realms.today/dao/2xyHdQeVe654H2vtw4Fya2RnNreHFDg3DFrHNNxiDzwS
realms,4iUTtxTm6aJRLKJBqQrn36kg84i33xeGmruyQDd2pqbr,SunriseStake,,https://app.realms.today/dao/sunrisestake
realms,4jx2q9UaA919gTd54iZLYMKP6BMLQVWmwZAm8Vkjgpcc,SuperLocalTestWithInit,,https://app.realms.today/dao/4jx2q9UaA919gTd54iZLYMKP6BMLQVWmwZAm8Vkjgpcc
realms,5NNv1oJ4PFhE2416kTNDzrR9axoHjBTw2CNABqcYpXXL,Superteam,,https://app.realms.today/dao/superteam
realms,7oB84bSuxv9AH1iRdMp5nFLwpQApv8Yo9s1gGmDkHtSP,Synthetify,,https://app.realms.today/dao/sny
realms,3DJcg7hdLpXZvrN2kAQjiDxkNhSgHVe7Xri44uRgsL6P,t3ch1,,https://app.realms.today/dao/3DJcg7hdLpXZvrN2kAQjiDxkNhSgHVe7Xri44uRgsL6P
realms,DgWc4yWcqDnG62ZH6bHMeHfZUhBf5y7HZ9uqvgMs8JQW,Taki,,https://app.realms.today/dao/taki
realms,2LrYGPSW8EhTpcxsNnWgGYeXZXakKKN8BFJqbuAj6h61,TatarDAO,,https://app.realms.today/dao/2LrYGPSW8EhTpcxsNnWgGYeXZXakKKN8BFJqbuAj6h61
realms,2h3UJMWgsDxZJFJ2PhmeA6b27j1ZEmVthEBFMWaUEbZL,Telebunnies,,https://app.realms.today/dao/telebunniesdao
realms,Fyzk3x5LVPmJnhMALTMe1PP6piwfyWbeyCdi2C8Wuiid,test dao11,,https://app.realms.today/dao/Fyzk3x5LVPmJnhMALTMe1PP6piwfyWbeyCdi2C8Wuiid
realms,H2cqn7zQXJuUhuvur1UScRmoH7bP8HCrEowRo7vhHkSq,test daodao,,https://app.realms.today/dao/H2cqn7zQXJuUhuvur1UScRmoH7bP8HCrEowRo7vhHkSq
realms,7ZKzmgzUxVcthfAKdwZ7jToQLhnrw5njN7VyJJK1UFpX,Test Duala,,https://app.realms.today/dao/7ZKzmgzUxVcthfAKdwZ7jToQLhnrw5njN7VyJJK1UFpX
realms,4k5wWKNetmtERdawkLVj4g71oTFibGMo5FAHx2YHUy8n,Test HNT DAO,,https://app.realms.today/dao/4k5wWKNetmtERdawkLVj4g71oTFibGMo5FAHx2YHUy8n
realms,67j7ojTMRchoeyUZKcdYeaskCHF3EBLdALSs3AztHHhz,TESTDAO,,https://app.realms.today/dao/67j7ojTMRchoeyUZKcdYeaskCHF3EBLdALSs3AztHHhz
realms,DuchwsZNbr88kWD1Vj2qHXQpkSAQXL1eJEZDusL2PbZG,TestDao4124312412312,,https://app.realms.today/dao/DuchwsZNbr88kWD1Vj2qHXQpkSAQXL1eJEZDusL2PbZG
realms,7im4M44pP984jWNzuHzVxTLCCZQrx6AoknUDX6WKL88b,Testing Dao,,https://app.realms.today/dao/7im4M44pP984jWNzuHzVxTLCCZQrx6AoknUDX6WKL88b
realms,C3CG51UwWKqgPSBomAAtnqkd4fCRCCH4zx2dZLSPaJqo,testing testing,,https://app.realms.today/dao/C3CG51UwWKqgPSBomAAtnqkd4fCRCCH4zx2dZLSPaJqo
realms,6NAdM6hYDr8rqBYwXiaPFxyEbv3T81nVQ57tvQgdGh1w,testing veto ui,,https://app.realms.today/dao/6NAdM6hYDr8rqBYwXiaPFxyEbv3T81nVQ57tvQgdGh1w
realms,99c96qFUwLiGcbudDeTLVxYTbtQ4CkDsstvHHmGPGGWj,The Blue Chick NFTs DAO,,https://app.realms.today/dao/bluechickdao
realms,AUSsgkjrWoooTa5mHB2GkpNVaqzbFqxDW3VRXjvXkvnJ,The Collector's Council ,,https://app.realms.today/dao/AUSsgkjrWoooTa5mHB2GkpNVaqzbFqxDW3VRXjvXkvnJ
realms,2J1YbWH991rv7ZAsUVdV2cWXNf89XNuhqUsabaAP3Hc1,The Exiled Apes,,https://app.realms.today/dao/%24xape
realms,6FWiKCjB7coHmsTKx9PWdEtn9hFmKbRpcgneivTJAf5U,The Greyhound Cannabis Club,,https://app.realms.today/dao/6FWiKCjB7coHmsTKx9PWdEtn9hFmKbRpcgneivTJAf5U
realms,6orGiJYGXYk9GT2NFoTv2ZMYpA6asMieAqdek4YRH2Dn,The Imperium of Rain,,https://app.realms.today/dao/dtp
realms,Dc8VyZTdXjtrgptaK8qjtv6Npx6DknnkUBcSLdLvtvqY,The Outfit,,https://app.realms.today/dao/theoutfit
realms,Bf5k7t1wKvvs6NF8d4SCbreSMJKYZE1e7wBm8YeZUJmD,The Ox Squad,,https://app.realms.today/dao/%24oxsq
realms,CS3HBXBdZ44g7FdZfgPAz6nSBe4FSThg6ANuVdowTT6G,The Sanctuary,,https://app.realms.today/dao/%24hope
realms,896vmJYkitEGhnBnRo8XxywUJu2qtgxidR9HXm5kjwrM,The Sporagers DAO,,https://app.realms.today/dao/the%20sporagers
realms,7aU6iSvxjft3xYnVLNMCxXjPgP8KP1idWLE5g4JKVhoi,The Woof Filter,,https://app.realms.today/dao/7aU6iSvxjft3xYnVLNMCxXjPgP8KP1idWLE5g4JKVhoi
realms,C4vViveY69TKLkwMBRxCoiYjaSY2ZfPAVV3JrNm7eWW1,theLOOM,,https://app.realms.today/dao/C4vViveY69TKLkwMBRxCoiYjaSY2ZfPAVV3JrNm7eWW1
realms,ERJ8RLGJNHkKBvaqcsaJwChX5f1Y7wmgoZ1WB5TgdiQG,Third DAO,,https://app.realms.today/dao/ERJ8RLGJNHkKBvaqcsaJwChX5f1Y7wmgoZ1WB5TgdiQG
realms,9GMYNsbpQjnnR62nGbnh618uKhZv54rZATdCoh51nPeR,ThugDao,,https://app.realms.today/dao/9GMYNsbpQjnnR62nGbnh618uKhZv54rZATdCoh51nPeR
realms,CMWHa4rLaCuur88SyAdTf2FSjvBq7y5GqguLzw7QaLBQ,Token Solutions DAO,,https://app.realms.today/dao/tsd
realms,413KSeuFUBSWDzfjU9BBqBAWYKmoR8mncrhV84WcGNAk,Tulip Protocol,,https://app.realms.today/dao/tulip
realms,5t8WFtCaVBiEBPKh8xwxNH7YPKNu9jjs5C1fqAig9zuD,Udder Chaos,,https://app.realms.today/dao/5t8WFtCaVBiEBPKh8xwxNH7YPKNu9jjs5C1fqAig9zuD
realms,8FBwsdXn1B4tvDQLyGMAyLrAph3USy2S8g54ZV7CjLJG,Udder Chaos DAO,,https://app.realms.today/dao/8FBwsdXn1B4tvDQLyGMAyLrAph3USy2S8g54ZV7CjLJG
realms,5piGF94RbCqaogoFFWA9cYmt29qUpQejGCEjRKuwCz7d,Ukraine.SOL,,https://app.realms.today/dao/ukraine
realms,Gh7DAjGoxRkFP3HXw2v1AfH6pyeGWRtXCudodFHLawDT,UnderscoreDAO,,https://app.realms.today/dao/under
realms,5Dj3fuNLYxd1tzpPnXiPo88V8JNVHhrDScTLMJpupoXf,Unique Venture Clubs,,https://app.realms.today/dao/unique%20venture%20clubs
realms,FiKdbhsKRMTzSfyTDRqBY3cy5GjAqCSXYJYRe2wQQ8Ly,Unloc,,https://app.realms.today/dao/unloc
realms,GBXLYo4ycRNfzuzYeudu6y2ng4afNeW14WcpM2E4JJSL,UXDProtocol,,https://app.realms.today/dao/uxp
realms,4pAWUQBEvSo5sAeKt2bT8htJXy55J4inJDQhzwDcHWv3,Virtual Basketball Association,,https://app.realms.today/dao/virtual%20basketball%20association
realms,99vU7SHYJ4tSEqRNjY352Fx7gMSYfgcqxmjBMDyx3q8j,Vyper Protocol,,https://app.realms.today/dao/vyper%20protocol
realms,HtQ6TCLsLnR4iw78J8d5qR9Sac2ZfQkqpFqTnj8zgXEx,WaterDAO,,https://app.realms.today/dao/waterdao
realms,3GoWL2uR7qx9NLGuZydTuyoxaYSwAQ3HVqCF3Kz6D7F3,Wen DAO,,https://app.realms.today/dao/wen%20dao
realms,3QF8K3jK8Kpn7Ls9Wn3FcFWquKGcJHUfnD25bTufWeLL,Wezesha ,,https://app.realms.today/dao/3QF8K3jK8Kpn7Ls9Wn3FcFWquKGcJHUfnD25bTufWeLL
realms,FEtF7V55LorZmUriVVobubPvLXoS7sfP3smzb5zR4BWz,Wezesha DAO,,https://app.realms.today/dao/wez
realms,4SGq4WekURkhi6Y3JfxN1ockV5qfwuPahFjB4sLe1bZx,Wisdom Enterprising,,https://app.realms.today/dao/wisdom%20enterprising
realms,8Jx7cvj32DJP8bsMQ3pZvDdx2qfynrkovgVQG8DBmY9P,Wisdom-DAO,,https://app.realms.today/dao/wise
realms,Hx1vKARnpS8nV8qxzqK9DG1kFXbAy49HJtPQKq6UEHa1,WisdomDAO,,https://app.realms.today/dao/wdmdao
realms,6cxM3jY1p4WAncb356Gv9bteRv8fSxaRKPK6JQVDqbkJ,Wonder,,https://app.realms.today/dao/wonder
realms,DGnx2hbyT16bBMQFsVuHJJnnoRSucdreyG5egVJXqk8z,WOOF DA◎,,https://app.realms.today/dao/woofdao
realms,DP2wpegQpLFYq9ntSZewi8XR6AoTdw31dbvinSekZKjr,Wordcel Club,,https://app.realms.today/dao/gum
realms,7FMLXrTxwEUKoyMJdumd8A2nWkgq4bToQq5Uqds8kRsu,XPWizardsDAO,,https://app.realms.today/dao/xpwizards
realms,4xXbWdJbTdvmNNb2ZE1MEk7wtYWj3MJm8SqQ8u3TErvh,YGG SEA,,https://app.realms.today/dao/ygg%20sea
realms,8eUUtRpBCg7sJ5FXfPUMiwSQNqC3FjFLkmS2oFPKoiBi,Yield Farming,,https://app.realms.today/dao/yield%20farming
realms,EhDvEUsxDSzU49jnyQ9iTheqQTPtG43gFvwbbrgye8t7,Zebec,,https://app.realms.today/dao/zebec%20
realms,23X9GFJwsAsCeyDJxuc799rU1ierdKc8p59Q9soPQYKQ,Zer0Cool,,https://app.realms.today/dao/23X9GFJwsAsCeyDJxuc799rU1ierdKc8p59Q9soPQYKQ
realms,HoSfB5xCk8oXRgmspugAx3yRgii8MezimDMfMVK4krBS,Zeta Markets,,https://app.realms.today/dao/zeta%20markets
